Nom_archive,Titre_unique,global_id,entrepot,parent,Date_Création,Date_Update,Mots_clés,Sujet,Auteurs,Sources,Type de document,PersistentUrl,DOI sources,Contacts_trouvés,Auteur_recherché,projet,Value,Date de publication
Recherche Data Gouv,Documentation Système d'Information IN-SYLVA France,doi:10.15454/ELXRGY,Logiciels et Systèmes d'Information,inrae://10.15454/ELXRGY,2020-10-02T15:31:47Z,2025-04-18 15:44:26+00:00,"['genetic resource', 'computer science', 'forest product', 'forest', 'information management', 'ecology', 'biodiversity']","['Agricultural Sciences', 'Computer and Information Science', 'Earth and Environmental Sciences', 'Medicine, Health and Life Sciences']","['Pichot, Christian', 'Clastre, Philippe', 'Fiocca, Amélie', 'Evtimova, Mariya', 'Jaillet, Benjamin', 'Ozcan, Aytac', 'Benard, Alain', 'Benedet, Fabrice', 'Bouvet, Alain', 'Cailly, Priscilla', 'Courbet, François', 'Deleuze, Christine', 'Ginisty, Christian', 'Herault, Bruno', 'Maurice, Damien', 'Meredieu, Celine', 'Michotey, Celia', 'Mirlyaz, Wulfran', 'Orazio, Christophe', 'Paillassa, Eric', 'Perrier, Celine', 'Plinio Sist', 'Pozzi, Tiffani', 'Renaud, Jean-Pierre', 'Saint-Andre, Laurent', 'Said, Sonia', 'Christian Pichot', 'Philippe Clastre', 'Amélie Fiocca', 'Mariya Evtimova', 'Benjamin Jaillet', 'Aytac Ozcan', 'Alain Benard', 'Fabrice Benedet', 'Alain Bouvet', 'Priscilla Cailly', 'François Courbet', 'Christine Deleuze', 'Christian Ginisty', 'Bruno Herault', 'Damien Maurice', 'Celine Meredieu', 'Celia Michotey', 'Wulfran Mirlyaz', 'Christophe Orazio', 'Eric Paillassa', 'Celine Perrier', 'Sist Plinio', 'Tiffani Pozzi', 'Jean-Pierre Renaud', 'Laurent Saint-Andre', 'Sonia Said']","['https://hal.inrae.fr/hal-04955910v1', 'https://hal.inrae.fr/hal-03341438v1', 'https://hal.inrae.fr/hal-04188784v1']",dataset-rdg,https://doi.org/10.15454/ELXRGY,"['hal-04955910v1', 'hal-03341438v1', 'hal-04188784v1']",['Christian Pichot'],Christian Pichot,ALAMOD,1,2025
Recherche Data Gouv,Documentation Système d'Information IN-SYLVA France,doi:10.15454/ELXRGY,Logiciels et Systèmes d'Information,inrae://10.15454/ELXRGY,2020-10-02T15:31:47Z,2025-04-18 15:44:26+00:00,"['genetic resource', 'computer science', 'forest product', 'forest', 'information management', 'ecology', 'biodiversity']","['Agricultural Sciences', 'Computer and Information Science', 'Earth and Environmental Sciences', 'Medicine, Health and Life Sciences']","['Pichot, Christian', 'Clastre, Philippe', 'Fiocca, Amélie', 'Evtimova, Mariya', 'Jaillet, Benjamin', 'Ozcan, Aytac', 'Benard, Alain', 'Benedet, Fabrice', 'Bouvet, Alain', 'Cailly, Priscilla', 'Courbet, François', 'Deleuze, Christine', 'Ginisty, Christian', 'Herault, Bruno', 'Maurice, Damien', 'Meredieu, Celine', 'Michotey, Celia', 'Mirlyaz, Wulfran', 'Orazio, Christophe', 'Paillassa, Eric', 'Perrier, Celine', 'Plinio Sist', 'Pozzi, Tiffani', 'Renaud, Jean-Pierre', 'Saint-Andre, Laurent', 'Said, Sonia', 'Christian Pichot', 'Philippe Clastre', 'Amélie Fiocca', 'Mariya Evtimova', 'Benjamin Jaillet', 'Aytac Ozcan', 'Alain Benard', 'Fabrice Benedet', 'Alain Bouvet', 'Priscilla Cailly', 'François Courbet', 'Christine Deleuze', 'Christian Ginisty', 'Bruno Herault', 'Damien Maurice', 'Celine Meredieu', 'Celia Michotey', 'Wulfran Mirlyaz', 'Christophe Orazio', 'Eric Paillassa', 'Celine Perrier', 'Sist Plinio', 'Tiffani Pozzi', 'Jean-Pierre Renaud', 'Laurent Saint-Andre', 'Sonia Said']","['https://hal.inrae.fr/hal-04955910v1', 'https://hal.inrae.fr/hal-03341438v1', 'https://hal.inrae.fr/hal-04188784v1']",dataset-rdg,https://doi.org/10.15454/ELXRGY,"['hal-04955910v1', 'hal-03341438v1', 'hal-04188784v1']",['Christian Pichot'],Christian Pichot,Drought for C,1,2025
Recherche Data Gouv,Microfiltration itineraries annotated from the scientific litterature including both a heat treatment and a microfiltration unit operations,doi:10.15454/0ADYFY,atweb Dataverse,inrae://10.15454/0ADYFY,2020-11-24T14:08:56Z,2022-12-05 16:09:38+00:00,,"['Agricultural Sciences', 'Computer and Information Science']","['Buche, Patrice', 'Patrice Buche']","['https://doi.org/10.4018/IJAEIS.309136', 'https://doi.org/10.1016/j.dib.2021.107063']",dataset-rdg,https://doi.org/10.15454/0ADYFY,"['10.4018/IJAEIS.309136', '10.1016/j.dib.2021.107063']",['Patrice Buche'],Patrice Buche,SLAM-B,1,2022
Recherche Data Gouv,"Plankton, water temperature and orthophosphorus concentration from Lake Geneva (1974-2004)",doi:10.15454/XZWVM8,AnaEE-France Dataverse,inrae://10.15454/XZWVM8,2021-07-09T13:01:44Z,2021-07-31 13:16:24+00:00,"['Water temperature', 'Orthophosphorus', 'Zooplankton', 'Lake Geneva']",['Earth and Environmental Sciences'],"['Frédéric Rimet', 'Viet Tran-Khac', 'Leslie Lainé', 'Rimet Frédéric', 'Tran-Khac Viet', 'Lainé Leslie']",[],dataset-rdg,https://doi.org/10.15454/XZWVM8,[''],['Viet Tran-Khac'],Viet Tran-Khac,CarboNium,1,2021
Recherche Data Gouv,"Plankton, water temperature and orthophosphorus concentration from Lake Geneva (1974-2004)",doi:10.15454/XZWVM8,AnaEE-France Dataverse,inrae://10.15454/XZWVM8,2021-07-09T13:01:44Z,2021-07-31 13:16:24+00:00,"['Water temperature', 'Orthophosphorus', 'Zooplankton', 'Lake Geneva']",['Earth and Environmental Sciences'],"['Frédéric Rimet', 'Viet Tran-Khac', 'Leslie Lainé', 'Rimet Frédéric', 'Tran-Khac Viet', 'Lainé Leslie']",[],dataset-rdg,https://doi.org/10.15454/XZWVM8,[''],['Viet Tran-Khac'],Viet Tran-Khac,DEEP-C,1,2021
Recherche Data Gouv,Flux tower by Eddy Covariance and InfraRed scintillometry on ORACLE observatory,doi:10.15454/M7OK9E,ORACLE research observatory,inrae://10.15454/M7OK9E,2020-02-13T10:24:40Z,2024-08-22 11:36:43+00:00,,['Earth and Environmental Sciences'],"['Arpin-Pont, Florent', 'Ansart, Patrick', 'Azougui, Abdelkader', 'Barral, Hélène', 'Blanchouin, Arnaud', 'Cappelaere, Bernard', 'Chazarin, Jean-Philippe', 'Cohard, Jean-Martial', 'Delaigue, Olivier', 'Demarty, Jérôme', 'Guerin, Alain', 'Tallec, Gaëlle', 'Florent Arpin-Pont', 'Patrick Ansart', 'Abdelkader Azougui', 'Hélène Barral', 'Arnaud Blanchouin', 'Bernard Cappelaere', 'Jean-Philippe Chazarin', 'Jean-Martial Cohard', 'Olivier Delaigue', 'Jérôme Demarty', 'Alain Guerin', 'Gaëlle Tallec']","['https://webgr.inrae.fr/Media/Files/memoires-de-master/msreport_peredodaniela_fr.pdf', 'https://webgr.inrae.fr/Media/Files/memoires-de-master/msreport_huangpeng_en.pdf']",dataset-rdg,https://doi.org/10.15454/M7OK9E,"['Media/Files/memoires-de-master/msreport_peredodaniela_fr.pdf', 'Media/Files/memoires-de-master/msreport_huangpeng_en.pdf']","['Jean-Martial Cohard', 'Jérôme Demarty']",Jean-Martial Cohard,RIFT,1,2024
Recherche Data Gouv,Flux tower by Eddy Covariance and InfraRed scintillometry on ORACLE observatory,doi:10.15454/M7OK9E,ORACLE research observatory,inrae://10.15454/M7OK9E,2020-02-13T10:24:40Z,2024-08-22 11:36:43+00:00,,['Earth and Environmental Sciences'],"['Arpin-Pont, Florent', 'Ansart, Patrick', 'Azougui, Abdelkader', 'Barral, Hélène', 'Blanchouin, Arnaud', 'Cappelaere, Bernard', 'Chazarin, Jean-Philippe', 'Cohard, Jean-Martial', 'Delaigue, Olivier', 'Demarty, Jérôme', 'Guerin, Alain', 'Tallec, Gaëlle', 'Florent Arpin-Pont', 'Patrick Ansart', 'Abdelkader Azougui', 'Hélène Barral', 'Arnaud Blanchouin', 'Bernard Cappelaere', 'Jean-Philippe Chazarin', 'Jean-Martial Cohard', 'Olivier Delaigue', 'Jérôme Demarty', 'Alain Guerin', 'Gaëlle Tallec']","['https://webgr.inrae.fr/Media/Files/memoires-de-master/msreport_peredodaniela_fr.pdf', 'https://webgr.inrae.fr/Media/Files/memoires-de-master/msreport_huangpeng_en.pdf']",dataset-rdg,https://doi.org/10.15454/M7OK9E,"['Media/Files/memoires-de-master/msreport_peredodaniela_fr.pdf', 'Media/Files/memoires-de-master/msreport_huangpeng_en.pdf']","['Jean-Martial Cohard', 'Jérôme Demarty']",Jérôme Demarty,RIFT,1,2024
Recherche Data Gouv,"Milling itineraries for a collection of wood byproducts - Itineraries description, product granulometric characterization and associated kinetics",doi:10.15454/S660LH,atweb Dataverse,inrae://10.15454/S660LH,2020-07-02T15:12:03Z,2023-03-10 13:49:26+00:00,['Pinewood pellets;Douglas shavings;Pine sawdust;Chesnut tree sawdust;Pine bark'],['Agricultural Sciences'],"['Charlène Fabre', 'Patrice Buche', 'Claire Mayer', 'Xavier Rouau', 'Fabre Charlène', 'Buche Patrice', 'Mayer Claire', 'Rouau Xavier']",['https://dx.doi.org/10.1016/j.dib.2020.106430'],dataset-rdg,https://doi.org/10.15454/S660LH,['10.1016/j.dib.2020.106430'],['Patrice Buche'],Patrice Buche,SLAM-B,1,2023
Recherche Data Gouv,FR-Bil environmental data for the 2020 summer,doi:10.15454/EFVSWM,ISPA Dataverse,inrae://10.15454/EFVSWM,2021-11-12T10:16:26Z,2022-04-04 14:04:47+00:00,,['Earth and Environmental Sciences'],"['Taborski, Tom', 'Chipeaux, Christophe', 'Lafont, Sebastien', 'Devert, Nicolas', 'Kruszewski, Alain', 'Denou, Jean-Luc', 'Aluome, Christelle', 'Loustau, Denis', 'Domec, Jean-Christophe', 'Tom Taborski', 'Christophe Chipeaux', 'Sebastien Lafont', 'Nicolas Devert', 'Alain Kruszewski', 'Jean-Luc Denou', 'Christelle Aluome', 'Denis Loustau', 'Jean-Christophe Domec']",[],dataset-rdg,https://doi.org/10.15454/EFVSWM,[''],"['Christophe Chipeaux', 'Denis Loustau', 'Jean-Christophe Domec']",Christophe Chipeaux,Drought for C,1,2022
Recherche Data Gouv,FR-Bil environmental data for the 2020 summer,doi:10.15454/EFVSWM,ISPA Dataverse,inrae://10.15454/EFVSWM,2021-11-12T10:16:26Z,2022-04-04 14:04:47+00:00,,['Earth and Environmental Sciences'],"['Taborski, Tom', 'Chipeaux, Christophe', 'Lafont, Sebastien', 'Devert, Nicolas', 'Kruszewski, Alain', 'Denou, Jean-Luc', 'Aluome, Christelle', 'Loustau, Denis', 'Domec, Jean-Christophe', 'Tom Taborski', 'Christophe Chipeaux', 'Sebastien Lafont', 'Nicolas Devert', 'Alain Kruszewski', 'Jean-Luc Denou', 'Christelle Aluome', 'Denis Loustau', 'Jean-Christophe Domec']",[],dataset-rdg,https://doi.org/10.15454/EFVSWM,[''],"['Christophe Chipeaux', 'Denis Loustau', 'Jean-Christophe Domec']",Denis Loustau,Drought for C,1,2022
Recherche Data Gouv,FR-Bil environmental data for the 2020 summer,doi:10.15454/EFVSWM,ISPA Dataverse,inrae://10.15454/EFVSWM,2021-11-12T10:16:26Z,2022-04-04 14:04:47+00:00,,['Earth and Environmental Sciences'],"['Taborski, Tom', 'Chipeaux, Christophe', 'Lafont, Sebastien', 'Devert, Nicolas', 'Kruszewski, Alain', 'Denou, Jean-Luc', 'Aluome, Christelle', 'Loustau, Denis', 'Domec, Jean-Christophe', 'Tom Taborski', 'Christophe Chipeaux', 'Sebastien Lafont', 'Nicolas Devert', 'Alain Kruszewski', 'Jean-Luc Denou', 'Christelle Aluome', 'Denis Loustau', 'Jean-Christophe Domec']",[],dataset-rdg,https://doi.org/10.15454/EFVSWM,[''],"['Christophe Chipeaux', 'Denis Loustau', 'Jean-Christophe Domec']",Jean-Christophe Domec,Drought for C,1,2022
Recherche Data Gouv,Kerbernez: a long-term experiment to study the effect of different forage cropping systems on crop yields and soil organic matter in a temperate oceanic climate,doi:10.57745/P8NNZK,CarSolEl,inrae://10.57745/P8NNZK,2023-07-10T15:27:56Z,2024-12-11 15:42:19+00:00,,"['Agricultural Sciences', 'Earth and Environmental Sciences']","['Graux, Anne-Isabelle', 'Cadero, Alice', 'Ferchaud, Fabien', 'Vertès, Françoise', 'Anne-Isabelle Graux', 'Alice Cadero', 'Fabien Ferchaud', 'Françoise Vertès']",[],dataset-rdg,https://doi.org/10.57745/P8NNZK,[''],['Fabien Ferchaud'],Fabien Ferchaud,ALAMOD,1,2024
Recherche Data Gouv,Kerbernez: a long-term experiment to study the effect of different forage cropping systems on crop yields and soil organic matter in a temperate oceanic climate,doi:10.57745/P8NNZK,CarSolEl,inrae://10.57745/P8NNZK,2023-07-10T15:27:56Z,2024-12-11 15:42:19+00:00,,"['Agricultural Sciences', 'Earth and Environmental Sciences']","['Graux, Anne-Isabelle', 'Cadero, Alice', 'Ferchaud, Fabien', 'Vertès, Françoise', 'Anne-Isabelle Graux', 'Alice Cadero', 'Fabien Ferchaud', 'Françoise Vertès']",[],dataset-rdg,https://doi.org/10.57745/P8NNZK,[''],['Fabien Ferchaud'],Fabien Ferchaud,CANETE,1,2024
Recherche Data Gouv,Production routes and properties of various plant powders intended for the manufacture of green products: materials and methods,doi:10.57745/LNF4RF,Platform for Processing Plant Product with Emergent Technologies,inrae://10.57745/LNF4RF,2024-01-17T15:57:00Z,2024-08-06 08:46:45+00:00,"['Fine comminution', 'Morphological properties', 'Biochemical composition', 'Fluorescence spectroscopy', 'FTIR spectroscopy', 'Thermogravimetric analysis', 'Direct sorption measurement', 'plant powder']","['Agricultural Sciences', 'Engineering']","['Buche, Patrice', 'Mayer, Claire', 'Patrice Buche', 'Claire Mayer']",['https://doi.org/10.1016/j.dib.2024.110787'],dataset-rdg,https://doi.org/10.57745/LNF4RF,['10.1016/j.dib.2024.110787'],['Patrice Buche'],Patrice Buche,SLAM-B,1,2024
Recherche Data Gouv,French maps for the Global Soil Nutrient and Nutrient Budget Map (GSNmap),doi:10.57745/3QFT2T,GisSol Dataverse,inrae://10.57745/3QFT2T,2023-08-28T12:52:02Z,2023-08-29 08:28:23+00:00,"['soil property', 'nutrient', 'digital soil mapping', 'cropland', 'random forest', 'bulk density', 'cation-exchange capacity', 'clay', 'silt', 'sand', 'available phosphorus content', 'potassium content', 'nitrogen content', 'pH', 'soil organic carbon']","['Agricultural Sciences', 'Earth and Environmental Sciences']","['Suleymanov, Azamat', 'Saby, Nicolas', 'Bispo, Antonio', 'Azamat Suleymanov', 'Nicolas Saby', 'Antonio Bispo']",['https://fao-gsp.github.io/GSNmap-TM/index.html'],dataset-rdg,https://doi.org/10.57745/3QFT2T,['GSNmap-TM/index.html'],['Antonio Bispo'],Antonio Bispo,ALAMOD,1,2023
Recherche Data Gouv,Scripts R pour générer un jeu de données comparant les tendances climatiques de références actuelles aux projections futures pour une série d’indicateurs climatiques opérants en production maraîchère,doi:10.57745/IQMZDE,UE Maraichage Dataverse,inrae://10.57745/IQMZDE,2023-11-06T14:24:33Z,2023-11-07 08:05:14+00:00,"['adaptation au changement climatique', 'culture maraîchère', 'maraichage', 'indicateurs climatiques']",['Agricultural Sciences'],"['HUSSON, Léa', 'LEFEVRE, Amélie', 'Léa Husson', 'Amélie Lefevre']",['https://doi.org/10.17180/QHS3-E032'],dataset-rdg,https://doi.org/10.57745/IQMZDE,['10.17180/QHS3-E032'],['Léa Husson'],Léa Husson,ALAMOD,1,2023
Recherche Data Gouv,"Milling itineraries for a collection of crop byproducts - Itineraries description, product granulometric characterization and associated kinetics",doi:10.15454/YZJXET,atweb Dataverse,inrae://10.15454/YZJXET,2020-07-02T15:09:44Z,2023-03-10 13:45:35+00:00,['Flax fibre;Hemp core;Rice husk;Wheat straw'],['Agricultural Sciences'],"['Charlène Fabre', 'Patrice Buche', 'Claire Mayer', 'Xavier Rouau', 'Fabre Charlène', 'Buche Patrice', 'Mayer Claire', 'Rouau Xavier']",['https://dx.doi.org/10.1016/j.dib.2020.106430'],dataset-rdg,https://doi.org/10.15454/YZJXET,['10.1016/j.dib.2020.106430'],['Patrice Buche'],Patrice Buche,SLAM-B,1,2023
Recherche Data Gouv,Milk Microfiltration ontology,doi:10.15454/5MQMKG,Vocabulaires Ouverts,inrae://10.15454/5MQMKG,2020-04-08T16:20:21Z,2025-05-12 14:25:01+00:00,"['milk protein', 'ontology', 'protein fractionation', 'composition characterization', 'operating condition', 'microfiltration']",['Agricultural Sciences'],"['Buche, Patrice', 'Gesan-Guiziou, Geneviève', 'Patrice Buche', 'Geneviève Gesan-Guiziou']","['https://doi.org/10.1016/j.dib.2021.107063', 'https://doi.org/10.4018/IJAEIS.309136']",dataset-rdg,https://doi.org/10.15454/5MQMKG,"['10.1016/j.dib.2021.107063', '10.4018/IJAEIS.309136']",['Patrice Buche'],Patrice Buche,SLAM-B,1,2025
Recherche Data Gouv,Dataset for common wheat (Triticum aestivum L.) grain and flour characterization using classical and advanced analyses: materials & methods,doi:10.57745/9T6Q56,BaGaTeL Dataverse,inrae://10.57745/9T6Q56,2024-09-13T11:40:29Z,2025-02-28 14:09:14+00:00,,"['Agricultural Sciences', 'Computer and Information Science', 'Engineering']","['MUNCH, Mélanie', 'REZETTE, Laura', 'BUCHE, Patrice', 'CHAMBREY, Baptiste', 'DEBORDE, Catherine', 'DERVAUX, Stéphane', 'GEOFFROY, Sonia', 'KANSOU, Kamal', 'LE GALL, Sophie', 'LINOSSIER, Laurent', 'MELEARD, Benoit', 'MENUT, Luc', 'MOREL, Marie-Hélène', 'WEBER, Magalie', 'SAULNIER, Luc', 'Mélanie Munch', 'Laura Rezette', 'Patrice Buche', 'Baptiste Chambrey', 'Catherine Deborde', 'Stéphane Dervaux', 'Sonia Geoffroy', 'Kamal Kansou', 'Sophie Le Gall', 'Laurent Linossier', 'Benoit Meleard', 'Luc Menut', 'Marie-Hélène Morel', 'Magalie Weber', 'Luc Saulnier']",['https://doi.org/10.1016/j.dib.2025.111375'],dataset-rdg,https://doi.org/10.57745/9T6Q56,['10.1016/j.dib.2025.111375'],['Patrice Buche'],Patrice Buche,SLAM-B,1,2025
Recherche Data Gouv,RMQS1 16S taxonomy,doi:10.57745/WIRXIC,RMQS Microbiological Data,inrae://10.57745/WIRXIC,2023-11-27T17:44:17Z,2023-12-05 10:43:48+00:00,"['molecular biology', 'microbial ecology', 'soil', 'taxonomy', 'biogeography']","['Agricultural Sciences', 'Earth and Environmental Sciences']","['Karimi, Battle', 'Terrat, Sébastien', 'Dequiedt, Samuel', 'Saby, Nicolas P. A.', 'Horrigue, Walid', 'Lelièvre, Mélanie', 'Nowak, Virginie', 'Jolivet, Claudy', 'Arrouays, Dominique', 'Wincker, Patrick', 'Cruaud, Corinne', 'Bispo, Antonio', 'Maron, Pierre-Alain', 'Chemidlin Prévost-Bouré, Nicolas', 'Ranjard, Lionel', 'Battle Karimi', 'Sébastien Terrat', 'Samuel Dequiedt', 'Nicolas P. A. Saby', 'Walid Horrigue', 'Mélanie Lelièvre', 'Virginie Nowak', 'Claudy Jolivet', 'Dominique Arrouays', 'Patrick Wincker', 'Corinne Cruaud', 'Antonio Bispo', 'Pierre-Alain Maron', 'Nicolas Chemidlin Prévost-Bouré', 'Lionel Ranjard']",['https://www.science.org/doi/10.1126/sciadv.aat1808'],dataset-rdg,https://doi.org/10.57745/WIRXIC,['doi/10.1126/sciadv.aat1808'],['Antonio Bispo'],Antonio Bispo,ALAMOD,1,2023
Recherche Data Gouv,Unité Expérimentale d'Auzeville : Données collectées dans le cadre des études de sol du réseau CAREX,doi:10.15454/SDUUSO,Données collectées dans le cadre des études de sols sur les Unités Expérimentales INRAE du réseau CAREX,inrae://10.15454/SDUUSO,2022-03-25T11:16:22Z,2023-07-27 13:11:05+00:00,"['carte pédologique', 'unité typologique de sol (UTS)', 'propriétés physico-chimiques du sol', 'résistivité électrique', 'Rétention hydrique du sol', 'Masse volumique du sol', 'azote total', 'capacité au champ', ""capacité d'échange cationique"", 'carbonate', 'carbone organique total', 'géologie', 'granulométrie du sol', 'horizon', 'hydromorphie', 'masse volumique du sol', 'occupation du sol', 'pH du sol', 'phosphore du sol', 'point de flétrissement permanent', 'potentiel matriciel', 'propriété hydrique du sol', 'référentiel pédologique', 'structure du sol', 'teneur en argile', 'texture', 'type de sol']",['Earth and Environmental Sciences'],"['Mistou, Marie-Noël', 'Laloua, Didier', 'Gaillard, Hervé', 'Bataillon, Paul', 'Girot, Ghislain', 'Seger, Maud', 'Gavaland, André', 'Liévin, Jean-François', 'Campergue, Didier', 'Burger, Philippe', 'Tison, GIlles', 'Marie-Noël Mistou', 'Didier Laloua', 'Hervé Gaillard', 'Paul Bataillon', 'Ghislain Girot', 'Maud Seger', 'André Gavaland', 'Jean-François Liévin', 'Didier Campergue', 'Philippe Burger', 'Gilles Tison']",[],dataset-rdg,https://doi.org/10.15454/SDUUSO,[''],['Gilles Tison'],Gilles Tison,CrosyeN,1,2023
Recherche Data Gouv,Statistiques spatio-temporelles sur les propriétés agronomiques des sols agricoles en France issues de la Base de Données d'Analyses de Terre (BDAT),doi:10.15454/SVDTOU,GisSol Dataverse,inrae://10.15454/SVDTOU,2019-03-05T09:40:43Z,2021-05-18 07:28:52+00:00,"['soil analysis', 'soil texture']",['Earth and Environmental Sciences'],"['Saby, Nicolas P.A.', 'Lemercier, Blandine', 'Arrouays, Dominique', 'Walter, Christian', 'Gouny, Laetitia', 'Swidersky, Chloé', 'Toutain, Benoît', 'Bispo, Antonio', 'Nicolas P.A. Saby', 'Blandine Lemercier', 'Dominique Arrouays', 'Christian Walter', 'Laetitia Gouny', 'Chloé Swidersky', 'Benoît Toutain', 'Antonio Bispo']",[],dataset-rdg,https://doi.org/10.15454/SVDTOU,[''],['Antonio Bispo'],Antonio Bispo,ALAMOD,1,2021
Recherche Data Gouv,Campagnes LIDAR 2022 et 2023 à très haute résolution sur la forêt de Chantilly,doi:10.57745/1RTNQH,Informations spatialisées sur le massif forestier du chateau de Chantilly,inrae://10.57745/1RTNQH,2024-07-04T15:15:46Z,2024-07-04 15:16:09+00:00,,['Earth and Environmental Sciences'],"['Saint-André, Laurent', 'Copeaux, Daisy', 'Laurent Saint-André', 'Daisy Copeaux']",[],dataset-rdg,https://doi.org/10.57745/1RTNQH,[''],['Laurent Saint-André'],Laurent Saint-André,ALAMOD,1,2024
Recherche Data Gouv,Campagnes LIDAR 2022 et 2023 à très haute résolution sur la forêt de Chantilly,doi:10.57745/1RTNQH,Informations spatialisées sur le massif forestier du chateau de Chantilly,inrae://10.57745/1RTNQH,2024-07-04T15:15:46Z,2024-07-04 15:16:09+00:00,,['Earth and Environmental Sciences'],"['Saint-André, Laurent', 'Copeaux, Daisy', 'Laurent Saint-André', 'Daisy Copeaux']",[],dataset-rdg,https://doi.org/10.57745/1RTNQH,[''],['Laurent Saint-André'],Laurent Saint-André,SLAM-B,1,2024
Recherche Data Gouv,"Time series dataset of dissolved oxygen, water temperature and Secchi depths profiles in Lakes Annecy and Geneva",doi:10.15454/BUJUSX,Data-OLA Dataverse,inrae://10.15454/BUJUSX,2021-02-08T13:15:38Z,2021-06-04 16:17:04+00:00,,['Earth and Environmental Sciences'],"['Jenny, Jean-Philippe', 'Jean-Philippe Jenny']","['https://doi.org/10.4081/jlimnol.2020.1944', 'https://doi.org/10.15454/5QERF6', 'https://doi.org/10.15454/5QERF6']",dataset-rdg,https://doi.org/10.15454/BUJUSX,"['10.4081/jlimnol.2020.1944', '10.15454/5QERF6', '10.15454/5QERF6']",['Jean-Philippe Jenny'],Jean-Philippe Jenny,DEEP-C,1,2021
Recherche Data Gouv,List of unannotated papers from the scientific litterature in the filed of milk microfiltration using Milk Microfiltration ontology,doi:10.15454/G3YP4O,atweb Dataverse,inrae://10.15454/G3YP4O,2020-12-09T15:30:13Z,2022-12-05 16:16:21+00:00,,"['Agricultural Sciences', 'Computer and Information Science']","['Buche, Patrice', 'Patrice Buche']",[],dataset-rdg,https://doi.org/10.15454/G3YP4O,[''],['Patrice Buche'],Patrice Buche,SLAM-B,1,2022
Recherche Data Gouv,Dendrometric data of silvicultural scenarios from the French National Forests Office’s (ONF),doi:10.57745/QARRFS,ONF Dataverse,inrae://10.57745/QARRFS,2022-06-02T16:43:07Z,2023-02-08 16:53:48+00:00,"['silviculture', 'simulation', 'carbon']","['Agricultural Sciences', 'Earth and Environmental Sciences']","['Fournier, Salomé', 'Sardin, Thierry', 'Dreyfus, Philippe', 'François, Didier', 'Mandret, Xavier', 'Simeoni, Marion', 'Renaud, Jean-Pierre', 'Akroume, Emila', 'Bouvet, Alain', 'Berthelot, Alain', 'Wernsdörfer, Holger', 'Rivière, Miguel', 'Sainte-Marie, Julien', 'Brèteau-Amores, Sandrine', 'de Coligny, François', 'Deleuze, Christine', 'Salomé Fournier', 'Thierry Sardin', 'Philippe Dreyfus', 'Didier François', 'Xavier Mandret', 'Marion Simeoni', 'Jean-Pierre Renaud', 'Emila Akroume', 'Alain Bouvet', 'Alain Berthelot', 'Holger Wernsdörfer', 'Miguel Rivière', 'Julien Sainte-Marie', 'Sandrine Brèteau-Amores', 'François De Coligny', 'Christine Deleuze']",['https://link.springer.com/content/pdf/10.1186/s13595-022-01171-7.pdf'],dataset-rdg,https://doi.org/10.57745/QARRFS,['content/pdf/10.1186/s13595-022-01171-7.pdf'],['Julien Sainte-Marie'],Julien Sainte-Marie,CANETE,1,2023
Recherche Data Gouv,Seed composition in Arabidopsis dataset collection,doi:10.57745/H9UHNX,IJPB for Plant Sciences Dataverse,inrae://10.57745/H9UHNX,2024-10-03T09:52:11Z,2025-02-26 16:06:35+00:00,['Arabidopsis'],['Earth and Environmental Sciences'],"['Chardon, Fabien', 'Guerche, Phillipe', 'Jasinski, Sophie', 'Fabien Chardon', 'Phillipe Guerche', 'Sophie Jasinski']",[],dataset-rdg,https://doi.org/10.57745/H9UHNX,[''],['Fabien Chardon'],Fabien Chardon,GREENSCALE,1,2025
Recherche Data Gouv,Replication data for: The Crucial Role of Domestic and International Market-Mediated Adaptation to Climate Change,doi:10.15454/HYUURI,Christophe Gouel Dataverse,inrae://10.15454/HYUURI,2020-09-21T09:56:52Z,2024-09-04 09:14:34+00:00,,"['Earth and Environmental Sciences', 'Social Sciences']","['Gouel, Christophe', 'Laborde, David', 'Christophe Gouel', 'David Laborde']",[],dataset-rdg,https://doi.org/10.15454/HYUURI,[''],['Christophe Gouel'],Christophe Gouel,PREFALIM,1,2024
Recherche Data Gouv,AMGv2 parameters,doi:10.57745/MEQQIX,AMG model,inrae://10.57745/MEQQIX,2023-04-26T16:35:26Z,2023-09-11 09:15:30+00:00,"['soil organic carbon', 'modelling']",['Agricultural Sciences'],"['Clivot, Hugues', 'Duparque, Annie', 'Ferchaud, Fabien', 'Lagrange, Hélène', 'Levavasseur, Florent', 'Levert, Maxime', 'Marsac, Sylvain', 'Mary, Bruno', 'Mouny, Jean-Christophe', 'Piquemal, Benoît', 'Sagot, Stéphanie', 'Servain, François', 'Trochard, Robert', 'Cadoux, Stéphane', 'Perrin, Anne-Sophie', 'Hugues Clivot', 'Annie Duparque', 'Fabien Ferchaud', 'Hélène Lagrange', 'Florent Levavasseur', 'Maxime Levert', 'Sylvain Marsac', 'Bruno Mary', 'Jean-Christophe Mouny', 'Benoît Piquemal', 'Stéphanie Sagot', 'François Servain', 'Robert Trochard', 'Stéphane Cadoux', 'Anne-Sophie Perrin']",[],dataset-rdg,https://doi.org/10.57745/MEQQIX,[''],"['Hugues Clivot', 'Fabien Ferchaud']",Hugues Clivot,CANETE,1,2023
Recherche Data Gouv,AMGv2 parameters,doi:10.57745/MEQQIX,AMG model,inrae://10.57745/MEQQIX,2023-04-26T16:35:26Z,2023-09-11 09:15:30+00:00,"['soil organic carbon', 'modelling']",['Agricultural Sciences'],"['Clivot, Hugues', 'Duparque, Annie', 'Ferchaud, Fabien', 'Lagrange, Hélène', 'Levavasseur, Florent', 'Levert, Maxime', 'Marsac, Sylvain', 'Mary, Bruno', 'Mouny, Jean-Christophe', 'Piquemal, Benoît', 'Sagot, Stéphanie', 'Servain, François', 'Trochard, Robert', 'Cadoux, Stéphane', 'Perrin, Anne-Sophie', 'Hugues Clivot', 'Annie Duparque', 'Fabien Ferchaud', 'Hélène Lagrange', 'Florent Levavasseur', 'Maxime Levert', 'Sylvain Marsac', 'Bruno Mary', 'Jean-Christophe Mouny', 'Benoît Piquemal', 'Stéphanie Sagot', 'François Servain', 'Robert Trochard', 'Stéphane Cadoux', 'Anne-Sophie Perrin']",[],dataset-rdg,https://doi.org/10.57745/MEQQIX,[''],"['Hugues Clivot', 'Fabien Ferchaud']",Hugues Clivot,SLAM-B,1,2023
Recherche Data Gouv,AMGv2 parameters,doi:10.57745/MEQQIX,AMG model,inrae://10.57745/MEQQIX,2023-04-26T16:35:26Z,2023-09-11 09:15:30+00:00,"['soil organic carbon', 'modelling']",['Agricultural Sciences'],"['Clivot, Hugues', 'Duparque, Annie', 'Ferchaud, Fabien', 'Lagrange, Hélène', 'Levavasseur, Florent', 'Levert, Maxime', 'Marsac, Sylvain', 'Mary, Bruno', 'Mouny, Jean-Christophe', 'Piquemal, Benoît', 'Sagot, Stéphanie', 'Servain, François', 'Trochard, Robert', 'Cadoux, Stéphane', 'Perrin, Anne-Sophie', 'Hugues Clivot', 'Annie Duparque', 'Fabien Ferchaud', 'Hélène Lagrange', 'Florent Levavasseur', 'Maxime Levert', 'Sylvain Marsac', 'Bruno Mary', 'Jean-Christophe Mouny', 'Benoît Piquemal', 'Stéphanie Sagot', 'François Servain', 'Robert Trochard', 'Stéphane Cadoux', 'Anne-Sophie Perrin']",[],dataset-rdg,https://doi.org/10.57745/MEQQIX,[''],"['Hugues Clivot', 'Fabien Ferchaud']",Fabien Ferchaud,ALAMOD,1,2023
Recherche Data Gouv,AMGv2 parameters,doi:10.57745/MEQQIX,AMG model,inrae://10.57745/MEQQIX,2023-04-26T16:35:26Z,2023-09-11 09:15:30+00:00,"['soil organic carbon', 'modelling']",['Agricultural Sciences'],"['Clivot, Hugues', 'Duparque, Annie', 'Ferchaud, Fabien', 'Lagrange, Hélène', 'Levavasseur, Florent', 'Levert, Maxime', 'Marsac, Sylvain', 'Mary, Bruno', 'Mouny, Jean-Christophe', 'Piquemal, Benoît', 'Sagot, Stéphanie', 'Servain, François', 'Trochard, Robert', 'Cadoux, Stéphane', 'Perrin, Anne-Sophie', 'Hugues Clivot', 'Annie Duparque', 'Fabien Ferchaud', 'Hélène Lagrange', 'Florent Levavasseur', 'Maxime Levert', 'Sylvain Marsac', 'Bruno Mary', 'Jean-Christophe Mouny', 'Benoît Piquemal', 'Stéphanie Sagot', 'François Servain', 'Robert Trochard', 'Stéphane Cadoux', 'Anne-Sophie Perrin']",[],dataset-rdg,https://doi.org/10.57745/MEQQIX,[''],"['Hugues Clivot', 'Fabien Ferchaud']",Fabien Ferchaud,CANETE,1,2023
Recherche Data Gouv,"Data for the manuscript ""Interactive effects of management and temperature anomalies on CO2 fluxes recorded over 18 years in a temperate upland grassland""",doi:10.57745/CBHNA8,UREP,inrae://10.57745/CBHNA8,2024-03-29T10:07:27Z,2024-04-09 12:55:09+00:00,"['Temperature anomaly', 'Carbon flux', 'Eddy covariance', 'Climate Changes', 'Grassland management']","['Agricultural Sciences', 'Earth and Environmental Sciences']","['Winck, Bruna', 'Bruna Winck']",[],dataset-rdg,https://doi.org/10.57745/CBHNA8,[''],['Bruna Winck'],Bruna Winck,ALAMOD,1,2024
Recherche Data Gouv,RMQS1 16S operational taxonomic units,doi:10.57745/ZZWKGQ,RMQS Microbiological Data,inrae://10.57745/ZZWKGQ,2023-11-28T10:46:58Z,2024-08-26 09:26:16+00:00,"['molecular biology', 'microbial ecology', 'soil', 'biogeography', 'abundance']","['Earth and Environmental Sciences', 'Agricultural Sciences']","['Terrat, Sébastien', 'Horrigue, Walid', 'Dequiedt, Samuel', 'Saby, Nicolas P. A.', 'Lelièvre, Mélanie', 'Nowak, Virginie', 'Tripied, Julie', 'Régnier, Tiffanie', 'Jolivet, Claudy', 'Arrouays, Dominique', 'Wincker, Patrick', 'Cruaud, Corinne', 'Karimi, Battle', 'Bispo, Antonio', 'Maron, Pierre-Alain', 'Chemidlin Prévost-Bouré, Nicolas', 'Ranjard, Lionel', 'Sébastien Terrat', 'Walid Horrigue', 'Samuel Dequiedt', 'Nicolas P. A. Saby', 'Mélanie Lelièvre', 'Virginie Nowak', 'Julie Tripied', 'Tiffanie Régnier', 'Claudy Jolivet', 'Dominique Arrouays', 'Patrick Wincker', 'Corinne Cruaud', 'Battle Karimi', 'Antonio Bispo', 'Pierre-Alain Maron', 'Nicolas Chemidlin Prévost-Bouré', 'Lionel Ranjard']","['https://doi.org/10.1371/journal.pone.0186766', 'https://doi.org/10.1111/2041-210X.13316']",dataset-rdg,https://doi.org/10.57745/ZZWKGQ,"['10.1371/journal.pone.0186766', '10.1111/2041-210X.13316']",['Antonio Bispo'],Antonio Bispo,ALAMOD,1,2024
Recherche Data Gouv,Typologie et cartes de propriétés des sols de la forêt de Chantilly,doi:10.57745/WQMA9J,Informations spatialisées sur le massif forestier du chateau de Chantilly,inrae://10.57745/WQMA9J,2024-06-28T07:51:57Z,2024-07-03 12:49:55+00:00,,['Earth and Environmental Sciences'],"['Santenoise, Philippe', 'Saint-André, Laurent', 'Hirth, Nathalie', 'Charrier, Robin', 'Lepoitevin, Camille', 'Jean, Cloée', 'Calvaruso, Christophe', 'Bocquet, Jean-Charles', 'Copeaux, Daisy', 'Philippe Santenoise', 'Laurent Saint-André', 'Nathalie Hirth', 'Robin Charrier', 'Camille Lepoitevin', 'Cloée Jean', 'Christophe Calvaruso', 'Jean-Charles Bocquet', 'Daisy Copeaux']",[],dataset-rdg,https://doi.org/10.57745/WQMA9J,[''],['Laurent Saint-André'],Laurent Saint-André,ALAMOD,1,2024
Recherche Data Gouv,Typologie et cartes de propriétés des sols de la forêt de Chantilly,doi:10.57745/WQMA9J,Informations spatialisées sur le massif forestier du chateau de Chantilly,inrae://10.57745/WQMA9J,2024-06-28T07:51:57Z,2024-07-03 12:49:55+00:00,,['Earth and Environmental Sciences'],"['Santenoise, Philippe', 'Saint-André, Laurent', 'Hirth, Nathalie', 'Charrier, Robin', 'Lepoitevin, Camille', 'Jean, Cloée', 'Calvaruso, Christophe', 'Bocquet, Jean-Charles', 'Copeaux, Daisy', 'Philippe Santenoise', 'Laurent Saint-André', 'Nathalie Hirth', 'Robin Charrier', 'Camille Lepoitevin', 'Cloée Jean', 'Christophe Calvaruso', 'Jean-Charles Bocquet', 'Daisy Copeaux']",[],dataset-rdg,https://doi.org/10.57745/WQMA9J,[''],['Laurent Saint-André'],Laurent Saint-André,SLAM-B,1,2024
Recherche Data Gouv,Données de spectrométrie infrarouge des sols de la forêt de Chantilly,doi:10.57745/APPLKL,Informations spatialisées sur le massif forestier du chateau de Chantilly,inrae://10.57745/APPLKL,2024-06-28T13:22:09Z,2024-07-03 12:48:21+00:00,,['Earth and Environmental Sciences'],"['Santenoise, Philippe', 'Saint-André, Laurent', 'Hirth, Nathalie', 'Charrier, Robin', 'Lepointtevin, Camille', 'Jean, Cloee', 'Bocquet, Jean-Charles', 'Copeaux, Daisy', 'Philippe Santenoise', 'Laurent Saint-André', 'Nathalie Hirth', 'Robin Charrier', 'Camille Lepointtevin', 'Cloee Jean', 'Jean-Charles Bocquet', 'Daisy Copeaux']",[],dataset-rdg,https://doi.org/10.57745/APPLKL,[''],['Laurent Saint-André'],Laurent Saint-André,ALAMOD,1,2024
Recherche Data Gouv,Données de spectrométrie infrarouge des sols de la forêt de Chantilly,doi:10.57745/APPLKL,Informations spatialisées sur le massif forestier du chateau de Chantilly,inrae://10.57745/APPLKL,2024-06-28T13:22:09Z,2024-07-03 12:48:21+00:00,,['Earth and Environmental Sciences'],"['Santenoise, Philippe', 'Saint-André, Laurent', 'Hirth, Nathalie', 'Charrier, Robin', 'Lepointtevin, Camille', 'Jean, Cloee', 'Bocquet, Jean-Charles', 'Copeaux, Daisy', 'Philippe Santenoise', 'Laurent Saint-André', 'Nathalie Hirth', 'Robin Charrier', 'Camille Lepointtevin', 'Cloee Jean', 'Jean-Charles Bocquet', 'Daisy Copeaux']",[],dataset-rdg,https://doi.org/10.57745/APPLKL,[''],['Laurent Saint-André'],Laurent Saint-André,SLAM-B,1,2024
Recherche Data Gouv,Dataset for common wheat (Triticum aestivum L.) grain and flour characterization using classical and advanced analyses: farinograph and alveograph curves,doi:10.57745/GQC1L9,BaGaTeL Dataverse,inrae://10.57745/GQC1L9,2024-09-13T11:58:22Z,2025-02-28 14:13:15+00:00,,['Engineering'],"['Buche, Patrice', 'Patrice Buche']",['https://doi.org/10.1016/j.dib.2025.111375'],dataset-rdg,https://doi.org/10.57745/GQC1L9,['10.1016/j.dib.2025.111375'],['Patrice Buche'],Patrice Buche,SLAM-B,1,2025
Recherche Data Gouv,Time-course data on leaf senescence in rosettes of 324 Arabidopsis thaliana natural accessions across 28 time points,doi:10.57745/DT1CRP,IJPB for Plant Sciences Dataverse,inrae://10.57745/DT1CRP,2024-10-03T16:44:58Z,2025-02-26 16:04:39+00:00,"['leaf senescence', 'kinetics', 'Arabidopsis thaliana', 'ageing']","['Agricultural Sciences', 'Medicine, Health and Life Sciences']","['Chardon, Fabien', 'Fabien Chardon']",[],dataset-rdg,https://doi.org/10.57745/DT1CRP,[''],['Fabien Chardon'],Fabien Chardon,GREENSCALE,1,2025
Recherche Data Gouv,Statistiques sommaires issues du RMQS sur les données agronomiques et en éléments traces des sols français de 0 à 50 cm,doi:10.15454/BNCXYB,GisSol Dataverse,inrae://10.15454/BNCXYB,2019-05-02T08:26:49Z,2025-02-24 16:26:50+00:00,"['élément trace', 'sol', 'propriété du sol']",['Earth and Environmental Sciences'],"['Saby, Nicolas', 'Bertouy, Benoit', 'Boulonne, Line', 'Bispo, Antonio', 'Ratié, Céline', 'Jolivet, Claudy', 'Nicolas Saby', 'Benoit Bertouy', 'Line Boulonne', 'Antonio Bispo', 'Céline Ratié', 'Claudy Jolivet']",[],dataset-rdg,https://doi.org/10.15454/BNCXYB,[''],"['Line Boulonne', 'Antonio Bispo']",Line Boulonne,ALAMOD,1,2025
Recherche Data Gouv,Statistiques sommaires issues du RMQS sur les données agronomiques et en éléments traces des sols français de 0 à 50 cm,doi:10.15454/BNCXYB,GisSol Dataverse,inrae://10.15454/BNCXYB,2019-05-02T08:26:49Z,2025-02-24 16:26:50+00:00,"['élément trace', 'sol', 'propriété du sol']",['Earth and Environmental Sciences'],"['Saby, Nicolas', 'Bertouy, Benoit', 'Boulonne, Line', 'Bispo, Antonio', 'Ratié, Céline', 'Jolivet, Claudy', 'Nicolas Saby', 'Benoit Bertouy', 'Line Boulonne', 'Antonio Bispo', 'Céline Ratié', 'Claudy Jolivet']",[],dataset-rdg,https://doi.org/10.15454/BNCXYB,[''],"['Line Boulonne', 'Antonio Bispo']",Antonio Bispo,ALAMOD,1,2025
Recherche Data Gouv,Microfiltration itineraries annotated from the scientific litterature including both a removal of bacteria by microfiltration and a microfiltration unit operations,doi:10.15454/EFC7VP,atweb Dataverse,inrae://10.15454/EFC7VP,2020-12-09T14:53:27Z,2022-12-05 16:11:44+00:00,,"['Agricultural Sciences', 'Computer and Information Science']","['Buche, Patrice', 'Patrice Buche']",[],dataset-rdg,https://doi.org/10.15454/EFC7VP,[''],['Patrice Buche'],Patrice Buche,SLAM-B,1,2022
Recherche Data Gouv,Summary statistics of Permanent Organic Pollutants concentration in French topsoils,doi:10.15454/LQVMNN,GisSol Dataverse,inrae://10.15454/LQVMNN,2018-07-03T08:58:10Z,2024-12-28 08:56:34+00:00,"['soil', 'polycyclic aromatic hydrocarbon', 'monitoring network']",['Earth and Environmental Sciences'],"['Saby, Nicolas', 'Bertouy, Benoit', 'Boulonne, Line', 'Toutain, Benoît', 'Giovanni, Caria', 'Jolivet, Claudy', 'Nicolas Saby', 'Benoit Bertouy', 'Line Boulonne', 'Benoît Toutain', 'Caria Giovanni', 'Claudy Jolivet']",[],dataset-rdg,https://doi.org/10.15454/LQVMNN,[''],['Line Boulonne'],Line Boulonne,ALAMOD,1,2024
Recherche Data Gouv,"Microfiltration itineraries annotated from the scientific litterature including a removal of bacteria by microfiltration, a microfiltration and a diafiltration unit operations",doi:10.15454/A4KXE7,atweb Dataverse,inrae://10.15454/A4KXE7,2020-12-09T15:10:56Z,2022-12-05 16:14:59+00:00,,"['Agricultural Sciences', 'Computer and Information Science']","['Buche, Patrice', 'Patrice Buche']",[],dataset-rdg,https://doi.org/10.15454/A4KXE7,[''],['Patrice Buche'],Patrice Buche,SLAM-B,1,2022
Recherche Data Gouv,"Microfiltration itineraries annotated from the scientific litterature including a hot treatment, a microfiltration and a diafiltration unit operations",doi:10.15454/7NOR3F,atweb Dataverse,inrae://10.15454/7NOR3F,2020-12-09T15:03:36Z,2022-12-05 16:13:32+00:00,,"['Agricultural Sciences', 'Computer and Information Science']","['Buche, Patrice', 'Patrice Buche']",[],dataset-rdg,https://doi.org/10.15454/7NOR3F,[''],['Patrice Buche'],Patrice Buche,SLAM-B,1,2022
Recherche Data Gouv,Consumer perception data about food packaging functionalities for fresh strawberries: consumers' answers to poll for Plastic not closed,doi:10.15454/IHVM9P,atweb Dataverse,inrae://10.15454/IHVM9P,2018-03-05T13:15:45Z,2020-04-17 14:37:28+00:00,['Consumer perception data and scientific arguments about food packaging functionalities for fresh strawberries;argumentation'],['Other'],"['Bruno Yun', 'Patrice Buche', 'Pierre Bisquert', 'Sandrine Costa', 'Madalina Croitoru', 'Julien Cufi', 'Valerie Guillard', 'Alrick Oudot', 'Rallou Thomopoulos', 'Yun Bruno', 'Buche Patrice', 'Bisquert Pierre', 'Costa Sandrine', 'Croitoru Madalina', 'Cufi Julien', 'Guillard Valerie', 'Oudot Alrick', 'Thomopoulos Rallou']",[],dataset-rdg,https://doi.org/10.15454/IHVM9P,[''],['Patrice Buche'],Patrice Buche,SLAM-B,1,2020
Recherche Data Gouv,Annotation data about Multi Criteria Assessment Methods used in Science for Food and Bioproduct Engineering : the French National Institute for Agricultural Research (INRA-CEPIA) experience,doi:10.15454/R2E0XD,Multi Criteria Assessment Methods,inrae://10.15454/R2E0XD,2019-01-30T17:13:21Z,2019-07-30 12:59:17+00:00,,"['Chemistry', 'Agricultural Sciences', 'Computer and Information Science', 'Engineering']","['Buche, Patrice', 'Gesan-Guiziou, Geneviève', 'Kansou, Kamal', 'Tonda, Alberto', 'Patrice Buche', 'Geneviève Gesan-Guiziou', 'Kamal Kansou', 'Alberto Tonda']",['https://doi.org/10.1016/j.dib.2019.104204'],dataset-rdg,https://doi.org/10.15454/R2E0XD,['10.1016/j.dib.2019.104204'],['Patrice Buche'],Patrice Buche,SLAM-B,1,2019
Recherche Data Gouv,Leaf phenology data of Fagus sylvatica and Abies alba on Mount Ventoux (France) from 2006 to 2019,doi:10.15454/TRFMZN,TEMPO,inrae://10.15454/TRFMZN,2021-06-17T08:54:06Z,2024-10-16 12:02:30+00:00,"['phenology', 'climate change', 'marginal population', 'leaf senescence', 'bud development', 'forest']",['Earth and Environmental Sciences'],"['Jean, Frederic', 'Davi, Hendrik', 'Oddou-Muratorio, Sylvie', 'Fady, Bruno', 'Scotti, Ivan', 'Scotti-Saintagne, Caroline', 'Journé, Valentin', 'Ruffault, Julien', 'Marloie, Olivier', 'Clastre, Philippe', 'Brunetto, William', 'Correard, Marianne', 'Gilg, Olivier', 'Pringarbe, Mehdi', 'Rei, Franck', 'Thevenet, Jean', 'Turion, Norbert', 'Pichot, Christian', 'Frederic Jean', 'Hendrik Davi', 'Sylvie Oddou-Muratorio', 'Bruno Fady', 'Ivan Scotti', 'Caroline Scotti-Saintagne', 'Valentin Journé', 'Julien Ruffault', 'Olivier Marloie', 'Philippe Clastre', 'William Brunetto', 'Marianne Correard', 'Olivier Gilg', 'Mehdi Pringarbe', 'Franck Rei', 'Jean Thevenet', 'Norbert Turion', 'Christian Pichot']","['https://doi.org/10.1186/s13595-023-01193-9', 'https://doi.org/10.1016/j.agrformet.2011.06.008', 'https://doi.org/10.57745/OQNIT1']",dataset-rdg,https://doi.org/10.15454/TRFMZN,"['10.1186/s13595-023-01193-9', '10.1016/j.agrformet.2011.06.008', '10.57745/OQNIT1']","['Olivier Marloie', 'Christian Pichot']",Olivier Marloie,Drought for C,1,2024
Recherche Data Gouv,Leaf phenology data of Fagus sylvatica and Abies alba on Mount Ventoux (France) from 2006 to 2019,doi:10.15454/TRFMZN,TEMPO,inrae://10.15454/TRFMZN,2021-06-17T08:54:06Z,2024-10-16 12:02:30+00:00,"['phenology', 'climate change', 'marginal population', 'leaf senescence', 'bud development', 'forest']",['Earth and Environmental Sciences'],"['Jean, Frederic', 'Davi, Hendrik', 'Oddou-Muratorio, Sylvie', 'Fady, Bruno', 'Scotti, Ivan', 'Scotti-Saintagne, Caroline', 'Journé, Valentin', 'Ruffault, Julien', 'Marloie, Olivier', 'Clastre, Philippe', 'Brunetto, William', 'Correard, Marianne', 'Gilg, Olivier', 'Pringarbe, Mehdi', 'Rei, Franck', 'Thevenet, Jean', 'Turion, Norbert', 'Pichot, Christian', 'Frederic Jean', 'Hendrik Davi', 'Sylvie Oddou-Muratorio', 'Bruno Fady', 'Ivan Scotti', 'Caroline Scotti-Saintagne', 'Valentin Journé', 'Julien Ruffault', 'Olivier Marloie', 'Philippe Clastre', 'William Brunetto', 'Marianne Correard', 'Olivier Gilg', 'Mehdi Pringarbe', 'Franck Rei', 'Jean Thevenet', 'Norbert Turion', 'Christian Pichot']","['https://doi.org/10.1186/s13595-023-01193-9', 'https://doi.org/10.1016/j.agrformet.2011.06.008', 'https://doi.org/10.57745/OQNIT1']",dataset-rdg,https://doi.org/10.15454/TRFMZN,"['10.1186/s13595-023-01193-9', '10.1016/j.agrformet.2011.06.008', '10.57745/OQNIT1']","['Olivier Marloie', 'Christian Pichot']",Christian Pichot,ALAMOD,1,2024
Recherche Data Gouv,Leaf phenology data of Fagus sylvatica and Abies alba on Mount Ventoux (France) from 2006 to 2019,doi:10.15454/TRFMZN,TEMPO,inrae://10.15454/TRFMZN,2021-06-17T08:54:06Z,2024-10-16 12:02:30+00:00,"['phenology', 'climate change', 'marginal population', 'leaf senescence', 'bud development', 'forest']",['Earth and Environmental Sciences'],"['Jean, Frederic', 'Davi, Hendrik', 'Oddou-Muratorio, Sylvie', 'Fady, Bruno', 'Scotti, Ivan', 'Scotti-Saintagne, Caroline', 'Journé, Valentin', 'Ruffault, Julien', 'Marloie, Olivier', 'Clastre, Philippe', 'Brunetto, William', 'Correard, Marianne', 'Gilg, Olivier', 'Pringarbe, Mehdi', 'Rei, Franck', 'Thevenet, Jean', 'Turion, Norbert', 'Pichot, Christian', 'Frederic Jean', 'Hendrik Davi', 'Sylvie Oddou-Muratorio', 'Bruno Fady', 'Ivan Scotti', 'Caroline Scotti-Saintagne', 'Valentin Journé', 'Julien Ruffault', 'Olivier Marloie', 'Philippe Clastre', 'William Brunetto', 'Marianne Correard', 'Olivier Gilg', 'Mehdi Pringarbe', 'Franck Rei', 'Jean Thevenet', 'Norbert Turion', 'Christian Pichot']","['https://doi.org/10.1186/s13595-023-01193-9', 'https://doi.org/10.1016/j.agrformet.2011.06.008', 'https://doi.org/10.57745/OQNIT1']",dataset-rdg,https://doi.org/10.15454/TRFMZN,"['10.1186/s13595-023-01193-9', '10.1016/j.agrformet.2011.06.008', '10.57745/OQNIT1']","['Olivier Marloie', 'Christian Pichot']",Christian Pichot,Drought for C,1,2024
Recherche Data Gouv,Beech and pedunculate oak data and tree-rings measurements from the Ciron valley,doi:10.15454/H8CBYZ,Biogeco Dataverse,inrae://10.15454/H8CBYZ,2021-10-08T07:17:34Z,2021-10-08 07:38:20+00:00,"['dendroecology', 'tree ring', 'stable-carbon isotopes', 'climate change', 'Fagus sylvatica', 'Quercus robur', 'temperate forest']",['Agricultural Sciences'],"['Bert, Didier', 'Lebourgeois, François', 'Ouayjan, Adib', 'Ducousso, Alexis', 'Ogée, Jérôme', 'Hampe, Arndt', 'Didier Bert', 'François Lebourgeois', 'Adib Ouayjan', 'Alexis Ducousso', 'Jérôme Ogée', 'Arndt Hampe']",[],dataset-rdg,https://doi.org/10.15454/H8CBYZ,[''],['François Lebourgeois'],François Lebourgeois,ALAMOD,1,2021
Recherche Data Gouv,"The GLOPACK packaging score, template",doi:10.57745/JRQESS,Work Package 4,inrae://10.57745/JRQESS,2022-07-12T14:28:58Z,2022-07-12 14:37:50+00:00,"['scoring methodology', 'food packaging', 'Borda vote', 'environmental assessment']","['Agricultural Sciences', 'Earth and Environmental Sciences', 'Other']","['Guillard, Valerie', 'Bisquert, Pierre', 'Buche, Patrice', 'Frojan, Julia', 'Gontard, Nathalie', 'Boone, Lieselot', 'Nhu Thuy, Trang', 'Dewulf, Jo', 'Vermeulen, An', 'Ragaert, Peter', 'Valerie Guillard', 'Pierre Bisquert', 'Patrice Buche', 'Julia Frojan', 'Nathalie Gontard', 'Lieselot Boone', 'Trang Nhu Thuy', 'Jo Dewulf', 'An Vermeulen', 'Peter Ragaert']",[],dataset-rdg,https://doi.org/10.57745/JRQESS,[''],['Patrice Buche'],Patrice Buche,SLAM-B,1,2022
Recherche Data Gouv,Preferences and justifications of NoAW stakeholders about the importance on LCA (Life Cycle Analysis) impact categories,doi:10.15454/XVL4BA,INRA,inrae://10.15454/XVL4BA,2019-04-17T15:13:29Z,2020-11-30 18:22:43+00:00,"['LCA, argumentation, social choice methods']","['Chemistry', 'Computer and Information Science', 'Engineering']","['Bisquert, Pierre', 'Buche, Patrice', 'Hecham, Raouf', 'Pierre Bisquert', 'Patrice Buche', 'Raouf Hecham']",[],dataset-rdg,https://doi.org/10.15454/XVL4BA,[''],['Patrice Buche'],Patrice Buche,SLAM-B,1,2020
Recherche Data Gouv,Viral RNA extraction protocols from wastewater samples,doi:10.57745/WJT4V3,LCPME,univ-lorraine://10.57745/WJT4V3,2024-07-25T15:28:20Z,2024-08-04 13:17:31+00:00,"['Viral RNA', 'Wastewater-Based Epidemiological Monitoring', 'SARS-CoV-2', 'RT-PCR']","['Earth and Environmental Sciences', 'Medicine, Health and Life Sciences']","['Bertrand, Isabelle', 'Isabelle Bertrand']",[],dataset-rdg,https://doi.org/10.57745/WJT4V3,[''],['Isabelle Bertrand'],Isabelle Bertrand,CrosyeN,1,2024
Recherche Data Gouv,PO2 Biorefinery Ontology,doi:10.15454/AIF6TX,Vocabulaires Ouverts,inrae://10.15454/AIF6TX,2022-01-11T16:05:12Z,2025-05-12 15:18:18+00:00,"['ontology', 'food packaging material', 'biorefinery']",['Agricultural Sciences'],"['Munch, Mélanie', 'Buche, Patrice', 'Dervaux, Stéphane', 'Mélanie Munch', 'Patrice Buche', 'Stéphane Dervaux']",['https://hal.archives-ouvertes.fr/hal-03474067'],dataset-rdg,https://doi.org/10.15454/AIF6TX,['hal-03474067'],['Patrice Buche'],Patrice Buche,SLAM-B,1,2025
Recherche Data Gouv,"Data on the influence of LED light spectrum on plant growth, NUE, and seed yield in controlled conditions",doi:10.57745/ZCFBUT,IJPB for Plant Sciences Dataverse,inrae://10.57745/ZCFBUT,2024-10-16T09:53:59Z,2025-02-26 16:06:44+00:00,"['Arabidopsis thaliana', 'LED light spectrum', 'plant growth', 'nitrogen-use efficiency', 'biomass allocation', 'light quality', 'isotopic 15N labelling']","['Agricultural Sciences', 'Earth and Environmental Sciences']","['Chardon, Fabien', 'Fabien Chardon']",[],dataset-rdg,https://doi.org/10.57745/ZCFBUT,[''],['Fabien Chardon'],Fabien Chardon,GREENSCALE,1,2025
Recherche Data Gouv,"Dataset for the Global Change Biology paper ""Feasibility of the 4 per 1000 aspirational target for soil carbon. A case study for France"", published as part of the French 4 per mille study.",doi:10.15454/OGJNIC,Etude 4pour1000 Stocker du carbone dans les sols français : quel potentiel au regard de l’objectif 4 pour 1000 et à quel coût ? Dataverse,inrae://10.15454/OGJNIC,2021-01-19T21:02:15Z,2021-02-26 06:25:41+00:00,"['soil', 'carbon', 'soil organic carbon', 'net primary productivity']","['Agricultural Sciences', 'Earth and Environmental Sciences', 'Other']","['Martin, Manuel', 'Bassem Dimassi', 'Mercedes Romàn Dobarco', 'Bertrand Guenet', 'Dominique Arrouays', 'Denis A. Angers', 'Fabrice Blache', 'Frédéric Huard', 'Jean-François Soussana', 'Sylvain Pellerin', 'Manuel Martin', 'Dimassi Bassem', 'Romàn Dobarco Mercedes', 'Guenet Bertrand', 'Arrouays Dominique', 'A. Angers Denis', 'Blache Fabrice', 'Huard Frédéric', 'Soussana Jean-François', 'Pellerin Sylvain']",[],dataset-rdg,https://doi.org/10.15454/OGJNIC,[''],['Bertrand Guenet'],Bertrand Guenet,ALAMOD,1,2021
Recherche Data Gouv,"Dataset for the Global Change Biology paper ""Feasibility of the 4 per 1000 aspirational target for soil carbon. A case study for France"", published as part of the French 4 per mille study.",doi:10.15454/OGJNIC,Etude 4pour1000 Stocker du carbone dans les sols français : quel potentiel au regard de l’objectif 4 pour 1000 et à quel coût ? Dataverse,inrae://10.15454/OGJNIC,2021-01-19T21:02:15Z,2021-02-26 06:25:41+00:00,"['soil', 'carbon', 'soil organic carbon', 'net primary productivity']","['Agricultural Sciences', 'Earth and Environmental Sciences', 'Other']","['Martin, Manuel', 'Bassem Dimassi', 'Mercedes Romàn Dobarco', 'Bertrand Guenet', 'Dominique Arrouays', 'Denis A. Angers', 'Fabrice Blache', 'Frédéric Huard', 'Jean-François Soussana', 'Sylvain Pellerin', 'Manuel Martin', 'Dimassi Bassem', 'Romàn Dobarco Mercedes', 'Guenet Bertrand', 'Arrouays Dominique', 'A. Angers Denis', 'Blache Fabrice', 'Huard Frédéric', 'Soussana Jean-François', 'Pellerin Sylvain']",[],dataset-rdg,https://doi.org/10.15454/OGJNIC,[''],['Bertrand Guenet'],Bertrand Guenet,CANETE,1,2021
Recherche Data Gouv,"Dataset for the Global Change Biology paper ""Feasibility of the 4 per 1000 aspirational target for soil carbon. A case study for France"", published as part of the French 4 per mille study.",doi:10.15454/OGJNIC,Etude 4pour1000 Stocker du carbone dans les sols français : quel potentiel au regard de l’objectif 4 pour 1000 et à quel coût ? Dataverse,inrae://10.15454/OGJNIC,2021-01-19T21:02:15Z,2021-02-26 06:25:41+00:00,"['soil', 'carbon', 'soil organic carbon', 'net primary productivity']","['Agricultural Sciences', 'Earth and Environmental Sciences', 'Other']","['Martin, Manuel', 'Bassem Dimassi', 'Mercedes Romàn Dobarco', 'Bertrand Guenet', 'Dominique Arrouays', 'Denis A. Angers', 'Fabrice Blache', 'Frédéric Huard', 'Jean-François Soussana', 'Sylvain Pellerin', 'Manuel Martin', 'Dimassi Bassem', 'Romàn Dobarco Mercedes', 'Guenet Bertrand', 'Arrouays Dominique', 'A. Angers Denis', 'Blache Fabrice', 'Huard Frédéric', 'Soussana Jean-François', 'Pellerin Sylvain']",[],dataset-rdg,https://doi.org/10.15454/OGJNIC,[''],['Bertrand Guenet'],Bertrand Guenet,CLIM-FAS,1,2021
Recherche Data Gouv,Etude 4pour1000 : Données économiques,doi:10.15454/UEQVCO,Etude 4pour1000 Stocker du carbone dans les sols français : quel potentiel au regard de l’objectif 4 pour 1000 et à quel coût ? Dataverse,inrae://10.15454/UEQVCO,2021-02-10T13:27:24Z,2022-02-06 21:43:20+00:00,"['implementation cost', 'carbon sequestration cost']","['Earth and Environmental Sciences', 'Social Sciences', 'Agricultural Sciences']","['Bamière, Laure', 'Mosnier, Claire', 'Bellassen, Valentin', 'Schiavo, Michele', 'Delame, Nathalie', 'Letort, Elodie', 'Cardinael, Rémi', 'Meziere, Delphine', 'Laure Bamière', 'Claire Mosnier', 'Valentin Bellassen', 'Michele Schiavo', 'Nathalie Delame', 'Elodie Letort', 'Rémi Cardinael', 'Delphine Meziere']",[],dataset-rdg,https://doi.org/10.15454/UEQVCO,[''],"['Laure Bamière', 'Rémi Cardinael']",Laure Bamière,CLIM-FAS,1,2022
Recherche Data Gouv,Etude 4pour1000 : Données économiques,doi:10.15454/UEQVCO,Etude 4pour1000 Stocker du carbone dans les sols français : quel potentiel au regard de l’objectif 4 pour 1000 et à quel coût ? Dataverse,inrae://10.15454/UEQVCO,2021-02-10T13:27:24Z,2022-02-06 21:43:20+00:00,"['implementation cost', 'carbon sequestration cost']","['Earth and Environmental Sciences', 'Social Sciences', 'Agricultural Sciences']","['Bamière, Laure', 'Mosnier, Claire', 'Bellassen, Valentin', 'Schiavo, Michele', 'Delame, Nathalie', 'Letort, Elodie', 'Cardinael, Rémi', 'Meziere, Delphine', 'Laure Bamière', 'Claire Mosnier', 'Valentin Bellassen', 'Michele Schiavo', 'Nathalie Delame', 'Elodie Letort', 'Rémi Cardinael', 'Delphine Meziere']",[],dataset-rdg,https://doi.org/10.15454/UEQVCO,[''],"['Laure Bamière', 'Rémi Cardinael']",Rémi Cardinael,ALAMOD,1,2022
Recherche Data Gouv,Etude 4pour1000 : Données économiques,doi:10.15454/UEQVCO,Etude 4pour1000 Stocker du carbone dans les sols français : quel potentiel au regard de l’objectif 4 pour 1000 et à quel coût ? Dataverse,inrae://10.15454/UEQVCO,2021-02-10T13:27:24Z,2022-02-06 21:43:20+00:00,"['implementation cost', 'carbon sequestration cost']","['Earth and Environmental Sciences', 'Social Sciences', 'Agricultural Sciences']","['Bamière, Laure', 'Mosnier, Claire', 'Bellassen, Valentin', 'Schiavo, Michele', 'Delame, Nathalie', 'Letort, Elodie', 'Cardinael, Rémi', 'Meziere, Delphine', 'Laure Bamière', 'Claire Mosnier', 'Valentin Bellassen', 'Michele Schiavo', 'Nathalie Delame', 'Elodie Letort', 'Rémi Cardinael', 'Delphine Meziere']",[],dataset-rdg,https://doi.org/10.15454/UEQVCO,[''],"['Laure Bamière', 'Rémi Cardinael']",Rémi Cardinael,CrosyeN,1,2022
Recherche Data Gouv,"Etude 4pour1000 : Economic data for publication of the article ""A Marginal Abatement Cost Curve for Climate Change Mitigation by additional carbon storage in French agricultural land""",doi:10.57745/1OXJV0,Etude 4pour1000 Stocker du carbone dans les sols français : quel potentiel au regard de l’objectif 4 pour 1000 et à quel coût ? Dataverse,inrae://10.57745/1OXJV0,2022-09-02T07:43:07Z,2025-01-30 11:04:05+00:00,"['implementation cost', 'carbon sequestration cost']","['Agricultural Sciences', 'Earth and Environmental Sciences', 'Social Sciences']","['Bamière, Laure', 'Bellassen, Valentin', 'Schiavo, Michele', 'Delame, Nathalie', 'Letort, Elodie', 'Mosnier, Claire', 'Cardinael, Rémi', 'Diallo, Abdoul', 'Meziere, Delphine', 'Laure Bamière', 'Valentin Bellassen', 'Michele Schiavo', 'Nathalie Delame', 'Elodie Letort', 'Claire Mosnier', 'Rémi Cardinael', 'Abdoul Diallo', 'Delphine Meziere']",[],dataset-rdg,https://doi.org/10.57745/1OXJV0,[''],"['Laure Bamière', 'Rémi Cardinael']",Laure Bamière,CLIM-FAS,1,2025
Recherche Data Gouv,"Etude 4pour1000 : Economic data for publication of the article ""A Marginal Abatement Cost Curve for Climate Change Mitigation by additional carbon storage in French agricultural land""",doi:10.57745/1OXJV0,Etude 4pour1000 Stocker du carbone dans les sols français : quel potentiel au regard de l’objectif 4 pour 1000 et à quel coût ? Dataverse,inrae://10.57745/1OXJV0,2022-09-02T07:43:07Z,2025-01-30 11:04:05+00:00,"['implementation cost', 'carbon sequestration cost']","['Agricultural Sciences', 'Earth and Environmental Sciences', 'Social Sciences']","['Bamière, Laure', 'Bellassen, Valentin', 'Schiavo, Michele', 'Delame, Nathalie', 'Letort, Elodie', 'Mosnier, Claire', 'Cardinael, Rémi', 'Diallo, Abdoul', 'Meziere, Delphine', 'Laure Bamière', 'Valentin Bellassen', 'Michele Schiavo', 'Nathalie Delame', 'Elodie Letort', 'Claire Mosnier', 'Rémi Cardinael', 'Abdoul Diallo', 'Delphine Meziere']",[],dataset-rdg,https://doi.org/10.57745/1OXJV0,[''],"['Laure Bamière', 'Rémi Cardinael']",Rémi Cardinael,ALAMOD,1,2025
Recherche Data Gouv,"Etude 4pour1000 : Economic data for publication of the article ""A Marginal Abatement Cost Curve for Climate Change Mitigation by additional carbon storage in French agricultural land""",doi:10.57745/1OXJV0,Etude 4pour1000 Stocker du carbone dans les sols français : quel potentiel au regard de l’objectif 4 pour 1000 et à quel coût ? Dataverse,inrae://10.57745/1OXJV0,2022-09-02T07:43:07Z,2025-01-30 11:04:05+00:00,"['implementation cost', 'carbon sequestration cost']","['Agricultural Sciences', 'Earth and Environmental Sciences', 'Social Sciences']","['Bamière, Laure', 'Bellassen, Valentin', 'Schiavo, Michele', 'Delame, Nathalie', 'Letort, Elodie', 'Mosnier, Claire', 'Cardinael, Rémi', 'Diallo, Abdoul', 'Meziere, Delphine', 'Laure Bamière', 'Valentin Bellassen', 'Michele Schiavo', 'Nathalie Delame', 'Elodie Letort', 'Claire Mosnier', 'Rémi Cardinael', 'Abdoul Diallo', 'Delphine Meziere']",[],dataset-rdg,https://doi.org/10.57745/1OXJV0,[''],"['Laure Bamière', 'Rémi Cardinael']",Rémi Cardinael,CrosyeN,1,2025
Recherche Data Gouv,Ranking semantics for the choice of environment-friendly food packagings - Consumers’ answers to poll for Plastic not closed,doi:10.15454/1.5153984223110251E12,atweb Dataverse,inrae://10.15454/1.5153984223110251E12,2018-01-26T11:09:44Z,2025-02-18 16:16:10+00:00,,['Other'],"['Buche, Patrice', 'Patrice Buche']",[],dataset-rdg,https://doi.org/10.15454/1.5153984223110251E12,[''],['Patrice Buche'],Patrice Buche,SLAM-B,1,2025
Recherche Data Gouv,Plan de Gestion des Données de l'IR IN-SYLVA France,doi:10.15454/JBASMV,Logiciels et Systèmes d'Information,inrae://10.15454/JBASMV,2022-01-25T09:01:05Z,2022-01-25 09:09:43+00:00,"['infrastructure', 'foret', 'données', 'modèles', 'PGD', 'DMP']","['Earth and Environmental Sciences', 'Computer and Information Science', 'Other', 'Agricultural Sciences']","['Pichot, Christian', 'Christian Pichot']",[],dataset-rdg,https://doi.org/10.15454/JBASMV,[''],['Christian Pichot'],Christian Pichot,ALAMOD,1,2022
Recherche Data Gouv,Plan de Gestion des Données de l'IR IN-SYLVA France,doi:10.15454/JBASMV,Logiciels et Systèmes d'Information,inrae://10.15454/JBASMV,2022-01-25T09:01:05Z,2022-01-25 09:09:43+00:00,"['infrastructure', 'foret', 'données', 'modèles', 'PGD', 'DMP']","['Earth and Environmental Sciences', 'Computer and Information Science', 'Other', 'Agricultural Sciences']","['Pichot, Christian', 'Christian Pichot']",[],dataset-rdg,https://doi.org/10.15454/JBASMV,[''],['Christian Pichot'],Christian Pichot,Drought for C,1,2022
Recherche Data Gouv,Consumer perception data about food packaging functionalities for fresh strawberries - Consumers’ answers to poll for Wood packaging,doi:10.15454/GNBUFH,atweb Dataverse,inrae://10.15454/GNBUFH,2018-03-27T08:31:41Z,2020-04-17 14:40:43+00:00,['Consumer perception data and scientific arguments about food packaging functionalities for fresh strawberries;Argumentation'],['Other'],"['Bruno Yun', 'Patrice Buche', 'Pierre Bisquert', 'Sandrine Costa', 'Madalina Croitoru', 'Julien Cufi', 'Valerie Guillard', 'Alrick Oudot', 'Rallou Thomopoulos', 'Yun Bruno', 'Buche Patrice', 'Bisquert Pierre', 'Costa Sandrine', 'Croitoru Madalina', 'Cufi Julien', 'Guillard Valerie', 'Oudot Alrick', 'Thomopoulos Rallou']",[],dataset-rdg,https://doi.org/10.15454/GNBUFH,[''],['Patrice Buche'],Patrice Buche,SLAM-B,1,2020
Recherche Data Gouv,Scientific arguments about food packaging functionalities for fresh strawberries - Food packaging expert’s arguments for all packagings,doi:10.15454/VDNRH6,atweb Dataverse,inrae://10.15454/VDNRH6,2018-03-27T08:32:51Z,2023-08-09 08:13:43+00:00,['Consumer perception data and scientific arguments about food packaging functionalities for fresh strawberries;Argumentation'],['Other'],"['Bruno Yun', 'Patrice Buche', 'Pierre Bisquert', 'Sandrine Costa', 'Madalina Croitoru', 'Julien Cufi', 'Valerie Guillard', 'Alrick Oudot', 'Rallou Thomopoulos', 'Yun Bruno', 'Buche Patrice', 'Bisquert Pierre', 'Costa Sandrine', 'Croitoru Madalina', 'Cufi Julien', 'Guillard Valerie', 'Oudot Alrick', 'Thomopoulos Rallou']",[],dataset-rdg,https://doi.org/10.15454/VDNRH6,[''],['Patrice Buche'],Patrice Buche,SLAM-B,1,2023
Recherche Data Gouv,Consumer perception data about food packaging functionalities for fresh strawberries - Plastic with plastic film consumers’ arguments,doi:10.15454/GMWB8Q,atweb Dataverse,inrae://10.15454/GMWB8Q,2018-03-27T08:33:41Z,2020-04-17 14:45:44+00:00,['Consumer perception data and scientific arguments about food packaging functionalities for fresh strawberries;Argumentation'],['Other'],"['Bruno Yun', 'Patrice Buche', 'Pierre Bisquert', 'Sandrine Costa', 'Madalina Croitoru', 'Julien Cufi', 'Valerie Guillard', 'Alrick Oudot', 'Rallou Thomopoulos', 'Yun Bruno', 'Buche Patrice', 'Bisquert Pierre', 'Costa Sandrine', 'Croitoru Madalina', 'Cufi Julien', 'Guillard Valerie', 'Oudot Alrick', 'Thomopoulos Rallou']",[],dataset-rdg,https://doi.org/10.15454/GMWB8Q,[''],['Patrice Buche'],Patrice Buche,SLAM-B,1,2020
Recherche Data Gouv,Consumer perception data about food packaging functionalities for fresh strawberries - Plastic not closed consumers’ arguments,doi:10.15454/NM3WET,atweb Dataverse,inrae://10.15454/NM3WET,2018-03-27T08:33:12Z,2020-04-17 14:42:57+00:00,['Consumer perception data and scientific arguments about food packaging functionalities for fresh strawberries;Argumentation'],['Other'],"['Bruno Yun', 'Patrice Buche', 'Pierre Bisquert', 'Sandrine Costa', 'Madalina Croitoru', 'Julien Cufi', 'Valerie Guillard', 'Alrick Oudot', 'Rallou Thomopoulos', 'Yun Bruno', 'Buche Patrice', 'Bisquert Pierre', 'Costa Sandrine', 'Croitoru Madalina', 'Cufi Julien', 'Guillard Valerie', 'Oudot Alrick', 'Thomopoulos Rallou']",[],dataset-rdg,https://doi.org/10.15454/NM3WET,[''],['Patrice Buche'],Patrice Buche,SLAM-B,1,2020
Recherche Data Gouv,"Données de réplication pour : Spatial variations, origins, and risk assessments of polycyclic aromatic hydrocarbons in French soils",doi:10.15454/WPR2C9,GisSol Dataverse,inrae://10.15454/WPR2C9,2020-11-10T14:16:44Z,2021-06-04 14:30:05+00:00,"['soil', 'polycyclic aromatic hydrocarbons', 'RMQS']","['Chemistry', 'Earth and Environmental Sciences']","['Froger, Claire', 'Saby, Nicolas', 'Jolivet, Claudy', 'Boulonne, Line', 'Freulon, Xavier', 'de Fouquet, Chantal', 'Roussel, Hélène', 'Marot, Franck', 'Bispo, Antonio', 'Claire Froger', 'Nicolas Saby', 'Claudy Jolivet', 'Line Boulonne', 'Xavier Freulon', 'Chantal De Fouquet', 'Hélène Roussel', 'Franck Marot', 'Antonio Bispo']",['https://doi.org/10.5194/soil-7-161-2021'],dataset-rdg,https://doi.org/10.15454/WPR2C9,['10.5194/soil-7-161-2021'],"['Line Boulonne', 'Antonio Bispo']",Line Boulonne,ALAMOD,1,2021
Recherche Data Gouv,"Données de réplication pour : Spatial variations, origins, and risk assessments of polycyclic aromatic hydrocarbons in French soils",doi:10.15454/WPR2C9,GisSol Dataverse,inrae://10.15454/WPR2C9,2020-11-10T14:16:44Z,2021-06-04 14:30:05+00:00,"['soil', 'polycyclic aromatic hydrocarbons', 'RMQS']","['Chemistry', 'Earth and Environmental Sciences']","['Froger, Claire', 'Saby, Nicolas', 'Jolivet, Claudy', 'Boulonne, Line', 'Freulon, Xavier', 'de Fouquet, Chantal', 'Roussel, Hélène', 'Marot, Franck', 'Bispo, Antonio', 'Claire Froger', 'Nicolas Saby', 'Claudy Jolivet', 'Line Boulonne', 'Xavier Freulon', 'Chantal De Fouquet', 'Hélène Roussel', 'Franck Marot', 'Antonio Bispo']",['https://doi.org/10.5194/soil-7-161-2021'],dataset-rdg,https://doi.org/10.15454/WPR2C9,['10.5194/soil-7-161-2021'],"['Line Boulonne', 'Antonio Bispo']",Antonio Bispo,ALAMOD,1,2021
Recherche Data Gouv,Etude 4pour1000 : Données modèle BANCO,doi:10.15454/EQP1BV,Etude 4pour1000 Stocker du carbone dans les sols français : quel potentiel au regard de l’objectif 4 pour 1000 et à quel coût ? Dataverse,inrae://10.15454/EQP1BV,2021-02-10T13:18:24Z,2022-02-06 21:48:10+00:00,"['modelling', 'carbon sequestration']","['Agricultural Sciences', 'Earth and Environmental Sciences', 'Social Sciences']","['Bamière, Laure', 'Schiavo, Michele', 'Bellassen, Valentin', 'Letort, Elodie', 'Mosnier, Claire', 'Delame, Nathalie', 'Laure Bamière', 'Michele Schiavo', 'Valentin Bellassen', 'Elodie Letort', 'Claire Mosnier', 'Nathalie Delame']",[],dataset-rdg,https://doi.org/10.15454/EQP1BV,[''],['Laure Bamière'],Laure Bamière,CLIM-FAS,1,2022
Recherche Data Gouv,Tree size data from a sessile oak trial  (Tronçais - Quercus petraea (Matt.) Liebl.) of the GIS Coop network,doi:10.15454/JPXSLA,Jeux de données,inrae://10.15454/JPXSLA,2021-10-21T12:48:14Z,2024-03-12 13:39:04+00:00,"['silviculture', 'forestry operation', 'Quercus petraea']","['Agricultural Sciences', 'Earth and Environmental Sciences']","['Perret, Sandrine', 'Arnaudet, Lucie', 'Seynave, Ingrid', 'Calas, Aurore', 'Lebourgeois, François', 'Sandrine Perret', 'Lucie Arnaudet', 'Ingrid Seynave', 'Aurore Calas', 'François Lebourgeois']",[],dataset-rdg,https://doi.org/10.15454/JPXSLA,[''],['François Lebourgeois'],François Lebourgeois,ALAMOD,1,2024
Recherche Data Gouv,Composition-based statistical model for predicting CO2 solubility in Modified Atmosphere Packaging application,doi:10.57745/QRBX4Z,atweb Dataverse,inrae://10.57745/QRBX4Z,2022-09-22T09:28:53Z,2022-09-22 16:14:54+00:00,['CO2 solubility'],"['Agricultural Sciences', 'Computer and Information Science', 'Engineering']","['Münch, Mélanie', 'Guillard, Valérie', 'Gaucel, Sébastien', 'Destercke, Sébastien', 'Thévenot, Jonathan', 'Buche, Patrice', 'Mélanie Münch', 'Valérie Guillard', 'Sébastien Gaucel', 'Sébastien Destercke', 'Jonathan Thévenot', 'Patrice Buche']",['https://doi.org/10.1016/j.jfoodeng.2022.111283'],dataset-rdg,https://doi.org/10.57745/QRBX4Z,['10.1016/j.jfoodeng.2022.111283'],['Patrice Buche'],Patrice Buche,SLAM-B,1,2022
Recherche Data Gouv,Données de l'enquête utilisateurs sur les besoins en matière de données sur les sols dans le cadre des 20 ans du GIS Sol,doi:10.57745/RZHLSK,GisSol Dataverse,inrae://10.57745/RZHLSK,2022-10-04T14:39:57Z,2022-10-04 16:45:26+00:00,"['sol', 'enquête auprès des utilisateurs', 'données ouvertes', ""diffusion de l'information"", ""accès à l'information""]",['Earth and Environmental Sciences'],"['Le Bas, Christine', 'Antoni, Véronique', 'Bispo, Antonio', 'Brunet, Jean-François', 'Bougon, Nolwenn', 'Joassard, Irénée', 'Laville, Patricia', 'Renault, Pierre', 'Sauter, Joëlle', 'Christine Le Bas', 'Véronique Antoni', 'Antonio Bispo', 'Jean-François Brunet', 'Nolwenn Bougon', 'Irénée Joassard', 'Patricia Laville', 'Pierre Renault', 'Joëlle Sauter']",['https://dx.doi.org/10.17180/26dk-qp08'],dataset-rdg,https://doi.org/10.57745/RZHLSK,['10.17180/26dk-qp08'],['Antonio Bispo'],Antonio Bispo,ALAMOD,1,2022
Recherche Data Gouv,Portail de données phénologiques du réseau TEMPO / TEMPO Data Portal,doi:10.57745/NQ9HRV,TEMPO,inrae://10.57745/NQ9HRV,2023-02-10T08:42:53Z,2024-12-13 14:40:09+00:00,"['application web', 'Phénologie']",['Earth and Environmental Sciences'],"['Maury, Olivier', 'Quidoz, Marie-Claude', 'Garcia de Cortazar Atauri, Iñaki', 'Chuine, Isabelle', 'El Hasnaoui, Mohamed', 'Tromel, Louis', 'Olivier Maury', 'Marie-Claude Quidoz', 'Iñaki Garcia De Cortazar Atauri', 'Isabelle Chuine', 'Mohamed El Hasnaoui', 'Louis Tromel']",[],dataset-rdg,https://doi.org/10.57745/NQ9HRV,[''],['Isabelle Chuine'],Isabelle Chuine,Drought for C,1,2024
Recherche Data Gouv,Plan de gestion de données structure Planet,doi:10.57745/R4JOUM,Platform for Processing Plant Product with Emergent Technologies,inrae://10.57745/R4JOUM,2023-04-12T06:36:22Z,2023-06-21 17:14:26+00:00,,"['Agricultural Sciences', 'Chemistry', 'Engineering']","['Réau, Adrien', 'Lhomond, Leslie', 'Buche, Patrice', 'Adrien Réau', 'Leslie Lhomond', 'Patrice Buche']",[],dataset-rdg,https://doi.org/10.57745/R4JOUM,[''],['Patrice Buche'],Patrice Buche,SLAM-B,1,2023
Recherche Data Gouv,Plan de gestion de données structure de l'UMR IATE,doi:10.57745/R47KVT,IATE research unit,inrae://10.57745/R47KVT,2023-04-12T11:27:49Z,2023-04-12 11:39:12+00:00,,"['Agricultural Sciences', 'Chemistry', 'Engineering']","['Buche, Patrice', 'Patrice Buche']",[],dataset-rdg,https://doi.org/10.57745/R47KVT,[''],['Patrice Buche'],Patrice Buche,SLAM-B,1,2023
Recherche Data Gouv,Suivi des hauteurs de nappe sur les bassins versants du Bouron et du Tagon en Gironde,doi:10.57745/6DVLZW,ISPA Dataverse,inrae://10.57745/6DVLZW,2023-05-09T06:31:15Z,2024-03-18 08:36:39+00:00,"['nappe souterraine', 'bassin versant', 'piézomètre', 'hydrologie', 'pluie']",['Earth and Environmental Sciences'],"['Dayau, Sylvia', 'Kruszewski, Alain', 'Chipeaux, Christophe', 'Sylvia Dayau', 'Alain Kruszewski', 'Christophe Chipeaux']",['https://hal.inrae.fr/tel-02810698v1'],dataset-rdg,https://doi.org/10.57745/6DVLZW,['tel-02810698v1'],['Christophe Chipeaux'],Christophe Chipeaux,Drought for C,1,2024
Recherche Data Gouv,RMQS1 molecular microbial biomass,doi:10.57745/VLWJ51,RMQS Microbiological Data,inrae://10.57745/VLWJ51,2023-11-20T14:51:55Z,2023-12-05 10:44:57+00:00,"['biomass', 'molecular biology', 'microbial ecology', 'DNA', 'land use', 'soil', 'soil property']","['Agricultural Sciences', 'Earth and Environmental Sciences']","['Dequiedt, Samuel', 'Saby, Nicolas P. A.', 'Lelièvre, Mélanie', 'Jolivet, Claudy', 'Thioulouse, Jean', 'Toutain, Benoît', 'Arrouays, Dominique', 'Bispo, Antonio', 'Lemanceau, Phillipe', 'Ranjard, Lionel', 'Samuel Dequiedt', 'Nicolas P. A. Saby', 'Mélanie Lelièvre', 'Claudy Jolivet', 'Jean Thioulouse', 'Benoît Toutain', 'Dominique Arrouays', 'Antonio Bispo', 'Phillipe Lemanceau', 'Lionel Ranjard']","['https://doi.org/10.1111/j.1466-8238.2010.00628.x', 'https://doi.org/10.1016/j.ecolind.2015.12.004']",dataset-rdg,https://doi.org/10.57745/VLWJ51,"['10.1111/j.1466-8238.2010.00628.x', '10.1016/j.ecolind.2015.12.004']",['Antonio Bispo'],Antonio Bispo,ALAMOD,1,2023
Recherche Data Gouv,Dataset of rheological properties of fine powders from pine bark and wheat straw produced by different milling and mixing itineraries,doi:10.15454/S1MTZG,atweb Dataverse,inrae://10.15454/S1MTZG,2021-12-13T18:01:38Z,2021-12-15 08:53:55+00:00,"['pine bark', 'wheat straw', 'granulometry']",['Other'],"['Pierre-Alann Cablé', 'Charlène Fabre', 'Patrice Buche', 'Claire Mayer and Xavier Rouau', 'Cablé Pierre-Alann', 'Fabre Charlène', 'Buche Patrice', 'Mayer And Xavier Rouau Claire']",[],dataset-rdg,https://doi.org/10.15454/S1MTZG,[''],['Patrice Buche'],Patrice Buche,SLAM-B,1,2021
Recherche Data Gouv,Replication data for: Love of variety and gains from trade,doi:10.15454/U0QOAA,Christophe Gouel Dataverse,inrae://10.15454/U0QOAA,2021-12-07T13:12:02Z,2023-08-09 15:22:32+00:00,,['Social Sciences'],"['Gouel, Christophe', 'Jean, Sébastien', 'Christophe Gouel', 'Sébastien Jean']",[],dataset-rdg,https://doi.org/10.15454/U0QOAA,[''],['Christophe Gouel'],Christophe Gouel,PREFALIM,1,2023
Recherche Data Gouv,"Simulated data to study  different scenarios of irrigation at farm level, in South west of India",doi:10.57745/QGRUKL,ANR ATCHA Dataverse,inrae://10.57745/QGRUKL,2022-09-08T15:59:48Z,2022-09-08 16:02:45+00:00,"['Tropical crop', 'crop rotation', 'Groundwater level', 'Irrigation', 'pumping']",['Earth and Environmental Sciences'],"['Baccar, Mariem', 'Casellas, Eric', 'Raynal, Hélène', 'Ruiz, Laurent', 'Mariem Baccar', 'Eric Casellas', 'Hélène Raynal', 'Laurent Ruiz']",['https://hal-agroparistech.archives-ouvertes.fr/ICROPM2020/hal-03199393v1'],dataset-rdg,https://doi.org/10.57745/QGRUKL,['ICROPM2020/hal-03199393v1'],['Hélène Raynal'],Hélène Raynal,SLAM-B,1,2022
Recherche Data Gouv,Capex ontology,doi:10.15454/9Z4PS3,Vocabulaires Ouverts,inrae://10.15454/9Z4PS3,2019-03-27T13:45:35Z,2025-05-12 13:21:30+00:00,"['vegetal powder', 'cheesemaking', 'know how', 'expertise integration', 'knowledge representation', 'semantic web', 'decision-support systems', 'decision support tool', 'ontology']","['Agricultural Sciences', 'Chemistry', 'Computer and Information Science', 'Engineering']","['Buche, Patrice', 'Cuq, Bernard', 'Fortin, Jérôme', 'Sipitier, Clément', 'Destercke, Sebastien', 'Cufi, Julien', 'Couteaux, Julien', 'Oudot Alrick', 'Patrice Buche', 'Bernard Cuq', 'Jérôme Fortin', 'Clément Sipitier', 'Sebastien Destercke', 'Julien Cufi', 'Julien Couteaux', 'Alrick Oudot']",['https://hal.inrae.fr/lirmm-02162114v1'],dataset-rdg,https://doi.org/10.15454/9Z4PS3,['lirmm-02162114v1'],['Patrice Buche'],Patrice Buche,SLAM-B,1,2025
Recherche Data Gouv,"Données de réplication pour : Agriculture increases the bioavailability of silicon, a beneficial element for crop, in temperate soils",doi:10.15454/CFWBAA,GisSol Dataverse,inrae://10.15454/CFWBAA,2020-08-12T13:19:39Z,2024-12-13 09:48:34+00:00,"['soil', 'agriculture', 'silicon', 'bioavailable silicon', 'RMQS']","['Agricultural Sciences', 'Earth and Environmental Sciences']","['Saby, Nicolas P.A.', 'Caubet, Manon', 'Cornu, Sophie', 'Meunier, Jean-Dominique', 'Boulonne, Line', 'Ratié, Céline', 'Jolivet, Claudy', 'Nicolas P.A. Saby', 'Manon Caubet', 'Sophie Cornu', 'Jean-Dominique Meunier', 'Line Boulonne', 'Céline Ratié', 'Claudy Jolivet']",['https://doi.org/10.1038/s41598-020-77059-1'],dataset-rdg,https://doi.org/10.15454/CFWBAA,['10.1038/s41598-020-77059-1'],['Line Boulonne'],Line Boulonne,ALAMOD,1,2024
Recherche Data Gouv,Soil characteristics - French Guyana,doi:10.57745/KTO26Y,Soil-root Profiles  French Guiana,inrae://10.57745/KTO26Y,2025-04-23T11:40:24Z,2025-04-23 12:43:54+00:00,,['Earth and Environmental Sciences'],"['Maréchaux, Isabelle', 'Fortunel, Claire', 'Maeght, Jean-Luc', 'Stokes, Alexia', 'Isabelle Maréchaux', 'Claire Fortunel', 'Jean-Luc Maeght', 'Alexia Stokes']",[],dataset-rdg,https://doi.org/10.57745/KTO26Y,[''],['Jean-Luc Maeght'],Jean-Luc Maeght,TROPECOS,1,2025
Recherche Data Gouv,Film grand public du Parc Naturel Marin de l’Estuaire de la Gironde et de la Mer des Pertuis CELHYSE – Une courte immersion dans les dynamiques du littoral,doi:10.57745/D9ABHY,La Rochelle Université,univ-lru-data://10.57745/D9ABHY,2025-03-31T08:45:21Z,2025-03-31 14:35:22+00:00,"['sédimentologie', 'morphodynamique', 'Trait de côte', 'vulgarisation scientifique', 'animation']",['Earth and Environmental Sciences'],"['Schmitt, Anais', 'CHAUMILLON, Eric', 'Tastet, Roch', 'Anais Schmitt', 'Eric Chaumillon', 'Roch Tastet']",[],dataset-rdg,https://doi.org/10.57745/D9ABHY,[''],['Eric Chaumillon'],Eric Chaumillon,CABESTAN,1,2025
Recherche Data Gouv,Film grand public du Parc Naturel Marin de l’Estuaire de la Gironde et de la Mer des Pertuis CELHYSE – Une courte immersion dans les dynamiques du littoral,doi:10.57745/D9ABHY,La Rochelle Université,univ-lru-data://10.57745/D9ABHY,2025-03-31T08:45:21Z,2025-03-31 14:35:22+00:00,"['sédimentologie', 'morphodynamique', 'Trait de côte', 'vulgarisation scientifique', 'animation']",['Earth and Environmental Sciences'],"['Schmitt, Anais', 'CHAUMILLON, Eric', 'Tastet, Roch', 'Anais Schmitt', 'Eric Chaumillon', 'Roch Tastet']",[],dataset-rdg,https://doi.org/10.57745/D9ABHY,[''],['Eric Chaumillon'],Eric Chaumillon,CarboNium,1,2025
Recherche Data Gouv,Consumer perception data about food packaging functionalities for fresh strawberries - Consumers’ answers to poll for Plastic with plastic film,doi:10.15454/UBPOQG,atweb Dataverse,inrae://10.15454/UBPOQG,2018-03-22T17:01:59Z,2023-08-09 08:04:33+00:00,['Consumer perception data and scientific arguments about food packaging functionalities for fresh strawberries;argumentation'],['Other'],"['Bruno Yun', 'Patrice Buche', 'Pierre Bisquert', 'Sandrine Costa', 'Madalina Croitoru', 'Julien Cufi', 'Valerie Guillard', 'Alrick Oudot', 'Rallou Thomopoulos', 'Yun Bruno', 'Buche Patrice', 'Bisquert Pierre', 'Costa Sandrine', 'Croitoru Madalina', 'Cufi Julien', 'Guillard Valerie', 'Oudot Alrick', 'Thomopoulos Rallou']",[],dataset-rdg,https://doi.org/10.15454/UBPOQG,[''],['Patrice Buche'],Patrice Buche,SLAM-B,1,2023
Recherche Data Gouv,Consumer perception data about food packaging functionalities for fresh strawberries - Consumers’ answers to poll for Plastic rigid lid,doi:10.15454/HKIQFJ,atweb Dataverse,inrae://10.15454/HKIQFJ,2018-03-05T14:58:01Z,2020-04-17 14:38:48+00:00,['Consumer perception data and scientific arguments about food packaging functionalities for fresh strawberries;argumentation'],['Other'],"['Bruno Yun', 'Patrice Buche', 'Pierre Bisquert', 'Sandrine Costa', 'Madalina Croitoru', 'Julien Cufi', 'Valerie Guillard', 'Alrick Oudot', 'Rallou Thomopoulos', 'Yun Bruno', 'Buche Patrice', 'Bisquert Pierre', 'Costa Sandrine', 'Croitoru Madalina', 'Cufi Julien', 'Guillard Valerie', 'Oudot Alrick', 'Thomopoulos Rallou']",[],dataset-rdg,https://doi.org/10.15454/HKIQFJ,[''],['Patrice Buche'],Patrice Buche,SLAM-B,1,2020
Recherche Data Gouv,Consumer perception data about food packaging functionalities for fresh strawberries - Plastic rigid lid consumers’ arguments,doi:10.15454/DC9PYL,atweb Dataverse,inrae://10.15454/DC9PYL,2018-03-27T08:33:27Z,2020-04-17 14:45:04+00:00,['Consumer perception data and scientific arguments about food packaging functionalities for fresh strawberries;Argumentation'],['Other'],"['Bruno Yun', 'Patrice Buche', 'Pierre Bisquert', 'Sandrine Costa', 'Madalina Croitoru', 'Julien Cufi', 'Valerie Guillard', 'Alrick Oudot', 'Rallou Thomopoulos', 'Yun Bruno', 'Buche Patrice', 'Bisquert Pierre', 'Costa Sandrine', 'Croitoru Madalina', 'Cufi Julien', 'Guillard Valerie', 'Oudot Alrick', 'Thomopoulos Rallou']",[],dataset-rdg,https://doi.org/10.15454/DC9PYL,[''],['Patrice Buche'],Patrice Buche,SLAM-B,1,2020
Recherche Data Gouv,Replication Data for: The Value of Public Information in Storable Commodity Markets: Application to the Soybean Market,doi:10.15454/YWAOKM,Christophe Gouel Dataverse,inrae://10.15454/YWAOKM,2018-09-18T14:38:01Z,2021-05-12 12:10:11+00:00,,['Social Sciences'],"['Gouel, Christophe', 'Christophe Gouel']",['https://doi.org/10.1002/ajae.12013'],dataset-rdg,https://doi.org/10.15454/YWAOKM,['10.1002/ajae.12013'],['Christophe Gouel'],Christophe Gouel,PREFALIM,1,2021
Recherche Data Gouv,"Stakeholders' preferences survey about new technology acceptance and potential development for waste management in wine production in Languedoc Roussillon, France",doi:10.15454/IZJIT7,INRA,inrae://10.15454/IZJIT7,2018-12-20T14:01:45Z,2024-12-12 16:59:05+00:00,"['waste management', 'by-product', 'wine by-broduct valorisation', 'circular economy']","['Agricultural Sciences', 'Engineering']","['Bisquert, Pierre', 'Buche, Patrice', 'Guillard, Valérie', 'Valle Rey, Alfonso', 'Pierre Bisquert', 'Patrice Buche', 'Valérie Guillard', 'Alfonso Valle Rey']",['https://doi.org/10.4018/IJAEIS.2018070104'],dataset-rdg,https://doi.org/10.15454/IZJIT7,['10.4018/IJAEIS.2018070104'],['Patrice Buche'],Patrice Buche,SLAM-B,1,2024
Recherche Data Gouv,Annotation data about Multi Criteria Assessment Methods used in the agri-food research : the French National Institute for Agricultural Research (INRA) experience,doi:10.15454/WB51LL,Multi Criteria Assessment Methods,inrae://10.15454/WB51LL,2019-02-15T14:50:15Z,2019-07-30 12:56:35+00:00,,"['Chemistry', 'Earth and Environmental Sciences', 'Agricultural Sciences', 'Social Sciences', 'Medicine, Health and Life Sciences', 'Computer and Information Science', 'Engineering']","['Gésan-Guiziou, Geneviève', 'Alaphilippe, Aude', 'Andro, Mathieu ', 'Aubin, Joël ', 'Bockstaller, Christian ', 'Botreau, Raphaëlle ', 'Buche, Patrice ', 'Collet, Catherine ', 'Darmon, Nicole ', 'Delabuis, Monique ', 'Girard, Agnès ', 'Grateau, Régis ', 'Kansou, Kamal ', 'Martinet, Vincent ', 'Membré, Jeanne-Marie ', 'Sabbadin, Régis ', 'Soler, Louis-Georges ', 'Thiollet-Scholtus, Marie ', 'Tonda, Alberto ', 'Van-Der-Werf, Hayo  ', 'Geneviève Gésan-Guiziou', 'Aude Alaphilippe', 'Mathieu Andro', 'Joël Aubin', 'Christian Bockstaller', 'Raphaëlle Botreau', 'Patrice Buche', 'Catherine Collet', 'Nicole Darmon', 'Monique Delabuis', 'Agnès Girard', 'Régis Grateau', 'Kamal Kansou', 'Vincent Martinet', 'Jeanne-Marie Membré', 'Régis Sabbadin', 'Louis-Georges Soler', 'Marie Thiollet-Scholtus', 'Alberto Tonda', 'Hayo Van-Der-Werf']",['https://doi.org/10.1016/j.dib.2019.104204'],dataset-rdg,https://doi.org/10.15454/WB51LL,['10.1016/j.dib.2019.104204'],['Patrice Buche'],Patrice Buche,SLAM-B,1,2019
Recherche Data Gouv,Données de réplication pour : Biogeography of soil bacteria and archaea across France,doi:10.15454/J9H4BS,GisSol Dataverse,inrae://10.15454/J9H4BS,2021-03-08T17:24:06Z,2024-12-12 14:47:02+00:00,"['soil', 'soil organic carbon', 'clay', 'sand', 'silt', 'cation exchange capacity', 'calcium carbonate', 'pH', 'phosphorus content', 'Evapotranspiration', 'altitude', 'air temperature', 'land use']",['Earth and Environmental Sciences'],"['Saby, Nicolas', 'Boulonne, Line', 'Ratié, Céline', 'Arrouays, Dominique', 'Chenu, Jean-Philippe', 'Toutain, Benoît', 'Bispo, Antonio', 'Jolivet, Claudy', 'Nicolas Saby', 'Line Boulonne', 'Céline Ratié', 'Dominique Arrouays', 'Jean-Philippe Chenu', 'Benoît Toutain', 'Antonio Bispo', 'Claudy Jolivet']",['http://doi.org/10.1126/sciadv.aat1808'],dataset-rdg,https://doi.org/10.15454/J9H4BS,['10.1126/sciadv.aat1808'],"['Line Boulonne', 'Antonio Bispo']",Line Boulonne,ALAMOD,1,2024
Recherche Data Gouv,Données de réplication pour : Biogeography of soil bacteria and archaea across France,doi:10.15454/J9H4BS,GisSol Dataverse,inrae://10.15454/J9H4BS,2021-03-08T17:24:06Z,2024-12-12 14:47:02+00:00,"['soil', 'soil organic carbon', 'clay', 'sand', 'silt', 'cation exchange capacity', 'calcium carbonate', 'pH', 'phosphorus content', 'Evapotranspiration', 'altitude', 'air temperature', 'land use']",['Earth and Environmental Sciences'],"['Saby, Nicolas', 'Boulonne, Line', 'Ratié, Céline', 'Arrouays, Dominique', 'Chenu, Jean-Philippe', 'Toutain, Benoît', 'Bispo, Antonio', 'Jolivet, Claudy', 'Nicolas Saby', 'Line Boulonne', 'Céline Ratié', 'Dominique Arrouays', 'Jean-Philippe Chenu', 'Benoît Toutain', 'Antonio Bispo', 'Claudy Jolivet']",['http://doi.org/10.1126/sciadv.aat1808'],dataset-rdg,https://doi.org/10.15454/J9H4BS,['10.1126/sciadv.aat1808'],"['Line Boulonne', 'Antonio Bispo']",Antonio Bispo,ALAMOD,1,2024
Recherche Data Gouv,Replication Data for: Measuring Climate Change Impacts on Agriculture: An Equilibrium Perspective on Supply-Side Approaches,doi:10.57745/ABXEHP,Christophe Gouel Dataverse,inrae://10.57745/ABXEHP,2024-09-04T09:20:42Z,2024-09-04 09:22:38+00:00,,"['Earth and Environmental Sciences', 'Social Sciences']","['Gouel, Christophe', 'Christophe Gouel']",[],dataset-rdg,https://doi.org/10.57745/ABXEHP,[''],['Christophe Gouel'],Christophe Gouel,PREFALIM,1,2024
Recherche Data Gouv,Replication data for: Estimating the Competitive Storage Model with Trending Commodity Prices,doi:10.57745/7YVKDJ,Christophe Gouel Dataverse,inrae://10.57745/7YVKDJ,2024-09-04T12:33:22Z,2024-09-04 12:34:54+00:00,,['Social Sciences'],"['Gouel, Christophe', 'Legrand, Nicolas', 'Christophe Gouel', 'Nicolas Legrand']",[],dataset-rdg,https://doi.org/10.57745/7YVKDJ,[''],['Christophe Gouel'],Christophe Gouel,PREFALIM,1,2024
Recherche Data Gouv,RMQS1 16S microbial habitat,doi:10.57745/JK5WCD,RMQS Microbiological Data,inrae://10.57745/JK5WCD,2023-11-28T11:06:48Z,2023-12-05 10:22:06+00:00,"['molecular biology', 'microbial ecology', 'soil', 'biogeography', 'habitat']","['Agricultural Sciences', 'Earth and Environmental Sciences']","['Karimi, Battle', 'Villerd, Jean', 'Dequiedt, Samuel', 'Terrat, Sébastien', 'Chemidlin Prévost-Bouré, Nicolas', 'Djemiel, Christophe', 'Lelièvre, Mélanie', 'Tripied, Julie', 'Nowak, Virginie', 'Saby, Nicolas P. A.', 'Bispo, Antonio', 'Jolivet, Claudy', 'Arrouays, Dominique', 'Wincker, Patrick', 'Cruaud, Corinne', 'Ranjard, Lionel', 'Battle Karimi', 'Jean Villerd', 'Samuel Dequiedt', 'Sébastien Terrat', 'Nicolas Chemidlin Prévost-Bouré', 'Christophe Djemiel', 'Mélanie Lelièvre', 'Julie Tripied', 'Virginie Nowak', 'Nicolas P. A. Saby', 'Antonio Bispo', 'Claudy Jolivet', 'Dominique Arrouays', 'Patrick Wincker', 'Corinne Cruaud', 'Lionel Ranjard']",['https://doi.org/10.1111/geb.13118'],dataset-rdg,https://doi.org/10.57745/JK5WCD,['10.1111/geb.13118'],['Antonio Bispo'],Antonio Bispo,ALAMOD,1,2023
Recherche Data Gouv,Data for : The green cupredoxin CopI is a multicopper protein able to oxidize Cu(I),doi:10.57745/1UXNR8,CNRS Research Data,cnrs://10.57745/1UXNR8,2024-01-19T13:27:00Z,2024-02-08 15:17:06+00:00,"['Electron Spin Resonance Spectroscopy', 'Magnetic Resonance Spectroscopy', 'Copper', 'Copper-resistant cuproprotein CopI']","['Chemistry', 'Medicine, Health and Life Sciences']","['DORLET, Pierre', 'LAUNAY, Hélène', 'BORNET, Olivier', 'ROSSOTTI, Melanie', 'Pierre Dorlet', 'Hélène Launay', 'Olivier Bornet', 'Melanie Rossotti']",['https://doi.org/10.1016/j.jinorgbio.2024.112503'],dataset-rdg,https://doi.org/10.57745/1UXNR8,['10.1016/j.jinorgbio.2024.112503'],"['Hélène Launay', 'Olivier Bornet']",Hélène Launay,CO2_CMPhi,1,2024
Recherche Data Gouv,Data for : The green cupredoxin CopI is a multicopper protein able to oxidize Cu(I),doi:10.57745/1UXNR8,CNRS Research Data,cnrs://10.57745/1UXNR8,2024-01-19T13:27:00Z,2024-02-08 15:17:06+00:00,"['Electron Spin Resonance Spectroscopy', 'Magnetic Resonance Spectroscopy', 'Copper', 'Copper-resistant cuproprotein CopI']","['Chemistry', 'Medicine, Health and Life Sciences']","['DORLET, Pierre', 'LAUNAY, Hélène', 'BORNET, Olivier', 'ROSSOTTI, Melanie', 'Pierre Dorlet', 'Hélène Launay', 'Olivier Bornet', 'Melanie Rossotti']",['https://doi.org/10.1016/j.jinorgbio.2024.112503'],dataset-rdg,https://doi.org/10.57745/1UXNR8,['10.1016/j.jinorgbio.2024.112503'],"['Hélène Launay', 'Olivier Bornet']",Olivier Bornet,CO2_CMPhi,1,2024
Recherche Data Gouv,Données sol - fosses,doi:10.57745/37GMKP,Données des 60 placettes permanentes intensives de la forêt de Chantilly,inrae://10.57745/37GMKP,2024-06-28T06:36:04Z,2024-06-28 08:14:08+00:00,,['Earth and Environmental Sciences'],"['Saint-André, Laurent', 'Nathalie Hirt', 'Robin Charrier', 'Bocquet Jean-Charles', 'Marine Roussel', 'Christophe Calvaruso', 'Daisy Copeaux', 'Laurent Saint-André', 'Hirt Nathalie', 'Charrier Robin', 'Jean-Charles Bocquet', 'Roussel Marine', 'Calvaruso Christophe', 'Copeaux Daisy']",['https://entrepot.recherche.data.gouv.fr/dataset.xhtml?persistentId=doi:10.57745/ICGRPM'],dataset-rdg,https://doi.org/10.57745/37GMKP,['dataset.xhtml?persistentId=doi:10.57745/ICGRPM'],['Laurent Saint-André'],Laurent Saint-André,ALAMOD,1,2024
Recherche Data Gouv,Données sol - fosses,doi:10.57745/37GMKP,Données des 60 placettes permanentes intensives de la forêt de Chantilly,inrae://10.57745/37GMKP,2024-06-28T06:36:04Z,2024-06-28 08:14:08+00:00,,['Earth and Environmental Sciences'],"['Saint-André, Laurent', 'Nathalie Hirt', 'Robin Charrier', 'Bocquet Jean-Charles', 'Marine Roussel', 'Christophe Calvaruso', 'Daisy Copeaux', 'Laurent Saint-André', 'Hirt Nathalie', 'Charrier Robin', 'Jean-Charles Bocquet', 'Roussel Marine', 'Calvaruso Christophe', 'Copeaux Daisy']",['https://entrepot.recherche.data.gouv.fr/dataset.xhtml?persistentId=doi:10.57745/ICGRPM'],dataset-rdg,https://doi.org/10.57745/37GMKP,['dataset.xhtml?persistentId=doi:10.57745/ICGRPM'],['Laurent Saint-André'],Laurent Saint-André,SLAM-B,1,2024
Recherche Data Gouv,Consumer perception data about food packaging functionalities for fresh strawberries - Wood packaging consumers’ arguments,doi:10.15454/F4C8I0,atweb Dataverse,inrae://10.15454/F4C8I0,2018-03-27T08:33:54Z,2020-04-17 14:46:40+00:00,['Consumer perception data and scientific arguments about food packaging functionalities for fresh strawberries;Argumentation'],['Other'],"['Bruno Yun', 'Patrice Buche', 'Pierre Bisquert', 'Sandrine Costa', 'Madalina Croitoru', 'Julien Cufi', 'Valerie Guillard', 'Alrick Oudot', 'Rallou Thomopoulos', 'Yun Bruno', 'Buche Patrice', 'Bisquert Pierre', 'Costa Sandrine', 'Croitoru Madalina', 'Cufi Julien', 'Guillard Valerie', 'Oudot Alrick', 'Thomopoulos Rallou']",[],dataset-rdg,https://doi.org/10.15454/F4C8I0,[''],['Patrice Buche'],Patrice Buche,SLAM-B,1,2020
Recherche Data Gouv,Semantic description of SIREN food terms using Langual thesaurus,doi:10.15454/5LLGVY,Vocabulaires Ouverts,inrae://10.15454/5LLGVY,2019-09-29T12:51:39Z,2025-05-12 14:43:57+00:00,"['food', 'food safety', 'nutritional information', 'raw foods', 'processed food', 'human feeding', 'foods', 'food composition', 'Langual', 'food product']",['Agricultural Sciences'],"['Buche, Patrice', 'Patrice Buche']",['https://hal.archives-ouvertes.fr/hal-03372310'],dataset-rdg,https://doi.org/10.15454/5LLGVY,['hal-03372310'],['Patrice Buche'],Patrice Buche,SLAM-B,1,2025
Recherche Data Gouv,"Etude 4pour1000 : BANCO simulation data for publication of the article ""A Marginal Abatement Cost Curve for Climate Change Mitigation by additional carbon storage in French agricultural land""",doi:10.57745/YKZDFI,Etude 4pour1000 Stocker du carbone dans les sols français : quel potentiel au regard de l’objectif 4 pour 1000 et à quel coût ? Dataverse,inrae://10.57745/YKZDFI,2022-09-02T10:11:31Z,2022-09-05 09:07:57+00:00,"['modelling', 'carbon sequestration']","['Agricultural Sciences', 'Earth and Environmental Sciences', 'Social Sciences']","['Bamière, Laure', 'Schiavo, Michele', 'Bellassen, Valentin', 'Delame, Nathalie', 'Letort, Elodie', 'Mosnier, Claire', 'Laure Bamière', 'Michele Schiavo', 'Valentin Bellassen', 'Nathalie Delame', 'Elodie Letort', 'Claire Mosnier']",[],dataset-rdg,https://doi.org/10.57745/YKZDFI,[''],['Laure Bamière'],Laure Bamière,CLIM-FAS,1,2022
Recherche Data Gouv,CO2 solubility and composition data of food products annotated from the scientific litterature,doi:10.15454/4SFE64,atweb Dataverse,inrae://10.15454/4SFE64,2022-02-07T09:52:45Z,2023-04-17 14:24:13+00:00,['Food science'],"['Medicine, Health and Life Sciences']","['Munch, Mélanie', 'Buche, Patrice', 'Guillard, Valérie', 'Gaucel, Sébastien', 'Mélanie Munch', 'Patrice Buche', 'Valérie Guillard', 'Sébastien Gaucel']","['https://dx.doi.org/10.1016/j.dib.2023.108950', 'https://dx.doi.org/10.1016/j.jfoodeng.2022.111283']",dataset-rdg,https://doi.org/10.15454/4SFE64,"['10.1016/j.dib.2023.108950', '10.1016/j.jfoodeng.2022.111283']",['Patrice Buche'],Patrice Buche,SLAM-B,1,2023
Recherche Data Gouv,"Simulated daily water temperature time series data (full water profile) for lakes Geneva, Annecy, Bourget and Aiguebelette over the period 1850-2100, based on IPCC ssp126, ssp370 and ssp585 scenarios.",doi:10.57745/PA13OK,Data-OLA Dataverse,inrae://10.57745/PA13OK,2022-05-11T09:01:06Z,2022-06-02 11:41:51+00:00,,['Earth and Environmental Sciences'],"['Desgue, Olivia', 'Melo Vieira Soares, Laura', 'Anneville, Orlane', 'Bouffard, Damien', 'Chanudet, Vincent', 'Danis, Pierre-Alain', 'Domaizon, Isabelle', 'Guillard, Jean', 'Mazure, Théo', 'Sharaf, Najwa', 'Soulignac, Frédéric', 'Tran-Khac, Viet', 'Vinçon Leite, Brigitte', 'Jenny, Jean-Philippe', 'Olivia Desgue', 'Laura Melo Vieira Soares', 'Orlane Anneville', 'Damien Bouffard', 'Vincent Chanudet', 'Pierre-Alain Danis', 'Isabelle Domaizon', 'Jean Guillard', 'Théo Mazure', 'Najwa Sharaf', 'Frédéric Soulignac', 'Viet Tran-Khac', 'Brigitte Vinçon Leite', 'Jean-Philippe Jenny']",[],dataset-rdg,https://doi.org/10.57745/PA13OK,[''],"['Vincent Chanudet', 'Isabelle Domaizon', 'Théo Mazure', 'Viet Tran-Khac', 'Jean-Philippe Jenny']",Vincent Chanudet,DEEP-C,1,2022
Recherche Data Gouv,"Simulated daily water temperature time series data (full water profile) for lakes Geneva, Annecy, Bourget and Aiguebelette over the period 1850-2100, based on IPCC ssp126, ssp370 and ssp585 scenarios.",doi:10.57745/PA13OK,Data-OLA Dataverse,inrae://10.57745/PA13OK,2022-05-11T09:01:06Z,2022-06-02 11:41:51+00:00,,['Earth and Environmental Sciences'],"['Desgue, Olivia', 'Melo Vieira Soares, Laura', 'Anneville, Orlane', 'Bouffard, Damien', 'Chanudet, Vincent', 'Danis, Pierre-Alain', 'Domaizon, Isabelle', 'Guillard, Jean', 'Mazure, Théo', 'Sharaf, Najwa', 'Soulignac, Frédéric', 'Tran-Khac, Viet', 'Vinçon Leite, Brigitte', 'Jenny, Jean-Philippe', 'Olivia Desgue', 'Laura Melo Vieira Soares', 'Orlane Anneville', 'Damien Bouffard', 'Vincent Chanudet', 'Pierre-Alain Danis', 'Isabelle Domaizon', 'Jean Guillard', 'Théo Mazure', 'Najwa Sharaf', 'Frédéric Soulignac', 'Viet Tran-Khac', 'Brigitte Vinçon Leite', 'Jean-Philippe Jenny']",[],dataset-rdg,https://doi.org/10.57745/PA13OK,[''],"['Vincent Chanudet', 'Isabelle Domaizon', 'Théo Mazure', 'Viet Tran-Khac', 'Jean-Philippe Jenny']",Isabelle Domaizon,DEEP-C,1,2022
Recherche Data Gouv,"Simulated daily water temperature time series data (full water profile) for lakes Geneva, Annecy, Bourget and Aiguebelette over the period 1850-2100, based on IPCC ssp126, ssp370 and ssp585 scenarios.",doi:10.57745/PA13OK,Data-OLA Dataverse,inrae://10.57745/PA13OK,2022-05-11T09:01:06Z,2022-06-02 11:41:51+00:00,,['Earth and Environmental Sciences'],"['Desgue, Olivia', 'Melo Vieira Soares, Laura', 'Anneville, Orlane', 'Bouffard, Damien', 'Chanudet, Vincent', 'Danis, Pierre-Alain', 'Domaizon, Isabelle', 'Guillard, Jean', 'Mazure, Théo', 'Sharaf, Najwa', 'Soulignac, Frédéric', 'Tran-Khac, Viet', 'Vinçon Leite, Brigitte', 'Jenny, Jean-Philippe', 'Olivia Desgue', 'Laura Melo Vieira Soares', 'Orlane Anneville', 'Damien Bouffard', 'Vincent Chanudet', 'Pierre-Alain Danis', 'Isabelle Domaizon', 'Jean Guillard', 'Théo Mazure', 'Najwa Sharaf', 'Frédéric Soulignac', 'Viet Tran-Khac', 'Brigitte Vinçon Leite', 'Jean-Philippe Jenny']",[],dataset-rdg,https://doi.org/10.57745/PA13OK,[''],"['Vincent Chanudet', 'Isabelle Domaizon', 'Théo Mazure', 'Viet Tran-Khac', 'Jean-Philippe Jenny']",Théo Mazure,DEEP-C,1,2022
Recherche Data Gouv,"Simulated daily water temperature time series data (full water profile) for lakes Geneva, Annecy, Bourget and Aiguebelette over the period 1850-2100, based on IPCC ssp126, ssp370 and ssp585 scenarios.",doi:10.57745/PA13OK,Data-OLA Dataverse,inrae://10.57745/PA13OK,2022-05-11T09:01:06Z,2022-06-02 11:41:51+00:00,,['Earth and Environmental Sciences'],"['Desgue, Olivia', 'Melo Vieira Soares, Laura', 'Anneville, Orlane', 'Bouffard, Damien', 'Chanudet, Vincent', 'Danis, Pierre-Alain', 'Domaizon, Isabelle', 'Guillard, Jean', 'Mazure, Théo', 'Sharaf, Najwa', 'Soulignac, Frédéric', 'Tran-Khac, Viet', 'Vinçon Leite, Brigitte', 'Jenny, Jean-Philippe', 'Olivia Desgue', 'Laura Melo Vieira Soares', 'Orlane Anneville', 'Damien Bouffard', 'Vincent Chanudet', 'Pierre-Alain Danis', 'Isabelle Domaizon', 'Jean Guillard', 'Théo Mazure', 'Najwa Sharaf', 'Frédéric Soulignac', 'Viet Tran-Khac', 'Brigitte Vinçon Leite', 'Jean-Philippe Jenny']",[],dataset-rdg,https://doi.org/10.57745/PA13OK,[''],"['Vincent Chanudet', 'Isabelle Domaizon', 'Théo Mazure', 'Viet Tran-Khac', 'Jean-Philippe Jenny']",Viet Tran-Khac,CarboNium,1,2022
Recherche Data Gouv,"Simulated daily water temperature time series data (full water profile) for lakes Geneva, Annecy, Bourget and Aiguebelette over the period 1850-2100, based on IPCC ssp126, ssp370 and ssp585 scenarios.",doi:10.57745/PA13OK,Data-OLA Dataverse,inrae://10.57745/PA13OK,2022-05-11T09:01:06Z,2022-06-02 11:41:51+00:00,,['Earth and Environmental Sciences'],"['Desgue, Olivia', 'Melo Vieira Soares, Laura', 'Anneville, Orlane', 'Bouffard, Damien', 'Chanudet, Vincent', 'Danis, Pierre-Alain', 'Domaizon, Isabelle', 'Guillard, Jean', 'Mazure, Théo', 'Sharaf, Najwa', 'Soulignac, Frédéric', 'Tran-Khac, Viet', 'Vinçon Leite, Brigitte', 'Jenny, Jean-Philippe', 'Olivia Desgue', 'Laura Melo Vieira Soares', 'Orlane Anneville', 'Damien Bouffard', 'Vincent Chanudet', 'Pierre-Alain Danis', 'Isabelle Domaizon', 'Jean Guillard', 'Théo Mazure', 'Najwa Sharaf', 'Frédéric Soulignac', 'Viet Tran-Khac', 'Brigitte Vinçon Leite', 'Jean-Philippe Jenny']",[],dataset-rdg,https://doi.org/10.57745/PA13OK,[''],"['Vincent Chanudet', 'Isabelle Domaizon', 'Théo Mazure', 'Viet Tran-Khac', 'Jean-Philippe Jenny']",Viet Tran-Khac,DEEP-C,1,2022
Recherche Data Gouv,"Simulated daily water temperature time series data (full water profile) for lakes Geneva, Annecy, Bourget and Aiguebelette over the period 1850-2100, based on IPCC ssp126, ssp370 and ssp585 scenarios.",doi:10.57745/PA13OK,Data-OLA Dataverse,inrae://10.57745/PA13OK,2022-05-11T09:01:06Z,2022-06-02 11:41:51+00:00,,['Earth and Environmental Sciences'],"['Desgue, Olivia', 'Melo Vieira Soares, Laura', 'Anneville, Orlane', 'Bouffard, Damien', 'Chanudet, Vincent', 'Danis, Pierre-Alain', 'Domaizon, Isabelle', 'Guillard, Jean', 'Mazure, Théo', 'Sharaf, Najwa', 'Soulignac, Frédéric', 'Tran-Khac, Viet', 'Vinçon Leite, Brigitte', 'Jenny, Jean-Philippe', 'Olivia Desgue', 'Laura Melo Vieira Soares', 'Orlane Anneville', 'Damien Bouffard', 'Vincent Chanudet', 'Pierre-Alain Danis', 'Isabelle Domaizon', 'Jean Guillard', 'Théo Mazure', 'Najwa Sharaf', 'Frédéric Soulignac', 'Viet Tran-Khac', 'Brigitte Vinçon Leite', 'Jean-Philippe Jenny']",[],dataset-rdg,https://doi.org/10.57745/PA13OK,[''],"['Vincent Chanudet', 'Isabelle Domaizon', 'Théo Mazure', 'Viet Tran-Khac', 'Jean-Philippe Jenny']",Jean-Philippe Jenny,DEEP-C,1,2022
Recherche Data Gouv,Dataset on biomass production of permanent grasslands of the long-term experiment site of Theix in the Massif central (ANAEE-F SOERE ACBB): Plots under mowing with different levels of fertilization supply,doi:10.57745/J8JYX8,UREP,inrae://10.57745/J8JYX8,2023-02-02T09:55:37Z,2023-03-02 17:00:38+00:00,"['Permanent grassland, Biomass production, Long term experiment']","['Earth and Environmental Sciences', 'Agricultural Sciences']","['Louault, Frédérique', 'Note, Priscilla', 'Darsonville, Olivier', 'Bosio, Isabelle', 'Klumpp, Katja', 'Frédérique Louault', 'Priscilla Note', 'Olivier Darsonville', 'Isabelle Bosio', 'Katja Klumpp']",[],dataset-rdg,https://doi.org/10.57745/J8JYX8,[''],['Olivier Darsonville'],Olivier Darsonville,ALAMOD,1,2023
Recherche Data Gouv,Replication data for: Interest Rate Dynamics and Commodity Prices,doi:10.57745/JV1JR6,Christophe Gouel Dataverse,inrae://10.57745/JV1JR6,2024-09-03T15:18:56Z,2024-09-25 11:24:12+00:00,,['Social Sciences'],"['Gouel, Christophe', 'Ma, Qingyin', 'Stachurski, John', 'Christophe Gouel', 'Qingyin Ma', 'John Stachurski']",[],dataset-rdg,https://doi.org/10.57745/JV1JR6,[''],['Christophe Gouel'],Christophe Gouel,PREFALIM,1,2024
Recherche Data Gouv,Arabidopsis Trait Ontology,doi:10.57745/7YO1GF,IJPB for Plant Sciences Dataverse,inrae://10.57745/7YO1GF,2024-10-11T13:05:26Z,2025-02-26 16:03:26+00:00,"['ontology', 'nitrogen-use efficiency', 'plant nitrogen uptake', 'Arabidopsis thaliana', 'Trait Ontology']",['Agricultural Sciences'],"['Chardon, Fabien', 'Fabien Chardon']",[],dataset-rdg,https://doi.org/10.57745/7YO1GF,[''],['Fabien Chardon'],Fabien Chardon,GREENSCALE,1,2025
Recherche Data Gouv,Durum Wheat,doi:10.15454/QYUKWM,Vocabulaires Ouverts,inrae://10.15454/QYUKWM,2018-12-03T13:56:29Z,2025-05-12 14:48:29+00:00,"['hard wheat', 'ontology', 'Triticum turgidum subsp. durum', 'wheat']",['Agricultural Sciences'],"['Buche, Patrice', 'Patrice Buche']",[],dataset-rdg,https://doi.org/10.15454/QYUKWM,[''],['Patrice Buche'],Patrice Buche,SLAM-B,1,2025
Recherche Data Gouv,Semantic description of Ciqual food terms using Langual thesaurus,doi:10.15454/6CEYU3,Vocabulaires Ouverts,inrae://10.15454/6CEYU3,2019-09-29T08:23:51Z,2025-05-12 14:53:33+00:00,"['food composition', 'semantic engineering', 'ontology engineering', 'ontology mapping', ""alignement d'ontologies"", 'LangaL', 'incompleteness management', 'FoodON', 'ANSES', 'food composition table']",['Agricultural Sciences'],"['Buche, Patrice', 'Patrice Buche']",['https://hal.archives-ouvertes.fr/hal-03372310'],dataset-rdg,https://doi.org/10.15454/6CEYU3,['hal-03372310'],['Patrice Buche'],Patrice Buche,SLAM-B,1,2025
Recherche Data Gouv,Statistiques sur les stocks de carbone (0-30 cm) des sols du réseau RMQS,doi:10.15454/RURZXN,GisSol Dataverse,inrae://10.15454/RURZXN,2019-12-04T16:47:52Z,2023-10-11 14:50:05+00:00,"['sol', 'carbone du sol']",['Earth and Environmental Sciences'],"['Martin, Manuel', 'Saby, Nicolas', 'Toutain, Benoît', 'Chenu, Jean-philippe', 'Ratié, Céline', 'Boulonne, Line', 'Manuel Martin', 'Nicolas Saby', 'Benoît Toutain', 'Jean-Philippe Chenu', 'Céline Ratié', 'Line Boulonne']",[],dataset-rdg,https://doi.org/10.15454/RURZXN,[''],['Line Boulonne'],Line Boulonne,ALAMOD,1,2023
Recherche Data Gouv,Growth data for 26 provenances of Quercus petraea and Q robur at three common gardens in France,doi:10.15454/PADEA1,Biogeco Dataverse,inrae://10.15454/PADEA1,2020-01-28T14:30:18Z,2020-04-08 08:06:31+00:00,"['dendroecology', 'genetics', 'tree rings', 'provenance', 'climate change', 'oak', 'common garden', 'temperate forests', 'plasticity']","['Earth and Environmental Sciences', 'Agricultural Sciences', 'Medicine, Health and Life Sciences']","['Bert, Didier', 'Lebourgeois, François', 'Ponton, Stéphane', 'Musch, Brigitte', 'Ducousso, Alexis', 'Didier Bert', 'François Lebourgeois', 'Stéphane Ponton', 'Brigitte Musch', 'Alexis Ducousso']",['https://doi.org/10.1111/gcb.13576'],dataset-rdg,https://doi.org/10.15454/PADEA1,['10.1111/gcb.13576'],['François Lebourgeois'],François Lebourgeois,ALAMOD,1,2020
Recherche Data Gouv,High-frequency acquisition of stream chemical data on ORACLE observatory,doi:10.15454/9PUYPN,ORACLE research observatory,inrae://10.15454/9PUYPN,2020-04-22T10:06:14Z,2024-09-09 15:53:50+00:00,,"['Chemistry', 'Earth and Environmental Sciences']","['Ansart, Patrick', 'Azougui, Abdelkader', 'Blanchouin, Arnaud', 'Cordier, Laure', 'Floury, Paul', 'Gaillardet, Jérôme', 'Nespoulet, Romane', 'Tallec, Gaëlle', 'Patrick Ansart', 'Abdelkader Azougui', 'Arnaud Blanchouin', 'Laure Cordier', 'Paul Floury', 'Jérôme Gaillardet', 'Romane Nespoulet', 'Gaëlle Tallec']","['https://www.doi.org/10.5194/hess-24-1823-2020', 'https://hal.science/tel-03282322', 'https://ui.adsabs.harvard.edu/abs/2019AGUFMEP21B..02G', 'https://ui.adsabs.harvard.edu/abs/2018EGUGA..20.4805T', 'https://ui.adsabs.harvard.edu/abs/2017AGUFM.B43E2174F', 'https://doi.org/10.5194/hess-21-6153-2017', 'https://ui.adsabs.harvard.edu/abs/2015AGUFM.H43C1519F']",dataset-rdg,https://doi.org/10.15454/9PUYPN,"['10.5194/hess-24-1823-2020', 'tel-03282322', 'abs/2019AGUFMEP21B..02G', 'abs/2018EGUGA..20.4805T', 'abs/2017AGUFM.B43E2174F', '10.5194/hess-21-6153-2017', 'abs/2015AGUFM.H43C1519F']",['Jérôme Gaillardet'],Jérôme Gaillardet,DEEP-C,1,2024
Recherche Data Gouv,Biorefinery (obsolette),doi:10.15454/1.4308120642152174E9,atweb Dataverse,inrae://10.15454/1.4308120642152174E9,2018-01-25T15:30:58Z,2025-05-12 15:18:22+00:00,,['Agricultural Sciences'],"['Buche, Patrice', 'Barakhat, Abdellatif', 'Loustau Cazalet, Charlotte', 'Licari, Anaïs', 'Dervaux, Stéphane', 'Patrice Buche', 'Abdellatif Barakhat', 'Charlotte Loustau Cazalet', 'Anaïs Licari', 'Stéphane Dervaux']",[],dataset-rdg,https://doi.org/10.15454/1.4308120642152174E9,[''],['Patrice Buche'],Patrice Buche,SLAM-B,1,2025
Recherche Data Gouv,Vocabulary for analysis and experimentation on terrestrial and aquatic ecosystems,doi:10.15454/1.4894016754286177E12,Vocabulaires Ouverts,inrae://10.15454/1.4894016754286177E12,2018-01-25T15:40:26Z,2025-03-05 12:19:07+00:00,"['ecosystems', 'biodiversity', 'experimentation', 'modelisation']",['Earth and Environmental Sciences'],"['Clastre, Philippe', 'Pichot, Christian', 'Chanzy, André', 'Philippe Clastre', 'Christian Pichot', 'André Chanzy']",['http://dx.doi.org/10.3389/fevo.2018.00043'],dataset-rdg,https://doi.org/10.15454/1.4894016754286177E12,['10.3389/fevo.2018.00043'],['Christian Pichot'],Christian Pichot,ALAMOD,1,2025
Recherche Data Gouv,Vocabulary for analysis and experimentation on terrestrial and aquatic ecosystems,doi:10.15454/1.4894016754286177E12,Vocabulaires Ouverts,inrae://10.15454/1.4894016754286177E12,2018-01-25T15:40:26Z,2025-03-05 12:19:07+00:00,"['ecosystems', 'biodiversity', 'experimentation', 'modelisation']",['Earth and Environmental Sciences'],"['Clastre, Philippe', 'Pichot, Christian', 'Chanzy, André', 'Philippe Clastre', 'Christian Pichot', 'André Chanzy']",['http://dx.doi.org/10.3389/fevo.2018.00043'],dataset-rdg,https://doi.org/10.15454/1.4894016754286177E12,['10.3389/fevo.2018.00043'],['Christian Pichot'],Christian Pichot,Drought for C,1,2025
Recherche Data Gouv,"Translocation of Ca, K and Mn within oak (Quercus spp.) tree stems",doi:10.57745/UJQMTE,IN-SYLVA-France Dataverse,inrae://10.57745/UJQMTE,2024-01-30T18:24:10Z,2024-07-03 12:36:25+00:00,,"['Chemistry', 'Earth and Environmental Sciences', 'Other']","['Saint-André, Laurent', 'Laurent Saint-André']",[],dataset-rdg,https://doi.org/10.57745/UJQMTE,[''],['Laurent Saint-André'],Laurent Saint-André,ALAMOD,1,2024
Recherche Data Gouv,"Translocation of Ca, K and Mn within oak (Quercus spp.) tree stems",doi:10.57745/UJQMTE,IN-SYLVA-France Dataverse,inrae://10.57745/UJQMTE,2024-01-30T18:24:10Z,2024-07-03 12:36:25+00:00,,"['Chemistry', 'Earth and Environmental Sciences', 'Other']","['Saint-André, Laurent', 'Laurent Saint-André']",[],dataset-rdg,https://doi.org/10.57745/UJQMTE,[''],['Laurent Saint-André'],Laurent Saint-André,SLAM-B,1,2024
Recherche Data Gouv,Chantilly - Restitution aux bénévoles - 2023,doi:10.57745/DDSUBD,Co-construction pour le futur de la forêt de Chantilly et communication,inrae://10.57745/DDSUBD,2024-07-03T14:40:17Z,2024-12-18 12:35:39+00:00,,['Earth and Environmental Sciences'],"['Saint-André, Laurent', 'Laurent Saint-André']",[],dataset-rdg,https://doi.org/10.57745/DDSUBD,[''],['Laurent Saint-André'],Laurent Saint-André,ALAMOD,1,2024
Recherche Data Gouv,Chantilly - Restitution aux bénévoles - 2023,doi:10.57745/DDSUBD,Co-construction pour le futur de la forêt de Chantilly et communication,inrae://10.57745/DDSUBD,2024-07-03T14:40:17Z,2024-12-18 12:35:39+00:00,,['Earth and Environmental Sciences'],"['Saint-André, Laurent', 'Laurent Saint-André']",[],dataset-rdg,https://doi.org/10.57745/DDSUBD,[''],['Laurent Saint-André'],Laurent Saint-André,SLAM-B,1,2024
Recherche Data Gouv,Milk microfiltration operation experimental data annotated from the scientific litterature including controlled parameters,doi:10.15454/DYNCEN,atweb Dataverse,inrae://10.15454/DYNCEN,2021-02-10T16:51:41Z,2021-02-10 16:58:34+00:00,,['Agricultural Sciences'],"['Buche, Patrice', 'Patrice Buche']",[],dataset-rdg,https://doi.org/10.15454/DYNCEN,[''],['Patrice Buche'],Patrice Buche,SLAM-B,1,2021
Recherche Data Gouv,Plastics in a circular economy: mitigating the ambiguity of widely-used terms from stakeholders consultation,doi:10.15454/UUEIQN,Vocabulaires Ouverts,inrae://10.15454/UUEIQN,2021-05-19T08:24:05Z,2025-05-12 13:49:45+00:00,"['biobased polymer', 'ressource sémantique', 'terminology', 'waste recycling', 'recycling', 'biodegradable plastics', 'bioplastic']","['Chemistry', 'Earth and Environmental Sciences', 'Engineering']","['Buche, Patrice', 'Aubin, Sophie', 'Beaugrand, Johnny', 'Berteloot, Marie', 'Boutrou, Rachel', 'Gontard, Nathalie', 'Guillard, Valérie', 'Patrice Buche', 'Sophie Aubin', 'Johnny Beaugrand', 'Marie Berteloot', 'Rachel Boutrou', 'Nathalie Gontard', 'Valérie Guillard']",['https://hal.inrae.fr/hal-03653723v1'],dataset-rdg,https://doi.org/10.15454/UUEIQN,['hal-03653723v1'],['Patrice Buche'],Patrice Buche,SLAM-B,1,2025
Recherche Data Gouv,Etude 4pour1000 : Procédure d'extrapolation et agrégation des sorties de STICS et PaSim,doi:10.15454/DBTALB,Etude 4pour1000 Stocker du carbone dans les sols français : quel potentiel au regard de l’objectif 4 pour 1000 et à quel coût ? Dataverse,inrae://10.15454/DBTALB,2022-02-04T17:07:40Z,2022-02-04 17:46:20+00:00,"['agregation', 'carbon sequestration', 'STICS', 'PaSim']","['Agricultural Sciences', 'Earth and Environmental Sciences', 'Social Sciences']","['Bamière, Laure', 'Schiavo, Michele', 'Laure Bamière', 'Michele Schiavo']",[],dataset-rdg,https://doi.org/10.15454/DBTALB,[''],['Laure Bamière'],Laure Bamière,CLIM-FAS,1,2022
Recherche Data Gouv,Production routes and properties of various plant powders intended for the manufacture of green products: Spectra and Images,doi:10.57745/1SVOBA,Platform for Processing Plant Product with Emergent Technologies,inrae://10.57745/1SVOBA,2024-01-22T14:22:27Z,2024-08-06 08:39:37+00:00,,"['Agricultural Sciences', 'Engineering']","['Buche, Patrice', 'Mayer, Claire', 'Beaugrand, Johnny', 'Bourmaud, Alain', 'Brionne, Lena', 'Colinart, Thibault', 'Dervaux, Stéphane', 'Fabre, Charlène', 'le Guen, Marie-Joo', 'Konschak, Kolja', 'Paës, Gabriel', 'Sotto, Cécile', 'Weber, Magalie', 'Patrice Buche', 'Claire Mayer', 'Johnny Beaugrand', 'Alain Bourmaud', 'Lena Brionne', 'Thibault Colinart', 'Stéphane Dervaux', 'Charlène Fabre', 'Marie-Joo Le Guen', 'Kolja Konschak', 'Gabriel Paës', 'Cécile Sotto', 'Magalie Weber']",['https://doi.org/10.1016/j.dib.2024.110787'],dataset-rdg,https://doi.org/10.57745/1SVOBA,['10.1016/j.dib.2024.110787'],['Patrice Buche'],Patrice Buche,SLAM-B,1,2024
Recherche Data Gouv,Etude 4pour1000 : Données modèle STICS,doi:10.15454/LV9ZRW,Etude 4pour1000 Stocker du carbone dans les sols français : quel potentiel au regard de l’objectif 4 pour 1000 et à quel coût ? Dataverse,inrae://10.15454/LV9ZRW,2020-05-11T07:18:06Z,2023-01-12 09:27:33+00:00,,"['Agricultural Sciences', 'Earth and Environmental Sciences', 'Social Sciences']","['Launay, Camille', 'Constantin, Julie', 'Raynal, Hélène', 'Casellas, Eric', 'Mary, Bruno', 'Pellerin, Sylvain', 'Therond, Olivier', 'Camille Launay', 'Julie Constantin', 'Hélène Raynal', 'Eric Casellas', 'Bruno Mary', 'Sylvain Pellerin', 'Olivier Therond']",[],dataset-rdg,https://doi.org/10.15454/LV9ZRW,[''],"['Julie Constantin', 'Hélène Raynal']",Julie Constantin,SLAM-B,1,2023
Recherche Data Gouv,Etude 4pour1000 : Données modèle STICS,doi:10.15454/LV9ZRW,Etude 4pour1000 Stocker du carbone dans les sols français : quel potentiel au regard de l’objectif 4 pour 1000 et à quel coût ? Dataverse,inrae://10.15454/LV9ZRW,2020-05-11T07:18:06Z,2023-01-12 09:27:33+00:00,,"['Agricultural Sciences', 'Earth and Environmental Sciences', 'Social Sciences']","['Launay, Camille', 'Constantin, Julie', 'Raynal, Hélène', 'Casellas, Eric', 'Mary, Bruno', 'Pellerin, Sylvain', 'Therond, Olivier', 'Camille Launay', 'Julie Constantin', 'Hélène Raynal', 'Eric Casellas', 'Bruno Mary', 'Sylvain Pellerin', 'Olivier Therond']",[],dataset-rdg,https://doi.org/10.15454/LV9ZRW,[''],"['Julie Constantin', 'Hélène Raynal']",Hélène Raynal,SLAM-B,1,2023
Recherche Data Gouv,Données de réplication pour : National estimation of soil organic carbon storage potential for arable soils: A data-driven approach coupled with carbon-landscape zones,doi:10.57745/8OIJ5T,GisSol Dataverse,inrae://10.57745/8OIJ5T,2022-11-25T14:17:33Z,2022-12-16 16:23:10+00:00,"['soil', 'soil organic carbon', 'réseau de mesures de la qualité des sols', 'arable soil']",['Earth and Environmental Sciences'],"['Chen, Songchao', 'Arrouays, Dominique', 'Angers, Denis A.', 'Barré, Pierre', 'Martin, Manuel  P.', 'Saby, Nicolas P.A.', 'Walter, Christian', 'Songchao Chen', 'Dominique Arrouays', 'Denis A. Angers', 'Pierre Barré', 'Manuel  P. Martin', 'Nicolas P.A. Saby', 'Christian Walter']",['https://doi.org/10.1016/j.scitotenv.2019.02.249'],dataset-rdg,https://doi.org/10.57745/8OIJ5T,['10.1016/j.scitotenv.2019.02.249'],['Pierre Barré'],Pierre Barré,ALAMOD,1,2022
Recherche Data Gouv,Itinerary Description for biocomposites from poly(3-hydroxybutyrate-co-3-hydroxyvalerate) and lignocellulosic fillers,doi:10.15454/G3GBJC,BaGaTeL Dataverse,inrae://10.15454/G3GBJC,2021-11-26T18:25:07Z,2023-09-04 16:48:23+00:00,"['Material Science', 'biocomposite', 'PHBV', 'lignocellulose']",['Agricultural Sciences'],"['Hélène Angellier-Coussy', 'Patrice Buche', 'Stéphane Dervaux', 'Mélanie Munch', 'Angellier-Coussy Hélène', 'Buche Patrice', 'Dervaux Stéphane', 'Munch Mélanie']","['https://dx.doi.org/10.1016/j.dib.2022.108191', 'https://dx.doi.org/10.1016/j.eswa.2022.117406']",dataset-rdg,https://doi.org/10.15454/G3GBJC,"['10.1016/j.dib.2022.108191', '10.1016/j.eswa.2022.117406']",['Patrice Buche'],Patrice Buche,SLAM-B,1,2023
Recherche Data Gouv,Dataset for common wheat (Triticum aestivum L.) grain and flour characterization using classical and advanced analyses: raw and calculated analytical data SPARQL queries,doi:10.57745/EBBGE8,BaGaTeL Dataverse,inrae://10.57745/EBBGE8,2024-10-15T14:36:14Z,2025-02-28 14:11:44+00:00,,['Agricultural Sciences'],"['Buche, Patrice', 'Patrice Buche']",['https://doi.org/10.1016/j.dib.2025.111375'],dataset-rdg,https://doi.org/10.57745/EBBGE8,['10.1016/j.dib.2025.111375'],['Patrice Buche'],Patrice Buche,SLAM-B,1,2025
Recherche Data Gouv,Biorefinery ontology,doi:10.15454/X2MOWO,Vocabulaires Ouverts,inrae://10.15454/X2MOWO,2020-04-08T16:32:53Z,2025-05-12 15:21:43+00:00,"['ontology', 'knowledge engineering', 'biorefinery']","['Chemistry', 'Engineering']","['Buche, Patrice', 'Patrice Buche']",[],dataset-rdg,https://doi.org/10.15454/X2MOWO,[''],['Patrice Buche'],Patrice Buche,SLAM-B,1,2025
Recherche Data Gouv,"Propriétés de granulométrie (argile, limons, sables) et d’éléments grossiers pour la France métropolitaine au pas de 90 m",doi:10.57745/N4E4NE,Info&sols Dataverse,inrae://10.57745/N4E4NE,2022-05-12T15:42:15Z,2022-05-31 07:29:05+00:00,"['cartographie numérique des sols', 'sol', 'GlobalSoilMap', 'granulométrie du sol', 'argile', 'limon', 'sable', 'élément grossier']","['Agricultural Sciences', 'Earth and Environmental Sciences']","['Roman Dobarco, Mercedes', 'Bourennane, Hocine', 'Arrouays, Dominique', 'Saby, Nicolas', 'Cousin, Isabelle', 'Manuel, Martin P.', 'Mercedes Roman Dobarco', 'Hocine Bourennane', 'Dominique Arrouays', 'Nicolas Saby', 'Isabelle Cousin', 'Martin P. Manuel']","['https://doi.org/10.1016/j.geoderma.2019.02.036', 'https://doi.org/10.1016/j.geodrs.2016.02.006']",dataset-rdg,https://doi.org/10.57745/N4E4NE,"['10.1016/j.geoderma.2019.02.036', '10.1016/j.geodrs.2016.02.006']",['Isabelle Cousin'],Isabelle Cousin,ALAMOD,1,2022
Recherche Data Gouv,Dataset for common wheat (Triticum aestivum L.) grain and flour characterization using classical and advanced analyses: raw and calculated analytical data,doi:10.57745/SUPRIB,BaGaTeL Dataverse,inrae://10.57745/SUPRIB,2024-09-13T11:56:01Z,2025-02-28 14:08:58+00:00,,"['Agricultural Sciences', 'Computer and Information Science', 'Engineering']","['MUNCH, Mélanie', 'REZETTE, Laura', 'BUCHE, Patrice', 'CHAMBREY, Baptiste', 'DEBORDE, Catherine', 'DERVAUX, Stéphane', 'GEOFFROY, Sonia', 'KANSOU, Kamal', 'LE GALL, Sophie', 'LINOSSIER, Laurent', 'MELEARD, Benoit', 'MENUT, Luc', 'MOREL, Marie-Hélène', 'WEBER, Magalie', 'SAULNIER, Luc', 'Mélanie Munch', 'Laura Rezette', 'Patrice Buche', 'Baptiste Chambrey', 'Catherine Deborde', 'Stéphane Dervaux', 'Sonia Geoffroy', 'Kamal Kansou', 'Sophie Le Gall', 'Laurent Linossier', 'Benoit Meleard', 'Luc Menut', 'Marie-Hélène Morel', 'Magalie Weber', 'Luc Saulnier']",['https://doi.org/10.1016/j.dib.2025.111375'],dataset-rdg,https://doi.org/10.57745/SUPRIB,['10.1016/j.dib.2025.111375'],['Patrice Buche'],Patrice Buche,SLAM-B,1,2025
Recherche Data Gouv,Production routes and properties of various plant powders intended for the manufacture of green products: raw and calculated analytical data,doi:10.57745/CVN0MI,Platform for Processing Plant Product with Emergent Technologies,inrae://10.57745/CVN0MI,2024-01-17T16:14:06Z,2024-08-06 08:43:42+00:00,,"['Agricultural Sciences', 'Chemistry', 'Engineering']","['Buche, Patrice', 'Mayer, Claire', 'Patrice Buche', 'Claire Mayer']",['https://doi.org/10.1016/j.dib.2024.110787'],dataset-rdg,https://doi.org/10.57745/CVN0MI,['10.1016/j.dib.2024.110787'],['Patrice Buche'],Patrice Buche,SLAM-B,1,2024
Recherche Data Gouv,Réduire les fuites de nitrate au moyen de cultures intermédiaires,doi:10.15454/3T24RE,"Direction de l’expertise scientifique collective, de la prospective et des études Dataverse",inrae://10.15454/3T24RE,2020-05-07T07:54:07Z,2020-05-19 09:19:37+00:00,"['Modèle de culture', 'Cultures intermédiaires', 'Azote', 'Nitrate', 'Eau', 'Management', 'STICS']","['Agricultural Sciences', 'Earth and Environmental Sciences']","['Constantin, Julie', 'Le Bas, Christine', 'Mignolet, Catherine', 'Beaudoin, Nicolas', 'Bertuzzi, Patrick', 'Dürr, Carolyne', 'Mary, Bruno', 'Ruiz, Laurent', 'Tournebize, Julien', 'Rechauchère, Olivier', 'Justes, Eric', 'Julie Constantin', 'Christine Le Bas', 'Catherine Mignolet', 'Nicolas Beaudoin', 'Patrick Bertuzzi', 'Carolyne Dürr', 'Bruno Mary', 'Laurent Ruiz', 'Julien Tournebize', 'Olivier Rechauchère', 'Eric Justes']","['https://hal.archives-ouvertes.fr/hal-01198000', 'https://doi.org/10.1016/j.eja.2015.06.002']",dataset-rdg,https://doi.org/10.15454/3T24RE,"['hal-01198000', '10.1016/j.eja.2015.06.002']","['Julie Constantin', 'Eric Justes']",Julie Constantin,SLAM-B,1,2020
Recherche Data Gouv,Réduire les fuites de nitrate au moyen de cultures intermédiaires,doi:10.15454/3T24RE,"Direction de l’expertise scientifique collective, de la prospective et des études Dataverse",inrae://10.15454/3T24RE,2020-05-07T07:54:07Z,2020-05-19 09:19:37+00:00,"['Modèle de culture', 'Cultures intermédiaires', 'Azote', 'Nitrate', 'Eau', 'Management', 'STICS']","['Agricultural Sciences', 'Earth and Environmental Sciences']","['Constantin, Julie', 'Le Bas, Christine', 'Mignolet, Catherine', 'Beaudoin, Nicolas', 'Bertuzzi, Patrick', 'Dürr, Carolyne', 'Mary, Bruno', 'Ruiz, Laurent', 'Tournebize, Julien', 'Rechauchère, Olivier', 'Justes, Eric', 'Julie Constantin', 'Christine Le Bas', 'Catherine Mignolet', 'Nicolas Beaudoin', 'Patrick Bertuzzi', 'Carolyne Dürr', 'Bruno Mary', 'Laurent Ruiz', 'Julien Tournebize', 'Olivier Rechauchère', 'Eric Justes']","['https://hal.archives-ouvertes.fr/hal-01198000', 'https://doi.org/10.1016/j.eja.2015.06.002']",dataset-rdg,https://doi.org/10.15454/3T24RE,"['hal-01198000', '10.1016/j.eja.2015.06.002']","['Julie Constantin', 'Eric Justes']",Eric Justes,CrosyeN,1,2020
Recherche Data Gouv,Matter Transfer Ontology,doi:10.15454/NK24ID,Vocabulaires Ouverts,inrae://10.15454/NK24ID,2018-12-03T13:58:01Z,2025-05-12 15:26:28+00:00,"['matter transfer', 'mass transfer', 'material characterization']",['Agricultural Sciences'],"['Guillard, Valérie', 'Buche, Patrice', 'Menut, Luc', 'Dervaux, Stéphane', 'Valérie Guillard', 'Patrice Buche', 'Luc Menut', 'Stéphane Dervaux']",[],dataset-rdg,https://doi.org/10.15454/NK24ID,[''],['Patrice Buche'],Patrice Buche,SLAM-B,1,2025
Recherche Data Gouv,"Prédictions spatialisées des distributions des éléments As, Cd, Co, Cr, Cu, Hg, Ni, Mo, Pb, Tl, Zn dans les sols de France à partir du RMQS",doi:10.57745/Z11DXW,GisSol Dataverse,inrae://10.57745/Z11DXW,2023-05-16T08:55:57Z,2023-09-26 13:32:54+00:00,"['soil property', 'digital soil mapping', 'random forest']",['Earth and Environmental Sciences'],"['Saby, Nicolas', 'Alexis Durocher', 'Loiseau, Thomas', 'Freulon, Xavier', 'de Fouquet, Chantal', 'Bispo, Antonio', 'Nicolas Saby', 'Durocher Alexis', 'Thomas Loiseau', 'Xavier Freulon', 'Chantal De Fouquet', 'Antonio Bispo']",[],dataset-rdg,https://doi.org/10.57745/Z11DXW,[''],['Antonio Bispo'],Antonio Bispo,ALAMOD,1,2023
Recherche Data Gouv,"Carte des distributions spatiales des éléments As, Cd, Co, Cr, Cu, Hg, Ni, Mo, Pb, Tl, Zn dans les sols de France à partir des observations issues du RMQS",doi:10.15454/6RZLP9,GisSol Dataverse,inrae://10.15454/6RZLP9,2021-05-07T12:39:14Z,2024-12-13 10:01:54+00:00,"['soil', 'monitoring']",['Earth and Environmental Sciences'],"['Loiseau, Thomas', 'Saby, Nicolas', 'Freulon, Xavier', 'de Fouquet, Chantal', 'Bispo, Antonio', 'Thomas Loiseau', 'Nicolas Saby', 'Xavier Freulon', 'Chantal De Fouquet', 'Antonio Bispo']",[],dataset-rdg,https://doi.org/10.15454/6RZLP9,[''],['Antonio Bispo'],Antonio Bispo,ALAMOD,1,2024
Recherche Data Gouv,RMQS1 16S unrarefied cleaned sequences,doi:10.57745/02XLWL,RMQS Microbiological Data,inrae://10.57745/02XLWL,2024-08-26T14:26:09Z,2024-08-27 11:57:14+00:00,"['molecular biology', 'microbial ecology', 'soil', 'biogeography']","['Agricultural Sciences', 'Earth and Environmental Sciences']","['Terrat, Sébastien', 'Horrigue, Walid', 'Dequiedt, Samuel', 'Saby, Nicolas P. A.', 'Nowak, Virginie', 'Tripied, Julie', 'Lelièvre, Mélanie', 'Régnier, Tiffanie', 'Jolivet, Claudy', 'Arrouays, Dominique', 'Wincker, Patrick', 'Cruaud, Corinne', 'Karimi, Battle', 'Bispo, Antonio', 'Maron, Pierre-Alain', 'Chemidlin Prévost-Bouré, Nicolas', 'Ranjard, Lionel', 'Sébastien Terrat', 'Walid Horrigue', 'Samuel Dequiedt', 'Nicolas P. A. Saby', 'Virginie Nowak', 'Julie Tripied', 'Mélanie Lelièvre', 'Tiffanie Régnier', 'Claudy Jolivet', 'Dominique Arrouays', 'Patrick Wincker', 'Corinne Cruaud', 'Battle Karimi', 'Antonio Bispo', 'Pierre-Alain Maron', 'Nicolas Chemidlin Prévost-Bouré', 'Lionel Ranjard']",[],dataset-rdg,https://doi.org/10.57745/02XLWL,[''],['Antonio Bispo'],Antonio Bispo,ALAMOD,1,2024
Recherche Data Gouv,"Monitoring photosynthetically active radiation on Mont Ventoux, 2016-2017",doi:10.57745/B22AUG,URFM - Ecologie des Forêts Méditerranéennes,inrae://10.57745/B22AUG,2024-06-12T09:01:02Z,2024-06-17 07:16:23+00:00,,['Earth and Environmental Sciences'],"['DRUEL, Arsène', 'MARLOIE, Olivier', 'MARTIN-StPAUL, Nicolas K', 'Arsène Druel', 'Olivier Marloie', 'Nicolas K Martin-Stpaul']",[],dataset-rdg,https://doi.org/10.57745/B22AUG,[''],['Olivier Marloie'],Olivier Marloie,Drought for C,1,2024
Recherche Data Gouv,Température de l'air de placettes expérimentales (Gradient altitudinal) du Mont Ventoux (2007 / 2022),doi:10.57745/OQNIT1,URFM - Ecologie des Forêts Méditerranéennes,inrae://10.57745/OQNIT1,2023-03-21T16:02:13Z,2023-06-15 12:53:38+00:00,"[""température de l'air""]",['Earth and Environmental Sciences'],"['Marloie, Olivier', 'Olivier Marloie']",[],dataset-rdg,https://doi.org/10.57745/OQNIT1,[''],['Olivier Marloie'],Olivier Marloie,Drought for C,1,2023
Recherche Data Gouv,Carbon and nitrogen mineralization data of various exogenous organic matter (EOM) under controlled conditions,doi:10.57745/JGHVYV,Collect-OR Dataverse,inrae://10.57745/JGHVYV,2025-04-17T13:13:49Z,2025-06-03 08:32:17+00:00,,['Agricultural Sciences'],"['Levavasseur, Florent', 'Lashermes, Gwenaëlle', 'Dorleon, Garry', 'Mary, Bruno', 'Morvan, Thierry', 'Nicolardot, Bernard', 'Parnaudeau, Virginie', 'Laurent Thuriès', 'Houot, Sabine', 'Florent Levavasseur', 'Gwenaëlle Lashermes', 'Garry Dorleon', 'Bruno Mary', 'Thierry Morvan', 'Bernard Nicolardot', 'Virginie Parnaudeau', 'Thuriès Laurent', 'Sabine Houot']",['https://doi.org/10.1111/sum.12745'],dataset-rdg,https://doi.org/10.57745/JGHVYV,['10.1111/sum.12745'],['Gwenaëlle Lashermes'],Gwenaëlle Lashermes,ALAMOD,1,2025
Recherche Data Gouv,Carbon and nitrogen mineralization data of various exogenous organic matter (EOM) under controlled conditions,doi:10.57745/JGHVYV,Collect-OR Dataverse,inrae://10.57745/JGHVYV,2025-04-17T13:13:49Z,2025-06-03 08:32:17+00:00,,['Agricultural Sciences'],"['Levavasseur, Florent', 'Lashermes, Gwenaëlle', 'Dorleon, Garry', 'Mary, Bruno', 'Morvan, Thierry', 'Nicolardot, Bernard', 'Parnaudeau, Virginie', 'Laurent Thuriès', 'Houot, Sabine', 'Florent Levavasseur', 'Gwenaëlle Lashermes', 'Garry Dorleon', 'Bruno Mary', 'Thierry Morvan', 'Bernard Nicolardot', 'Virginie Parnaudeau', 'Thuriès Laurent', 'Sabine Houot']",['https://doi.org/10.1111/sum.12745'],dataset-rdg,https://doi.org/10.57745/JGHVYV,['10.1111/sum.12745'],['Gwenaëlle Lashermes'],Gwenaëlle Lashermes,CANETE,1,2025
Recherche Data Gouv,Wild hop bacterial microbiota (Humulus lupulus L.),doi:10.57745/CBSTP0,LAE,univ-lorraine://10.57745/CBSTP0,2025-05-26T05:13:26Z,2025-06-04 05:54:02+00:00,"['Humulus lupulus', 'wild hops', 'metabolome', 'bacterial communities', 'roots', 'leaves', 'genotype-environment interaction']",['Earth and Environmental Sciences'],"['Ducrocq, Florent', 'Hafidi, Omar', 'Grosjean, Jérémy', 'Hehn, Alain', 'Piutti, Séverine', 'Florent Ducrocq', 'Omar Hafidi', 'Jérémy Grosjean', 'Alain Hehn', 'Séverine Piutti']",['https://doi.org/10.1371/journal.pone.0322330'],dataset-rdg,https://doi.org/10.57745/CBSTP0,['10.1371/journal.pone.0322330'],['Séverine Piutti'],Séverine Piutti,CANETE,1,2025
Recherche Data Gouv,"Lake surface water temperature of Lake Geneva, Lake Bourget, Lake Annecy and Lake Aiguebelette",doi:10.15454/Y8JJEC,Data INRAE,inrae://10.15454/Y8JJEC,2018-10-31T19:07:19Z,2025-04-07 11:08:00+00:00,,['Earth and Environmental Sciences'],"['Tran Khac, Viet', 'Anneville, Orlane', 'Barbet, Denis', 'Clément, Jean-Christophe', 'Domaizon, Isabelle', 'Dorioz, Jean-Marcel', 'Frossard, Victor', 'Guillard, Jean', 'Hustache, Jean-Christophe', 'Jacquet, Stéphan', 'Perney, Pascal', 'Quetin, Philippe', 'Rimet, Frédéric', 'Monet, Ghislaine', 'Viet Tran Khac', 'Orlane Anneville', 'Denis Barbet', 'Jean-Christophe Clément', 'Isabelle Domaizon', 'Jean-Marcel Dorioz', 'Victor Frossard', 'Jean Guillard', 'Jean-Christophe Hustache', 'Stéphan Jacquet', 'Pascal Perney', 'Philippe Quetin', 'Frédéric Rimet', 'Ghislaine Monet']",[],dataset-rdg,https://doi.org/10.15454/Y8JJEC,[''],['Isabelle Domaizon'],Isabelle Domaizon,DEEP-C,1,2025
Recherche Data Gouv,TWS enrichment sequencing data archive,doi:10.15454/XTIHB5,Data INRAE,inrae://10.15454/XTIHB5,2018-06-20T13:21:59Z,2020-03-04 08:52:59+00:00,,"['Medicine, Health and Life Sciences']","['Auer, Lucas', 'Lucas Auer']",[],dataset-rdg,https://doi.org/10.15454/XTIHB5,[''],['Lucas Auer'],Lucas Auer,CANETE,1,2020
Recherche Data Gouv,"Phenotypic and genotypic data of a European beech (Fagus sylvatica L.) progeny trial issued from three plots along an elevation gradient in Mont Ventoux, South-Eastern France",doi:10.15454/6HETQP,Data INRAE,inrae://10.15454/6HETQP,2021-02-08T09:55:56Z,2021-09-16 15:10:00+00:00,"['Growth traits', 'Functional traits', 'seedlings', 'Half-sib trial', 'Heritability', 'Paternity analyses']","['Agricultural Sciences', 'Earth and Environmental Sciences', 'Medicine, Health and Life Sciences']","['Oddou-Muratorio, Sylvie', 'Gauzere, Julie', 'Angeli Nicolas', 'Brahic, Patrice', 'Brendel, Oliver', 'De Castro, Marie', 'Gilg, Olivier', 'Hossan, Christian', 'Jean, Frédéric', 'Lingrand, Matthieu', 'Pringarbe, Mehdi', 'Rei, Frank', 'Roig, Anne', 'Thevenet, Jean', 'Turion, Norbert', 'Sylvie Oddou-Muratorio', 'Julie Gauzere', 'Nicolas Angeli', 'Patrice Brahic', 'Oliver Brendel', 'Marie De Castro', 'Olivier Gilg', 'Christian Hossan', 'Frédéric Jean', 'Matthieu Lingrand', 'Mehdi Pringarbe', 'Frank Rei', 'Anne Roig', 'Jean Thevenet', 'Norbert Turion']","['https://hal.archives-ouvertes.fr/hal-02738398', 'https://hal.archives-ouvertes.fr/hal-02621129', 'https://hal.archives-ouvertes.fr/hal-02652576']",dataset-rdg,https://doi.org/10.15454/6HETQP,"['hal-02738398', 'hal-02621129', 'hal-02652576']",['Nicolas Angeli'],Nicolas Angeli,CANETE,1,2021
Recherche Data Gouv,"Tree functional traits, forest biomass, and tree species diversity interact with site properties to drive forest soil carbon",doi:10.15454/LJRFJR,Data INRAE,inrae://10.15454/LJRFJR,2022-01-18T08:43:43Z,2022-01-31 08:17:29+00:00,['Soil Organic Carbon'],['Earth and Environmental Sciences'],"['Augusto, Laurent', 'Laurent Augusto']",[],dataset-rdg,https://doi.org/10.15454/LJRFJR,[''],['Laurent Augusto'],Laurent Augusto,CANETE,1,2022
Recherche Data Gouv,Données de réplication pour : PhytoDOM - Matériels Supplémentaires Rapport OFB 2020,doi:10.15454/W9JGOA,Data INRAE,inrae://10.15454/W9JGOA,2021-01-06T08:42:38Z,2021-02-03 08:23:08+00:00,,"['Medicine, Health and Life Sciences', 'Earth and Environmental Sciences']","['CANINO Alexis', 'LAPLACE-TREYTURE Christophe', 'BOUCHEZ Agnès', 'DOMAIZON Isabelle', 'RIMET Frédéric', 'Alexis Canino', 'Christophe Laplace-Treyture', 'Agnès Bouchez', 'Isabelle Domaizon', 'Frédéric Rimet']",[],dataset-rdg,https://doi.org/10.15454/W9JGOA,[''],['Isabelle Domaizon'],Isabelle Domaizon,DEEP-C,1,2021
Recherche Data Gouv,SANI-TTERR Project: Map of a spatially explicit characterisation factor (CF) for Listeria monocytogenes impact assessment,doi:10.57745/GEXHIY,Data INRAE,inrae://10.57745/GEXHIY,2025-05-13T19:52:21Z,2025-06-18 10:43:05+00:00,"['pathogen', 'characterization factor', 'soil', 'Listeria monocytogenes', 'environmental impact', 'geographic information system', 'life cycle assessment']","['Agricultural Sciences', 'Earth and Environmental Sciences']","['Aissani, Lynda', 'Thiriet, Pierre', 'Piveteau, Pascal', 'Lynda Aissani', 'Pierre Thiriet', 'Pascal Piveteau']",[],dataset-rdg,https://doi.org/10.57745/GEXHIY,[''],['Pierre Thiriet'],Pierre Thiriet,SLAM-B,1,2025
Recherche Data Gouv,"ClasSFood, a food classification for sustainability studies",doi:10.57745/TRL1XH,Data INRAE,inrae://10.57745/TRL1XH,2022-07-22T11:05:05Z,2024-01-16 14:18:13+00:00,"['hierarchical classification', 'sustainable food']","['Agricultural Sciences', 'Earth and Environmental Sciences', 'Medicine, Health and Life Sciences', 'Social Sciences']","['Spiteri, Marine', 'Bonnet, Céline', 'Bouamra-Mechemache, Zohra', 'Réquillart, Vincent', 'De Mouzon, Olivier', 'Orozco, Valérie', 'Marine Spiteri', 'Céline Bonnet', 'Zohra Bouamra-Mechemache', 'Vincent Réquillart', 'Olivier De Mouzon', 'Valérie Orozco']",[],dataset-rdg,https://doi.org/10.57745/TRL1XH,[''],['Céline Bonnet'],Céline Bonnet,PREFALIM,1,2024
Recherche Data Gouv,Raw data and script about the XyloSylve monitoring site,doi:10.57745/NEBK4J,Data INRAE,inrae://10.57745/NEBK4J,2025-05-16T13:04:39Z,2025-06-16 14:09:31+00:00,"['forest management', 'forest trees', 'soil instrument', 'soil']",['Earth and Environmental Sciences'],"['Augusto, Laurent', 'Laurent Augusto']",['https://hal.inrae.fr/hal-05070633'],dataset-rdg,https://doi.org/10.57745/NEBK4J,['hal-05070633'],['Laurent Augusto'],Laurent Augusto,CANETE,1,2025
Recherche Data Gouv,Dataset of environmental footprint of dehydrated alfalfa production (Medicago sativa L.) in France,doi:10.57745/UPWFE6,Data INRAE,inrae://10.57745/UPWFE6,2023-07-19T10:38:40Z,2023-09-15 09:19:24+00:00,"['Alfalfa crop', 'Industrial process', 'Life cycle inventory', 'Survey', 'Life cycle assessment', 'Protein content']","['Agricultural Sciences', 'Earth and Environmental Sciences']","['Thiébeau, Pascal', 'Auberger, Julie', 'Clivot, Hugues', 'Wilfart, Aurélie', 'Recous, Sylvie', 'Pascal Thiébeau', 'Julie Auberger', 'Hugues Clivot', 'Aurélie Wilfart', 'Sylvie Recous']",['https://doi.org/10.1016/j.jclepro.2023.138704'],dataset-rdg,https://doi.org/10.57745/UPWFE6,['10.1016/j.jclepro.2023.138704'],['Hugues Clivot'],Hugues Clivot,CANETE,1,2023
Recherche Data Gouv,Dataset of environmental footprint of dehydrated alfalfa production (Medicago sativa L.) in France,doi:10.57745/UPWFE6,Data INRAE,inrae://10.57745/UPWFE6,2023-07-19T10:38:40Z,2023-09-15 09:19:24+00:00,"['Alfalfa crop', 'Industrial process', 'Life cycle inventory', 'Survey', 'Life cycle assessment', 'Protein content']","['Agricultural Sciences', 'Earth and Environmental Sciences']","['Thiébeau, Pascal', 'Auberger, Julie', 'Clivot, Hugues', 'Wilfart, Aurélie', 'Recous, Sylvie', 'Pascal Thiébeau', 'Julie Auberger', 'Hugues Clivot', 'Aurélie Wilfart', 'Sylvie Recous']",['https://doi.org/10.1016/j.jclepro.2023.138704'],dataset-rdg,https://doi.org/10.57745/UPWFE6,['10.1016/j.jclepro.2023.138704'],['Hugues Clivot'],Hugues Clivot,SLAM-B,1,2023
Recherche Data Gouv,Raw data and associated scripts of a study dedicated to forest biomass harvest and wood ash application,doi:10.15454/LCU6OZ,Data INRAE,inrae://10.15454/LCU6OZ,2021-03-18T11:12:55Z,2021-06-07 12:59:26+00:00,"['forest management', 'forest soil']","['Agricultural Sciences', 'Earth and Environmental Sciences']","['Augusto, Laurent', 'Laurent Augusto']",['https://www.biorxiv.org/content/10.1101/2021.03.16.435291v1'],dataset-rdg,https://doi.org/10.15454/LCU6OZ,['content/10.1101/2021.03.16.435291v1'],['Laurent Augusto'],Laurent Augusto,CANETE,1,2021
Recherche Data Gouv,Forest biomass map in French Guiana,doi:10.17180/forest-biomass-fr-guiana-map-2016,Data INRAE,inrae://10.17180/forest-biomass-fr-guiana-map-2016,2022-01-17T17:07:48Z,2022-09-26 15:02:37+00:00,"['canopy', 'forest', 'tropical forest', 'LiDAR', 'biomass']",['Earth and Environmental Sciences'],"['Fayad, Ibrahim', 'Baghdadi, Nicolas', 'Guitet, Stéphane', 'Bailly, Jean-Stéphane', 'Barbier, Nicolas', 'Gond, Valéry', 'Hérault, Bruno', 'El Hajj, Mahmoud', 'Fabre, Frédéric', 'Perrin, José', 'Ibrahim Fayad', 'Nicolas Baghdadi', 'Stéphane Guitet', 'Jean-Stéphane Bailly', 'Nicolas Barbier', 'Valéry Gond', 'Bruno Hérault', 'Mahmoud El Hajj', 'Frédéric Fabre', 'José Perrin']",['https://doi.org/10.1016/j.jag.2016.07.015'],dataset-rdg,https://doi.org/10.17180/forest-biomass-fr-guiana-map-2016,['10.1016/j.jag.2016.07.015'],['Nicolas Barbier'],Nicolas Barbier,RIFT,1,2022
Recherche Data Gouv,Volatile Organic Compound (VOC) fluxes and concentrations over a winter wheat field near Paris France,doi:10.15454/IRZ9XX,Data INRAE,inrae://10.15454/IRZ9XX,2020-12-31T14:47:19Z,2022-08-29 11:27:53+00:00,,"['Chemistry', 'Earth and Environmental Sciences', 'Other']","['Loubet, Benjamin', 'Benjamin Loubet']",['https://doi.org/10.5194/acp-2020-1328'],dataset-rdg,https://doi.org/10.15454/IRZ9XX,['10.5194/acp-2020-1328'],['Benjamin Loubet'],Benjamin Loubet,ALAMOD,1,2022
Recherche Data Gouv,Table de correspondance COICOP - Nova - produits alimentaires selon le degré de transformation,doi:10.57745/IIZTYX,Surveys & Texts,inrae://10.57745/IIZTYX,2025-01-21T13:28:55Z,2025-01-21 13:36:38+00:00,,"['Medicine, Health and Life Sciences', 'Social Sciences']","['PLESSZ, Marie', 'Marie Plessz']",[],dataset-rdg,https://doi.org/10.57745/IIZTYX,[''],['Marie Plessz'],Marie Plessz,PREFALIM,1,2025
Recherche Data Gouv,"Colisa, the collection of ichthyological samples.",doi:10.15454/D3ODJM,Experimental - Observation - Simulation,inrae://10.15454/D3ODJM,2018-09-20T12:10:00Z,2021-05-06 07:34:32+00:00,,"['Earth and Environmental Sciences', 'Agricultural Sciences']","['Marchand, Frederic', 'Aymes, Jean-Christophe', 'Gueraud, François', 'Domaizon, Isabelle', 'Goulon, Chloé', 'Hamelet, Valérie', 'Lange, Frédéric', 'Prevost, Etienne', 'Baglinière, Jean-Luc', 'Beaulaton, Laurent', 'Penil, Caroline', 'Josset, Quentin', 'Flesselle, Aurélie', 'Starck, Agnès', 'Jeannot, Nicolas', 'Herrard, Nadine', 'Martignon, Mélanie', 'Azam, Didier', 'Frederic Marchand', 'Jean-Christophe Aymes', 'François Gueraud', 'Isabelle Domaizon', 'Chloé Goulon', 'Valérie Hamelet', 'Frédéric Lange', 'Etienne Prevost', 'Jean-Luc Baglinière', 'Laurent Beaulaton', 'Caroline Penil', 'Quentin Josset', 'Aurélie Flesselle', 'Agnès Starck', 'Nicolas Jeannot', 'Nadine Herrard', 'Mélanie Martignon', 'Didier Azam']",[],dataset-rdg,https://doi.org/10.15454/D3ODJM,[''],['Isabelle Domaizon'],Isabelle Domaizon,DEEP-C,1,2021
Recherche Data Gouv,Fine root vessel and hydraulic traits across five root orders of 20 Chinese tropical tree species,doi:10.57745/NQJHUU,Experimental - Observation - Simulation,inrae://10.57745/NQJHUU,2024-01-18T17:09:50Z,2024-01-25 18:03:18+00:00,"['fine roots', 'functional traits']",['Earth and Environmental Sciences'],"['Zhang, Guangqi', 'Fortunel, Claire', 'Niu, Shan', 'Zuo, Juan', 'Maeght, Jean-Luc', 'Yang, Xiaodong', 'Xia, Shangwen', 'Mao, Zhun', 'Guangqi Zhang', 'Claire Fortunel', 'Shan Niu', 'Juan Zuo', 'Jean-Luc Maeght', 'Xiaodong Yang', 'Shangwen Xia', 'Zhun Mao']",[],dataset-rdg,https://doi.org/10.57745/NQJHUU,[''],['Jean-Luc Maeght'],Jean-Luc Maeght,TROPECOS,1,2024
Recherche Data Gouv,Effects of plant functional group removal on structure and function of soil communities across contrasting ecosystems,doi:10.15454/Q4BUTZ,Data INRAE,inrae://10.15454/Q4BUTZ,2019-03-19T11:30:28Z,2025-01-20 15:53:17+00:00,,['Earth and Environmental Sciences'],"['Fanin, Nicolas', 'Kardol, Paul', 'Farrell, Mark', 'Kempel, Anne', 'Ciobanu, Marcel', 'Nilsson, Marie-Charlotte', 'Gundale, Michael', 'Wardle, David', 'Nicolas Fanin', 'Paul Kardol', 'Mark Farrell', 'Anne Kempel', 'Marcel Ciobanu', 'Marie-Charlotte Nilsson', 'Michael Gundale', 'David Wardle']",['https://dx.doi.org/10.1111/ele.13266'],dataset-rdg,https://doi.org/10.15454/Q4BUTZ,['10.1111/ele.13266'],['Nicolas Fanin'],Nicolas Fanin,CANETE,1,2025
Recherche Data Gouv,Screening of phytophagous and xylophagous insects guts microbiota abilities to degrade lignocellulose in bioreactor - raw sequencing reads,doi:10.15454/E6YRKX,Data INRAE,inrae://10.15454/E6YRKX,2018-06-25T11:15:23Z,2024-12-05 15:01:09+00:00,"['Coleoptera', 'Locusta migratoria', 'Gryllus bimaculatus', 'beetles', 'Dictyoptera']","['Agricultural Sciences', 'Medicine, Health and Life Sciences']","['Auer, Lucas', 'Lucas Auer']",['https://doi.org/10.3389/fmicb.2018.02222'],dataset-rdg,https://doi.org/10.15454/E6YRKX,['10.3389/fmicb.2018.02222'],['Lucas Auer'],Lucas Auer,CANETE,1,2024
Recherche Data Gouv,Isotopic ratios in freshwater gammarids (caged) and wild fish from 15 continental sites (2018) and one reference site (2019),doi:10.15454/7GBGUQ,Experimental - Observation - Simulation,inrae://10.15454/7GBGUQ,2020-07-07T09:24:37Z,2020-09-23 13:46:39+00:00,,['Other'],"['Babut, Marc', 'Jame, Patrick', 'Anchisi, Anthony', 'Bonjour, Erik', 'Boutet, Pierre', 'Delorme, Nicolas', 'Miege, Cécile', 'Marc Babut', 'Patrick Jame', 'Anthony Anchisi', 'Erik Bonjour', 'Pierre Boutet', 'Nicolas Delorme', 'Cécile Miege']",[],dataset-rdg,https://doi.org/10.15454/7GBGUQ,[''],['Pierre Boutet'],Pierre Boutet,RhizoSeqC,1,2020
Recherche Data Gouv,GO+ v3.0 model code.,doi:10.15454/5K9HCS,Experimental - Observation - Simulation,inrae://10.15454/5K9HCS,2020-04-17T23:29:06Z,2022-08-29 11:29:42+00:00,,['Agricultural Sciences'],"['Loustau, Denis', 'Denis Loustau']",[],dataset-rdg,https://doi.org/10.15454/5K9HCS,[''],['Denis Loustau'],Denis Loustau,Drought for C,1,2022
Recherche Data Gouv,A global database on the potential of cover crops on maize performance,doi:10.57745/DZT71N,Data INRAE,inrae://10.57745/DZT71N,2023-02-16T13:59:33Z,2025-06-18 08:59:14+00:00,['cover crops; maize; corn; popcorn; Zea mays'],['Agricultural Sciences'],"['Wojciechowski, Alexandre', 'Seassau, Célia', 'Alletto, Lionel', 'Lamichhane, Jay Ram', 'Alexandre Wojciechowski', 'Célia Seassau', 'Lionel Alletto', 'Jay Ram Lamichhane']",[],dataset-rdg,https://doi.org/10.57745/DZT71N,[''],['Lionel Alletto'],Lionel Alletto,CrosyeN,1,2025
Recherche Data Gouv,A comprehensive dataset gathering 37 cover crop field experiments across France (2004–2022): plant and soil-related agronomic variables on 33 crop species from five botanical families,doi:10.57745/3PRE07,Experimental - Observation - Simulation,inrae://10.57745/3PRE07,2025-04-10T14:17:43Z,2025-06-18 08:33:01+00:00,"['Cover crops', 'Data mining', 'Multi-botanical families', 'Ecosystem services', 'Agriculture']",['Agricultural Sciences'],"['Pull, Manon', 'Alletto, Lionel', 'Justes, Eric', 'Lamichhane, Jay Ram', 'Dayoub, Elana', 'Hustet-Caou, Guillaume', 'Sitnikow, Emilie', 'Gaudio, Noémie', 'Casadebaig, Pierre', 'Mahmoud, Rémi', 'Ait Kaci Ahmed, Neila', 'Constantin, Julie', 'Couëdel, Antoine', 'Deschamps, Noémie', 'Lecloux, Eric', 'Marchand, Damien', 'Perdrieux, François', 'Raffaillac, Didier', 'Souques, Lucie', 'Tison, Gilles', 'Tribouillois, Hélène', 'Wojciechowski, Alexandre', 'Seassau, Célia', 'Manon Pull', 'Lionel Alletto', 'Eric Justes', 'Jay Ram Lamichhane', 'Elana Dayoub', 'Guillaume Hustet-Caou', 'Emilie Sitnikow', 'Noémie Gaudio', 'Pierre Casadebaig', 'Rémi Mahmoud', 'Neila Ait Kaci Ahmed', 'Julie Constantin', 'Antoine Couëdel', 'Noémie Deschamps', 'Eric Lecloux', 'Damien Marchand', 'François Perdrieux', 'Didier Raffaillac', 'Lucie Souques', 'Gilles Tison', 'Hélène Tribouillois', 'Alexandre Wojciechowski', 'Célia Seassau']","['https://doi.org/10.3390/agronomy12010120', 'https://doi.org/10.1007/s13593-021-00719-7', 'https://doi.org/10.1007/s11104-018-3615-8', 'https://doi.org/10.1016/j.eja.2018.02.007', 'https://doi.org/10.1016/j.agee.2017.11.017', 'https://doi.org/10.24072/pcjournal.389', 'https://doi.org/10.1016/j.still.2015.09.021', 'https://doi.org/10.1016/j.agee.2015.06.014', 'https://doi.org/10.1016/j.fcr.2024.109692', 'https://doi.org/10.1007/s11104-015-2734-8', 'https://doi.org/10.1016/j.agee.2015.04.016', 'https://doi.org/10.1371/journal.pone.0122156']",dataset-rdg,https://doi.org/10.57745/3PRE07,"['10.3390/agronomy12010120', '10.1007/s13593-021-00719-7', '10.1007/s11104-018-3615-8', '10.1016/j.eja.2018.02.007', '10.1016/j.agee.2017.11.017', '10.24072/pcjournal.389', '10.1016/j.still.2015.09.021', '10.1016/j.agee.2015.06.014', '10.1016/j.fcr.2024.109692', '10.1007/s11104-015-2734-8', '10.1016/j.agee.2015.04.016', '10.1371/journal.pone.0122156']","['Lionel Alletto', 'Eric Justes', 'Julie Constantin', 'Gilles Tison']",Lionel Alletto,CrosyeN,1,2025
Recherche Data Gouv,A comprehensive dataset gathering 37 cover crop field experiments across France (2004–2022): plant and soil-related agronomic variables on 33 crop species from five botanical families,doi:10.57745/3PRE07,Experimental - Observation - Simulation,inrae://10.57745/3PRE07,2025-04-10T14:17:43Z,2025-06-18 08:33:01+00:00,"['Cover crops', 'Data mining', 'Multi-botanical families', 'Ecosystem services', 'Agriculture']",['Agricultural Sciences'],"['Pull, Manon', 'Alletto, Lionel', 'Justes, Eric', 'Lamichhane, Jay Ram', 'Dayoub, Elana', 'Hustet-Caou, Guillaume', 'Sitnikow, Emilie', 'Gaudio, Noémie', 'Casadebaig, Pierre', 'Mahmoud, Rémi', 'Ait Kaci Ahmed, Neila', 'Constantin, Julie', 'Couëdel, Antoine', 'Deschamps, Noémie', 'Lecloux, Eric', 'Marchand, Damien', 'Perdrieux, François', 'Raffaillac, Didier', 'Souques, Lucie', 'Tison, Gilles', 'Tribouillois, Hélène', 'Wojciechowski, Alexandre', 'Seassau, Célia', 'Manon Pull', 'Lionel Alletto', 'Eric Justes', 'Jay Ram Lamichhane', 'Elana Dayoub', 'Guillaume Hustet-Caou', 'Emilie Sitnikow', 'Noémie Gaudio', 'Pierre Casadebaig', 'Rémi Mahmoud', 'Neila Ait Kaci Ahmed', 'Julie Constantin', 'Antoine Couëdel', 'Noémie Deschamps', 'Eric Lecloux', 'Damien Marchand', 'François Perdrieux', 'Didier Raffaillac', 'Lucie Souques', 'Gilles Tison', 'Hélène Tribouillois', 'Alexandre Wojciechowski', 'Célia Seassau']","['https://doi.org/10.3390/agronomy12010120', 'https://doi.org/10.1007/s13593-021-00719-7', 'https://doi.org/10.1007/s11104-018-3615-8', 'https://doi.org/10.1016/j.eja.2018.02.007', 'https://doi.org/10.1016/j.agee.2017.11.017', 'https://doi.org/10.24072/pcjournal.389', 'https://doi.org/10.1016/j.still.2015.09.021', 'https://doi.org/10.1016/j.agee.2015.06.014', 'https://doi.org/10.1016/j.fcr.2024.109692', 'https://doi.org/10.1007/s11104-015-2734-8', 'https://doi.org/10.1016/j.agee.2015.04.016', 'https://doi.org/10.1371/journal.pone.0122156']",dataset-rdg,https://doi.org/10.57745/3PRE07,"['10.3390/agronomy12010120', '10.1007/s13593-021-00719-7', '10.1007/s11104-018-3615-8', '10.1016/j.eja.2018.02.007', '10.1016/j.agee.2017.11.017', '10.24072/pcjournal.389', '10.1016/j.still.2015.09.021', '10.1016/j.agee.2015.06.014', '10.1016/j.fcr.2024.109692', '10.1007/s11104-015-2734-8', '10.1016/j.agee.2015.04.016', '10.1371/journal.pone.0122156']","['Lionel Alletto', 'Eric Justes', 'Julie Constantin', 'Gilles Tison']",Eric Justes,CrosyeN,1,2025
Recherche Data Gouv,A comprehensive dataset gathering 37 cover crop field experiments across France (2004–2022): plant and soil-related agronomic variables on 33 crop species from five botanical families,doi:10.57745/3PRE07,Experimental - Observation - Simulation,inrae://10.57745/3PRE07,2025-04-10T14:17:43Z,2025-06-18 08:33:01+00:00,"['Cover crops', 'Data mining', 'Multi-botanical families', 'Ecosystem services', 'Agriculture']",['Agricultural Sciences'],"['Pull, Manon', 'Alletto, Lionel', 'Justes, Eric', 'Lamichhane, Jay Ram', 'Dayoub, Elana', 'Hustet-Caou, Guillaume', 'Sitnikow, Emilie', 'Gaudio, Noémie', 'Casadebaig, Pierre', 'Mahmoud, Rémi', 'Ait Kaci Ahmed, Neila', 'Constantin, Julie', 'Couëdel, Antoine', 'Deschamps, Noémie', 'Lecloux, Eric', 'Marchand, Damien', 'Perdrieux, François', 'Raffaillac, Didier', 'Souques, Lucie', 'Tison, Gilles', 'Tribouillois, Hélène', 'Wojciechowski, Alexandre', 'Seassau, Célia', 'Manon Pull', 'Lionel Alletto', 'Eric Justes', 'Jay Ram Lamichhane', 'Elana Dayoub', 'Guillaume Hustet-Caou', 'Emilie Sitnikow', 'Noémie Gaudio', 'Pierre Casadebaig', 'Rémi Mahmoud', 'Neila Ait Kaci Ahmed', 'Julie Constantin', 'Antoine Couëdel', 'Noémie Deschamps', 'Eric Lecloux', 'Damien Marchand', 'François Perdrieux', 'Didier Raffaillac', 'Lucie Souques', 'Gilles Tison', 'Hélène Tribouillois', 'Alexandre Wojciechowski', 'Célia Seassau']","['https://doi.org/10.3390/agronomy12010120', 'https://doi.org/10.1007/s13593-021-00719-7', 'https://doi.org/10.1007/s11104-018-3615-8', 'https://doi.org/10.1016/j.eja.2018.02.007', 'https://doi.org/10.1016/j.agee.2017.11.017', 'https://doi.org/10.24072/pcjournal.389', 'https://doi.org/10.1016/j.still.2015.09.021', 'https://doi.org/10.1016/j.agee.2015.06.014', 'https://doi.org/10.1016/j.fcr.2024.109692', 'https://doi.org/10.1007/s11104-015-2734-8', 'https://doi.org/10.1016/j.agee.2015.04.016', 'https://doi.org/10.1371/journal.pone.0122156']",dataset-rdg,https://doi.org/10.57745/3PRE07,"['10.3390/agronomy12010120', '10.1007/s13593-021-00719-7', '10.1007/s11104-018-3615-8', '10.1016/j.eja.2018.02.007', '10.1016/j.agee.2017.11.017', '10.24072/pcjournal.389', '10.1016/j.still.2015.09.021', '10.1016/j.agee.2015.06.014', '10.1016/j.fcr.2024.109692', '10.1007/s11104-015-2734-8', '10.1016/j.agee.2015.04.016', '10.1371/journal.pone.0122156']","['Lionel Alletto', 'Eric Justes', 'Julie Constantin', 'Gilles Tison']",Julie Constantin,SLAM-B,1,2025
Recherche Data Gouv,A comprehensive dataset gathering 37 cover crop field experiments across France (2004–2022): plant and soil-related agronomic variables on 33 crop species from five botanical families,doi:10.57745/3PRE07,Experimental - Observation - Simulation,inrae://10.57745/3PRE07,2025-04-10T14:17:43Z,2025-06-18 08:33:01+00:00,"['Cover crops', 'Data mining', 'Multi-botanical families', 'Ecosystem services', 'Agriculture']",['Agricultural Sciences'],"['Pull, Manon', 'Alletto, Lionel', 'Justes, Eric', 'Lamichhane, Jay Ram', 'Dayoub, Elana', 'Hustet-Caou, Guillaume', 'Sitnikow, Emilie', 'Gaudio, Noémie', 'Casadebaig, Pierre', 'Mahmoud, Rémi', 'Ait Kaci Ahmed, Neila', 'Constantin, Julie', 'Couëdel, Antoine', 'Deschamps, Noémie', 'Lecloux, Eric', 'Marchand, Damien', 'Perdrieux, François', 'Raffaillac, Didier', 'Souques, Lucie', 'Tison, Gilles', 'Tribouillois, Hélène', 'Wojciechowski, Alexandre', 'Seassau, Célia', 'Manon Pull', 'Lionel Alletto', 'Eric Justes', 'Jay Ram Lamichhane', 'Elana Dayoub', 'Guillaume Hustet-Caou', 'Emilie Sitnikow', 'Noémie Gaudio', 'Pierre Casadebaig', 'Rémi Mahmoud', 'Neila Ait Kaci Ahmed', 'Julie Constantin', 'Antoine Couëdel', 'Noémie Deschamps', 'Eric Lecloux', 'Damien Marchand', 'François Perdrieux', 'Didier Raffaillac', 'Lucie Souques', 'Gilles Tison', 'Hélène Tribouillois', 'Alexandre Wojciechowski', 'Célia Seassau']","['https://doi.org/10.3390/agronomy12010120', 'https://doi.org/10.1007/s13593-021-00719-7', 'https://doi.org/10.1007/s11104-018-3615-8', 'https://doi.org/10.1016/j.eja.2018.02.007', 'https://doi.org/10.1016/j.agee.2017.11.017', 'https://doi.org/10.24072/pcjournal.389', 'https://doi.org/10.1016/j.still.2015.09.021', 'https://doi.org/10.1016/j.agee.2015.06.014', 'https://doi.org/10.1016/j.fcr.2024.109692', 'https://doi.org/10.1007/s11104-015-2734-8', 'https://doi.org/10.1016/j.agee.2015.04.016', 'https://doi.org/10.1371/journal.pone.0122156']",dataset-rdg,https://doi.org/10.57745/3PRE07,"['10.3390/agronomy12010120', '10.1007/s13593-021-00719-7', '10.1007/s11104-018-3615-8', '10.1016/j.eja.2018.02.007', '10.1016/j.agee.2017.11.017', '10.24072/pcjournal.389', '10.1016/j.still.2015.09.021', '10.1016/j.agee.2015.06.014', '10.1016/j.fcr.2024.109692', '10.1007/s11104-015-2734-8', '10.1016/j.agee.2015.04.016', '10.1371/journal.pone.0122156']","['Lionel Alletto', 'Eric Justes', 'Julie Constantin', 'Gilles Tison']",Gilles Tison,CrosyeN,1,2025
Recherche Data Gouv,"Data obtained during a field campaign conducted in spring 2018 within the framework of AgriMultiPol program, and published in  New Particle Formation at a mixed peri-urban and agricultural site (https://doi.org/10.1016/j.scitotenv.2022.159370)",doi:10.57745/XMPAVS,Espace Générique,espace-generique://10.57745/XMPAVS,2022-07-27T12:20:52Z,2023-12-01 15:30:05+00:00,"['agricultural area', 'particle', 'ammonia', 'air quality', 'agriculture', 'volatile organic compound', 'New Particle Formation', 'Aerosols']","['Agricultural Sciences', 'Earth and Environmental Sciences', 'Chemistry']","['KAMMER, Julien', 'SIMON, Leila', 'CIURARU, Raluca', 'PETIT, Jean-Eudes', 'LAFOUGE, Florence', 'BUYSSE, Pauline', 'BSAIBES, Sandy', 'HENDERSON, Ben', 'CRISTESCU, Simona', 'DURAND, Brigitte', 'FANUCCI, Olivier', 'TRUONG, François', 'GROS, Valérie', 'LOUBET, Benjamin', 'Julien Kammer', 'Leila Simon', 'Raluca Ciuraru', 'Jean-Eudes Petit', 'Florence Lafouge', 'Pauline Buysse', 'Sandy Bsaibes', 'Ben Henderson', 'Simona Cristescu', 'Brigitte Durand', 'Olivier Fanucci', 'François Truong', 'Valérie Gros', 'Benjamin Loubet']",['https://doi.org/10.1016/j.scitotenv.2022.159370'],dataset-rdg,https://doi.org/10.57745/XMPAVS,['10.1016/j.scitotenv.2022.159370'],['Benjamin Loubet'],Benjamin Loubet,ALAMOD,1,2023
Recherche Data Gouv,Depth distribution of soil carbon age inferred from natural 13C labelling meta-analysis,doi:10.15454/KMNR6R,Data INRAE,inrae://10.15454/KMNR6R,2018-03-05T23:18:59Z,2024-12-12 15:12:52+00:00,"['soil organic carbon', 'carbon 13', 'stable carbon isotopes', 'carbon cycle', 'meta-analysis']","['Earth and Environmental Sciences', 'Agricultural Sciences']","['Balesdent, Jerome', 'Basile-Doelsch, Isabelle', 'Chadoeuf, Joël', 'Cornu, Sophie', 'Derrien, Delphine', 'Fekiacova, Zuzana', 'Hatté, Christine', 'Jerome Balesdent', 'Isabelle Basile-Doelsch', 'Joël Chadoeuf', 'Sophie Cornu', 'Delphine Derrien', 'Zuzana Fekiacova', 'Christine Hatté']",['https://doi.org/10.1038/s41586-018-0328-3'],dataset-rdg,https://doi.org/10.15454/KMNR6R,['10.1038/s41586-018-0328-3'],['Delphine Derrien'],Delphine Derrien,CANETE,1,2024
Recherche Data Gouv,Depth distribution of soil carbon age inferred from natural 13C labelling meta-analysis,doi:10.15454/KMNR6R,Data INRAE,inrae://10.15454/KMNR6R,2018-03-05T23:18:59Z,2024-12-12 15:12:52+00:00,"['soil organic carbon', 'carbon 13', 'stable carbon isotopes', 'carbon cycle', 'meta-analysis']","['Earth and Environmental Sciences', 'Agricultural Sciences']","['Balesdent, Jerome', 'Basile-Doelsch, Isabelle', 'Chadoeuf, Joël', 'Cornu, Sophie', 'Derrien, Delphine', 'Fekiacova, Zuzana', 'Hatté, Christine', 'Jerome Balesdent', 'Isabelle Basile-Doelsch', 'Joël Chadoeuf', 'Sophie Cornu', 'Delphine Derrien', 'Zuzana Fekiacova', 'Christine Hatté']",['https://doi.org/10.1038/s41586-018-0328-3'],dataset-rdg,https://doi.org/10.15454/KMNR6R,['10.1038/s41586-018-0328-3'],['Delphine Derrien'],Delphine Derrien,RhizoSeqC,1,2024
Recherche Data Gouv,"Data set for ""Asian knotweed’s impacts on soil chemistry and enzyme activities are context-dependent""",doi:10.57745/G7E2W1,Data INRAE,inrae://10.57745/G7E2W1,2023-01-20T10:31:09Z,2024-12-09 10:15:27+00:00,"['Biochemistry', 'Ecology', 'Biological Invasion']",['Earth and Environmental Sciences'],"['DOMMANGET, Fanny', 'FOREY, Estelle', 'CHAUVAT, Matthieu', 'ERKTAN, Amandine', 'DANIES, Léa', 'CHESSERON, Coralie', 'FANIN, Nicolas', 'Fanny Dommanget', 'Estelle Forey', 'Matthieu Chauvat', 'Amandine Erktan', 'Léa Danies', 'Coralie Chesseron', 'Nicolas Fanin']",[],dataset-rdg,https://doi.org/10.57745/G7E2W1,[''],['Nicolas Fanin'],Nicolas Fanin,CANETE,1,2024
Recherche Data Gouv,"Data associated to the data paper ""Eighteen years of upland grassland carbon flux data: reference datasets, processing, and gap-filling procedure"".",doi:10.57745/SQUOJZ,Data INRAE,inrae://10.57745/SQUOJZ,2022-12-07T09:47:59Z,2024-02-15 15:49:24+00:00,['Eddy Covariance; carbon flux; climate change; grassland'],"['Agricultural Sciences', 'Earth and Environmental Sciences', 'Other']","['WINCK, BRUNA', 'BLOOR, JULIETTE M.G.', 'KLUMPP, KATJA', 'Bruna Winck', 'Juliette M.G. Bloor', 'Katja Klumpp']",['https://doi.org/10.1038/s41597-023-02221-z'],dataset-rdg,https://doi.org/10.57745/SQUOJZ,['10.1038/s41597-023-02221-z'],['Bruna Winck'],Bruna Winck,ALAMOD,1,2024
Recherche Data Gouv,Canopy height in French Guiana,doi:10.17180/CANOPY-HEIGHT-FR-GUIANA-2014,Data INRAE,inrae://10.17180/CANOPY-HEIGHT-FR-GUIANA-2014,2022-01-17T17:06:19Z,2022-09-26 15:02:25+00:00,"['canopy', 'forest', 'tropical forest', 'LiDAR', 'biomass']",['Earth and Environmental Sciences'],"['Fayad, Ibrahim', 'Baghdadi, Nicolas', 'Bailly, Jean-Stéphane', 'Barbier, Nicolas', 'Gond, Valéry', 'El Hajj, Mahmoud', 'Bourgine, Bernard', 'Ibrahim Fayad', 'Nicolas Baghdadi', 'Jean-Stéphane Bailly', 'Nicolas Barbier', 'Valéry Gond', 'Mahmoud El Hajj', 'Bernard Bourgine']",['https://doi.org/10.3390/rs61211883'],dataset-rdg,https://doi.org/10.17180/CANOPY-HEIGHT-FR-GUIANA-2014,['10.3390/rs61211883'],['Nicolas Barbier'],Nicolas Barbier,RIFT,1,2022
Recherche Data Gouv,In situ pelagic dataset from continuous monitoring: a mesocosm experiment in Lake Geneva (MESOLAC),doi:10.15454/T3VCB0,Data INRAE,inrae://10.15454/T3VCB0,2019-12-19T09:14:38Z,2020-12-09 15:12:57+00:00,,"['Earth and Environmental Sciences', 'Other']","['Tran-Khac, Viet', 'Quetin, Philippe', 'Domaizon, Isabelle', 'Jacquet, Stéphan', 'Espinat, Laurent', 'Gallot, Clémentine', 'Rasconi, Serena', 'Viet Tran-Khac', 'Philippe Quetin', 'Isabelle Domaizon', 'Stéphan Jacquet', 'Laurent Espinat', 'Clémentine Gallot', 'Serena Rasconi']",[],dataset-rdg,https://doi.org/10.15454/T3VCB0,[''],"['Viet Tran-Khac', 'Isabelle Domaizon']",Viet Tran-Khac,CarboNium,1,2020
Recherche Data Gouv,In situ pelagic dataset from continuous monitoring: a mesocosm experiment in Lake Geneva (MESOLAC),doi:10.15454/T3VCB0,Data INRAE,inrae://10.15454/T3VCB0,2019-12-19T09:14:38Z,2020-12-09 15:12:57+00:00,,"['Earth and Environmental Sciences', 'Other']","['Tran-Khac, Viet', 'Quetin, Philippe', 'Domaizon, Isabelle', 'Jacquet, Stéphan', 'Espinat, Laurent', 'Gallot, Clémentine', 'Rasconi, Serena', 'Viet Tran-Khac', 'Philippe Quetin', 'Isabelle Domaizon', 'Stéphan Jacquet', 'Laurent Espinat', 'Clémentine Gallot', 'Serena Rasconi']",[],dataset-rdg,https://doi.org/10.15454/T3VCB0,[''],"['Viet Tran-Khac', 'Isabelle Domaizon']",Viet Tran-Khac,DEEP-C,1,2020
Recherche Data Gouv,In situ pelagic dataset from continuous monitoring: a mesocosm experiment in Lake Geneva (MESOLAC),doi:10.15454/T3VCB0,Data INRAE,inrae://10.15454/T3VCB0,2019-12-19T09:14:38Z,2020-12-09 15:12:57+00:00,,"['Earth and Environmental Sciences', 'Other']","['Tran-Khac, Viet', 'Quetin, Philippe', 'Domaizon, Isabelle', 'Jacquet, Stéphan', 'Espinat, Laurent', 'Gallot, Clémentine', 'Rasconi, Serena', 'Viet Tran-Khac', 'Philippe Quetin', 'Isabelle Domaizon', 'Stéphan Jacquet', 'Laurent Espinat', 'Clémentine Gallot', 'Serena Rasconi']",[],dataset-rdg,https://doi.org/10.15454/T3VCB0,[''],"['Viet Tran-Khac', 'Isabelle Domaizon']",Isabelle Domaizon,DEEP-C,1,2020
Recherche Data Gouv,Protocols for phytoplankton metabarcoding,doi:10.57745/MK1DGI,Data INRAE,inrae://10.57745/MK1DGI,2024-01-15T12:50:28Z,2024-01-16 07:09:11+00:00,,['Earth and Environmental Sciences'],"['Alric, Benjamin', 'Canino, Alexis', 'Laplace-Treyture, Christophe', 'Domaizon, Isabelle', 'Rimet, Frédéric', 'Benjamin Alric', 'Alexis Canino', 'Christophe Laplace-Treyture', 'Isabelle Domaizon', 'Frédéric Rimet']",[],dataset-rdg,https://doi.org/10.57745/MK1DGI,[''],['Isabelle Domaizon'],Isabelle Domaizon,DEEP-C,1,2024
Recherche Data Gouv,Replication Data for: Nutrition Transition and the Structure of Global Food Demand,doi:10.15454/9DZLRA,Data INRAE,inrae://10.15454/9DZLRA,2018-03-26T17:45:10Z,2022-12-15 09:28:58+00:00,,"['Agricultural Sciences', 'Social Sciences']","['Gouel, Christophe', 'Guimbard, Houssein', 'Christophe Gouel', 'Houssein Guimbard']",[],dataset-rdg,https://doi.org/10.15454/9DZLRA,[''],['Christophe Gouel'],Christophe Gouel,PREFALIM,1,2022
Recherche Data Gouv,AqYield-NC model documentation : Extension of the AqYield soil-crop model for simulating microbial processes involved in soil nitrogen and carbon fluxes in the MAELIA platform,doi:10.15454/P0D3I5,Data INRAE,inrae://10.15454/P0D3I5,2021-12-22T13:19:47Z,2022-01-27 13:36:45+00:00,,"['Earth and Environmental Sciences', 'Agricultural Sciences']","['Clivot, Hugues', 'Misslin, Renaud', 'Constantin, Julie', 'Tribouillois, Hélène', 'Levavasseur, Florent', 'Houot, Sabine', 'Villerd, Jean', 'Therond, Olivier', 'Hugues Clivot', 'Renaud Misslin', 'Julie Constantin', 'Hélène Tribouillois', 'Florent Levavasseur', 'Sabine Houot', 'Jean Villerd', 'Olivier Therond']",[],dataset-rdg,https://doi.org/10.15454/P0D3I5,[''],"['Hugues Clivot', 'Julie Constantin']",Hugues Clivot,CANETE,1,2022
Recherche Data Gouv,AqYield-NC model documentation : Extension of the AqYield soil-crop model for simulating microbial processes involved in soil nitrogen and carbon fluxes in the MAELIA platform,doi:10.15454/P0D3I5,Data INRAE,inrae://10.15454/P0D3I5,2021-12-22T13:19:47Z,2022-01-27 13:36:45+00:00,,"['Earth and Environmental Sciences', 'Agricultural Sciences']","['Clivot, Hugues', 'Misslin, Renaud', 'Constantin, Julie', 'Tribouillois, Hélène', 'Levavasseur, Florent', 'Houot, Sabine', 'Villerd, Jean', 'Therond, Olivier', 'Hugues Clivot', 'Renaud Misslin', 'Julie Constantin', 'Hélène Tribouillois', 'Florent Levavasseur', 'Sabine Houot', 'Jean Villerd', 'Olivier Therond']",[],dataset-rdg,https://doi.org/10.15454/P0D3I5,[''],"['Hugues Clivot', 'Julie Constantin']",Hugues Clivot,SLAM-B,1,2022
Recherche Data Gouv,AqYield-NC model documentation : Extension of the AqYield soil-crop model for simulating microbial processes involved in soil nitrogen and carbon fluxes in the MAELIA platform,doi:10.15454/P0D3I5,Data INRAE,inrae://10.15454/P0D3I5,2021-12-22T13:19:47Z,2022-01-27 13:36:45+00:00,,"['Earth and Environmental Sciences', 'Agricultural Sciences']","['Clivot, Hugues', 'Misslin, Renaud', 'Constantin, Julie', 'Tribouillois, Hélène', 'Levavasseur, Florent', 'Houot, Sabine', 'Villerd, Jean', 'Therond, Olivier', 'Hugues Clivot', 'Renaud Misslin', 'Julie Constantin', 'Hélène Tribouillois', 'Florent Levavasseur', 'Sabine Houot', 'Jean Villerd', 'Olivier Therond']",[],dataset-rdg,https://doi.org/10.15454/P0D3I5,[''],"['Hugues Clivot', 'Julie Constantin']",Julie Constantin,SLAM-B,1,2022
Recherche Data Gouv,PFOS and PFOA concentrations in freshwater gammarids (caged) and wild fish from 15 continental sites (2018),doi:10.15454/LKZJR4,Experimental - Observation - Simulation,inrae://10.15454/LKZJR4,2020-07-14T09:11:10Z,2020-10-02 13:22:03+00:00,,['Other'],"['Miege, Cécile', 'Assoumani, Azziz', 'Lestremau, François', 'Boutet, Pierre', 'Recoura-Massaquant, Rémi', 'Jubeaux, Guillaume', 'Babut, Marc', 'Cécile Miege', 'Azziz Assoumani', 'François Lestremau', 'Pierre Boutet', 'Rémi Recoura-Massaquant', 'Guillaume Jubeaux', 'Marc Babut']",[],dataset-rdg,https://doi.org/10.15454/LKZJR4,[''],['Pierre Boutet'],Pierre Boutet,RhizoSeqC,1,2020
Recherche Data Gouv,"Effects of boreal ground layer shrubs and bryophytes on the diversity, biomass and composition of lichen communities across contrasting ecosystems",doi:10.57745/L8JRDH,Experimental - Observation - Simulation,inrae://10.57745/L8JRDH,2024-05-22T11:34:45Z,2025-01-29 11:47:12+00:00,['lichen'],['Earth and Environmental Sciences'],"['Fanin, Nicolas', 'Johan Asplund', 'Michael J. Gundale', 'Paul Kardol', 'Marie- Charlotte Nilsson', 'David A. Wardle', 'Nicolas Fanin', 'Asplund Johan', 'J. Gundale Michael', 'Kardol Paul', 'Charlotte Nilsson Marie-', 'A. Wardle David']",[],dataset-rdg,https://doi.org/10.57745/L8JRDH,[''],['Nicolas Fanin'],Nicolas Fanin,CANETE,1,2025
Recherche Data Gouv,The effects of earthworm species on organic matter transformations and soil microbial communities are only partially related to their bioturbation activity,doi:10.57745/KAMGHR,Experimental - Observation - Simulation,inrae://10.57745/KAMGHR,2024-05-24T17:49:13Z,2024-10-31 09:02:57+00:00,"['Soil', 'Decomposition', 'Earthworm', 'mineralization', 'Carbon', 'Nitrogen']","['Agricultural Sciences', 'Earth and Environmental Sciences']","['Lashermes, Gwenaëlle', 'Vion-Guibert, Luna', 'Capowiez, Yvan', 'Alavoine, Gonzague', 'Delfosse, Olivier', 'Hedde, Mickaël', 'Marsden, Claire', 'Gwenaëlle Lashermes', 'Luna Vion-Guibert', 'Yvan Capowiez', 'Gonzague Alavoine', 'Olivier Delfosse', 'Mickaël Hedde', 'Claire Marsden']",['https://www.sciencedirect.com/science/article/pii/S0038071724002955?via%3Dihub'],dataset-rdg,https://doi.org/10.57745/KAMGHR,['science/article/pii/S0038071724002955?via%3Dihub'],"['Gwenaëlle Lashermes', 'Gonzague Alavoine', 'Olivier Delfosse']",Gwenaëlle Lashermes,ALAMOD,1,2024
Recherche Data Gouv,The effects of earthworm species on organic matter transformations and soil microbial communities are only partially related to their bioturbation activity,doi:10.57745/KAMGHR,Experimental - Observation - Simulation,inrae://10.57745/KAMGHR,2024-05-24T17:49:13Z,2024-10-31 09:02:57+00:00,"['Soil', 'Decomposition', 'Earthworm', 'mineralization', 'Carbon', 'Nitrogen']","['Agricultural Sciences', 'Earth and Environmental Sciences']","['Lashermes, Gwenaëlle', 'Vion-Guibert, Luna', 'Capowiez, Yvan', 'Alavoine, Gonzague', 'Delfosse, Olivier', 'Hedde, Mickaël', 'Marsden, Claire', 'Gwenaëlle Lashermes', 'Luna Vion-Guibert', 'Yvan Capowiez', 'Gonzague Alavoine', 'Olivier Delfosse', 'Mickaël Hedde', 'Claire Marsden']",['https://www.sciencedirect.com/science/article/pii/S0038071724002955?via%3Dihub'],dataset-rdg,https://doi.org/10.57745/KAMGHR,['science/article/pii/S0038071724002955?via%3Dihub'],"['Gwenaëlle Lashermes', 'Gonzague Alavoine', 'Olivier Delfosse']",Gwenaëlle Lashermes,CANETE,1,2024
Recherche Data Gouv,The effects of earthworm species on organic matter transformations and soil microbial communities are only partially related to their bioturbation activity,doi:10.57745/KAMGHR,Experimental - Observation - Simulation,inrae://10.57745/KAMGHR,2024-05-24T17:49:13Z,2024-10-31 09:02:57+00:00,"['Soil', 'Decomposition', 'Earthworm', 'mineralization', 'Carbon', 'Nitrogen']","['Agricultural Sciences', 'Earth and Environmental Sciences']","['Lashermes, Gwenaëlle', 'Vion-Guibert, Luna', 'Capowiez, Yvan', 'Alavoine, Gonzague', 'Delfosse, Olivier', 'Hedde, Mickaël', 'Marsden, Claire', 'Gwenaëlle Lashermes', 'Luna Vion-Guibert', 'Yvan Capowiez', 'Gonzague Alavoine', 'Olivier Delfosse', 'Mickaël Hedde', 'Claire Marsden']",['https://www.sciencedirect.com/science/article/pii/S0038071724002955?via%3Dihub'],dataset-rdg,https://doi.org/10.57745/KAMGHR,['science/article/pii/S0038071724002955?via%3Dihub'],"['Gwenaëlle Lashermes', 'Gonzague Alavoine', 'Olivier Delfosse']",Gonzague Alavoine,CANETE,1,2024
Recherche Data Gouv,The effects of earthworm species on organic matter transformations and soil microbial communities are only partially related to their bioturbation activity,doi:10.57745/KAMGHR,Experimental - Observation - Simulation,inrae://10.57745/KAMGHR,2024-05-24T17:49:13Z,2024-10-31 09:02:57+00:00,"['Soil', 'Decomposition', 'Earthworm', 'mineralization', 'Carbon', 'Nitrogen']","['Agricultural Sciences', 'Earth and Environmental Sciences']","['Lashermes, Gwenaëlle', 'Vion-Guibert, Luna', 'Capowiez, Yvan', 'Alavoine, Gonzague', 'Delfosse, Olivier', 'Hedde, Mickaël', 'Marsden, Claire', 'Gwenaëlle Lashermes', 'Luna Vion-Guibert', 'Yvan Capowiez', 'Gonzague Alavoine', 'Olivier Delfosse', 'Mickaël Hedde', 'Claire Marsden']",['https://www.sciencedirect.com/science/article/pii/S0038071724002955?via%3Dihub'],dataset-rdg,https://doi.org/10.57745/KAMGHR,['science/article/pii/S0038071724002955?via%3Dihub'],"['Gwenaëlle Lashermes', 'Gonzague Alavoine', 'Olivier Delfosse']",Olivier Delfosse,CANETE,1,2024
Recherche Data Gouv,Stakeholder's perceptions of soil in France,doi:10.57745/MABFAU,EJP SOIL WP2,inrae://10.57745/MABFAU,2024-08-27T10:23:54Z,2025-07-04 18:11:27+00:00,"['soil', 'agricultural soil', 'knowledge transfer', 'stakeholder perception']",['Agricultural Sciences'],"['MASON, Eloïse', 'CORNU, Sophie', 'CHENU, Claire', 'Eloïse Mason', 'Sophie Cornu', 'Claire Chenu']",['https://doi.org/10.1016/j.geodrs.2023.e00716'],dataset-rdg,https://doi.org/10.57745/MABFAU,['10.1016/j.geodrs.2023.e00716'],['Claire Chenu'],Claire Chenu,ALAMOD,1,2025
Recherche Data Gouv,Datasets and scripts about interactive effects of functional traits and site properties on tree growth,doi:10.57745/3OIGHB,Data INRAE,inrae://10.57745/3OIGHB,2023-11-26T11:05:38Z,2025-01-02 10:33:34+00:00,"['tree growth', 'functional trait']",['Earth and Environmental Sciences'],"['Augusto, Laurent', 'Laurent Augusto']",[],dataset-rdg,https://doi.org/10.57745/3OIGHB,[''],['Laurent Augusto'],Laurent Augusto,CANETE,1,2025
Recherche Data Gouv,Optimization of nitrogen management and greenhouse gas balance in agroecological cropping systems in a climate change context : global dataset,doi:10.57745/HQCBES,Data INRAE,inrae://10.57745/HQCBES,2024-12-04T10:22:42Z,2024-12-04 10:26:28+00:00,"['cover plant', 'cover crop', 'climate change', 'modelling', 'modeling chain', 'N2O emission', 'maize', 'nitrate lixiviation', 'nitrogen']",['Agricultural Sciences'],"['Willaume, Magali', 'Raynal, Hélène', 'Bergez, Jacques-Eric', 'Constantin, Julie', 'Magali Willaume', 'Hélène Raynal', 'Jacques-Eric Bergez', 'Julie Constantin']",['https://www.sciencedirect.com/science/article/pii/S0308521X24003329?via%3Dihub'],dataset-rdg,https://doi.org/10.57745/HQCBES,['science/article/pii/S0308521X24003329?via%3Dihub'],"['Hélène Raynal', 'Julie Constantin']",Hélène Raynal,SLAM-B,1,2024
Recherche Data Gouv,Optimization of nitrogen management and greenhouse gas balance in agroecological cropping systems in a climate change context : global dataset,doi:10.57745/HQCBES,Data INRAE,inrae://10.57745/HQCBES,2024-12-04T10:22:42Z,2024-12-04 10:26:28+00:00,"['cover plant', 'cover crop', 'climate change', 'modelling', 'modeling chain', 'N2O emission', 'maize', 'nitrate lixiviation', 'nitrogen']",['Agricultural Sciences'],"['Willaume, Magali', 'Raynal, Hélène', 'Bergez, Jacques-Eric', 'Constantin, Julie', 'Magali Willaume', 'Hélène Raynal', 'Jacques-Eric Bergez', 'Julie Constantin']",['https://www.sciencedirect.com/science/article/pii/S0308521X24003329?via%3Dihub'],dataset-rdg,https://doi.org/10.57745/HQCBES,['science/article/pii/S0308521X24003329?via%3Dihub'],"['Hélène Raynal', 'Julie Constantin']",Julie Constantin,SLAM-B,1,2024
Recherche Data Gouv,A requirement-driven approach to design food packaging: a new decision support system relying on structured database,doi:10.57745/MEBZF0,ePoP,inrae://10.57745/MEBZF0,2025-02-10T08:13:47Z,2025-06-25 15:18:33+00:00,['packaging'],"['Agricultural Sciences', 'Computer and Information Science', 'Engineering']","['Pigneres, Emma', 'Guillard, Valérie', 'Coffigniez, Fanny', 'Buche, Patrice', 'Emma Pigneres', 'Valérie Guillard', 'Fanny Coffigniez', 'Patrice Buche']",[],dataset-rdg,https://doi.org/10.57745/MEBZF0,[''],['Patrice Buche'],Patrice Buche,SLAM-B,1,2025
Recherche Data Gouv,Data for: Decomposition and N2O emissions of nine crop residues incubated under controlled conditions in two soils,doi:10.15454/8ASYPC,Experimental - Observation - Simulation,inrae://10.15454/8ASYPC,2021-09-14T11:46:26Z,2022-02-21 16:09:09+00:00,['Decomposition; Greenhouse gas; Litter; Nitrous oxide; Nitrogen; Soil'],"['Earth and Environmental Sciences', 'Agricultural Sciences']","['Lashermes, Gwenaëlle', 'Recous, Sylvie', 'Gonzague, Alavoine', 'Janz, Baldur', 'Butterbach-Bahl, Klaus', 'Ernfors, Maria', 'Laville, Patricia', 'Gwenaëlle Lashermes', 'Sylvie Recous', 'Alavoine Gonzague', 'Baldur Janz', 'Klaus Butterbach-Bahl', 'Maria Ernfors', 'Patricia Laville']",['https://doi.org/10.1016/j.scitotenv.2021.150883'],dataset-rdg,https://doi.org/10.15454/8ASYPC,['10.1016/j.scitotenv.2021.150883'],['Gwenaëlle Lashermes'],Gwenaëlle Lashermes,ALAMOD,1,2022
Recherche Data Gouv,Data for: Decomposition and N2O emissions of nine crop residues incubated under controlled conditions in two soils,doi:10.15454/8ASYPC,Experimental - Observation - Simulation,inrae://10.15454/8ASYPC,2021-09-14T11:46:26Z,2022-02-21 16:09:09+00:00,['Decomposition; Greenhouse gas; Litter; Nitrous oxide; Nitrogen; Soil'],"['Earth and Environmental Sciences', 'Agricultural Sciences']","['Lashermes, Gwenaëlle', 'Recous, Sylvie', 'Gonzague, Alavoine', 'Janz, Baldur', 'Butterbach-Bahl, Klaus', 'Ernfors, Maria', 'Laville, Patricia', 'Gwenaëlle Lashermes', 'Sylvie Recous', 'Alavoine Gonzague', 'Baldur Janz', 'Klaus Butterbach-Bahl', 'Maria Ernfors', 'Patricia Laville']",['https://doi.org/10.1016/j.scitotenv.2021.150883'],dataset-rdg,https://doi.org/10.15454/8ASYPC,['10.1016/j.scitotenv.2021.150883'],['Gwenaëlle Lashermes'],Gwenaëlle Lashermes,CANETE,1,2022
Recherche Data Gouv,Fish eDNA metabarcoding from aquatic biofilm samples: methodological aspects - Fish reference barcoding library,doi:10.15454/AU8EZI,Data INRAE,inrae://10.15454/AU8EZI,2021-11-29T13:22:33Z,2021-11-29 13:23:03+00:00,,['Earth and Environmental Sciences'],"['RIVERA, Sinziana', 'RIMET, Frédéric', 'VASSELON, Valentin', 'VAUTIER, Marine', 'DOMAIZON, Isabelle', 'BOUCHEZ, Agnès', 'Sinziana Rivera', 'Frédéric Rimet', 'Valentin Vasselon', 'Marine Vautier', 'Isabelle Domaizon', 'Agnès Bouchez']",[],dataset-rdg,https://doi.org/10.15454/AU8EZI,[''],['Isabelle Domaizon'],Isabelle Domaizon,DEEP-C,1,2021
Recherche Data Gouv,"Assessment of a Food Consumption DataBase enrichment method using Ciqual, USDA and FoodOn",doi:10.15454/4XIBS9,Vocabulaires Ouverts,inrae://10.15454/4XIBS9,2020-07-09T13:46:41Z,2025-05-12 14:03:28+00:00,"['food composition', 'USDA', 'ANSES', 'ontology engineering', 'ontology alignment', 'LanguAL', 'FoodON', 'incompleteness management', 'food composition table']",['Agricultural Sciences'],"['Buche, Patrice', 'Cufi, Julien', 'Oudot, Alrick', 'Weber, Magalie', 'Patrice Buche', 'Julien Cufi', 'Alrick Oudot', 'Magalie Weber']",['https://hal.science/hal-03372310v1'],dataset-rdg,https://doi.org/10.15454/4XIBS9,['hal-03372310v1'],['Patrice Buche'],Patrice Buche,SLAM-B,1,2025
Recherche Data Gouv,Soil organic carbon mineralization in response to changes in soil moisture and temperatures increasing in two long-term experiments in France,doi:10.57745/XPCAOG,UMR_ECOSYS Dataverse,inrae://10.57745/XPCAOG,2023-11-14T09:39:18Z,2025-05-26 12:32:03+00:00,['organic matter'],"['Agricultural Sciences', 'Earth and Environmental Sciences']","['Kpemoua, Tchodjowiè P.I.', 'Leclerc, Sarah', 'Barré, Pierre', 'Houot, Sabine', 'Pouteau, Valérie', 'Plessis, Cédric', 'Chenu, Claire', 'Tchodjowiè P.I. Kpemoua', 'Sarah Leclerc', 'Pierre Barré', 'Sabine Houot', 'Valérie Pouteau', 'Cédric Plessis', 'Claire Chenu']",['https://www-sciencedirect-com.ezproxy.universite-paris-saclay.fr/science/article/pii/S0038071723001050?via%3Dihub'],dataset-rdg,https://doi.org/10.57745/XPCAOG,['science/article/pii/S0038071723001050?via%3Dihub'],"['Pierre Barré', 'Claire Chenu']",Pierre Barré,ALAMOD,1,2025
Recherche Data Gouv,Soil organic carbon mineralization in response to changes in soil moisture and temperatures increasing in two long-term experiments in France,doi:10.57745/XPCAOG,UMR_ECOSYS Dataverse,inrae://10.57745/XPCAOG,2023-11-14T09:39:18Z,2025-05-26 12:32:03+00:00,['organic matter'],"['Agricultural Sciences', 'Earth and Environmental Sciences']","['Kpemoua, Tchodjowiè P.I.', 'Leclerc, Sarah', 'Barré, Pierre', 'Houot, Sabine', 'Pouteau, Valérie', 'Plessis, Cédric', 'Chenu, Claire', 'Tchodjowiè P.I. Kpemoua', 'Sarah Leclerc', 'Pierre Barré', 'Sabine Houot', 'Valérie Pouteau', 'Cédric Plessis', 'Claire Chenu']",['https://www-sciencedirect-com.ezproxy.universite-paris-saclay.fr/science/article/pii/S0038071723001050?via%3Dihub'],dataset-rdg,https://doi.org/10.57745/XPCAOG,['science/article/pii/S0038071723001050?via%3Dihub'],"['Pierre Barré', 'Claire Chenu']",Claire Chenu,ALAMOD,1,2025
Recherche Data Gouv,Food packaging transparency preferences,doi:10.57745/UHZKCC,Knowledge engineer group,inrae://10.57745/UHZKCC,2025-07-08T09:07:28Z,2025-07-15 10:22:31+00:00,,['Engineering'],"['Buche, Patrice', 'Patrice Buche']",[],dataset-rdg,https://doi.org/10.57745/UHZKCC,[''],['Patrice Buche'],Patrice Buche,SLAM-B,1,2025
Recherche Data Gouv,Agricultural digestates - database of physico-chemical properties and process informations,doi:10.57745/M1JSU5,"Ferti-Dig ""use of agricultural digestates""",inrae://10.57745/M1JSU5,2023-05-22T13:26:10Z,2025-07-30 07:42:45+00:00,"['digestate', 'physicochemical property', 'process']","['Earth and Environmental Sciences', 'Agricultural Sciences']","['Michaud, Aurélia', 'Caradec, Lucille', 'Moreira, Mariana', 'Jimenez, Julie', 'Aurélia Michaud', 'Lucille Caradec', 'Mariana Moreira', 'Julie Jimenez']",[],dataset-rdg,https://doi.org/10.57745/M1JSU5,[''],['Julie Jimenez'],Julie Jimenez,SLAM-B,1,2025
Recherche Data Gouv,Agriloop Delphi interviews: Annotated expert insights on agricultural waste valorization,doi:10.57745/91BXIY,AgriLoop WP1 dataverse,inrae://10.57745/91BXIY,2024-10-28T13:10:48Z,2025-08-04 08:46:06+00:00,"['agro-waste', 'valorisation pathways', 'bioeconomy', 'PHA', 'microbial', 'Delphi', 'interviews']","['Agricultural Sciences', 'Business and Management', 'Computer and Information Science', 'Other']","['Koptelov, Maksim', 'Linck, Jan', 'Bisquert, Pierre', 'Buche, Patrice', 'Roche, Mathieu', 'Maksim Koptelov', 'Jan Linck', 'Pierre Bisquert', 'Patrice Buche', 'Mathieu Roche']",[],dataset-rdg,https://doi.org/10.57745/91BXIY,[''],['Patrice Buche'],Patrice Buche,SLAM-B,1,2025
Recherche Data Gouv,A database of long-term experiments on soil organic carbon dynamics in the Global South,doi:10.57745/81Y4IG,Data INRAE,inrae://10.57745/81Y4IG,2025-08-07T08:53:28Z,2025-08-07 09:30:13+00:00,,['Agricultural Sciences'],"['Kpemoua, Tchodjowiè P.I.', 'Houssoukpevi Issiakou A.', 'Fujisaki Kenji', 'Versini Antoine', 'Barré Pierre', 'Chevallier Tiphaine', 'Le Noë Julia', 'Tchodjowiè P.I. Kpemoua', 'Issiakou A. Houssoukpevi', 'Kenji Fujisaki', 'Antoine Versini', 'Pierre Barré', 'Tiphaine Chevallier', 'Noë Julia Le']",[],dataset-rdg,https://doi.org/10.57745/81Y4IG,[''],"['Kenji Fujisaki', 'Antoine Versini', 'Pierre Barré', 'Tiphaine Chevallier']",Kenji Fujisaki,ALAMOD,1,2025
Recherche Data Gouv,A database of long-term experiments on soil organic carbon dynamics in the Global South,doi:10.57745/81Y4IG,Data INRAE,inrae://10.57745/81Y4IG,2025-08-07T08:53:28Z,2025-08-07 09:30:13+00:00,,['Agricultural Sciences'],"['Kpemoua, Tchodjowiè P.I.', 'Houssoukpevi Issiakou A.', 'Fujisaki Kenji', 'Versini Antoine', 'Barré Pierre', 'Chevallier Tiphaine', 'Le Noë Julia', 'Tchodjowiè P.I. Kpemoua', 'Issiakou A. Houssoukpevi', 'Kenji Fujisaki', 'Antoine Versini', 'Pierre Barré', 'Tiphaine Chevallier', 'Noë Julia Le']",[],dataset-rdg,https://doi.org/10.57745/81Y4IG,[''],"['Kenji Fujisaki', 'Antoine Versini', 'Pierre Barré', 'Tiphaine Chevallier']",Antoine Versini,ALAMOD,1,2025
Recherche Data Gouv,A database of long-term experiments on soil organic carbon dynamics in the Global South,doi:10.57745/81Y4IG,Data INRAE,inrae://10.57745/81Y4IG,2025-08-07T08:53:28Z,2025-08-07 09:30:13+00:00,,['Agricultural Sciences'],"['Kpemoua, Tchodjowiè P.I.', 'Houssoukpevi Issiakou A.', 'Fujisaki Kenji', 'Versini Antoine', 'Barré Pierre', 'Chevallier Tiphaine', 'Le Noë Julia', 'Tchodjowiè P.I. Kpemoua', 'Issiakou A. Houssoukpevi', 'Kenji Fujisaki', 'Antoine Versini', 'Pierre Barré', 'Tiphaine Chevallier', 'Noë Julia Le']",[],dataset-rdg,https://doi.org/10.57745/81Y4IG,[''],"['Kenji Fujisaki', 'Antoine Versini', 'Pierre Barré', 'Tiphaine Chevallier']",Pierre Barré,ALAMOD,1,2025
Recherche Data Gouv,A database of long-term experiments on soil organic carbon dynamics in the Global South,doi:10.57745/81Y4IG,Data INRAE,inrae://10.57745/81Y4IG,2025-08-07T08:53:28Z,2025-08-07 09:30:13+00:00,,['Agricultural Sciences'],"['Kpemoua, Tchodjowiè P.I.', 'Houssoukpevi Issiakou A.', 'Fujisaki Kenji', 'Versini Antoine', 'Barré Pierre', 'Chevallier Tiphaine', 'Le Noë Julia', 'Tchodjowiè P.I. Kpemoua', 'Issiakou A. Houssoukpevi', 'Kenji Fujisaki', 'Antoine Versini', 'Pierre Barré', 'Tiphaine Chevallier', 'Noë Julia Le']",[],dataset-rdg,https://doi.org/10.57745/81Y4IG,[''],"['Kenji Fujisaki', 'Antoine Versini', 'Pierre Barré', 'Tiphaine Chevallier']",Tiphaine Chevallier,ALAMOD,1,2025
Recherche Data Gouv,Source codes associated with an aligment method which permits to align food sources using LanguaL as background knowledge,doi:10.15454/KYZAW5,Vocabulaires Ouverts,inrae://10.15454/KYZAW5,2019-09-29T09:40:14Z,2025-08-11 06:50:19+00:00,,['Agricultural Sciences'],"['Buche, Patrice', 'Patrice Buche']",[],dataset-rdg,https://doi.org/10.15454/KYZAW5,[''],['Patrice Buche'],Patrice Buche,SLAM-B,1,2025
Recherche Data Gouv,"Simulated daily water oxygen time series data (full water profile) for lake Geneva over the period 1850-2100, based on IPCC ssp126, ssp370 and ssp585 scenarios.",doi:10.57745/L4RABJ,CARRTEL Dataverse ,inrae://10.57745/L4RABJ,2024-08-09T08:07:42Z,2024-08-09 11:31:13+00:00,"['Dissolved oxygen', 'Lake Geneva', 'Model simulations']",['Earth and Environmental Sciences'],"['Soares, Laura M. V.', 'Desgué-Itier, Olivia', 'Barouillet, Cécilia', 'Casenave, Céline', 'Domaizon, Isabelle', 'Frossard, Victor', 'Hairston Jr., Nelson G', 'Lami, Andrea', 'Lemaire, Bruno J.', 'Saulnier, Georges-Marie', 'Soulignac, Frédéric', 'Vinçon-Leite, Brigitte', 'Jenny, Jean-Philippe', 'Laura M. V. Soares', 'Olivia Desgué-Itier', 'Cécilia Barouillet', 'Céline Casenave', 'Isabelle Domaizon', 'Victor Frossard', 'Nelson G Hairston Jr.', 'Andrea Lami', 'Bruno J. Lemaire', 'Georges-Marie Saulnier', 'Frédéric Soulignac', 'Brigitte Vinçon-Leite', 'Jean-Philippe Jenny']",[],dataset-rdg,https://doi.org/10.57745/L4RABJ,[''],"['Olivia Desgué-Itier', 'Isabelle Domaizon', 'Georges-Marie Saulnier', 'Jean-Philippe Jenny']",Olivia Desgué-Itier,DEEP-C,1,2024
Recherche Data Gouv,"Simulated daily water oxygen time series data (full water profile) for lake Geneva over the period 1850-2100, based on IPCC ssp126, ssp370 and ssp585 scenarios.",doi:10.57745/L4RABJ,CARRTEL Dataverse ,inrae://10.57745/L4RABJ,2024-08-09T08:07:42Z,2024-08-09 11:31:13+00:00,"['Dissolved oxygen', 'Lake Geneva', 'Model simulations']",['Earth and Environmental Sciences'],"['Soares, Laura M. V.', 'Desgué-Itier, Olivia', 'Barouillet, Cécilia', 'Casenave, Céline', 'Domaizon, Isabelle', 'Frossard, Victor', 'Hairston Jr., Nelson G', 'Lami, Andrea', 'Lemaire, Bruno J.', 'Saulnier, Georges-Marie', 'Soulignac, Frédéric', 'Vinçon-Leite, Brigitte', 'Jenny, Jean-Philippe', 'Laura M. V. Soares', 'Olivia Desgué-Itier', 'Cécilia Barouillet', 'Céline Casenave', 'Isabelle Domaizon', 'Victor Frossard', 'Nelson G Hairston Jr.', 'Andrea Lami', 'Bruno J. Lemaire', 'Georges-Marie Saulnier', 'Frédéric Soulignac', 'Brigitte Vinçon-Leite', 'Jean-Philippe Jenny']",[],dataset-rdg,https://doi.org/10.57745/L4RABJ,[''],"['Olivia Desgué-Itier', 'Isabelle Domaizon', 'Georges-Marie Saulnier', 'Jean-Philippe Jenny']",Isabelle Domaizon,DEEP-C,1,2024
Recherche Data Gouv,"Simulated daily water oxygen time series data (full water profile) for lake Geneva over the period 1850-2100, based on IPCC ssp126, ssp370 and ssp585 scenarios.",doi:10.57745/L4RABJ,CARRTEL Dataverse ,inrae://10.57745/L4RABJ,2024-08-09T08:07:42Z,2024-08-09 11:31:13+00:00,"['Dissolved oxygen', 'Lake Geneva', 'Model simulations']",['Earth and Environmental Sciences'],"['Soares, Laura M. V.', 'Desgué-Itier, Olivia', 'Barouillet, Cécilia', 'Casenave, Céline', 'Domaizon, Isabelle', 'Frossard, Victor', 'Hairston Jr., Nelson G', 'Lami, Andrea', 'Lemaire, Bruno J.', 'Saulnier, Georges-Marie', 'Soulignac, Frédéric', 'Vinçon-Leite, Brigitte', 'Jenny, Jean-Philippe', 'Laura M. V. Soares', 'Olivia Desgué-Itier', 'Cécilia Barouillet', 'Céline Casenave', 'Isabelle Domaizon', 'Victor Frossard', 'Nelson G Hairston Jr.', 'Andrea Lami', 'Bruno J. Lemaire', 'Georges-Marie Saulnier', 'Frédéric Soulignac', 'Brigitte Vinçon-Leite', 'Jean-Philippe Jenny']",[],dataset-rdg,https://doi.org/10.57745/L4RABJ,[''],"['Olivia Desgué-Itier', 'Isabelle Domaizon', 'Georges-Marie Saulnier', 'Jean-Philippe Jenny']",Georges-Marie Saulnier,DEEP-C,1,2024
Recherche Data Gouv,"Simulated daily water oxygen time series data (full water profile) for lake Geneva over the period 1850-2100, based on IPCC ssp126, ssp370 and ssp585 scenarios.",doi:10.57745/L4RABJ,CARRTEL Dataverse ,inrae://10.57745/L4RABJ,2024-08-09T08:07:42Z,2024-08-09 11:31:13+00:00,"['Dissolved oxygen', 'Lake Geneva', 'Model simulations']",['Earth and Environmental Sciences'],"['Soares, Laura M. V.', 'Desgué-Itier, Olivia', 'Barouillet, Cécilia', 'Casenave, Céline', 'Domaizon, Isabelle', 'Frossard, Victor', 'Hairston Jr., Nelson G', 'Lami, Andrea', 'Lemaire, Bruno J.', 'Saulnier, Georges-Marie', 'Soulignac, Frédéric', 'Vinçon-Leite, Brigitte', 'Jenny, Jean-Philippe', 'Laura M. V. Soares', 'Olivia Desgué-Itier', 'Cécilia Barouillet', 'Céline Casenave', 'Isabelle Domaizon', 'Victor Frossard', 'Nelson G Hairston Jr.', 'Andrea Lami', 'Bruno J. Lemaire', 'Georges-Marie Saulnier', 'Frédéric Soulignac', 'Brigitte Vinçon-Leite', 'Jean-Philippe Jenny']",[],dataset-rdg,https://doi.org/10.57745/L4RABJ,[''],"['Olivia Desgué-Itier', 'Isabelle Domaizon', 'Georges-Marie Saulnier', 'Jean-Philippe Jenny']",Jean-Philippe Jenny,DEEP-C,1,2024
Recherche Data Gouv,Physico-chemical dataset from an in situ mesocosm experiment simulating extreme climate events in Lake Geneva (MESOLAC),doi:10.15454/PCOPYW,CARRTEL Dataverse ,inrae://10.15454/PCOPYW,2020-12-08T08:25:27Z,2020-12-09 16:51:00+00:00,,['Earth and Environmental Sciences'],"['Tran-Khac, Viet', 'Perney, Pascal', 'Crépin, Laura', 'Quetin, Philippe', 'Domaizon, Isabelle', 'Jacquet, Stéphan', 'Espinat, Laurent', 'Gallot, Clémentine', 'Rasconi, Serena', 'Viet Tran-Khac', 'Pascal Perney', 'Laura Crépin', 'Philippe Quetin', 'Isabelle Domaizon', 'Stéphan Jacquet', 'Laurent Espinat', 'Clémentine Gallot', 'Serena Rasconi']",[],dataset-rdg,https://doi.org/10.15454/PCOPYW,[''],"['Viet Tran-Khac', 'Isabelle Domaizon']",Viet Tran-Khac,CarboNium,1,2020
Recherche Data Gouv,Physico-chemical dataset from an in situ mesocosm experiment simulating extreme climate events in Lake Geneva (MESOLAC),doi:10.15454/PCOPYW,CARRTEL Dataverse ,inrae://10.15454/PCOPYW,2020-12-08T08:25:27Z,2020-12-09 16:51:00+00:00,,['Earth and Environmental Sciences'],"['Tran-Khac, Viet', 'Perney, Pascal', 'Crépin, Laura', 'Quetin, Philippe', 'Domaizon, Isabelle', 'Jacquet, Stéphan', 'Espinat, Laurent', 'Gallot, Clémentine', 'Rasconi, Serena', 'Viet Tran-Khac', 'Pascal Perney', 'Laura Crépin', 'Philippe Quetin', 'Isabelle Domaizon', 'Stéphan Jacquet', 'Laurent Espinat', 'Clémentine Gallot', 'Serena Rasconi']",[],dataset-rdg,https://doi.org/10.15454/PCOPYW,[''],"['Viet Tran-Khac', 'Isabelle Domaizon']",Viet Tran-Khac,DEEP-C,1,2020
Recherche Data Gouv,Physico-chemical dataset from an in situ mesocosm experiment simulating extreme climate events in Lake Geneva (MESOLAC),doi:10.15454/PCOPYW,CARRTEL Dataverse ,inrae://10.15454/PCOPYW,2020-12-08T08:25:27Z,2020-12-09 16:51:00+00:00,,['Earth and Environmental Sciences'],"['Tran-Khac, Viet', 'Perney, Pascal', 'Crépin, Laura', 'Quetin, Philippe', 'Domaizon, Isabelle', 'Jacquet, Stéphan', 'Espinat, Laurent', 'Gallot, Clémentine', 'Rasconi, Serena', 'Viet Tran-Khac', 'Pascal Perney', 'Laura Crépin', 'Philippe Quetin', 'Isabelle Domaizon', 'Stéphan Jacquet', 'Laurent Espinat', 'Clémentine Gallot', 'Serena Rasconi']",[],dataset-rdg,https://doi.org/10.15454/PCOPYW,[''],"['Viet Tran-Khac', 'Isabelle Domaizon']",Isabelle Domaizon,DEEP-C,1,2020
Recherche Data Gouv,Physico-chemical and high frequency monitoring dataset from a mesocosm experiment tracing terrestrial organic matter transfers to lake food webs,doi:10.57745/QJEJIJ,CARRTEL Dataverse ,inrae://10.57745/QJEJIJ,2023-02-15T15:01:12Z,2023-03-03 10:56:48+00:00,"['Climate change', 'Aquatic ecosystems functioning', 'Terrestrial subsidies', 'Experimental ecology', 'Large peri-alpine lakes', 'Environmental parameters']","['Chemistry', 'Earth and Environmental Sciences']","['Tran-Khac, Viet', 'Quetin, Philippe', 'Espinat, Laurent', 'Crépin Laura', 'Perney, Pascal', 'Hustache, Jean-Christophe', 'Chiapusio, Geneviève', 'Domaizon, Isabelle', 'Rasconi, Serena', 'Viet Tran-Khac', 'Philippe Quetin', 'Laurent Espinat', 'Laura Crépin', 'Pascal Perney', 'Jean-Christophe Hustache', 'Geneviève Chiapusio', 'Isabelle Domaizon', 'Serena Rasconi']",[],dataset-rdg,https://doi.org/10.57745/QJEJIJ,[''],"['Viet Tran-Khac', 'Isabelle Domaizon']",Viet Tran-Khac,CarboNium,1,2023
Recherche Data Gouv,Physico-chemical and high frequency monitoring dataset from a mesocosm experiment tracing terrestrial organic matter transfers to lake food webs,doi:10.57745/QJEJIJ,CARRTEL Dataverse ,inrae://10.57745/QJEJIJ,2023-02-15T15:01:12Z,2023-03-03 10:56:48+00:00,"['Climate change', 'Aquatic ecosystems functioning', 'Terrestrial subsidies', 'Experimental ecology', 'Large peri-alpine lakes', 'Environmental parameters']","['Chemistry', 'Earth and Environmental Sciences']","['Tran-Khac, Viet', 'Quetin, Philippe', 'Espinat, Laurent', 'Crépin Laura', 'Perney, Pascal', 'Hustache, Jean-Christophe', 'Chiapusio, Geneviève', 'Domaizon, Isabelle', 'Rasconi, Serena', 'Viet Tran-Khac', 'Philippe Quetin', 'Laurent Espinat', 'Laura Crépin', 'Pascal Perney', 'Jean-Christophe Hustache', 'Geneviève Chiapusio', 'Isabelle Domaizon', 'Serena Rasconi']",[],dataset-rdg,https://doi.org/10.57745/QJEJIJ,[''],"['Viet Tran-Khac', 'Isabelle Domaizon']",Viet Tran-Khac,DEEP-C,1,2023
Recherche Data Gouv,Physico-chemical and high frequency monitoring dataset from a mesocosm experiment tracing terrestrial organic matter transfers to lake food webs,doi:10.57745/QJEJIJ,CARRTEL Dataverse ,inrae://10.57745/QJEJIJ,2023-02-15T15:01:12Z,2023-03-03 10:56:48+00:00,"['Climate change', 'Aquatic ecosystems functioning', 'Terrestrial subsidies', 'Experimental ecology', 'Large peri-alpine lakes', 'Environmental parameters']","['Chemistry', 'Earth and Environmental Sciences']","['Tran-Khac, Viet', 'Quetin, Philippe', 'Espinat, Laurent', 'Crépin Laura', 'Perney, Pascal', 'Hustache, Jean-Christophe', 'Chiapusio, Geneviève', 'Domaizon, Isabelle', 'Rasconi, Serena', 'Viet Tran-Khac', 'Philippe Quetin', 'Laurent Espinat', 'Laura Crépin', 'Pascal Perney', 'Jean-Christophe Hustache', 'Geneviève Chiapusio', 'Isabelle Domaizon', 'Serena Rasconi']",[],dataset-rdg,https://doi.org/10.57745/QJEJIJ,[''],"['Viet Tran-Khac', 'Isabelle Domaizon']",Isabelle Domaizon,DEEP-C,1,2023
Recherche Data Gouv,Physico-chemical and high frequency monitoring dataset from a mesocosm experiment simulating turbid storms by light reduction,doi:10.57745/N2NKA2,CARRTEL Dataverse ,inrae://10.57745/N2NKA2,2023-03-02T12:24:31Z,2023-03-03 10:57:42+00:00,"['Climate change', 'Aquatic ecosystems functioning', 'Experimental ecology', 'Large peri-alpine lakes', 'Environmental parameters']","['Chemistry', 'Earth and Environmental Sciences']","['Tran-Khac, Viet', 'Quetin, Philippe', 'Crépin, Laura', 'Perney, Pascal', 'Hustache, Jean-Christophe', 'Cousin, Charlotte', 'Domaizon, Isabelle', 'Rasconi, Serena', 'Viet Tran-Khac', 'Philippe Quetin', 'Laura Crépin', 'Pascal Perney', 'Jean-Christophe Hustache', 'Charlotte Cousin', 'Isabelle Domaizon', 'Serena Rasconi']",[],dataset-rdg,https://doi.org/10.57745/N2NKA2,[''],"['Viet Tran-Khac', 'Isabelle Domaizon']",Viet Tran-Khac,CarboNium,1,2023
Recherche Data Gouv,Physico-chemical and high frequency monitoring dataset from a mesocosm experiment simulating turbid storms by light reduction,doi:10.57745/N2NKA2,CARRTEL Dataverse ,inrae://10.57745/N2NKA2,2023-03-02T12:24:31Z,2023-03-03 10:57:42+00:00,"['Climate change', 'Aquatic ecosystems functioning', 'Experimental ecology', 'Large peri-alpine lakes', 'Environmental parameters']","['Chemistry', 'Earth and Environmental Sciences']","['Tran-Khac, Viet', 'Quetin, Philippe', 'Crépin, Laura', 'Perney, Pascal', 'Hustache, Jean-Christophe', 'Cousin, Charlotte', 'Domaizon, Isabelle', 'Rasconi, Serena', 'Viet Tran-Khac', 'Philippe Quetin', 'Laura Crépin', 'Pascal Perney', 'Jean-Christophe Hustache', 'Charlotte Cousin', 'Isabelle Domaizon', 'Serena Rasconi']",[],dataset-rdg,https://doi.org/10.57745/N2NKA2,[''],"['Viet Tran-Khac', 'Isabelle Domaizon']",Viet Tran-Khac,DEEP-C,1,2023
Recherche Data Gouv,Physico-chemical and high frequency monitoring dataset from a mesocosm experiment simulating turbid storms by light reduction,doi:10.57745/N2NKA2,CARRTEL Dataverse ,inrae://10.57745/N2NKA2,2023-03-02T12:24:31Z,2023-03-03 10:57:42+00:00,"['Climate change', 'Aquatic ecosystems functioning', 'Experimental ecology', 'Large peri-alpine lakes', 'Environmental parameters']","['Chemistry', 'Earth and Environmental Sciences']","['Tran-Khac, Viet', 'Quetin, Philippe', 'Crépin, Laura', 'Perney, Pascal', 'Hustache, Jean-Christophe', 'Cousin, Charlotte', 'Domaizon, Isabelle', 'Rasconi, Serena', 'Viet Tran-Khac', 'Philippe Quetin', 'Laura Crépin', 'Pascal Perney', 'Jean-Christophe Hustache', 'Charlotte Cousin', 'Isabelle Domaizon', 'Serena Rasconi']",[],dataset-rdg,https://doi.org/10.57745/N2NKA2,[''],"['Viet Tran-Khac', 'Isabelle Domaizon']",Isabelle Domaizon,DEEP-C,1,2023
Recherche Data Gouv,Average values of bulk density and coarse fragment at 0-30 cm and 30-50 cm of the first and second campaigns of the French Soil Quality Monitoring Network,doi:10.57745/YVXHSI,GisSol Dataverse,inrae://10.57745/YVXHSI,2024-01-10T16:16:30Z,2024-08-23 11:34:50+00:00,"['bulk density', 'coarse fragment', 'soil quality observatory']",['Earth and Environmental Sciences'],"['Munera-Echeverri, Jose-Luis', 'Boulonne, Line', 'Saby, Nicolas P.', 'Arrouays, Dominique', 'Bertouy, Benoît', 'Lacarce, Eva', 'Serré, Floriane', 'Toutain, Benoit', 'Millet, Florent', 'Loiseau, Thomas', 'Martin, Manuel P.', 'Jose-Luis Munera-Echeverri', 'Line Boulonne', 'Nicolas P. Saby', 'Dominique Arrouays', 'Benoît Bertouy', 'Eva Lacarce', 'Floriane Serré', 'Benoit Toutain', 'Florent Millet', 'Thomas Loiseau', 'Manuel P. Martin']",['https://doi.org/10.1016/j.dib.2024.110767'],dataset-rdg,https://doi.org/10.57745/YVXHSI,['10.1016/j.dib.2024.110767'],['Line Boulonne'],Line Boulonne,ALAMOD,1,2024
Recherche Data Gouv,"Weighted average of bulk density, coarse fragment by layer of the first and second campaign of the French Soil Quality Monitoring Network",doi:10.57745/NHINJR,GisSol Dataverse,inrae://10.57745/NHINJR,2024-01-10T16:06:24Z,2024-08-23 11:39:37+00:00,"['Bulk density', 'Coarse fragment', 'monitoring network', 'soil quality observatory']",['Earth and Environmental Sciences'],"['Munera-Echeverri, Jose-Luis', 'Boulonne, Line', 'Saby, Nicolas P.', 'Arrouays, Dominique', 'Bertouy, Benoît', 'Lacarce ,Eva', 'Serré, Floriane', 'Toutain , Benoît', 'Millet, Florent', 'Loiseau, Thomas', 'Martin, Manuel P.', 'Jose-Luis Munera-Echeverri', 'Line Boulonne', 'Nicolas P. Saby', 'Dominique Arrouays', 'Benoît Bertouy', 'Eva Lacarce', 'Floriane Serré', 'Benoît Toutain', 'Florent Millet', 'Thomas Loiseau', 'Manuel P. Martin']",['https://doi.org/10.1016/j.dib.2024.110767'],dataset-rdg,https://doi.org/10.57745/NHINJR,['10.1016/j.dib.2024.110767'],['Line Boulonne'],Line Boulonne,ALAMOD,1,2024
Recherche Data Gouv,RMQS1 Microbial gene abundances (16S and 18S) and F:B ratio,doi:10.57745/1Z90HV,Omics,inrae://10.57745/1Z90HV,2023-02-21T09:20:44Z,2024-08-22 13:55:14+00:00,"['soil', 'molecular biology', 'PCR']",['Earth and Environmental Sciences'],"['Djemiel, Christophe', 'Dequiedt, Samuel', 'Bailly, Arthur', 'Tripied, Julie', 'Lelièvre, Mélanie', 'Horrigue, Walid', 'Jolivet, Claudy', 'Bispo, Antonio', 'Saby, Nicolas', 'Valé, Matthieu', 'Maron, Pierre-Alain', 'Ranjard, Lionel', 'Terrat, Sébastien', 'Christophe Djemiel', 'Samuel Dequiedt', 'Arthur Bailly', 'Julie Tripied', 'Mélanie Lelièvre', 'Walid Horrigue', 'Claudy Jolivet', 'Antonio Bispo', 'Nicolas Saby', 'Matthieu Valé', 'Pierre-Alain Maron', 'Lionel Ranjard', 'Sébastien Terrat']",[],dataset-rdg,https://doi.org/10.57745/1Z90HV,[''],['Antonio Bispo'],Antonio Bispo,ALAMOD,1,2024
Recherche Data Gouv,DNA metabarcoding of a mock community of 189 fungal strains associated to plants and soils.,doi:10.15454/8CVWRR,Omics,inrae://10.15454/8CVWRR,2018-08-03T08:18:44Z,2025-01-17 15:16:42+00:00,,"['Earth and Environmental Sciences', 'Medicine, Health and Life Sciences']","['Pauvert, Charlie', 'Buée, Marc', 'Laval, Valérie', 'Edel-Hermann, Véronique', 'Fauchery, Laure', 'Gautier, Angélique', 'Lesur Kupin, Isabelle', 'Vallance, Jessica', 'Vacher, Corinne', 'Charlie Pauvert', 'Marc Buée', 'Valérie Laval', 'Véronique Edel-Hermann', 'Laure Fauchery', 'Angélique Gautier', 'Isabelle Lesur Kupin', 'Jessica Vallance', 'Corinne Vacher']","['https://doi.org/10.1016/j.funeco.2019.03.005', 'https://theses.hal.science/tel-02452386v1']",dataset-rdg,https://doi.org/10.15454/8CVWRR,"['10.1016/j.funeco.2019.03.005', 'tel-02452386v1']",['Marc Buée'],Marc Buée,CANETE,1,2025
Recherche Data Gouv,AgriMultiPol Cholortalonil 2018,doi:10.15454/QS6ROA,Data INRAE,inrae://10.15454/QS6ROA,2021-02-13T10:48:25Z,2025-08-20 08:36:49+00:00,"['pesticides', 'gaseous volatilisation', 'chlorothalonil']","['Agricultural Sciences', 'Chemistry', 'Other']","['Loubet, Benjamin', 'Benjamin Loubet']",[],dataset-rdg,https://doi.org/10.15454/QS6ROA,[''],['Benjamin Loubet'],Benjamin Loubet,ALAMOD,1,2025
Recherche Data Gouv,"Dataset of article Living things are showing increasing anomalies in their seasonal activity, which could disrupt the dynamics of biodiversity and ecosystems",doi:10.57745/QD1OR6,TEMPO,inrae://10.57745/QD1OR6,2025-05-16T14:09:43Z,2025-08-20 13:31:03+00:00,"['phenology', 'climate change', 'abnormal behaviour', 'citizen science']",['Earth and Environmental Sciences'],"['CHUINE, Isabelle', 'Garcia de Cortazar-Atauri, Iñaki', 'Jean, Frédéric', 'Van Reeth, Colin', 'Isabelle Chuine', 'Iñaki Garcia De Cortazar-Atauri', 'Frédéric Jean', 'Colin Van Reeth']",[],dataset-rdg,https://doi.org/10.57745/QD1OR6,[''],['Isabelle Chuine'],Isabelle Chuine,Drought for C,1,2025
Recherche Data Gouv,Agri-Food Experiment Ontology,doi:10.15454/DPBMBW,Vocabulaires Ouverts,inrae://10.15454/DPBMBW,2018-11-26T10:06:16Z,2025-08-11 06:44:31+00:00,,['Agricultural Sciences'],"['Tireau, Anne', 'Muljarto, Aunur-Rofiq', 'Charnomordic, Brigitte', 'Salmon, Jean-Michel', 'Neveu, Pascal', 'Buche, Patrice', 'Anne Tireau', 'Aunur-Rofiq Muljarto', 'Brigitte Charnomordic', 'Jean-Michel Salmon', 'Pascal Neveu', 'Patrice Buche']",['https://dx.doi.org/10.1016/j.compag.2017.06.020'],dataset-rdg,https://doi.org/10.15454/DPBMBW,['10.1016/j.compag.2017.06.020'],['Patrice Buche'],Patrice Buche,SLAM-B,1,2025
Recherche Data Gouv,Ontology for Food Processing Experiment,doi:10.15454/RJKJBN,Vocabulaires Ouverts,inrae://10.15454/RJKJBN,2018-11-29T09:42:19Z,2025-08-11 06:55:47+00:00,,['Agricultural Sciences'],"['Tireau, Anne', 'Muljarto, Aunur-Rofiq', 'Salmon, Jean-Michel', 'Charnomordic, Brigitte', 'Buche, Patrice', 'Neveu, Pascal', 'Anne Tireau', 'Aunur-Rofiq Muljarto', 'Jean-Michel Salmon', 'Brigitte Charnomordic', 'Patrice Buche', 'Pascal Neveu']",[],dataset-rdg,https://doi.org/10.15454/RJKJBN,[''],['Patrice Buche'],Patrice Buche,SLAM-B,1,2025
Recherche Data Gouv,Amplicon Sequence Variant (ASV) table obtained by metabarcoding foliar fungal communities in conventional and organic vineyards,doi:10.15454/WOICSE,Omics,inrae://10.15454/WOICSE,2019-07-30T09:01:51Z,2019-07-30 09:09:41+00:00,,"['Agricultural Sciences', 'Medicine, Health and Life Sciences', 'Earth and Environmental Sciences']","['Pauvert, Charlie', 'Vallance, Jessica', 'Delière, Laurent', 'Buée, Marc', 'Vacher, Corinne', 'Charlie Pauvert', 'Jessica Vallance', 'Laurent Delière', 'Marc Buée', 'Corinne Vacher']",[],dataset-rdg,https://doi.org/10.15454/WOICSE,[''],['Marc Buée'],Marc Buée,CANETE,1,2019
Recherche Data Gouv,Bioinformatic scripts to assess the effect of the cropping system on both community and network α- and β-properties of fungal microbiota,doi:10.15454/NSHUAQ,Omics,inrae://10.15454/NSHUAQ,2019-04-09T09:34:02Z,2019-05-09 07:50:57+00:00,,"['Agricultural Sciences', 'Medicine, Health and Life Sciences', 'Computer and Information Science', 'Earth and Environmental Sciences']","['Pauvert, Charlie', 'Vallance, Jessica', 'Delière, Laurent', 'Buée, Marc', 'Vacher, Corinne', 'Charlie Pauvert', 'Jessica Vallance', 'Laurent Delière', 'Marc Buée', 'Corinne Vacher']",[],dataset-rdg,https://doi.org/10.15454/NSHUAQ,[''],['Marc Buée'],Marc Buée,CANETE,1,2019
Recherche Data Gouv, DNA metabarcoding of foliar fungal communities in conventional and organic vineyards,doi:10.15454/3DPFNJ,Omics,inrae://10.15454/3DPFNJ,2019-04-09T10:04:28Z,2019-05-07 10:13:01+00:00,,"['Agricultural Sciences', 'Medicine, Health and Life Sciences', 'Earth and Environmental Sciences']","['Pauvert, Charlie', 'Vallance, Jessica', 'Delière, Laurent', 'Buée, Marc', 'Vacher, Corinne', 'Charlie Pauvert', 'Jessica Vallance', 'Laurent Delière', 'Marc Buée', 'Corinne Vacher']",[],dataset-rdg,https://doi.org/10.15454/3DPFNJ,[''],['Marc Buée'],Marc Buée,CANETE,1,2019
Recherche Data Gouv,French metropolitan freshwater COI macroinvertebrate reference library (DOI: 10.3897/mbmg.9.137772),doi:10.57745/LMOXEW,Data INRAE,inrae://10.57745/LMOXEW,2024-02-12T14:43:41Z,2025-08-26 07:24:16+00:00,,['Earth and Environmental Sciences'],"['GAUVIN Paula', 'EME DAVID', 'DOMAIZON Isabelle', 'RIMET Frederic', 'Paula Gauvin', 'David Eme', 'Isabelle Domaizon', 'Frederic Rimet']",[],dataset-rdg,https://doi.org/10.57745/LMOXEW,[''],['Isabelle Domaizon'],Isabelle Domaizon,DEEP-C,1,2025
Recherche Data Gouv,Data from: Conversion of arable land to perennial bioenergy crops increases soil organic carbon stocks on the long term,doi:10.57745/SEVWMQ,BioEcoAgro,inrae://10.57745/SEVWMQ,2024-11-29T15:08:15Z,2025-04-02 12:19:59+00:00,"['soil organic carbon', 'carbon sequestration', 'bioenergy', 'Miscanthus']",['Agricultural Sciences'],"['Ferchaud, Fabien', 'Marsac, Sylvain', 'Mary, Bruno', 'Fabien Ferchaud', 'Sylvain Marsac', 'Bruno Mary']",['https://doi.org/10.1016/j.agee.2025.109637'],dataset-rdg,https://doi.org/10.57745/SEVWMQ,['10.1016/j.agee.2025.109637'],['Fabien Ferchaud'],Fabien Ferchaud,ALAMOD,1,2025
Recherche Data Gouv,Data from: Conversion of arable land to perennial bioenergy crops increases soil organic carbon stocks on the long term,doi:10.57745/SEVWMQ,BioEcoAgro,inrae://10.57745/SEVWMQ,2024-11-29T15:08:15Z,2025-04-02 12:19:59+00:00,"['soil organic carbon', 'carbon sequestration', 'bioenergy', 'Miscanthus']",['Agricultural Sciences'],"['Ferchaud, Fabien', 'Marsac, Sylvain', 'Mary, Bruno', 'Fabien Ferchaud', 'Sylvain Marsac', 'Bruno Mary']",['https://doi.org/10.1016/j.agee.2025.109637'],dataset-rdg,https://doi.org/10.57745/SEVWMQ,['10.1016/j.agee.2025.109637'],['Fabien Ferchaud'],Fabien Ferchaud,CANETE,1,2025
Recherche Data Gouv,Soil Monitoring Systems in EJP SOIL Countries – Survey Dataset,doi:10.57745/7Y1SKR,EJP SOIL WP6,inrae://10.57745/7Y1SKR,2025-07-03T20:58:32Z,2025-08-27 10:32:34+00:00,"['EJP SOIL', 'soil health', 'monitoring networks', 'Harmonization']",['Agricultural Sciences'],"['Mason, Eloise', 'Cornu, Sophie', 'Bispo, Antonio', 'Eloise Mason', 'Sophie Cornu', 'Antonio Bispo']",[],dataset-rdg,https://doi.org/10.57745/7Y1SKR,[''],['Antonio Bispo'],Antonio Bispo,ALAMOD,1,2025
Recherche Data Gouv,Plan de Gestion des Données de l'infrastructure OLA (PGD - OLA),doi:10.15454/1RUGHK,Data-OLA Dataverse,inrae://10.15454/1RUGHK,2021-08-01T12:19:52Z,2025-09-01 13:50:17+00:00,,"['Medicine, Health and Life Sciences', 'Earth and Environmental Sciences']","['Monet, Ghislaine', 'Barbet, Denis', 'Tran-Khac, Viet', 'Ghislaine Monet', 'Denis Barbet', 'Viet Tran-Khac']",[],dataset-rdg,https://doi.org/10.15454/1RUGHK,[''],['Viet Tran-Khac'],Viet Tran-Khac,CarboNium,1,2025
Recherche Data Gouv,Plan de Gestion des Données de l'infrastructure OLA (PGD - OLA),doi:10.15454/1RUGHK,Data-OLA Dataverse,inrae://10.15454/1RUGHK,2021-08-01T12:19:52Z,2025-09-01 13:50:17+00:00,,"['Medicine, Health and Life Sciences', 'Earth and Environmental Sciences']","['Monet, Ghislaine', 'Barbet, Denis', 'Tran-Khac, Viet', 'Ghislaine Monet', 'Denis Barbet', 'Viet Tran-Khac']",[],dataset-rdg,https://doi.org/10.15454/1RUGHK,[''],['Viet Tran-Khac'],Viet Tran-Khac,DEEP-C,1,2025
Recherche Data Gouv,Plan de Gestion de Données plateforme Silvatech V2,doi:10.57745/RZGL8Z,SILVATECH Dataverse,inrae://10.57745/RZGL8Z,2025-09-03T19:27:17Z,2025-09-03 19:33:53+00:00,"['Isotopie-Chimie', 'IR IN-SYLVA', 'wood', 'Imagerie et Mesures MultiModales', 'forest']","['Agricultural Sciences', 'Chemistry', 'Earth and Environmental Sciences']","['Angeli, Nicolas', 'Gérard, Bastien', 'Ruelle, Julien', 'Farré, Etienne', 'Nicolas Angeli', 'Bastien Gérard', 'Julien Ruelle', 'Etienne Farré']",[],dataset-rdg,https://doi.org/10.57745/RZGL8Z,[''],['Nicolas Angeli'],Nicolas Angeli,CANETE,1,2025
Recherche Data Gouv,Crop rotations for mainland France,doi:10.57745/XJ13KO,Data INRAE,inrae://10.57745/XJ13KO,2025-09-04T09:01:36Z,2025-09-04 09:04:30+00:00,"['LPIS', 'cropping patterns', 'crop diversity', 'organic agriculture', 'crop rotation', 'RPG', 'RPG']",['Agricultural Sciences'],"['JAVOUREZ, Ugo', 'Ugo Javourez']",[],dataset-rdg,https://doi.org/10.57745/XJ13KO,[''],['Ugo Javourez'],Ugo Javourez,SLAM-B,1,2025
Recherche Data Gouv,Réservoir utile des sols de la France métropolitaine,doi:10.15454/9IRARJ,Info&sols Dataverse,inrae://10.15454/9IRARJ,2021-09-27T14:53:09Z,2025-09-05 10:01:24+00:00,"['réserve en eau utile', 'cartographie numérique des sols', 'fonction de pédotransfert', 'teneur en eau', 'sol', 'capacité au champ', 'point de flétrissement']","['Agricultural Sciences', 'Earth and Environmental Sciences']","['Roman Dobarco, Mercedes', 'Bourennane, Hocine', 'Arrouays, Dominique', 'Saby, Nicolas', 'Cousin, Isabelle', 'Martin, Manuel P.', 'Mercedes Roman Dobarco', 'Hocine Bourennane', 'Dominique Arrouays', 'Nicolas Saby', 'Isabelle Cousin', 'Manuel P. Martin']","['https://doi.org/10.1016/j.geoderma.2018.08.022', 'https://doi.org/10.1016/j.geoderma.2019.02.036']",dataset-rdg,https://doi.org/10.15454/9IRARJ,"['10.1016/j.geoderma.2018.08.022', '10.1016/j.geoderma.2019.02.036']",['Isabelle Cousin'],Isabelle Cousin,ALAMOD,1,2025
Recherche Data Gouv,Food quality decision tree based on collective know-how (Capex ontology),doi:10.57745/SEJP1B,Vocabulaires Ouverts,inrae://10.57745/SEJP1B,2022-12-22T13:11:21Z,2025-09-04 14:48:28+00:00,"['ontology', 'cheesemaking', 'know how', 'expertise integration', 'knowledge representation', 'decision support tool', 'semantic web', 'decision-support systems']",['Engineering'],"['Buche, Patrice', 'Couteaux, Julien', 'Cufi, Julien', 'Destercke, Sébastien', 'Oudot, Alrick', 'Patrice Buche', 'Julien Couteaux', 'Julien Cufi', 'Sébastien Destercke', 'Alrick Oudot']",[],dataset-rdg,https://doi.org/10.57745/SEJP1B,[''],['Patrice Buche'],Patrice Buche,SLAM-B,1,2025
Recherche Data Gouv,Metadata from common gardens of the Forest Genetics Network for Research and Experimentation (GEN4X),doi:10.15454/50RS8C,URGI,inrae://10.15454/50RS8C,2021-03-02T11:13:18Z,2025-09-05 13:51:02+00:00,"['Phenotypic variation', 'Intraspecific variability', 'Interspecific variability', 'Common gardens']","['Earth and Environmental Sciences', 'Medicine, Health and Life Sciences', 'Computer and Information Science', 'Agricultural Sciences']","['Michotey, Celia', 'Anger, Christel', 'Albet, Audrey', 'Bastien, Catherine', 'Bastien, Jean-Charles', 'Bernier, Frédéric', 'Chancerel, Emilie', 'Dowkiw, Arnaud', 'Ducousso, Alexis', 'Gauvrit, Christophe', 'Issenhuth, Bernard', 'Kremer, Antoine', 'Laffitte, Baptiste', 'Lefèvre, François', 'Muratorio, Sylvie', 'Pâques, Luc', 'Pastuszka, Patrick', 'Pichot, Christian', 'Plomion, Christophe', 'Raffin, Annie', 'Rei, Franck', 'Santi, Frédérique', 'Séverin, Laurent', 'Thevenet, Jean', 'Vauthier, Denis', 'Veisse, Dominique', 'Verger, Michel', 'Villar, Marc', 'Fady, Bruno', 'Celia Michotey', 'Christel Anger', 'Audrey Albet', 'Catherine Bastien', 'Jean-Charles Bastien', 'Frédéric Bernier', 'Emilie Chancerel', 'Arnaud Dowkiw', 'Alexis Ducousso', 'Christophe Gauvrit', 'Bernard Issenhuth', 'Antoine Kremer', 'Baptiste Laffitte', 'François Lefèvre', 'Sylvie Muratorio', 'Luc Pâques', 'Patrick Pastuszka', 'Christian Pichot', 'Christophe Plomion', 'Annie Raffin', 'Franck Rei', 'Frédérique Santi', 'Laurent Séverin', 'Jean Thevenet', 'Denis Vauthier', 'Dominique Veisse', 'Michel Verger', 'Marc Villar', 'Bruno Fady']",['https://hal.inrae.fr/hal-03374880'],dataset-rdg,https://doi.org/10.15454/50RS8C,['hal-03374880'],['Christian Pichot'],Christian Pichot,ALAMOD,1,2025
Recherche Data Gouv,Metadata from common gardens of the Forest Genetics Network for Research and Experimentation (GEN4X),doi:10.15454/50RS8C,URGI,inrae://10.15454/50RS8C,2021-03-02T11:13:18Z,2025-09-05 13:51:02+00:00,"['Phenotypic variation', 'Intraspecific variability', 'Interspecific variability', 'Common gardens']","['Earth and Environmental Sciences', 'Medicine, Health and Life Sciences', 'Computer and Information Science', 'Agricultural Sciences']","['Michotey, Celia', 'Anger, Christel', 'Albet, Audrey', 'Bastien, Catherine', 'Bastien, Jean-Charles', 'Bernier, Frédéric', 'Chancerel, Emilie', 'Dowkiw, Arnaud', 'Ducousso, Alexis', 'Gauvrit, Christophe', 'Issenhuth, Bernard', 'Kremer, Antoine', 'Laffitte, Baptiste', 'Lefèvre, François', 'Muratorio, Sylvie', 'Pâques, Luc', 'Pastuszka, Patrick', 'Pichot, Christian', 'Plomion, Christophe', 'Raffin, Annie', 'Rei, Franck', 'Santi, Frédérique', 'Séverin, Laurent', 'Thevenet, Jean', 'Vauthier, Denis', 'Veisse, Dominique', 'Verger, Michel', 'Villar, Marc', 'Fady, Bruno', 'Celia Michotey', 'Christel Anger', 'Audrey Albet', 'Catherine Bastien', 'Jean-Charles Bastien', 'Frédéric Bernier', 'Emilie Chancerel', 'Arnaud Dowkiw', 'Alexis Ducousso', 'Christophe Gauvrit', 'Bernard Issenhuth', 'Antoine Kremer', 'Baptiste Laffitte', 'François Lefèvre', 'Sylvie Muratorio', 'Luc Pâques', 'Patrick Pastuszka', 'Christian Pichot', 'Christophe Plomion', 'Annie Raffin', 'Franck Rei', 'Frédérique Santi', 'Laurent Séverin', 'Jean Thevenet', 'Denis Vauthier', 'Dominique Veisse', 'Michel Verger', 'Marc Villar', 'Bruno Fady']",['https://hal.inrae.fr/hal-03374880'],dataset-rdg,https://doi.org/10.15454/50RS8C,['hal-03374880'],['Christian Pichot'],Christian Pichot,Drought for C,1,2025
Recherche Data Gouv,Biomass and chemical quality of crop residues from European areas : version 2,doi:10.15454/LBI3U7,Data INRAE,inrae://10.15454/LBI3U7,2021-02-03T10:14:49Z,2025-09-08 13:47:13+00:00,"['Main crop, Forage, Pasture, Green manure, Vegetable crop, Energy crop, Crop residue, Chemical quality', 'Grandes cultures, Fourrages, Prairies, Engrais verts, Cultures intermédiaires,Cultures maraîchères, Cultures énergétiques, Résidus, Composition chimique']",['Agricultural Sciences'],"['Thiébeau, Pascal', 'Jensen, Lars Stoumann', 'Ferchaud, Fabien', 'Recous, Sylvie', 'Pascal Thiébeau', 'Lars Stoumann Jensen', 'Fabien Ferchaud', 'Sylvie Recous']",[],dataset-rdg,https://doi.org/10.15454/LBI3U7,[''],['Fabien Ferchaud'],Fabien Ferchaud,ALAMOD,1,2025
Recherche Data Gouv,Biomass and chemical quality of crop residues from European areas : version 2,doi:10.15454/LBI3U7,Data INRAE,inrae://10.15454/LBI3U7,2021-02-03T10:14:49Z,2025-09-08 13:47:13+00:00,"['Main crop, Forage, Pasture, Green manure, Vegetable crop, Energy crop, Crop residue, Chemical quality', 'Grandes cultures, Fourrages, Prairies, Engrais verts, Cultures intermédiaires,Cultures maraîchères, Cultures énergétiques, Résidus, Composition chimique']",['Agricultural Sciences'],"['Thiébeau, Pascal', 'Jensen, Lars Stoumann', 'Ferchaud, Fabien', 'Recous, Sylvie', 'Pascal Thiébeau', 'Lars Stoumann Jensen', 'Fabien Ferchaud', 'Sylvie Recous']",[],dataset-rdg,https://doi.org/10.15454/LBI3U7,[''],['Fabien Ferchaud'],Fabien Ferchaud,CANETE,1,2025
Recherche Data Gouv,"Individual fruit and cone production, pollen and biomass data for European beech (Fagus sylvatica L.) and silver fir (Abies alba Mill.) from their geographic range margins in south-eastern France",doi:10.57745/XPSFX2,URFM - Ecologie des Forêts Méditerranéennes,inrae://10.57745/XPSFX2,2025-07-29T13:18:12Z,2025-09-05 14:19:10+00:00,,"['Agricultural Sciences', 'Earth and Environmental Sciences']","['Jean, Frédéric', 'Clastre, Philippe', 'Corréard, Marianne', 'Davi, Hendrik', 'Fririon, Victor', 'Gilg, Olivier', 'Jean, Florence', 'Journé, Valentin', 'Lefèvre, François', 'Mariotte, Nicolas', 'Pichot, Christian', 'Pringarbe, Mehdi', 'Rei, Franck', 'Scotti, Ivan', 'Thévenet, Jean', 'Turion, Norbert', 'Fady, Bruno', 'Frédéric Jean', 'Philippe Clastre', 'Marianne Corréard', 'Hendrik Davi', 'Victor Fririon', 'Olivier Gilg', 'Florence Jean', 'Valentin Journé', 'François Lefèvre', 'Nicolas Mariotte', 'Christian Pichot', 'Mehdi Pringarbe', 'Franck Rei', 'Ivan Scotti', 'Jean Thévenet', 'Norbert Turion', 'Bruno Fady']",[],dataset-rdg,https://doi.org/10.57745/XPSFX2,[''],['Christian Pichot'],Christian Pichot,ALAMOD,1,2025
Recherche Data Gouv,"Individual fruit and cone production, pollen and biomass data for European beech (Fagus sylvatica L.) and silver fir (Abies alba Mill.) from their geographic range margins in south-eastern France",doi:10.57745/XPSFX2,URFM - Ecologie des Forêts Méditerranéennes,inrae://10.57745/XPSFX2,2025-07-29T13:18:12Z,2025-09-05 14:19:10+00:00,,"['Agricultural Sciences', 'Earth and Environmental Sciences']","['Jean, Frédéric', 'Clastre, Philippe', 'Corréard, Marianne', 'Davi, Hendrik', 'Fririon, Victor', 'Gilg, Olivier', 'Jean, Florence', 'Journé, Valentin', 'Lefèvre, François', 'Mariotte, Nicolas', 'Pichot, Christian', 'Pringarbe, Mehdi', 'Rei, Franck', 'Scotti, Ivan', 'Thévenet, Jean', 'Turion, Norbert', 'Fady, Bruno', 'Frédéric Jean', 'Philippe Clastre', 'Marianne Corréard', 'Hendrik Davi', 'Victor Fririon', 'Olivier Gilg', 'Florence Jean', 'Valentin Journé', 'François Lefèvre', 'Nicolas Mariotte', 'Christian Pichot', 'Mehdi Pringarbe', 'Franck Rei', 'Ivan Scotti', 'Jean Thévenet', 'Norbert Turion', 'Bruno Fady']",[],dataset-rdg,https://doi.org/10.57745/XPSFX2,[''],['Christian Pichot'],Christian Pichot,Drought for C,1,2025
Recherche Data Gouv,"Data and code for the publication entitled ""The limited contribution of large trees to annual biomass production in an old-growth tropical forest""",doi:10.18167/DVN1/8T4XTV,Centre de Coopération Internationale en Recherche Agronomique pour le Développement,cirad://10.18167/DVN1/8T4XTV,2024-10-17T08:40:16Z,2024-10-17 08:40:16+00:00,"['Earth and Environmental Sciences', 'Biomass dynamics', 'Forest structure', 'Carbon uptake', 'Demographic drivers', 'Scaling-up biomass accumulation', 'Tree size']",[''],"['Ligot, Gauthier', 'Gourlet-Fleury, Sylvie', 'Ouédraogo, Dakis-Yaoba', 'Morin, Xavier', 'Bauwens, Sébastien', 'Baya, Fidèle', 'Brostaux, Yves', 'Doucet, Jean-Louis', 'Fayolle, Adeline', 'Gauthier Ligot', 'Sylvie Gourlet-Fleury', 'Dakis-Yaoba Ouédraogo', 'Xavier Morin', 'Sébastien Bauwens', 'Fidèle Baya', 'Yves Brostaux', 'Jean-Louis Doucet', 'Adeline Fayolle']",[],dataset-rdg,https://doi.org/10.18167/DVN1/8T4XTV,[''],['Xavier Morin'],Xavier Morin,Drought for C,1,2024
Recherche Data Gouv,"Replication Data for: ""Increased soil pH and dissolved organic matter after a decade of organic fertilizer application mitigates copper and zinc availability despite contamination""",doi:10.18167/DVN1/C7WTZB,Centre de Coopération Internationale en Recherche Agronomique pour le Développement,cirad://10.18167/DVN1/C7WTZB,2024-10-17T08:40:29Z,2024-10-17 08:40:29+00:00,"['Agricultural Sciences', 'Earth and Environmental Sciences', 'Soil amendments', 'Soil Analysis']",[''],"['Laurent, Céline', 'Bravin, Matthieu', 'Crouzet, Olivier', 'Pelosi, Céline', 'Tillard, Emmanuel', 'Lecomte, Philippe', 'Lamy, Isabelle', 'Céline Laurent', 'Matthieu Bravin', 'Olivier Crouzet', 'Céline Pelosi', 'Emmanuel Tillard', 'Philippe Lecomte', 'Isabelle Lamy']",[],dataset-rdg,https://doi.org/10.18167/DVN1/C7WTZB,[''],['Emmanuel Tillard'],Emmanuel Tillard,ALAMOD,1,2024
Recherche Data Gouv,"Replication Data for: ""Increased soil pH and dissolved organic matter after a decade of organic fertilizer application mitigates copper and zinc availability despite contamination""",doi:10.18167/DVN1/C7WTZB,Centre de Coopération Internationale en Recherche Agronomique pour le Développement,cirad://10.18167/DVN1/C7WTZB,2024-10-17T08:40:29Z,2024-10-17 08:40:29+00:00,"['Agricultural Sciences', 'Earth and Environmental Sciences', 'Soil amendments', 'Soil Analysis']",[''],"['Laurent, Céline', 'Bravin, Matthieu', 'Crouzet, Olivier', 'Pelosi, Céline', 'Tillard, Emmanuel', 'Lecomte, Philippe', 'Lamy, Isabelle', 'Céline Laurent', 'Matthieu Bravin', 'Olivier Crouzet', 'Céline Pelosi', 'Emmanuel Tillard', 'Philippe Lecomte', 'Isabelle Lamy']",[],dataset-rdg,https://doi.org/10.18167/DVN1/C7WTZB,[''],['Emmanuel Tillard'],Emmanuel Tillard,RIFT,1,2024
Recherche Data Gouv,"Replication Data for: ""Phosphorus sorption capacity and availability along a toposequence of agricultural soils: distinct effects of soil type and decadal fertilizer applications""",doi:10.18167/DVN1/CUII08,Centre de Coopération Internationale en Recherche Agronomique pour le Développement,cirad://10.18167/DVN1/CUII08,2024-10-17T08:40:33Z,2024-10-17 08:40:33+00:00,"['Agricultural Sciences', 'Earth and Environmental Sciences', 'soil amendments', 'soil analysis']",[''],"['Nobile, Cécile M.', 'Bravin, Matthieu N.', 'Tillard, Emmanuel', 'Becquer, Thierry', 'Paillat, Jean-Marie', 'Cécile M. Nobile', 'Matthieu N. Bravin', 'Emmanuel Tillard', 'Thierry Becquer', 'Jean-Marie Paillat']",[],dataset-rdg,https://doi.org/10.18167/DVN1/CUII08,[''],['Emmanuel Tillard'],Emmanuel Tillard,ALAMOD,1,2024
Recherche Data Gouv,"Replication Data for: ""Phosphorus sorption capacity and availability along a toposequence of agricultural soils: distinct effects of soil type and decadal fertilizer applications""",doi:10.18167/DVN1/CUII08,Centre de Coopération Internationale en Recherche Agronomique pour le Développement,cirad://10.18167/DVN1/CUII08,2024-10-17T08:40:33Z,2024-10-17 08:40:33+00:00,"['Agricultural Sciences', 'Earth and Environmental Sciences', 'soil amendments', 'soil analysis']",[''],"['Nobile, Cécile M.', 'Bravin, Matthieu N.', 'Tillard, Emmanuel', 'Becquer, Thierry', 'Paillat, Jean-Marie', 'Cécile M. Nobile', 'Matthieu N. Bravin', 'Emmanuel Tillard', 'Thierry Becquer', 'Jean-Marie Paillat']",[],dataset-rdg,https://doi.org/10.18167/DVN1/CUII08,[''],['Emmanuel Tillard'],Emmanuel Tillard,RIFT,1,2024
Recherche Data Gouv,"Code for: Mapping 33 years of sugarcane evolution in São Paulo state, Brazil, using Landsat imagery and generalized space-time classifiers",doi:10.18167/DVN1/DQXFZG,Centre de Coopération Internationale en Recherche Agronomique pour le Développement,cirad://10.18167/DVN1/DQXFZG,2024-10-17T08:40:37Z,2024-10-17 08:40:37+00:00,"['Agricultural Sciences', 'Earth and Environmental Sciences', 'remote sensing', 'time series analysis', 'land classification', 'machine learning', 'vegetation index', 'sugar cane']",[''],"['le Maire, Guerric', 'dos Santos Luciano, Ana Cláudia', 'Gama Campagnuci, Bruna Cristina', 'Guerric Le Maire', 'Ana Cláudia Dos Santos Luciano', 'Bruna Cristina Gama Campagnuci']",[],dataset-rdg,https://doi.org/10.18167/DVN1/DQXFZG,[''],['Guerric Le Maire'],Guerric Le Maire,Drought for C,1,2024
Recherche Data Gouv,"Data for ""Surface albedo and thermal radiation dynamics under conservation and conventional agriculture from two contrasting soils in sub-humid Zimbabwe""",doi:10.18167/DVN1/F2T0GP,Centre de Coopération Internationale en Recherche Agronomique pour le Développement,cirad://10.18167/DVN1/F2T0GP,2024-10-17T08:40:44Z,2024-10-17 08:40:44+00:00,"['Agricultural Sciences', 'conservation agriculture', 'climate change mitigation', 'albedo (solar)']",[''],"['Diop, Souleymane', 'Cardinael, Rémi', 'Lauerwald, Ronny', 'Ferlicoq, Morgan', 'Thierfelder, Christian', 'Chikowo, Regis', 'Corbeels, Marc', 'Ceschia, Eric', 'Souleymane Diop', 'Rémi Cardinael', 'Ronny Lauerwald', 'Morgan Ferlicoq', 'Christian Thierfelder', 'Regis Chikowo', 'Marc Corbeels', 'Eric Ceschia']",[],dataset-rdg,https://doi.org/10.18167/DVN1/F2T0GP,[''],"['Rémi Cardinael', 'Ronny Lauerwald', 'Eric Ceschia']",Rémi Cardinael,ALAMOD,1,2024
Recherche Data Gouv,"Data for ""Surface albedo and thermal radiation dynamics under conservation and conventional agriculture from two contrasting soils in sub-humid Zimbabwe""",doi:10.18167/DVN1/F2T0GP,Centre de Coopération Internationale en Recherche Agronomique pour le Développement,cirad://10.18167/DVN1/F2T0GP,2024-10-17T08:40:44Z,2024-10-17 08:40:44+00:00,"['Agricultural Sciences', 'conservation agriculture', 'climate change mitigation', 'albedo (solar)']",[''],"['Diop, Souleymane', 'Cardinael, Rémi', 'Lauerwald, Ronny', 'Ferlicoq, Morgan', 'Thierfelder, Christian', 'Chikowo, Regis', 'Corbeels, Marc', 'Ceschia, Eric', 'Souleymane Diop', 'Rémi Cardinael', 'Ronny Lauerwald', 'Morgan Ferlicoq', 'Christian Thierfelder', 'Regis Chikowo', 'Marc Corbeels', 'Eric Ceschia']",[],dataset-rdg,https://doi.org/10.18167/DVN1/F2T0GP,[''],"['Rémi Cardinael', 'Ronny Lauerwald', 'Eric Ceschia']",Rémi Cardinael,CrosyeN,1,2024
Recherche Data Gouv,"Data for ""Surface albedo and thermal radiation dynamics under conservation and conventional agriculture from two contrasting soils in sub-humid Zimbabwe""",doi:10.18167/DVN1/F2T0GP,Centre de Coopération Internationale en Recherche Agronomique pour le Développement,cirad://10.18167/DVN1/F2T0GP,2024-10-17T08:40:44Z,2024-10-17 08:40:44+00:00,"['Agricultural Sciences', 'conservation agriculture', 'climate change mitigation', 'albedo (solar)']",[''],"['Diop, Souleymane', 'Cardinael, Rémi', 'Lauerwald, Ronny', 'Ferlicoq, Morgan', 'Thierfelder, Christian', 'Chikowo, Regis', 'Corbeels, Marc', 'Ceschia, Eric', 'Souleymane Diop', 'Rémi Cardinael', 'Ronny Lauerwald', 'Morgan Ferlicoq', 'Christian Thierfelder', 'Regis Chikowo', 'Marc Corbeels', 'Eric Ceschia']",[],dataset-rdg,https://doi.org/10.18167/DVN1/F2T0GP,[''],"['Rémi Cardinael', 'Ronny Lauerwald', 'Eric Ceschia']",Ronny Lauerwald,DEEP-C,1,2024
Recherche Data Gouv,"Data for ""Surface albedo and thermal radiation dynamics under conservation and conventional agriculture from two contrasting soils in sub-humid Zimbabwe""",doi:10.18167/DVN1/F2T0GP,Centre de Coopération Internationale en Recherche Agronomique pour le Développement,cirad://10.18167/DVN1/F2T0GP,2024-10-17T08:40:44Z,2024-10-17 08:40:44+00:00,"['Agricultural Sciences', 'conservation agriculture', 'climate change mitigation', 'albedo (solar)']",[''],"['Diop, Souleymane', 'Cardinael, Rémi', 'Lauerwald, Ronny', 'Ferlicoq, Morgan', 'Thierfelder, Christian', 'Chikowo, Regis', 'Corbeels, Marc', 'Ceschia, Eric', 'Souleymane Diop', 'Rémi Cardinael', 'Ronny Lauerwald', 'Morgan Ferlicoq', 'Christian Thierfelder', 'Regis Chikowo', 'Marc Corbeels', 'Eric Ceschia']",[],dataset-rdg,https://doi.org/10.18167/DVN1/F2T0GP,[''],"['Rémi Cardinael', 'Ronny Lauerwald', 'Eric Ceschia']",Eric Ceschia,ALAMOD,1,2024
Recherche Data Gouv,"Data for ""Intercrop overyielding is maintained under estimated water and nitrogen stress in maize-cowpea on-farm trials in semi-arid Zimbabwe""",doi:10.18167/DVN1/G5TYUZ,Centre de Coopération Internationale en Recherche Agronomique pour le Développement,cirad://10.18167/DVN1/G5TYUZ,2025-05-10T22:00:03Z,2025-05-10 22:00:03+00:00,"['Agricultural Sciences', 'sub-Saharan Africa', 'intercropping', 'maize', 'cowpeas']",[''],"['Kwenda, Illiana', 'Falconnier, Gatien', 'Cardinael, Rémi', 'Affholder, François', 'Couëdel, Antoine', 'Baudron, Frédéric', 'Franke, Angelinus C', 'Nyagumbo, Isaiah', 'Mabasa, Stanford', 'de Freitas, Mathilde', 'Pret, Valentin', 'Diop, Souleymane', 'Magwaza, Eleanor F', 'Chikowo, Regis', 'Illiana Kwenda', 'Gatien Falconnier', 'Rémi Cardinael', 'François Affholder', 'Antoine Couëdel', 'Frédéric Baudron', 'Angelinus C Franke', 'Isaiah Nyagumbo', 'Stanford Mabasa', 'Mathilde De Freitas', 'Valentin Pret', 'Souleymane Diop', 'Eleanor F Magwaza', 'Regis Chikowo']",[],dataset-rdg,https://doi.org/10.18167/DVN1/G5TYUZ,[''],['Rémi Cardinael'],Rémi Cardinael,ALAMOD,1,2025
Recherche Data Gouv,"Data for ""Intercrop overyielding is maintained under estimated water and nitrogen stress in maize-cowpea on-farm trials in semi-arid Zimbabwe""",doi:10.18167/DVN1/G5TYUZ,Centre de Coopération Internationale en Recherche Agronomique pour le Développement,cirad://10.18167/DVN1/G5TYUZ,2025-05-10T22:00:03Z,2025-05-10 22:00:03+00:00,"['Agricultural Sciences', 'sub-Saharan Africa', 'intercropping', 'maize', 'cowpeas']",[''],"['Kwenda, Illiana', 'Falconnier, Gatien', 'Cardinael, Rémi', 'Affholder, François', 'Couëdel, Antoine', 'Baudron, Frédéric', 'Franke, Angelinus C', 'Nyagumbo, Isaiah', 'Mabasa, Stanford', 'de Freitas, Mathilde', 'Pret, Valentin', 'Diop, Souleymane', 'Magwaza, Eleanor F', 'Chikowo, Regis', 'Illiana Kwenda', 'Gatien Falconnier', 'Rémi Cardinael', 'François Affholder', 'Antoine Couëdel', 'Frédéric Baudron', 'Angelinus C Franke', 'Isaiah Nyagumbo', 'Stanford Mabasa', 'Mathilde De Freitas', 'Valentin Pret', 'Souleymane Diop', 'Eleanor F Magwaza', 'Regis Chikowo']",[],dataset-rdg,https://doi.org/10.18167/DVN1/G5TYUZ,[''],['Rémi Cardinael'],Rémi Cardinael,CrosyeN,1,2025
Recherche Data Gouv,TRANSMAT tables data,doi:10.18167/DVN1/GCZBC9,Centre de Coopération Internationale en Recherche Agronomique pour le Développement,cirad://10.18167/DVN1/GCZBC9,2024-10-17T08:40:51Z,2024-10-17 08:40:51+00:00,"['Chemistry', 'Computer and Information Science', 'data minning', 'fouille de données', 'knowledge and information systems', ""systèmes de connaissances et d'information"", 'chimie analytique', 'analytical chemistry']",[''],"['Lentschat, Martin', 'Buche, Patrice', 'Menut, Luc', 'Guari, Romane', 'Martin Lentschat', 'Patrice Buche', 'Luc Menut', 'Romane Guari']",[],dataset-rdg,https://doi.org/10.18167/DVN1/GCZBC9,[''],['Patrice Buche'],Patrice Buche,SLAM-B,1,2024
Recherche Data Gouv,DATA4C+ - A thesaurus to define land management practices in agriculture and forestry for soil carbon storage,doi:10.18167/DVN1/HMCPMF,Centre de Coopération Internationale en Recherche Agronomique pour le Développement,cirad://10.18167/DVN1/HMCPMF,2024-10-17T08:40:58Z,2024-10-17 08:40:58+00:00,"['Agricultural Sciences', 'interoperability', 'data', 'open data', 'climate change', 'carbon sequestration']",[''],"['Demenois, Julien', 'Fujisaki, Kenji', 'Chevallier, Tiphaine', 'Bispo, Antonio', 'Laurent, Jean-Baptiste', 'Thévenin, François', 'Chapuis-Lardy, Lydie', 'Cardinael, Rémi', 'Freycon, Vincent', 'Bénédet, Fabrice', 'Le Bas, Christine', 'Tella, Marie', 'Blanfort, Vincent', 'Brossard, Michel', 'Julien Demenois', 'Kenji Fujisaki', 'Tiphaine Chevallier', 'Antonio Bispo', 'Jean-Baptiste Laurent', 'François Thévenin', 'Lydie Chapuis-Lardy', 'Rémi Cardinael', 'Vincent Freycon', 'Fabrice Bénédet', 'Christine Le Bas', 'Marie Tella', 'Vincent Blanfort', 'Michel Brossard']",[],dataset-rdg,https://doi.org/10.18167/DVN1/HMCPMF,[''],"['Julien Demenois', 'Kenji Fujisaki', 'Tiphaine Chevallier', 'Antonio Bispo', 'Rémi Cardinael', 'Vincent Blanfort']",Julien Demenois,CrosyeN,1,2024
Recherche Data Gouv,DATA4C+ - A thesaurus to define land management practices in agriculture and forestry for soil carbon storage,doi:10.18167/DVN1/HMCPMF,Centre de Coopération Internationale en Recherche Agronomique pour le Développement,cirad://10.18167/DVN1/HMCPMF,2024-10-17T08:40:58Z,2024-10-17 08:40:58+00:00,"['Agricultural Sciences', 'interoperability', 'data', 'open data', 'climate change', 'carbon sequestration']",[''],"['Demenois, Julien', 'Fujisaki, Kenji', 'Chevallier, Tiphaine', 'Bispo, Antonio', 'Laurent, Jean-Baptiste', 'Thévenin, François', 'Chapuis-Lardy, Lydie', 'Cardinael, Rémi', 'Freycon, Vincent', 'Bénédet, Fabrice', 'Le Bas, Christine', 'Tella, Marie', 'Blanfort, Vincent', 'Brossard, Michel', 'Julien Demenois', 'Kenji Fujisaki', 'Tiphaine Chevallier', 'Antonio Bispo', 'Jean-Baptiste Laurent', 'François Thévenin', 'Lydie Chapuis-Lardy', 'Rémi Cardinael', 'Vincent Freycon', 'Fabrice Bénédet', 'Christine Le Bas', 'Marie Tella', 'Vincent Blanfort', 'Michel Brossard']",[],dataset-rdg,https://doi.org/10.18167/DVN1/HMCPMF,[''],"['Julien Demenois', 'Kenji Fujisaki', 'Tiphaine Chevallier', 'Antonio Bispo', 'Rémi Cardinael', 'Vincent Blanfort']",Kenji Fujisaki,ALAMOD,1,2024
Recherche Data Gouv,DATA4C+ - A thesaurus to define land management practices in agriculture and forestry for soil carbon storage,doi:10.18167/DVN1/HMCPMF,Centre de Coopération Internationale en Recherche Agronomique pour le Développement,cirad://10.18167/DVN1/HMCPMF,2024-10-17T08:40:58Z,2024-10-17 08:40:58+00:00,"['Agricultural Sciences', 'interoperability', 'data', 'open data', 'climate change', 'carbon sequestration']",[''],"['Demenois, Julien', 'Fujisaki, Kenji', 'Chevallier, Tiphaine', 'Bispo, Antonio', 'Laurent, Jean-Baptiste', 'Thévenin, François', 'Chapuis-Lardy, Lydie', 'Cardinael, Rémi', 'Freycon, Vincent', 'Bénédet, Fabrice', 'Le Bas, Christine', 'Tella, Marie', 'Blanfort, Vincent', 'Brossard, Michel', 'Julien Demenois', 'Kenji Fujisaki', 'Tiphaine Chevallier', 'Antonio Bispo', 'Jean-Baptiste Laurent', 'François Thévenin', 'Lydie Chapuis-Lardy', 'Rémi Cardinael', 'Vincent Freycon', 'Fabrice Bénédet', 'Christine Le Bas', 'Marie Tella', 'Vincent Blanfort', 'Michel Brossard']",[],dataset-rdg,https://doi.org/10.18167/DVN1/HMCPMF,[''],"['Julien Demenois', 'Kenji Fujisaki', 'Tiphaine Chevallier', 'Antonio Bispo', 'Rémi Cardinael', 'Vincent Blanfort']",Tiphaine Chevallier,ALAMOD,1,2024
Recherche Data Gouv,DATA4C+ - A thesaurus to define land management practices in agriculture and forestry for soil carbon storage,doi:10.18167/DVN1/HMCPMF,Centre de Coopération Internationale en Recherche Agronomique pour le Développement,cirad://10.18167/DVN1/HMCPMF,2024-10-17T08:40:58Z,2024-10-17 08:40:58+00:00,"['Agricultural Sciences', 'interoperability', 'data', 'open data', 'climate change', 'carbon sequestration']",[''],"['Demenois, Julien', 'Fujisaki, Kenji', 'Chevallier, Tiphaine', 'Bispo, Antonio', 'Laurent, Jean-Baptiste', 'Thévenin, François', 'Chapuis-Lardy, Lydie', 'Cardinael, Rémi', 'Freycon, Vincent', 'Bénédet, Fabrice', 'Le Bas, Christine', 'Tella, Marie', 'Blanfort, Vincent', 'Brossard, Michel', 'Julien Demenois', 'Kenji Fujisaki', 'Tiphaine Chevallier', 'Antonio Bispo', 'Jean-Baptiste Laurent', 'François Thévenin', 'Lydie Chapuis-Lardy', 'Rémi Cardinael', 'Vincent Freycon', 'Fabrice Bénédet', 'Christine Le Bas', 'Marie Tella', 'Vincent Blanfort', 'Michel Brossard']",[],dataset-rdg,https://doi.org/10.18167/DVN1/HMCPMF,[''],"['Julien Demenois', 'Kenji Fujisaki', 'Tiphaine Chevallier', 'Antonio Bispo', 'Rémi Cardinael', 'Vincent Blanfort']",Antonio Bispo,ALAMOD,1,2024
Recherche Data Gouv,DATA4C+ - A thesaurus to define land management practices in agriculture and forestry for soil carbon storage,doi:10.18167/DVN1/HMCPMF,Centre de Coopération Internationale en Recherche Agronomique pour le Développement,cirad://10.18167/DVN1/HMCPMF,2024-10-17T08:40:58Z,2024-10-17 08:40:58+00:00,"['Agricultural Sciences', 'interoperability', 'data', 'open data', 'climate change', 'carbon sequestration']",[''],"['Demenois, Julien', 'Fujisaki, Kenji', 'Chevallier, Tiphaine', 'Bispo, Antonio', 'Laurent, Jean-Baptiste', 'Thévenin, François', 'Chapuis-Lardy, Lydie', 'Cardinael, Rémi', 'Freycon, Vincent', 'Bénédet, Fabrice', 'Le Bas, Christine', 'Tella, Marie', 'Blanfort, Vincent', 'Brossard, Michel', 'Julien Demenois', 'Kenji Fujisaki', 'Tiphaine Chevallier', 'Antonio Bispo', 'Jean-Baptiste Laurent', 'François Thévenin', 'Lydie Chapuis-Lardy', 'Rémi Cardinael', 'Vincent Freycon', 'Fabrice Bénédet', 'Christine Le Bas', 'Marie Tella', 'Vincent Blanfort', 'Michel Brossard']",[],dataset-rdg,https://doi.org/10.18167/DVN1/HMCPMF,[''],"['Julien Demenois', 'Kenji Fujisaki', 'Tiphaine Chevallier', 'Antonio Bispo', 'Rémi Cardinael', 'Vincent Blanfort']",Rémi Cardinael,ALAMOD,1,2024
Recherche Data Gouv,DATA4C+ - A thesaurus to define land management practices in agriculture and forestry for soil carbon storage,doi:10.18167/DVN1/HMCPMF,Centre de Coopération Internationale en Recherche Agronomique pour le Développement,cirad://10.18167/DVN1/HMCPMF,2024-10-17T08:40:58Z,2024-10-17 08:40:58+00:00,"['Agricultural Sciences', 'interoperability', 'data', 'open data', 'climate change', 'carbon sequestration']",[''],"['Demenois, Julien', 'Fujisaki, Kenji', 'Chevallier, Tiphaine', 'Bispo, Antonio', 'Laurent, Jean-Baptiste', 'Thévenin, François', 'Chapuis-Lardy, Lydie', 'Cardinael, Rémi', 'Freycon, Vincent', 'Bénédet, Fabrice', 'Le Bas, Christine', 'Tella, Marie', 'Blanfort, Vincent', 'Brossard, Michel', 'Julien Demenois', 'Kenji Fujisaki', 'Tiphaine Chevallier', 'Antonio Bispo', 'Jean-Baptiste Laurent', 'François Thévenin', 'Lydie Chapuis-Lardy', 'Rémi Cardinael', 'Vincent Freycon', 'Fabrice Bénédet', 'Christine Le Bas', 'Marie Tella', 'Vincent Blanfort', 'Michel Brossard']",[],dataset-rdg,https://doi.org/10.18167/DVN1/HMCPMF,[''],"['Julien Demenois', 'Kenji Fujisaki', 'Tiphaine Chevallier', 'Antonio Bispo', 'Rémi Cardinael', 'Vincent Blanfort']",Rémi Cardinael,CrosyeN,1,2024
Recherche Data Gouv,DATA4C+ - A thesaurus to define land management practices in agriculture and forestry for soil carbon storage,doi:10.18167/DVN1/HMCPMF,Centre de Coopération Internationale en Recherche Agronomique pour le Développement,cirad://10.18167/DVN1/HMCPMF,2024-10-17T08:40:58Z,2024-10-17 08:40:58+00:00,"['Agricultural Sciences', 'interoperability', 'data', 'open data', 'climate change', 'carbon sequestration']",[''],"['Demenois, Julien', 'Fujisaki, Kenji', 'Chevallier, Tiphaine', 'Bispo, Antonio', 'Laurent, Jean-Baptiste', 'Thévenin, François', 'Chapuis-Lardy, Lydie', 'Cardinael, Rémi', 'Freycon, Vincent', 'Bénédet, Fabrice', 'Le Bas, Christine', 'Tella, Marie', 'Blanfort, Vincent', 'Brossard, Michel', 'Julien Demenois', 'Kenji Fujisaki', 'Tiphaine Chevallier', 'Antonio Bispo', 'Jean-Baptiste Laurent', 'François Thévenin', 'Lydie Chapuis-Lardy', 'Rémi Cardinael', 'Vincent Freycon', 'Fabrice Bénédet', 'Christine Le Bas', 'Marie Tella', 'Vincent Blanfort', 'Michel Brossard']",[],dataset-rdg,https://doi.org/10.18167/DVN1/HMCPMF,[''],"['Julien Demenois', 'Kenji Fujisaki', 'Tiphaine Chevallier', 'Antonio Bispo', 'Rémi Cardinael', 'Vincent Blanfort']",Vincent Blanfort,ALAMOD,1,2024
Recherche Data Gouv,DATA4C+ - A thesaurus to define land management practices in agriculture and forestry for soil carbon storage,doi:10.18167/DVN1/HMCPMF,Centre de Coopération Internationale en Recherche Agronomique pour le Développement,cirad://10.18167/DVN1/HMCPMF,2024-10-17T08:40:58Z,2024-10-17 08:40:58+00:00,"['Agricultural Sciences', 'interoperability', 'data', 'open data', 'climate change', 'carbon sequestration']",[''],"['Demenois, Julien', 'Fujisaki, Kenji', 'Chevallier, Tiphaine', 'Bispo, Antonio', 'Laurent, Jean-Baptiste', 'Thévenin, François', 'Chapuis-Lardy, Lydie', 'Cardinael, Rémi', 'Freycon, Vincent', 'Bénédet, Fabrice', 'Le Bas, Christine', 'Tella, Marie', 'Blanfort, Vincent', 'Brossard, Michel', 'Julien Demenois', 'Kenji Fujisaki', 'Tiphaine Chevallier', 'Antonio Bispo', 'Jean-Baptiste Laurent', 'François Thévenin', 'Lydie Chapuis-Lardy', 'Rémi Cardinael', 'Vincent Freycon', 'Fabrice Bénédet', 'Christine Le Bas', 'Marie Tella', 'Vincent Blanfort', 'Michel Brossard']",[],dataset-rdg,https://doi.org/10.18167/DVN1/HMCPMF,[''],"['Julien Demenois', 'Kenji Fujisaki', 'Tiphaine Chevallier', 'Antonio Bispo', 'Rémi Cardinael', 'Vincent Blanfort']",Vincent Blanfort,RIFT,1,2024
Recherche Data Gouv,"Dataset of Guillemot et al. (2022) Small and slow is safe: on the drought tolerance of tropical tree species, Global Change Biology",doi:10.18167/DVN1/HLBVJG,Centre de Coopération Internationale en Recherche Agronomique pour le Développement,cirad://10.18167/DVN1/HLBVJG,2024-10-17T08:40:58Z,2024-10-17 08:40:58+00:00,"['Agricultural Sciences', 'Earth and Environmental Sciences', 'functional traits', 'biological traits', 'life-history strategies', 'life cycle', 'fast-slow', 'stature-recruitment', 'drought tolerance', 'drought', 'woody plants', 'tropical zones', 'biological data']",[''],"['Guillemot, Joannès', 'Joannès Guillemot']",[],dataset-rdg,https://doi.org/10.18167/DVN1/HLBVJG,[''],['Joannès Guillemot'],Joannès Guillemot,Drought for C,1,2024
Recherche Data Gouv,"Dataset of Guillemot et al. (2022) Small and slow is safe: on the drought tolerance of tropical tree species, Global Change Biology",doi:10.18167/DVN1/HLBVJG,Centre de Coopération Internationale en Recherche Agronomique pour le Développement,cirad://10.18167/DVN1/HLBVJG,2024-10-17T08:40:58Z,2024-10-17 08:40:58+00:00,"['Agricultural Sciences', 'Earth and Environmental Sciences', 'functional traits', 'biological traits', 'life-history strategies', 'life cycle', 'fast-slow', 'stature-recruitment', 'drought tolerance', 'drought', 'woody plants', 'tropical zones', 'biological data']",[''],"['Guillemot, Joannès', 'Joannès Guillemot']",[],dataset-rdg,https://doi.org/10.18167/DVN1/HLBVJG,[''],['Joannès Guillemot'],Joannès Guillemot,RIFT,1,2024
Recherche Data Gouv,"Industrial, biochemical and histochemical properties of sorghum stems harvested from 5 trials in France",doi:10.18167/DVN1/JYQLEK,Centre de Coopération Internationale en Recherche Agronomique pour le Développement,cirad://10.18167/DVN1/JYQLEK,2024-10-17T08:41:12Z,2024-10-17 08:41:12+00:00,"['Agricultural Sciences', 'sorghum', 'biochemical composition', 'anaerobic digestion', 'feeds', 'genetic diversity', 'heritability', 'ideotype', 'internode anatomy', 'stem']",[''],"['Pot David', 'Thomas Hélène Laurence', 'Jaffuel Sylvie', 'Christelle Baptiste', 'Laurent Bonnal', 'Gilles Trouche', 'Denis Bastianelli', 'Eric Latrille', 'Angélique Berger', 'Caroline\xa0Calatayud', 'Céline\xa0Chauvergne', 'Virginie\xa0Rossard', 'Patrice\xa0Jeanson', 'Joël\xa0Alcouffe', 'Hélène\xa0Carrère', 'David Pot', 'Hélène Laurence Thomas', 'Sylvie Jaffuel', 'Baptiste Christelle', 'Bonnal Laurent', 'Trouche Gilles', 'Bastianelli Denis', 'Latrille Eric', 'Berger Angélique', 'Calatayud Caroline', 'Chauvergne Céline', 'Rossard Virginie', 'Jeanson Patrice', 'Alcouffe Joël', 'Carrère Hélène']",[],dataset-rdg,https://doi.org/10.18167/DVN1/JYQLEK,[''],['David Pot'],David Pot,RhizoSeqC,1,2024
Recherche Data Gouv,"A global database of land management, land-use change and climate change effects on soil organic carbon",doi:10.18167/DVN1/KKPLR8,Centre de Coopération Internationale en Recherche Agronomique pour le Développement,cirad://10.18167/DVN1/KKPLR8,2024-10-17T08:41:15Z,2024-10-17 08:41:15+00:00,"['Agricultural Sciences', 'systematic review', 'literature reviews', 'meta-analysis', 'climate change mitigation', 'climate change adaptation', 'food security', 'carbon sequestration', 'soil organic carbon']",[''],"['Beillouin, Damien', 'Demenois, Julien', 'Cardinael, Rémi', 'Berre, David', 'Corbeels, Marc', 'Fallot, Abigaïl', 'Boyer, Annie', 'Feder, Frédéric', 'Damien Beillouin', 'Julien Demenois', 'Rémi Cardinael', 'David Berre', 'Marc Corbeels', 'Abigaïl Fallot', 'Annie Boyer', 'Frédéric Feder']",[],dataset-rdg,https://doi.org/10.18167/DVN1/KKPLR8,[''],"['Julien Demenois', 'Rémi Cardinael']",Julien Demenois,CrosyeN,1,2024
Recherche Data Gouv,"A global database of land management, land-use change and climate change effects on soil organic carbon",doi:10.18167/DVN1/KKPLR8,Centre de Coopération Internationale en Recherche Agronomique pour le Développement,cirad://10.18167/DVN1/KKPLR8,2024-10-17T08:41:15Z,2024-10-17 08:41:15+00:00,"['Agricultural Sciences', 'systematic review', 'literature reviews', 'meta-analysis', 'climate change mitigation', 'climate change adaptation', 'food security', 'carbon sequestration', 'soil organic carbon']",[''],"['Beillouin, Damien', 'Demenois, Julien', 'Cardinael, Rémi', 'Berre, David', 'Corbeels, Marc', 'Fallot, Abigaïl', 'Boyer, Annie', 'Feder, Frédéric', 'Damien Beillouin', 'Julien Demenois', 'Rémi Cardinael', 'David Berre', 'Marc Corbeels', 'Abigaïl Fallot', 'Annie Boyer', 'Frédéric Feder']",[],dataset-rdg,https://doi.org/10.18167/DVN1/KKPLR8,[''],"['Julien Demenois', 'Rémi Cardinael']",Rémi Cardinael,ALAMOD,1,2024
Recherche Data Gouv,"A global database of land management, land-use change and climate change effects on soil organic carbon",doi:10.18167/DVN1/KKPLR8,Centre de Coopération Internationale en Recherche Agronomique pour le Développement,cirad://10.18167/DVN1/KKPLR8,2024-10-17T08:41:15Z,2024-10-17 08:41:15+00:00,"['Agricultural Sciences', 'systematic review', 'literature reviews', 'meta-analysis', 'climate change mitigation', 'climate change adaptation', 'food security', 'carbon sequestration', 'soil organic carbon']",[''],"['Beillouin, Damien', 'Demenois, Julien', 'Cardinael, Rémi', 'Berre, David', 'Corbeels, Marc', 'Fallot, Abigaïl', 'Boyer, Annie', 'Feder, Frédéric', 'Damien Beillouin', 'Julien Demenois', 'Rémi Cardinael', 'David Berre', 'Marc Corbeels', 'Abigaïl Fallot', 'Annie Boyer', 'Frédéric Feder']",[],dataset-rdg,https://doi.org/10.18167/DVN1/KKPLR8,[''],"['Julien Demenois', 'Rémi Cardinael']",Rémi Cardinael,CrosyeN,1,2024
Recherche Data Gouv,Qualitative data on barriers and actions to boost soil carbon sequestration,doi:10.18167/DVN1/LRPTHE,Centre de Coopération Internationale en Recherche Agronomique pour le Développement,cirad://10.18167/DVN1/LRPTHE,2024-10-17T08:41:22Z,2024-10-17 08:41:22+00:00,"['Agricultural Sciences', 'carbon sequestration', 'climate change mitigation', 'climate change adaptation', 'food security', 'environmental policies']",[''],"['Demenois, Julien', 'Torquebiau, Emmanuel', 'Arnoult, Matthieu H', 'Eglin, Thomas', 'Masse, Dominique', 'Assouma, Mohamed Habibou', 'Blanfort, Vincent', 'Chenu, Claire', 'Chapuis-Lardy, Lydie', 'Medoc, Jean-Michel', 'Sall, Saidou Nourou', 'Julien Demenois', 'Emmanuel Torquebiau', 'Matthieu H Arnoult', 'Thomas Eglin', 'Dominique Masse', 'Mohamed Habibou Assouma', 'Vincent Blanfort', 'Claire Chenu', 'Lydie Chapuis-Lardy', 'Jean-Michel Medoc', 'Saidou Nourou Sall']",[],dataset-rdg,https://doi.org/10.18167/DVN1/LRPTHE,[''],"['Julien Demenois', 'Dominique Masse', 'Vincent Blanfort', 'Claire Chenu']",Julien Demenois,CrosyeN,1,2024
Recherche Data Gouv,Qualitative data on barriers and actions to boost soil carbon sequestration,doi:10.18167/DVN1/LRPTHE,Centre de Coopération Internationale en Recherche Agronomique pour le Développement,cirad://10.18167/DVN1/LRPTHE,2024-10-17T08:41:22Z,2024-10-17 08:41:22+00:00,"['Agricultural Sciences', 'carbon sequestration', 'climate change mitigation', 'climate change adaptation', 'food security', 'environmental policies']",[''],"['Demenois, Julien', 'Torquebiau, Emmanuel', 'Arnoult, Matthieu H', 'Eglin, Thomas', 'Masse, Dominique', 'Assouma, Mohamed Habibou', 'Blanfort, Vincent', 'Chenu, Claire', 'Chapuis-Lardy, Lydie', 'Medoc, Jean-Michel', 'Sall, Saidou Nourou', 'Julien Demenois', 'Emmanuel Torquebiau', 'Matthieu H Arnoult', 'Thomas Eglin', 'Dominique Masse', 'Mohamed Habibou Assouma', 'Vincent Blanfort', 'Claire Chenu', 'Lydie Chapuis-Lardy', 'Jean-Michel Medoc', 'Saidou Nourou Sall']",[],dataset-rdg,https://doi.org/10.18167/DVN1/LRPTHE,[''],"['Julien Demenois', 'Dominique Masse', 'Vincent Blanfort', 'Claire Chenu']",Dominique Masse,RhizoSeqC,1,2024
Recherche Data Gouv,Qualitative data on barriers and actions to boost soil carbon sequestration,doi:10.18167/DVN1/LRPTHE,Centre de Coopération Internationale en Recherche Agronomique pour le Développement,cirad://10.18167/DVN1/LRPTHE,2024-10-17T08:41:22Z,2024-10-17 08:41:22+00:00,"['Agricultural Sciences', 'carbon sequestration', 'climate change mitigation', 'climate change adaptation', 'food security', 'environmental policies']",[''],"['Demenois, Julien', 'Torquebiau, Emmanuel', 'Arnoult, Matthieu H', 'Eglin, Thomas', 'Masse, Dominique', 'Assouma, Mohamed Habibou', 'Blanfort, Vincent', 'Chenu, Claire', 'Chapuis-Lardy, Lydie', 'Medoc, Jean-Michel', 'Sall, Saidou Nourou', 'Julien Demenois', 'Emmanuel Torquebiau', 'Matthieu H Arnoult', 'Thomas Eglin', 'Dominique Masse', 'Mohamed Habibou Assouma', 'Vincent Blanfort', 'Claire Chenu', 'Lydie Chapuis-Lardy', 'Jean-Michel Medoc', 'Saidou Nourou Sall']",[],dataset-rdg,https://doi.org/10.18167/DVN1/LRPTHE,[''],"['Julien Demenois', 'Dominique Masse', 'Vincent Blanfort', 'Claire Chenu']",Dominique Masse,SLAM-B,1,2024
Recherche Data Gouv,Qualitative data on barriers and actions to boost soil carbon sequestration,doi:10.18167/DVN1/LRPTHE,Centre de Coopération Internationale en Recherche Agronomique pour le Développement,cirad://10.18167/DVN1/LRPTHE,2024-10-17T08:41:22Z,2024-10-17 08:41:22+00:00,"['Agricultural Sciences', 'carbon sequestration', 'climate change mitigation', 'climate change adaptation', 'food security', 'environmental policies']",[''],"['Demenois, Julien', 'Torquebiau, Emmanuel', 'Arnoult, Matthieu H', 'Eglin, Thomas', 'Masse, Dominique', 'Assouma, Mohamed Habibou', 'Blanfort, Vincent', 'Chenu, Claire', 'Chapuis-Lardy, Lydie', 'Medoc, Jean-Michel', 'Sall, Saidou Nourou', 'Julien Demenois', 'Emmanuel Torquebiau', 'Matthieu H Arnoult', 'Thomas Eglin', 'Dominique Masse', 'Mohamed Habibou Assouma', 'Vincent Blanfort', 'Claire Chenu', 'Lydie Chapuis-Lardy', 'Jean-Michel Medoc', 'Saidou Nourou Sall']",[],dataset-rdg,https://doi.org/10.18167/DVN1/LRPTHE,[''],"['Julien Demenois', 'Dominique Masse', 'Vincent Blanfort', 'Claire Chenu']",Vincent Blanfort,ALAMOD,1,2024
Recherche Data Gouv,Qualitative data on barriers and actions to boost soil carbon sequestration,doi:10.18167/DVN1/LRPTHE,Centre de Coopération Internationale en Recherche Agronomique pour le Développement,cirad://10.18167/DVN1/LRPTHE,2024-10-17T08:41:22Z,2024-10-17 08:41:22+00:00,"['Agricultural Sciences', 'carbon sequestration', 'climate change mitigation', 'climate change adaptation', 'food security', 'environmental policies']",[''],"['Demenois, Julien', 'Torquebiau, Emmanuel', 'Arnoult, Matthieu H', 'Eglin, Thomas', 'Masse, Dominique', 'Assouma, Mohamed Habibou', 'Blanfort, Vincent', 'Chenu, Claire', 'Chapuis-Lardy, Lydie', 'Medoc, Jean-Michel', 'Sall, Saidou Nourou', 'Julien Demenois', 'Emmanuel Torquebiau', 'Matthieu H Arnoult', 'Thomas Eglin', 'Dominique Masse', 'Mohamed Habibou Assouma', 'Vincent Blanfort', 'Claire Chenu', 'Lydie Chapuis-Lardy', 'Jean-Michel Medoc', 'Saidou Nourou Sall']",[],dataset-rdg,https://doi.org/10.18167/DVN1/LRPTHE,[''],"['Julien Demenois', 'Dominique Masse', 'Vincent Blanfort', 'Claire Chenu']",Vincent Blanfort,RIFT,1,2024
Recherche Data Gouv,Qualitative data on barriers and actions to boost soil carbon sequestration,doi:10.18167/DVN1/LRPTHE,Centre de Coopération Internationale en Recherche Agronomique pour le Développement,cirad://10.18167/DVN1/LRPTHE,2024-10-17T08:41:22Z,2024-10-17 08:41:22+00:00,"['Agricultural Sciences', 'carbon sequestration', 'climate change mitigation', 'climate change adaptation', 'food security', 'environmental policies']",[''],"['Demenois, Julien', 'Torquebiau, Emmanuel', 'Arnoult, Matthieu H', 'Eglin, Thomas', 'Masse, Dominique', 'Assouma, Mohamed Habibou', 'Blanfort, Vincent', 'Chenu, Claire', 'Chapuis-Lardy, Lydie', 'Medoc, Jean-Michel', 'Sall, Saidou Nourou', 'Julien Demenois', 'Emmanuel Torquebiau', 'Matthieu H Arnoult', 'Thomas Eglin', 'Dominique Masse', 'Mohamed Habibou Assouma', 'Vincent Blanfort', 'Claire Chenu', 'Lydie Chapuis-Lardy', 'Jean-Michel Medoc', 'Saidou Nourou Sall']",[],dataset-rdg,https://doi.org/10.18167/DVN1/LRPTHE,[''],"['Julien Demenois', 'Dominique Masse', 'Vincent Blanfort', 'Claire Chenu']",Claire Chenu,ALAMOD,1,2024
Recherche Data Gouv,"Crop-News: Experimenting intercropping Sorghum sp., cowpea and native evergreen woody shrub (Piliostigma sp) at Kamboinse - Burkina Faso - 2018-2022",doi:10.18167/DVN1/MB93LU,Centre de Coopération Internationale en Recherche Agronomique pour le Développement,cirad://10.18167/DVN1/MB93LU,2024-10-17T08:41:26Z,2024-10-17 08:41:26+00:00,"['Agricultural Sciences', 'Sorghum (Poaceae)', 'shrubs', 'intercropping', 'drylands', 'tropical Africa', 'water harvesting', 'no tillage', 'soil', 'rizosphere', 'nutrient cycles', 'organic recycling', 'mulching']",[''],"['Lahmar, Rabah', 'Douzet, Jean-Marie', 'Jourdan, Christophe', 'Cournac, Laurent', 'Rabah Lahmar', 'Jean-Marie Douzet', 'Christophe Jourdan', 'Laurent Cournac']",[],dataset-rdg,https://doi.org/10.18167/DVN1/MB93LU,[''],['Laurent Cournac'],Laurent Cournac,RhizoSeqC,1,2024
Recherche Data Gouv,Crop-News: Experimenting intercropping cereal (Sorghum bicolor) and native evergreen woody shrub (Piliostigma sp) at Kamboinse - Burkina Faso - 2013-2017,doi:10.18167/DVN1/WTWC7Y,Centre de Coopération Internationale en Recherche Agronomique pour le Développement,cirad://10.18167/DVN1/WTWC7Y,2024-10-17T08:42:24Z,2024-10-17 08:42:24+00:00,"['Agricultural Sciences', 'Sorghum (Poaceae)', 'shrubs', 'intercropping', 'drylands', 'tropical Africa', 'water harvesting', 'no tillage', 'soil', 'rizosphere', 'nutrient cycles', 'organic recycling', 'mulching']",[''],"['Lahmar, Rabah', 'Douzet, Jean-Marie', 'Jourdan, Christophe', 'Cournac, Laurent', 'Merckx, Roel', 'Yacouba, Hamma', 'Rabah Lahmar', 'Jean-Marie Douzet', 'Christophe Jourdan', 'Laurent Cournac', 'Roel Merckx', 'Hamma Yacouba']",[],dataset-rdg,https://doi.org/10.18167/DVN1/WTWC7Y,[''],['Laurent Cournac'],Laurent Cournac,RhizoSeqC,1,2024
Recherche Data Gouv,Agronomic management of rice blast datasets (®GARP database),doi:10.18167/DVN1/Y5HADO,Centre de Coopération Internationale en Recherche Agronomique pour le Développement,cirad://10.18167/DVN1/Y5HADO,2024-10-17T08:42:31Z,2024-10-17 08:42:31+00:00,"['Agricultural Sciences', 'Computer and Information Science', 'rice blast', 'agroecology', 'integrated pest management', 'nitrogen uptake', 'upland rice']",[''],"['Auzoux, Sandrine', 'Dusserre,Julie', 'Sester, Mathilde', 'Sandrine Auzoux', 'Julie Dusserre', 'Mathilde Sester']",[],dataset-rdg,https://doi.org/10.18167/DVN1/Y5HADO,[''],['Mathilde Sester'],Mathilde Sester,CrosyeN,1,2024
Recherche Data Gouv,Map of landform classes of the Congo Basin and adjacent regions at 900 m of spatial resolution,doi:10.18167/DVN1/ZRFRGD,Centre de Coopération Internationale en Recherche Agronomique pour le Développement,cirad://10.18167/DVN1/ZRFRGD,2024-10-17T08:42:40Z,2024-10-17 08:42:40+00:00,"['Earth and Environmental Sciences', 'SRTM', 'geomorphological mapping', 'texture', 'morphometry', 'Congo basin']",[''],"['Viennois, Gaëlle', 'Bétard, François', 'Freycon, Vincent', 'Barbier, Nicolas', 'Couteron, Pierre', 'Gaëlle Viennois', 'François Bétard', 'Vincent Freycon', 'Nicolas Barbier', 'Pierre Couteron']",[],dataset-rdg,https://doi.org/10.18167/DVN1/ZRFRGD,[''],['Nicolas Barbier'],Nicolas Barbier,RIFT,1,2024
Recherche Data Gouv,Data from: Productivity and biological N2-fixation in cereal-cowpea intercropping systems in sub-Saharan Africa. A review,doi:10.18167/DVN1/DXDR1R,Centre de Coopération Internationale en Recherche Agronomique pour le Développement,cirad://10.18167/DVN1/DXDR1R,2025-01-14T12:07:07Z,2025-01-14 12:07:07+00:00,"['Agricultural Sciences', 'Crop yield', 'Land Equivalent Ratio', 'tropical crops', 'Low-input system', 'Smallholder farmers', 'Biological nitrogen-fixation']",[''],"['Namatsheve, Talent', 'Cardinael, Rémi', 'Corbeels, Marc', 'Chikowo, Regis', 'Talent Namatsheve', 'Rémi Cardinael', 'Marc Corbeels', 'Regis Chikowo']",[],dataset-rdg,https://doi.org/10.18167/DVN1/DXDR1R,[''],['Rémi Cardinael'],Rémi Cardinael,ALAMOD,1,2025
Recherche Data Gouv,Data from: Productivity and biological N2-fixation in cereal-cowpea intercropping systems in sub-Saharan Africa. A review,doi:10.18167/DVN1/DXDR1R,Centre de Coopération Internationale en Recherche Agronomique pour le Développement,cirad://10.18167/DVN1/DXDR1R,2025-01-14T12:07:07Z,2025-01-14 12:07:07+00:00,"['Agricultural Sciences', 'Crop yield', 'Land Equivalent Ratio', 'tropical crops', 'Low-input system', 'Smallholder farmers', 'Biological nitrogen-fixation']",[''],"['Namatsheve, Talent', 'Cardinael, Rémi', 'Corbeels, Marc', 'Chikowo, Regis', 'Talent Namatsheve', 'Rémi Cardinael', 'Marc Corbeels', 'Regis Chikowo']",[],dataset-rdg,https://doi.org/10.18167/DVN1/DXDR1R,[''],['Rémi Cardinael'],Rémi Cardinael,CrosyeN,1,2025
Recherche Data Gouv,"Data for: Maize-cowpea intercropping as an ecological intensification option for low input systems in sub-humid Zimbabwe: productivity, biological N2-fixation and grain mineral content",doi:10.18167/DVN1/IJOA5J,Centre de Coopération Internationale en Recherche Agronomique pour le Développement,cirad://10.18167/DVN1/IJOA5J,2025-01-14T12:07:09Z,2025-01-14 12:07:09+00:00,"['Agricultural Sciences', 'Crop yield', 'Land equivalent ratio', 'Legumes', 'Micronutrients', 'Smallholder farms', 'Soil fertility gradients', 'Intercropping', 'Nitrogen fixation']",[''],"['Namatsheve, Talent', 'Chikowo, Regis', 'Corbeels, Marc', 'Mouquet-Rivier, Claire', 'Icard-Vernière, Christèle', 'Cardinael, Rémi', 'Talent Namatsheve', 'Regis Chikowo', 'Marc Corbeels', 'Claire Mouquet-Rivier', 'Christèle Icard-Vernière', 'Rémi Cardinael']",[],dataset-rdg,https://doi.org/10.18167/DVN1/IJOA5J,[''],['Rémi Cardinael'],Rémi Cardinael,ALAMOD,1,2025
Recherche Data Gouv,"Data for: Maize-cowpea intercropping as an ecological intensification option for low input systems in sub-humid Zimbabwe: productivity, biological N2-fixation and grain mineral content",doi:10.18167/DVN1/IJOA5J,Centre de Coopération Internationale en Recherche Agronomique pour le Développement,cirad://10.18167/DVN1/IJOA5J,2025-01-14T12:07:09Z,2025-01-14 12:07:09+00:00,"['Agricultural Sciences', 'Crop yield', 'Land equivalent ratio', 'Legumes', 'Micronutrients', 'Smallholder farms', 'Soil fertility gradients', 'Intercropping', 'Nitrogen fixation']",[''],"['Namatsheve, Talent', 'Chikowo, Regis', 'Corbeels, Marc', 'Mouquet-Rivier, Claire', 'Icard-Vernière, Christèle', 'Cardinael, Rémi', 'Talent Namatsheve', 'Regis Chikowo', 'Marc Corbeels', 'Claire Mouquet-Rivier', 'Christèle Icard-Vernière', 'Rémi Cardinael']",[],dataset-rdg,https://doi.org/10.18167/DVN1/IJOA5J,[''],['Rémi Cardinael'],Rémi Cardinael,CrosyeN,1,2025
Recherche Data Gouv,"Data for ""Diachronic assessment of soil organic C and N dynamics under long-term no-till cropping systems in the tropical upland of Cambodia""",doi:10.18167/DVN1/NNBBAQ,Centre de Coopération Internationale en Recherche Agronomique pour le Développement,cirad://10.18167/DVN1/NNBBAQ,2025-01-14T12:07:12Z,2025-01-14 12:07:12+00:00,"['Agricultural Sciences', 'conservation agriculture', 'soil organic carbon', 'cover plants', 'carbon sequestration']",[''],"['Leng, Vira', 'Cardinael, Rémi', 'Tivet, Florent', 'Seng, Vang', 'Mark, Phearum', 'Lienhard, Pascal', 'Filloux, Titouan', 'Six, Johan', 'Hok, Lyda', 'Boulakia, Stéphane', 'Briedis, Clever', 'de Moraes Sá, João Carlos', 'Thuriès, Laurent', 'Vira Leng', 'Rémi Cardinael', 'Florent Tivet', 'Vang Seng', 'Phearum Mark', 'Pascal Lienhard', 'Titouan Filloux', 'Johan Six', 'Lyda Hok', 'Stéphane Boulakia', 'Clever Briedis', 'João Carlos De Moraes Sá', 'Laurent Thuriès']",[],dataset-rdg,https://doi.org/10.18167/DVN1/NNBBAQ,[''],"['Rémi Cardinael', 'Florent Tivet']",Rémi Cardinael,ALAMOD,1,2025
Recherche Data Gouv,"Data for ""Diachronic assessment of soil organic C and N dynamics under long-term no-till cropping systems in the tropical upland of Cambodia""",doi:10.18167/DVN1/NNBBAQ,Centre de Coopération Internationale en Recherche Agronomique pour le Développement,cirad://10.18167/DVN1/NNBBAQ,2025-01-14T12:07:12Z,2025-01-14 12:07:12+00:00,"['Agricultural Sciences', 'conservation agriculture', 'soil organic carbon', 'cover plants', 'carbon sequestration']",[''],"['Leng, Vira', 'Cardinael, Rémi', 'Tivet, Florent', 'Seng, Vang', 'Mark, Phearum', 'Lienhard, Pascal', 'Filloux, Titouan', 'Six, Johan', 'Hok, Lyda', 'Boulakia, Stéphane', 'Briedis, Clever', 'de Moraes Sá, João Carlos', 'Thuriès, Laurent', 'Vira Leng', 'Rémi Cardinael', 'Florent Tivet', 'Vang Seng', 'Phearum Mark', 'Pascal Lienhard', 'Titouan Filloux', 'Johan Six', 'Lyda Hok', 'Stéphane Boulakia', 'Clever Briedis', 'João Carlos De Moraes Sá', 'Laurent Thuriès']",[],dataset-rdg,https://doi.org/10.18167/DVN1/NNBBAQ,[''],"['Rémi Cardinael', 'Florent Tivet']",Rémi Cardinael,CrosyeN,1,2025
Recherche Data Gouv,"Data for ""Diachronic assessment of soil organic C and N dynamics under long-term no-till cropping systems in the tropical upland of Cambodia""",doi:10.18167/DVN1/NNBBAQ,Centre de Coopération Internationale en Recherche Agronomique pour le Développement,cirad://10.18167/DVN1/NNBBAQ,2025-01-14T12:07:12Z,2025-01-14 12:07:12+00:00,"['Agricultural Sciences', 'conservation agriculture', 'soil organic carbon', 'cover plants', 'carbon sequestration']",[''],"['Leng, Vira', 'Cardinael, Rémi', 'Tivet, Florent', 'Seng, Vang', 'Mark, Phearum', 'Lienhard, Pascal', 'Filloux, Titouan', 'Six, Johan', 'Hok, Lyda', 'Boulakia, Stéphane', 'Briedis, Clever', 'de Moraes Sá, João Carlos', 'Thuriès, Laurent', 'Vira Leng', 'Rémi Cardinael', 'Florent Tivet', 'Vang Seng', 'Phearum Mark', 'Pascal Lienhard', 'Titouan Filloux', 'Johan Six', 'Lyda Hok', 'Stéphane Boulakia', 'Clever Briedis', 'João Carlos De Moraes Sá', 'Laurent Thuriès']",[],dataset-rdg,https://doi.org/10.18167/DVN1/NNBBAQ,[''],"['Rémi Cardinael', 'Florent Tivet']",Florent Tivet,CrosyeN,1,2025
Recherche Data Gouv,"Data for: Long-term tillage, residue management and crop rotation impacts on N2O and CH4 emissions on two contrasting soils in sub-humid Zimbabwe",doi:10.18167/DVN1/N7GAZF,Centre de Coopération Internationale en Recherche Agronomique pour le Développement,cirad://10.18167/DVN1/N7GAZF,2025-01-14T12:07:11Z,2025-01-14 12:07:11+00:00,"['Agricultural Sciences', 'Earth and Environmental Sciences', 'Greenhouse gases emissions', 'Conservation agriculture', 'Africa South of Sahara']",[''],"['Shumba, Armwell', 'Chikowo, Regis', 'Corbeels, Marc', 'Six, Johan', 'Thierfelder, Christian', 'Cardinael, Rémi', 'Armwell Shumba', 'Regis Chikowo', 'Marc Corbeels', 'Johan Six', 'Christian Thierfelder', 'Rémi Cardinael']",[],dataset-rdg,https://doi.org/10.18167/DVN1/N7GAZF,[''],['Rémi Cardinael'],Rémi Cardinael,ALAMOD,1,2025
Recherche Data Gouv,"Data for: Long-term tillage, residue management and crop rotation impacts on N2O and CH4 emissions on two contrasting soils in sub-humid Zimbabwe",doi:10.18167/DVN1/N7GAZF,Centre de Coopération Internationale en Recherche Agronomique pour le Développement,cirad://10.18167/DVN1/N7GAZF,2025-01-14T12:07:11Z,2025-01-14 12:07:11+00:00,"['Agricultural Sciences', 'Earth and Environmental Sciences', 'Greenhouse gases emissions', 'Conservation agriculture', 'Africa South of Sahara']",[''],"['Shumba, Armwell', 'Chikowo, Regis', 'Corbeels, Marc', 'Six, Johan', 'Thierfelder, Christian', 'Cardinael, Rémi', 'Armwell Shumba', 'Regis Chikowo', 'Marc Corbeels', 'Johan Six', 'Christian Thierfelder', 'Rémi Cardinael']",[],dataset-rdg,https://doi.org/10.18167/DVN1/N7GAZF,[''],['Rémi Cardinael'],Rémi Cardinael,CrosyeN,1,2025
Recherche Data Gouv,"Data for ""Mulch application as the overarching factor explaining increase in soil organic carbon stocks under conservation agriculture in two 8-year-old experiments in Zimbabwe""",doi:10.18167/DVN1/VPOCHN,Centre de Coopération Internationale en Recherche Agronomique pour le Développement,cirad://10.18167/DVN1/VPOCHN,2025-01-14T12:07:16Z,2025-01-14 12:07:16+00:00,"['Agricultural Sciences', 'conservation agriculture', 'sub-Saharan Africa', 'soil organic carbon', 'mulches', 'carbon sequestration', 'cowpeas', 'maize']",[''],"['Shumba, Armwell', 'Chikowo, Regis', 'Thierfelder, Christian', 'Corbeels, Marc', 'Six, Johan', 'Cardinael, Rémi', 'Armwell Shumba', 'Regis Chikowo', 'Christian Thierfelder', 'Marc Corbeels', 'Johan Six', 'Rémi Cardinael']",[],dataset-rdg,https://doi.org/10.18167/DVN1/VPOCHN,[''],['Rémi Cardinael'],Rémi Cardinael,ALAMOD,1,2025
Recherche Data Gouv,"Data for ""Mulch application as the overarching factor explaining increase in soil organic carbon stocks under conservation agriculture in two 8-year-old experiments in Zimbabwe""",doi:10.18167/DVN1/VPOCHN,Centre de Coopération Internationale en Recherche Agronomique pour le Développement,cirad://10.18167/DVN1/VPOCHN,2025-01-14T12:07:16Z,2025-01-14 12:07:16+00:00,"['Agricultural Sciences', 'conservation agriculture', 'sub-Saharan Africa', 'soil organic carbon', 'mulches', 'carbon sequestration', 'cowpeas', 'maize']",[''],"['Shumba, Armwell', 'Chikowo, Regis', 'Thierfelder, Christian', 'Corbeels, Marc', 'Six, Johan', 'Cardinael, Rémi', 'Armwell Shumba', 'Regis Chikowo', 'Christian Thierfelder', 'Marc Corbeels', 'Johan Six', 'Rémi Cardinael']",[],dataset-rdg,https://doi.org/10.18167/DVN1/VPOCHN,[''],['Rémi Cardinael'],Rémi Cardinael,CrosyeN,1,2025
Recherche Data Gouv,Qualitative data on soil carbon certification schemes in agriculture and forestry,doi:10.18167/DVN1/04IS0L,Centre de Coopération Internationale en Recherche Agronomique pour le Développement,cirad://10.18167/DVN1/04IS0L,2024-10-17T08:39:52Z,2024-10-17 08:39:52+00:00,"['Agricultural Sciences', 'carbon sequestration', 'climate change mitigation', 'labels', 'certification', 'carbon offsetting', '4 pour 1000']",[''],"['Dayet, Alexia', 'Demenois, Julien', 'Alexia Dayet', 'Julien Demenois']",[],dataset-rdg,https://doi.org/10.18167/DVN1/04IS0L,[''],['Julien Demenois'],Julien Demenois,CrosyeN,1,2024
Recherche Data Gouv,15 year grassland fertilization experiment on pedo-climatic gradient in tropical conditions,doi:10.18167/DVN1/YYH20F,Centre de Coopération Internationale en Recherche Agronomique pour le Développement,cirad://10.18167/DVN1/YYH20F,2025-01-25T23:00:05Z,2025-01-25 23:00:05+00:00,"['Agricultural Sciences', 'Fertilization', 'Grasslands', 'Soil', 'Carbon', 'Yield']",[''],"['Edouard Rambaut Louis-Axel', 'Tillard Emmanuel', 'Salgado Paulo', 'Miralles-Bruneau Maeva', 'Lecomte Philippe', 'Riviere Expedit', 'Nabeneza Serge', 'Rambaut Louis-Axel Edouard', 'Emmanuel Tillard', 'Paulo Salgado', 'Maeva Miralles-Bruneau', 'Philippe Lecomte', 'Expedit Riviere', 'Serge Nabeneza']",[],dataset-rdg,https://doi.org/10.18167/DVN1/YYH20F,[''],['Emmanuel Tillard'],Emmanuel Tillard,ALAMOD,1,2025
Recherche Data Gouv,15 year grassland fertilization experiment on pedo-climatic gradient in tropical conditions,doi:10.18167/DVN1/YYH20F,Centre de Coopération Internationale en Recherche Agronomique pour le Développement,cirad://10.18167/DVN1/YYH20F,2025-01-25T23:00:05Z,2025-01-25 23:00:05+00:00,"['Agricultural Sciences', 'Fertilization', 'Grasslands', 'Soil', 'Carbon', 'Yield']",[''],"['Edouard Rambaut Louis-Axel', 'Tillard Emmanuel', 'Salgado Paulo', 'Miralles-Bruneau Maeva', 'Lecomte Philippe', 'Riviere Expedit', 'Nabeneza Serge', 'Rambaut Louis-Axel Edouard', 'Emmanuel Tillard', 'Paulo Salgado', 'Maeva Miralles-Bruneau', 'Philippe Lecomte', 'Expedit Riviere', 'Serge Nabeneza']",[],dataset-rdg,https://doi.org/10.18167/DVN1/YYH20F,[''],['Emmanuel Tillard'],Emmanuel Tillard,RIFT,1,2025
Recherche Data Gouv,Jeux de données d'inventaire des légumineuses présentes dans les agrosystèmes d'Afrique de l'Ouest,doi:10.18167/DVN1/IOWLLG,Centre de Coopération Internationale en Recherche Agronomique pour le Développement,cirad://10.18167/DVN1/IOWLLG,2025-02-15T23:00:01Z,2025-02-15 23:00:01+00:00,"['Agricultural Sciences', 'Earth and Environmental Sciences', 'Légumineuse', 'Agrobiodiversité']",[''],"['Molczadzki, Dan', 'Dusserre, Julie', 'Scopel, Eric', 'Voisin, Anne-Sophie', 'Clermont-Dauphin, Cathy', 'Dan Molczadzki', 'Julie Dusserre', 'Eric Scopel', 'Anne-Sophie Voisin', 'Cathy Clermont-Dauphin']",[],dataset-rdg,https://doi.org/10.18167/DVN1/IOWLLG,[''],['Cathy Clermont-Dauphin'],Cathy Clermont-Dauphin,RhizoSeqC,1,2025
Recherche Data Gouv,"Data for ""Drivers of soil organic carbon stocks at village scale in a sub-humid region of Zimbabwe""",doi:10.18167/DVN1/KVKWFL,Centre de Coopération Internationale en Recherche Agronomique pour le Développement,cirad://10.18167/DVN1/KVKWFL,2025-03-01T23:00:02Z,2025-03-01 23:00:02+00:00,"['Agricultural Sciences', 'Earth and Environmental Sciences', 'soil organic carbon', 'sub-Saharan Africa', 'Land use']",[''],"['Nyawasha, Rumbidzai W', 'Falconnier, Gatien', 'Todoroff, Pierre', 'Wadoux, Alexandre M.J.-C', 'Chikowo, Regis', 'Coquereau, Adrien', 'Leroux, Louise', 'Jahel, Camille', 'Corbeels, Marc', 'Cardinael, Rémi', 'Rumbidzai W Nyawasha', 'Gatien Falconnier', 'Pierre Todoroff', 'Alexandre M.J.-C Wadoux', 'Regis Chikowo', 'Adrien Coquereau', 'Louise Leroux', 'Camille Jahel', 'Marc Corbeels', 'Rémi Cardinael']",[],dataset-rdg,https://doi.org/10.18167/DVN1/KVKWFL,[''],['Rémi Cardinael'],Rémi Cardinael,ALAMOD,1,2025
Recherche Data Gouv,"Data for ""Drivers of soil organic carbon stocks at village scale in a sub-humid region of Zimbabwe""",doi:10.18167/DVN1/KVKWFL,Centre de Coopération Internationale en Recherche Agronomique pour le Développement,cirad://10.18167/DVN1/KVKWFL,2025-03-01T23:00:02Z,2025-03-01 23:00:02+00:00,"['Agricultural Sciences', 'Earth and Environmental Sciences', 'soil organic carbon', 'sub-Saharan Africa', 'Land use']",[''],"['Nyawasha, Rumbidzai W', 'Falconnier, Gatien', 'Todoroff, Pierre', 'Wadoux, Alexandre M.J.-C', 'Chikowo, Regis', 'Coquereau, Adrien', 'Leroux, Louise', 'Jahel, Camille', 'Corbeels, Marc', 'Cardinael, Rémi', 'Rumbidzai W Nyawasha', 'Gatien Falconnier', 'Pierre Todoroff', 'Alexandre M.J.-C Wadoux', 'Regis Chikowo', 'Adrien Coquereau', 'Louise Leroux', 'Camille Jahel', 'Marc Corbeels', 'Rémi Cardinael']",[],dataset-rdg,https://doi.org/10.18167/DVN1/KVKWFL,[''],['Rémi Cardinael'],Rémi Cardinael,CrosyeN,1,2025
Recherche Data Gouv,Weed flora of main cropping systems of French Guiana,doi:10.18167/DVN1/IRSGQY,Centre de Coopération Internationale en Recherche Agronomique pour le Développement,cirad://10.18167/DVN1/IRSGQY,2025-01-25T23:00:03Z,2025-01-25 23:00:03+00:00,"['Agricultural Sciences', 'Weed', 'rice', 'food crop', 'cassava', 'vegetables', 'orchard', 'rice', 'French Guiana']",[''],"['Le Bourgeois, Thomas', 'Bazan, Samantha', 'Blanfort, Vincent', 'Favale, Cassandra', 'Marnotte, Pascal', 'Thomas Le Bourgeois', 'Samantha Bazan', 'Vincent Blanfort', 'Cassandra Favale', 'Pascal Marnotte']",[],dataset-rdg,https://doi.org/10.18167/DVN1/IRSGQY,[''],['Vincent Blanfort'],Vincent Blanfort,ALAMOD,1,2025
Recherche Data Gouv,Weed flora of main cropping systems of French Guiana,doi:10.18167/DVN1/IRSGQY,Centre de Coopération Internationale en Recherche Agronomique pour le Développement,cirad://10.18167/DVN1/IRSGQY,2025-01-25T23:00:03Z,2025-01-25 23:00:03+00:00,"['Agricultural Sciences', 'Weed', 'rice', 'food crop', 'cassava', 'vegetables', 'orchard', 'rice', 'French Guiana']",[''],"['Le Bourgeois, Thomas', 'Bazan, Samantha', 'Blanfort, Vincent', 'Favale, Cassandra', 'Marnotte, Pascal', 'Thomas Le Bourgeois', 'Samantha Bazan', 'Vincent Blanfort', 'Cassandra Favale', 'Pascal Marnotte']",[],dataset-rdg,https://doi.org/10.18167/DVN1/IRSGQY,[''],['Vincent Blanfort'],Vincent Blanfort,RIFT,1,2025
Recherche Data Gouv,Large variability of soil microbial diversity and functions in an over 20-year old Eucalyptus grandis plantation,doi:10.18167/DVN1/QN22CM,Centre de Coopération Internationale en Recherche Agronomique pour le Développement,cirad://10.18167/DVN1/QN22CM,2025-03-15T23:00:01Z,2025-03-15 23:00:01+00:00,"['Agricultural Sciences', 'Earth and Environmental Sciences', 'Fungal community', 'Bacterial community', 'Functional diversity', 'Catabolic profiles', 'Understory vegetation', 'Tropical tree plantation']",[''],"['Robin, Agnès', 'Brondani, Margot', 'Marchal, Julie', 'Pablo, Anne-Laure', 'Personne, Aline', 'Desmarais, Erick', 'Cerqueira, Frédérique', 'Mahé, Frédéric', 'Degrune, Florine', 'Guillemot, Joannès', 'Brancalion, Pedro H.S.', 'Fromin, Nathalie', 'Agnès Robin', 'Margot Brondani', 'Julie Marchal', 'Anne-Laure Pablo', 'Aline Personne', 'Erick Desmarais', 'Frédérique Cerqueira', 'Frédéric Mahé', 'Florine Degrune', 'Joannès Guillemot', 'Pedro H.S. Brancalion', 'Nathalie Fromin']",[],dataset-rdg,https://doi.org/10.18167/DVN1/QN22CM,[''],['Joannès Guillemot'],Joannès Guillemot,Drought for C,1,2025
Recherche Data Gouv,Large variability of soil microbial diversity and functions in an over 20-year old Eucalyptus grandis plantation,doi:10.18167/DVN1/QN22CM,Centre de Coopération Internationale en Recherche Agronomique pour le Développement,cirad://10.18167/DVN1/QN22CM,2025-03-15T23:00:01Z,2025-03-15 23:00:01+00:00,"['Agricultural Sciences', 'Earth and Environmental Sciences', 'Fungal community', 'Bacterial community', 'Functional diversity', 'Catabolic profiles', 'Understory vegetation', 'Tropical tree plantation']",[''],"['Robin, Agnès', 'Brondani, Margot', 'Marchal, Julie', 'Pablo, Anne-Laure', 'Personne, Aline', 'Desmarais, Erick', 'Cerqueira, Frédérique', 'Mahé, Frédéric', 'Degrune, Florine', 'Guillemot, Joannès', 'Brancalion, Pedro H.S.', 'Fromin, Nathalie', 'Agnès Robin', 'Margot Brondani', 'Julie Marchal', 'Anne-Laure Pablo', 'Aline Personne', 'Erick Desmarais', 'Frédérique Cerqueira', 'Frédéric Mahé', 'Florine Degrune', 'Joannès Guillemot', 'Pedro H.S. Brancalion', 'Nathalie Fromin']",[],dataset-rdg,https://doi.org/10.18167/DVN1/QN22CM,[''],['Joannès Guillemot'],Joannès Guillemot,RIFT,1,2025
Recherche Data Gouv,Harmonized in situ JECAM datasets for agricultural land use mapping and monitoring in tropical countries,doi:10.18167/DVN1/P7OLAP,Centre de Coopération Internationale en Recherche Agronomique pour le Développement,cirad://10.18167/DVN1/P7OLAP,2024-10-17T08:41:41Z,2024-10-17 08:41:41+00:00,"['Agricultural Sciences', 'Computer and Information Science', 'Earth and Environmental Sciences', 'Spatial database', 'base de données spatiale', 'Land use', 'utilisation des terres', 'Environment', 'environnement', 'Field crop', 'culture de plein champ', 'Remote sensing', 'télédétection', 'Global Positioning Systems', 'système de positionnement global', 'Cropping systems', 'système de culture', 'Classification']",[''],"['Jolivot, Audrey', 'Lebourgeois, Valentine', 'Ameline, Mael', 'Andriamanga, Valerie', 'Bellon, Beatriz', 'Castets, Mathieu', 'Crespin-Boucaud, Arthur', 'Defourny, Pierre', 'Diaz, Santiana', 'Dieye, Mohamadou', 'Dupuy, Stephane', 'Ferraz, Rodrigo', 'Gaetano, Raffaele', 'Gely, Marie', 'Jahel, Camille', 'Kabore, Bertin', 'Lelong, Camille', 'Le Maire, Guerric', 'Leroux, Louise', 'Lo Seen, Danny', 'Muthoni, Martha', 'Ndao, Babacar', 'Newby, Terry', 'De Oliveira Santos, Cecilia Lira Melo', 'Rasoamalala, Eloise', 'Simoes, Margareth', 'Thiaw, Ibrahima', 'Timmermans, Alice', 'Tran, Annelise', 'Begue, Agnes', 'Audrey Jolivot', 'Valentine Lebourgeois', 'Mael Ameline', 'Valerie Andriamanga', 'Beatriz Bellon', 'Mathieu Castets', 'Arthur Crespin-Boucaud', 'Pierre Defourny', 'Santiana Diaz', 'Mohamadou Dieye', 'Stephane Dupuy', 'Rodrigo Ferraz', 'Raffaele Gaetano', 'Marie Gely', 'Camille Jahel', 'Bertin Kabore', 'Camille Lelong', 'Guerric Le Maire', 'Louise Leroux', 'Danny Lo Seen', 'Martha Muthoni', 'Babacar Ndao', 'Terry Newby', 'Cecilia Lira Melo De Oliveira Santos', 'Eloise Rasoamalala', 'Margareth Simoes', 'Ibrahima Thiaw', 'Alice Timmermans', 'Annelise Tran', 'Agnes Begue']",[],dataset-rdg,https://doi.org/10.18167/DVN1/P7OLAP,[''],['Guerric Le Maire'],Guerric Le Maire,Drought for C,1,2024
Recherche Data Gouv,"Code for computing Leaf Size, Shape and Symptoms traits from scans",doi:10.18167/DVN1/PYAXSS,Centre de Coopération Internationale en Recherche Agronomique pour le Développement,cirad://10.18167/DVN1/PYAXSS,2024-10-17T08:41:47Z,2024-10-17 08:41:47+00:00,"['Agricultural Sciences', 'image analysis, leaf scan, leaf traits']",[''],"['le Maire, Guerric', 'Guerric Le Maire']",[],dataset-rdg,https://doi.org/10.18167/DVN1/PYAXSS,[''],['Guerric Le Maire'],Guerric Le Maire,Drought for C,1,2024
Recherche Data Gouv,Sugarcane yield response to legume intercropped: data from experimental network and review,doi:10.18167/DVN1/RR8FQX,Centre de Coopération Internationale en Recherche Agronomique pour le Développement,cirad://10.18167/DVN1/RR8FQX,2024-10-17T08:41:54Z,2024-10-17 08:41:54+00:00,"['Agricultural Sciences', 'sugarcane', 'cover crops', 'yield']",[''],"['Viaud Pauline', 'Christina Mathias', 'Versini Antoine', 'Naudin Krishna', 'Heuclin Benjamin', 'Letourmy Philippe', 'Mansuy Alizé', 'Chetty Julien', 'Pauline Viaud', 'Mathias Christina', 'Antoine Versini', 'Krishna Naudin', 'Benjamin Heuclin', 'Philippe Letourmy', 'Alizé Mansuy', 'Julien Chetty']",[],dataset-rdg,https://doi.org/10.18167/DVN1/RR8FQX,[''],['Antoine Versini'],Antoine Versini,ALAMOD,1,2024
Recherche Data Gouv,TRANSMAT Gold Standard,doi:10.18167/DVN1/U7HK8J,Centre de Coopération Internationale en Recherche Agronomique pour le Développement,cirad://10.18167/DVN1/U7HK8J,2024-10-17T08:42:10Z,2024-10-17 08:42:10+00:00,"['Chemistry', 'Computer and Information Science', 'text mining', 'fouille de textes', 'knowledge and information systems', ""systèmes de connaissances et d'information"", 'chimie analytique', 'analytical chemistry', 'structured text']",[''],"['Lentschat, Martin', 'Buche, Patrice', 'Menut, Luc', 'Martin Lentschat', 'Patrice Buche', 'Luc Menut']",[],dataset-rdg,https://doi.org/10.18167/DVN1/U7HK8J,[''],['Patrice Buche'],Patrice Buche,SLAM-B,1,2024
Recherche Data Gouv,Sorghum WCA-BCNAM data,doi:10.18167/DVN1/TZVGLS,Centre de Coopération Internationale en Recherche Agronomique pour le Développement,cirad://10.18167/DVN1/TZVGLS,2024-10-17T08:42:09Z,2024-10-17 08:42:09+00:00,"['Agricultural Sciences', 'Genetics, BCNAM, QTL, GxE, envirotyping, sorghum']",[''],"['Garin, Vincent', 'Diallo, Chiaka', 'Tekete, Mohamed', 'Thera, Korotimi', 'Guitton, Baptiste', 'Dagno, Karim', 'Diallo, Abdoulaye G.', 'Kouressy, Mamoutou', 'Leiser, Willmar', 'Rattunde, Fred', 'Sissoko, Ibrahima', 'Toure, Aboubacar', 'Nebie, Baloua', 'Samake, Moussa', 'Kholova, Jana', 'Frouin, Julien', 'Pot, David', 'Vaksmann, Michel', 'Weltzien, Eva', 'Teme, Niaba', 'Rami, Jean-Francois', 'Vincent Garin', 'Chiaka Diallo', 'Mohamed Tekete', 'Korotimi Thera', 'Baptiste Guitton', 'Karim Dagno', 'Abdoulaye G. Diallo', 'Mamoutou Kouressy', 'Willmar Leiser', 'Fred Rattunde', 'Ibrahima Sissoko', 'Aboubacar Toure', 'Baloua Nebie', 'Moussa Samake', 'Jana Kholova', 'Julien Frouin', 'David Pot', 'Michel Vaksmann', 'Eva Weltzien', 'Niaba Teme', 'Jean-Francois Rami']",[],dataset-rdg,https://doi.org/10.18167/DVN1/TZVGLS,[''],"['Vincent Garin', 'David Pot']",Vincent Garin,RhizoSeqC,1,2024
Recherche Data Gouv,Sorghum WCA-BCNAM data,doi:10.18167/DVN1/TZVGLS,Centre de Coopération Internationale en Recherche Agronomique pour le Développement,cirad://10.18167/DVN1/TZVGLS,2024-10-17T08:42:09Z,2024-10-17 08:42:09+00:00,"['Agricultural Sciences', 'Genetics, BCNAM, QTL, GxE, envirotyping, sorghum']",[''],"['Garin, Vincent', 'Diallo, Chiaka', 'Tekete, Mohamed', 'Thera, Korotimi', 'Guitton, Baptiste', 'Dagno, Karim', 'Diallo, Abdoulaye G.', 'Kouressy, Mamoutou', 'Leiser, Willmar', 'Rattunde, Fred', 'Sissoko, Ibrahima', 'Toure, Aboubacar', 'Nebie, Baloua', 'Samake, Moussa', 'Kholova, Jana', 'Frouin, Julien', 'Pot, David', 'Vaksmann, Michel', 'Weltzien, Eva', 'Teme, Niaba', 'Rami, Jean-Francois', 'Vincent Garin', 'Chiaka Diallo', 'Mohamed Tekete', 'Korotimi Thera', 'Baptiste Guitton', 'Karim Dagno', 'Abdoulaye G. Diallo', 'Mamoutou Kouressy', 'Willmar Leiser', 'Fred Rattunde', 'Ibrahima Sissoko', 'Aboubacar Toure', 'Baloua Nebie', 'Moussa Samake', 'Jana Kholova', 'Julien Frouin', 'David Pot', 'Michel Vaksmann', 'Eva Weltzien', 'Niaba Teme', 'Jean-Francois Rami']",[],dataset-rdg,https://doi.org/10.18167/DVN1/TZVGLS,[''],"['Vincent Garin', 'David Pot']",David Pot,RhizoSeqC,1,2024
Recherche Data Gouv,Maps of central African rainforest composition and vulnerability,doi:10.18167/DVN1/UCNCA7,Centre de Coopération Internationale en Recherche Agronomique pour le Développement,cirad://10.18167/DVN1/UCNCA7,2024-10-17T08:42:10Z,2024-10-17 08:42:10+00:00,['Earth and Environmental Sciences'],[''],"['Maxime Réjou-Méchain', 'Frédéric Mortier', 'Jean-Francois Bastin', 'Guillaume Cornu', 'Nicolas Barbier', 'Nicolas Bayol', 'Fabrice Bénédet', 'Xavier Bry', 'Gilles Dauby', 'Vincent Deblauwe', 'Jean-Louis Doucet', 'Charles Doumenge', 'Adeline Fayolle', 'Claude Garcia', 'Jean-Paul Kibambe', 'Jean-Joël Loumeto', 'Alfred Ngomanda', 'Pierre Ploton', 'Bonaventure Sonke', 'Catherine Trottier', 'Ruppert Vimal', 'Olga Yongo', 'Raphael Pelissier', 'Sylvie Gourlet-Fleury', 'Réjou-Méchain Maxime', 'Mortier Frédéric', 'Bastin Jean-Francois', 'Cornu Guillaume', 'Barbier Nicolas', 'Bayol Nicolas', 'Bénédet Fabrice', 'Bry Xavier', 'Dauby Gilles', 'Deblauwe Vincent', 'Doucet Jean-Louis', 'Doumenge Charles', 'Fayolle Adeline', 'Garcia Claude', 'Kibambe Jean-Paul', 'Loumeto Jean-Joël', 'Ngomanda Alfred', 'Ploton Pierre', 'Sonke Bonaventure', 'Trottier Catherine', 'Vimal Ruppert', 'Yongo Olga', 'Pelissier Raphael', 'Gourlet-Fleury Sylvie']",[],dataset-rdg,https://doi.org/10.18167/DVN1/UCNCA7,[''],['Nicolas Barbier'],Nicolas Barbier,RIFT,1,2024
Recherche Data Gouv,Grain ionomic in Vietnamese rice landraces (2019-2024),doi:10.23708/A76RP9,Institut de Recherche pour le Développement,ird://10.23708/A76RP9,2025-05-18T04:00:32Z,2025-05-18 04:00:32+00:00,"['Agricultural Sciences', 'rice', 'grain', 'ionomics', 'ICP-MS']",[''],"['Grondin, Alexandre', 'Tran, Hien Linh', 'Hoang, Giang Thi', 'Gantet, Pascal', 'Alexandre Grondin', 'Hien Linh Tran', 'Giang Thi Hoang', 'Pascal Gantet']",[],dataset-rdg,https://doi.org/10.23708/A76RP9,[''],['Alexandre Grondin'],Alexandre Grondin,RhizoSeqC,1,2025
Recherche Data Gouv,Data on soil organic carbon content and stock in Martinique – relations to near infrared spectra,doi:10.23708/C2TV6W,Institut de Recherche pour le Développement,ird://10.23708/C2TV6W,2025-05-18T04:00:48Z,2025-05-18 04:00:48+00:00,"['Agricultural Sciences', 'Earth and Environmental Sciences', 'soil type', 'land use and management', 'near infrared diffuse reflectance', 'particle size distribution']",[''],"['Barthès, Bernard G.', 'Venkatapen, Corinne', 'Cambou, Aurélie', 'Blanchart, Eric', 'Bernard G. Barthès', 'Corinne Venkatapen', 'Aurélie Cambou', 'Eric Blanchart']",[],dataset-rdg,https://doi.org/10.23708/C2TV6W,[''],['Aurélie Cambou'],Aurélie Cambou,ALAMOD,1,2025
Recherche Data Gouv,Data for: Varietal mixtures of Sahelian smallholders conciliate enhanced yield and agrobiodiversity conservation,doi:10.23708/SVJS1T,Institut de Recherche pour le Développement,ird://10.23708/SVJS1T,2025-05-18T04:02:48Z,2025-05-18 04:02:48+00:00,"['Agricultural Sciences', 'mixture', 'pearl millet', 'cenchrus', 'flowering']",[''],"['Cisse, Aby', 'Clermont-Dauphin, Cathy', 'Sall, Saidou Nourou', 'Ndir, Khadidiatou', 'Kane, Ndjido Ardo', 'Renard, Delphine', 'Violle, Cyrille', 'Barnaud, Adeline', 'Berthouly-Salazar, Cecile', 'Aby Cisse', 'Cathy Clermont-Dauphin', 'Saidou Nourou Sall', 'Khadidiatou Ndir', 'Ndjido Ardo Kane', 'Delphine Renard', 'Cyrille Violle', 'Adeline Barnaud', 'Cecile Berthouly-Salazar']",[],dataset-rdg,https://doi.org/10.23708/SVJS1T,[''],['Cathy Clermont-Dauphin'],Cathy Clermont-Dauphin,RhizoSeqC,1,2025
Recherche Data Gouv,Les ingénieurs du sol sous les tropiques. Une piste pour mieux atteindre les objectifs du développement durable ?,doi:10.23708/SVR1QS,Institut de Recherche pour le Développement,ird://10.23708/SVR1QS,2025-05-18T04:02:49Z,2025-05-18 04:02:49+00:00,"['Agricultural Sciences', 'Earth and Environmental Sciences', 'biodiversity', 'soil', 'termites', 'power point']",[''],"['Jouquet, Pascal', 'Pascal Jouquet']",[],dataset-rdg,https://doi.org/10.23708/SVR1QS,[''],['Pascal Jouquet'],Pascal Jouquet,CrosyeN,1,2025
Recherche Data Gouv,"Data and supplementary information for: Natural versus anthropogenically-accelerated erosion in Central Brazil, a confrontation of time and space scales",doi:10.23708/U65XXY,Institut de Recherche pour le Développement,ird://10.23708/U65XXY,2025-05-18T04:02:58Z,2025-05-18 04:02:58+00:00,"['Earth and Environmental Sciences', 'soil erosion', 'human-induced erosion', 'ecosystem', 'landscape', 'agriculture', 'Cerrado savanna', 'Brazil']",[''],"['Siame, Lionel', 'Rosa, Lucas Espíndola', 'Cherem, Luis Felipe Soares', 'Oliveira, José Guilherme', 'Evrard, Olivier', 'Barhoumi, Houda', 'Leanni, Laëtitia', 'Duvivier, Adrien', 'Blard, Pierre-Henri', 'Bourlès, Didier', 'ASTER team', 'Cornu, Sophie', 'Lionel Siame', 'Lucas Espíndola Rosa', 'Luis Felipe Soares Cherem', 'José Guilherme Oliveira', 'Olivier Evrard', 'Houda Barhoumi', 'Laëtitia Leanni', 'Adrien Duvivier', 'Pierre-Henri Blard', 'Didier Bourlès', 'Team Aster', 'Sophie Cornu']",[],dataset-rdg,https://doi.org/10.23708/U65XXY,[''],['Adrien Duvivier'],Adrien Duvivier,RhizoSeqC,1,2025
Recherche Data Gouv,South Asian and Central African maps from: LiDAR-based reference aboveground biomass maps for tropical forests of South Asia and Central Africa,doi:10.23708/H2MHXF,Institut de Recherche pour le Développement,ird://10.23708/H2MHXF,2025-05-18T04:01:29Z,2025-05-18 04:01:29+00:00,"['Earth and Environmental Sciences', 'Tropical forest', 'South Asia', 'Central Africa', 'Aboveground biomass', 'Carbon', 'LiDAR']",[''],"['Rodda, Suraj Reddy', 'Fararoda, Rakesh', 'Jha, Nidhi', 'Réjou-Méchain, Maxime', 'Couteron, Pierre', 'Gopalakrishnan, Rajashekar', 'Barbier, Nicolas', 'Alfonso, Alonso', 'Bako, Ousmane', 'Bassama, Patrick', 'Behera, Debabrata', 'Bissiengou, Pulcherie', 'Biyiha, Hervé', 'Brockelman Y., Warren', 'Chanthorn, Wirong', 'Chauhan, Prakash', 'Dadhwal, Vinay Kumar', 'Dauby, Gilles', 'Deblauwe, Vincent', 'Dongmo, Narcis', 'Droissart, Vincent', 'Jeyakumar, Selvaraj', 'Jha, Chandra Shekar', 'Kandem, Narcisse Guy', 'Katembo, John', 'Kougue, Ronald', 'Leblanc, Hugo', 'Lewis, Simon', 'Libalah, Moses', 'Manikandan, Maya', 'Martin-Ducup, Olivier', 'Mbock, Germain', 'Memiaghe, Hervé', 'Mofack, Gislain', 'Mutyala, Praveen', 'Narayanan, Ayyappan', 'Nathalang, Anuttara', 'Oum Ndjock, Gilbert', 'Ngoula, Fernandez', 'Nidamanuri, Rama Rao', 'Pélissier, Raphaël', 'Saatchi, Sassan', 'Sagang, Le Bienfaiteur', 'Salla, Patrick', 'Simo-Droissart, Murielle', 'B. Smith, Thomas', 'Sonké, Bonaventure', 'Stevart, Tariq', 'Tjomb, Danièle', 'Zebaze, Donatien', 'Zemagho, Lise', 'Ploton, Pierre', 'Suraj Reddy Rodda', 'Rakesh Fararoda', 'Nidhi Jha', 'Maxime Réjou-Méchain', 'Pierre Couteron', 'Rajashekar Gopalakrishnan', 'Nicolas Barbier', 'Alonso Alfonso', 'Ousmane Bako', 'Patrick Bassama', 'Debabrata Behera', 'Pulcherie Bissiengou', 'Hervé Biyiha', 'Warren Brockelman Y.', 'Wirong Chanthorn', 'Prakash Chauhan', 'Vinay Kumar Dadhwal', 'Gilles Dauby', 'Vincent Deblauwe', 'Narcis Dongmo', 'Vincent Droissart', 'Selvaraj Jeyakumar', 'Chandra Shekar Jha', 'Narcisse Guy Kandem', 'John Katembo', 'Ronald Kougue', 'Hugo Leblanc', 'Simon Lewis', 'Moses Libalah', 'Maya Manikandan', 'Olivier Martin-Ducup', 'Germain Mbock', 'Hervé Memiaghe', 'Gislain Mofack', 'Praveen Mutyala', 'Ayyappan Narayanan', 'Anuttara Nathalang', 'Gilbert Oum Ndjock', 'Fernandez Ngoula', 'Rama Rao Nidamanuri', 'Raphaël Pélissier', 'Sassan Saatchi', 'Le Bienfaiteur Sagang', 'Patrick Salla', 'Murielle Simo-Droissart', 'Thomas B. Smith', 'Bonaventure Sonké', 'Tariq Stevart', 'Danièle Tjomb', 'Donatien Zebaze', 'Lise Zemagho', 'Pierre Ploton']",[],dataset-rdg,https://doi.org/10.23708/H2MHXF,[''],['Nicolas Barbier'],Nicolas Barbier,RIFT,1,2025
Recherche Data Gouv,Virtual water level stations in the Amazon floodplains measured by radar echoes classification,doi:10.23708/HOZKPW,Institut de Recherche pour le Développement,ird://10.23708/HOZKPW,2025-05-18T04:01:32Z,2025-05-18 04:01:32+00:00,"['Earth and Environmental Sciences', 'Radar altimetry', 'Amazon', 'Floodplains', 'Unsupervised classification', 'Automatic generation of water level gauges', 'Hydrological connectivity']",[''],"['Enguehard, Pauline', 'Frappart, Frédéric', 'Zeiger, Pierre', 'Blarel, Fabien', 'Satge, Frédéric', 'Bonnet, Marie-Paule', 'Pauline Enguehard', 'Frédéric Frappart', 'Pierre Zeiger', 'Fabien Blarel', 'Frédéric Satge', 'Marie-Paule Bonnet']",[],dataset-rdg,https://doi.org/10.23708/HOZKPW,[''],['Frédéric Frappart'],Frédéric Frappart,ALAMOD,1,2025
Recherche Data Gouv,France-CGIAR BRIDGE collaboration: integrated model-based approaches for climate and water smart decisions,doi:10.23708/IY0MZY,Institut de Recherche pour le Développement,ird://10.23708/IY0MZY,2025-05-18T04:01:41Z,2025-05-18 04:01:41+00:00,"['Agricultural Sciences', 'Climate change', 'Water use', 'Crops', 'Breeding']",[''],"['Vadez, Vincent', 'Bossuet, Jérome', 'Chehbouni, Abdelghani', 'Kharrou, Mohamed (hakim)', 'Jacob, Frederic', 'Mekki, Insaf', 'Zitouna Chebbi, Rim', 'Belhouchette, Hatem', 'Hassenforder, Emeline', 'Faysse, Nicolas', 'Hajjarpoor, Amir', 'Rebolledo, Maria Camila', 'Cohard, Jean-Martial', 'Vandervaere, Jean-Pierre', 'Dolinska, Aleksandra', 'Sultan, Benjamin', 'Vincent Vadez', 'Jérome Bossuet', 'Abdelghani Chehbouni', 'Mohamed (Hakim) Kharrou', 'Frederic Jacob', 'Insaf Mekki', 'Rim Zitouna Chebbi', 'Hatem Belhouchette', 'Emeline Hassenforder', 'Nicolas Faysse', 'Amir Hajjarpoor', 'Maria Camila Rebolledo', 'Jean-Martial Cohard', 'Jean-Pierre Vandervaere', 'Aleksandra Dolinska', 'Benjamin Sultan']",[],dataset-rdg,https://doi.org/10.23708/IY0MZY,[''],"['Vincent Vadez', 'Jean-Martial Cohard']",Vincent Vadez,RhizoSeqC,1,2025
Recherche Data Gouv,France-CGIAR BRIDGE collaboration: integrated model-based approaches for climate and water smart decisions,doi:10.23708/IY0MZY,Institut de Recherche pour le Développement,ird://10.23708/IY0MZY,2025-05-18T04:01:41Z,2025-05-18 04:01:41+00:00,"['Agricultural Sciences', 'Climate change', 'Water use', 'Crops', 'Breeding']",[''],"['Vadez, Vincent', 'Bossuet, Jérome', 'Chehbouni, Abdelghani', 'Kharrou, Mohamed (hakim)', 'Jacob, Frederic', 'Mekki, Insaf', 'Zitouna Chebbi, Rim', 'Belhouchette, Hatem', 'Hassenforder, Emeline', 'Faysse, Nicolas', 'Hajjarpoor, Amir', 'Rebolledo, Maria Camila', 'Cohard, Jean-Martial', 'Vandervaere, Jean-Pierre', 'Dolinska, Aleksandra', 'Sultan, Benjamin', 'Vincent Vadez', 'Jérome Bossuet', 'Abdelghani Chehbouni', 'Mohamed (Hakim) Kharrou', 'Frederic Jacob', 'Insaf Mekki', 'Rim Zitouna Chebbi', 'Hatem Belhouchette', 'Emeline Hassenforder', 'Nicolas Faysse', 'Amir Hajjarpoor', 'Maria Camila Rebolledo', 'Jean-Martial Cohard', 'Jean-Pierre Vandervaere', 'Aleksandra Dolinska', 'Benjamin Sultan']",[],dataset-rdg,https://doi.org/10.23708/IY0MZY,[''],"['Vincent Vadez', 'Jean-Martial Cohard']",Jean-Martial Cohard,RIFT,1,2025
Recherche Data Gouv,"Carbon, texture, pH, bulk density in sandy soils of Senegalese groundnut basin (2016-2018)",doi:10.23708/M9N7AI,Institut de Recherche pour le Développement,ird://10.23708/M9N7AI,2025-05-18T04:02:02Z,2025-05-18 04:02:02+00:00,"['Agricultural Sciences', 'Earth and Environmental Sciences', 'Arenosols', 'Soil organic carbon', 'Visible-Near infrared spectrometry estimates', 'Bulk density', 'Soil texture', 'Sandy soil', 'Senegal', 'West Africa', 'Semiarid climate']",[''],"['Malou, Oscar Pascal', 'Moulin, Patricia', 'Chevallier, Tiphaine', 'Masse, Dominique', 'Vayssières, Jonathan', 'Badiane-Ndour, Ndèye Yacine', 'Tall, Laure', 'Thiam, Abou', 'Chapuis-Lardy, Lydie', 'Oscar Pascal Malou', 'Patricia Moulin', 'Tiphaine Chevallier', 'Dominique Masse', 'Jonathan Vayssières', 'Ndèye Yacine Badiane-Ndour', 'Laure Tall', 'Abou Thiam', 'Lydie Chapuis-Lardy']",[],dataset-rdg,https://doi.org/10.23708/M9N7AI,[''],"['Tiphaine Chevallier', 'Dominique Masse', 'Jonathan Vayssières']",Tiphaine Chevallier,ALAMOD,1,2025
Recherche Data Gouv,"Carbon, texture, pH, bulk density in sandy soils of Senegalese groundnut basin (2016-2018)",doi:10.23708/M9N7AI,Institut de Recherche pour le Développement,ird://10.23708/M9N7AI,2025-05-18T04:02:02Z,2025-05-18 04:02:02+00:00,"['Agricultural Sciences', 'Earth and Environmental Sciences', 'Arenosols', 'Soil organic carbon', 'Visible-Near infrared spectrometry estimates', 'Bulk density', 'Soil texture', 'Sandy soil', 'Senegal', 'West Africa', 'Semiarid climate']",[''],"['Malou, Oscar Pascal', 'Moulin, Patricia', 'Chevallier, Tiphaine', 'Masse, Dominique', 'Vayssières, Jonathan', 'Badiane-Ndour, Ndèye Yacine', 'Tall, Laure', 'Thiam, Abou', 'Chapuis-Lardy, Lydie', 'Oscar Pascal Malou', 'Patricia Moulin', 'Tiphaine Chevallier', 'Dominique Masse', 'Jonathan Vayssières', 'Ndèye Yacine Badiane-Ndour', 'Laure Tall', 'Abou Thiam', 'Lydie Chapuis-Lardy']",[],dataset-rdg,https://doi.org/10.23708/M9N7AI,[''],"['Tiphaine Chevallier', 'Dominique Masse', 'Jonathan Vayssières']",Dominique Masse,RhizoSeqC,1,2025
Recherche Data Gouv,"Carbon, texture, pH, bulk density in sandy soils of Senegalese groundnut basin (2016-2018)",doi:10.23708/M9N7AI,Institut de Recherche pour le Développement,ird://10.23708/M9N7AI,2025-05-18T04:02:02Z,2025-05-18 04:02:02+00:00,"['Agricultural Sciences', 'Earth and Environmental Sciences', 'Arenosols', 'Soil organic carbon', 'Visible-Near infrared spectrometry estimates', 'Bulk density', 'Soil texture', 'Sandy soil', 'Senegal', 'West Africa', 'Semiarid climate']",[''],"['Malou, Oscar Pascal', 'Moulin, Patricia', 'Chevallier, Tiphaine', 'Masse, Dominique', 'Vayssières, Jonathan', 'Badiane-Ndour, Ndèye Yacine', 'Tall, Laure', 'Thiam, Abou', 'Chapuis-Lardy, Lydie', 'Oscar Pascal Malou', 'Patricia Moulin', 'Tiphaine Chevallier', 'Dominique Masse', 'Jonathan Vayssières', 'Ndèye Yacine Badiane-Ndour', 'Laure Tall', 'Abou Thiam', 'Lydie Chapuis-Lardy']",[],dataset-rdg,https://doi.org/10.23708/M9N7AI,[''],"['Tiphaine Chevallier', 'Dominique Masse', 'Jonathan Vayssières']",Dominique Masse,SLAM-B,1,2025
Recherche Data Gouv,"Carbon, texture, pH, bulk density in sandy soils of Senegalese groundnut basin (2016-2018)",doi:10.23708/M9N7AI,Institut de Recherche pour le Développement,ird://10.23708/M9N7AI,2025-05-18T04:02:02Z,2025-05-18 04:02:02+00:00,"['Agricultural Sciences', 'Earth and Environmental Sciences', 'Arenosols', 'Soil organic carbon', 'Visible-Near infrared spectrometry estimates', 'Bulk density', 'Soil texture', 'Sandy soil', 'Senegal', 'West Africa', 'Semiarid climate']",[''],"['Malou, Oscar Pascal', 'Moulin, Patricia', 'Chevallier, Tiphaine', 'Masse, Dominique', 'Vayssières, Jonathan', 'Badiane-Ndour, Ndèye Yacine', 'Tall, Laure', 'Thiam, Abou', 'Chapuis-Lardy, Lydie', 'Oscar Pascal Malou', 'Patricia Moulin', 'Tiphaine Chevallier', 'Dominique Masse', 'Jonathan Vayssières', 'Ndèye Yacine Badiane-Ndour', 'Laure Tall', 'Abou Thiam', 'Lydie Chapuis-Lardy']",[],dataset-rdg,https://doi.org/10.23708/M9N7AI,[''],"['Tiphaine Chevallier', 'Dominique Masse', 'Jonathan Vayssières']",Jonathan Vayssières,SLAM-B,1,2025
Recherche Data Gouv,"Modeling plant phenotypic plasticity and its underlying genetic architecture (France, 2022-2025)",doi:10.23708/O64HQY,Institut de Recherche pour le Développement,ird://10.23708/O64HQY,2025-05-18T04:02:11Z,2025-05-18 04:02:11+00:00,"['Agricultural Sciences', 'Phenotypic plasticity', 'genotype-by-environment interaction', 'RDPI', 'Finlay-Wilkinson', 'AMMI', 'QTL', 'GWAS']",[''],"['Grondin, Alexandre', 'Arenas, Sebastian', 'Djabali, Yacine', 'Rincent, Renaud', 'Cubry, Philippe', 'Martin, Marie-Laure', 'Blein-Nicolas, Mélisande', 'Laplaze, Laurent', 'Schneider, Hannah', 'Alexandre Grondin', 'Sebastian Arenas', 'Yacine Djabali', 'Renaud Rincent', 'Philippe Cubry', 'Marie-Laure Martin', 'Mélisande Blein-Nicolas', 'Laurent Laplaze', 'Hannah Schneider']",[],dataset-rdg,https://doi.org/10.23708/O64HQY,[''],"['Alexandre Grondin', 'Laurent Laplaze']",Alexandre Grondin,RhizoSeqC,1,2025
Recherche Data Gouv,"Modeling plant phenotypic plasticity and its underlying genetic architecture (France, 2022-2025)",doi:10.23708/O64HQY,Institut de Recherche pour le Développement,ird://10.23708/O64HQY,2025-05-18T04:02:11Z,2025-05-18 04:02:11+00:00,"['Agricultural Sciences', 'Phenotypic plasticity', 'genotype-by-environment interaction', 'RDPI', 'Finlay-Wilkinson', 'AMMI', 'QTL', 'GWAS']",[''],"['Grondin, Alexandre', 'Arenas, Sebastian', 'Djabali, Yacine', 'Rincent, Renaud', 'Cubry, Philippe', 'Martin, Marie-Laure', 'Blein-Nicolas, Mélisande', 'Laplaze, Laurent', 'Schneider, Hannah', 'Alexandre Grondin', 'Sebastian Arenas', 'Yacine Djabali', 'Renaud Rincent', 'Philippe Cubry', 'Marie-Laure Martin', 'Mélisande Blein-Nicolas', 'Laurent Laplaze', 'Hannah Schneider']",[],dataset-rdg,https://doi.org/10.23708/O64HQY,[''],"['Alexandre Grondin', 'Laurent Laplaze']",Laurent Laplaze,RhizoSeqC,1,2025
Recherche Data Gouv,"High-resolution water level and discharge measurements from the Saigon-Dong Nai estuary system, Vietnam, 2022",doi:10.23708/NKQDNB,Institut de Recherche pour le Développement,ird://10.23708/NKQDNB,2025-05-18T04:02:09Z,2025-05-18 04:02:09+00:00,"['Earth and Environmental Sciences', 'Tropical Tidal river', 'Tropical estuary', 'Urban estuary', 'Vietnam']",[''],"['Rodrigues Do Amaral, Francisco', 'Nguyen, Trung Tin', 'Gratiot, Nicolas', 'Pellarin, Thierry', 'Francisco Rodrigues Do Amaral', 'Trung Tin Nguyen', 'Nicolas Gratiot', 'Thierry Pellarin']",[],dataset-rdg,https://doi.org/10.23708/NKQDNB,[''],['Nicolas Gratiot'],Nicolas Gratiot,TROPECOS,1,2025
Recherche Data Gouv,Racine 2.2,doi:10.23708/CKRDBW,Institut de Recherche pour le Développement,ird://10.23708/CKRDBW,2025-05-18T04:00:52Z,2025-05-18 04:00:52+00:00,"['Agricultural Sciences', 'Root', 'Soil', 'Field', 'Agronomy', 'Calculation']",[''],"['Faye, Awa', 'Chopart, Jean-Louis', 'Sine, Bassirou', 'Grondin, Alexandre', 'Laplaze, Laurent', 'Awa Faye', 'Jean-Louis Chopart', 'Bassirou Sine', 'Alexandre Grondin', 'Laurent Laplaze']",[],dataset-rdg,https://doi.org/10.23708/CKRDBW,[''],"['Alexandre Grondin', 'Laurent Laplaze']",Alexandre Grondin,RhizoSeqC,1,2025
Recherche Data Gouv,Racine 2.2,doi:10.23708/CKRDBW,Institut de Recherche pour le Développement,ird://10.23708/CKRDBW,2025-05-18T04:00:52Z,2025-05-18 04:00:52+00:00,"['Agricultural Sciences', 'Root', 'Soil', 'Field', 'Agronomy', 'Calculation']",[''],"['Faye, Awa', 'Chopart, Jean-Louis', 'Sine, Bassirou', 'Grondin, Alexandre', 'Laplaze, Laurent', 'Awa Faye', 'Jean-Louis Chopart', 'Bassirou Sine', 'Alexandre Grondin', 'Laurent Laplaze']",[],dataset-rdg,https://doi.org/10.23708/CKRDBW,[''],"['Alexandre Grondin', 'Laurent Laplaze']",Laurent Laplaze,RhizoSeqC,1,2025
Recherche Data Gouv,Shallow lakes in West Africa: height-area relationships derived from remote sensing (2018-2023),doi:10.23708/CRZE9K,Institut de Recherche pour le Développement,ird://10.23708/CRZE9K,2025-05-18T04:00:54Z,2025-05-18 04:00:54+00:00,"['Earth and Environmental Sciences', 'remote sensing', 'lake', 'height', 'area', 'volume', 'Sahel']",[''],"['Girard, Félix', 'Grippa, Manuela', 'Kergoat, Laurent', 'Nikiema, Hedwige', 'Wubda, Maxime', 'Yonaba, Roland', 'Fowé, Tazen', 'Abdourhamane Touré, Amadou', 'Mainassara, Ibrahim', 'De Fleury, Mathilde', 'Félix Girard', 'Manuela Grippa', 'Laurent Kergoat', 'Hedwige Nikiema', 'Maxime Wubda', 'Roland Yonaba', 'Tazen Fowé', 'Amadou Abdourhamane Touré', 'Ibrahim Mainassara', 'Mathilde De Fleury']",[],dataset-rdg,https://doi.org/10.23708/CRZE9K,[''],['Laurent Kergoat'],Laurent Kergoat,RIFT,1,2025
Recherche Data Gouv,"Leaf ion content in pearl millet (Senegal, 2021-2022)",doi:10.23708/DWGEAJ,Institut de Recherche pour le Développement,ird://10.23708/DWGEAJ,2025-05-18T04:01:06Z,2025-05-18 04:01:06+00:00,"['Agricultural Sciences', 'Pearl millet', 'Ion', 'Leaf', 'Soil', 'GWAS']",[''],"['Nakombo-Gbassault, Princia', 'Arenas, Sebastian', 'Affortit, Pablo', 'Faye, Awa', 'Flis, Paulina', 'Sine, Bassirou', 'Moukouanga, Daniel', 'Kane, Ndjido Ardo', 'Bennett, Malcolm', 'Wells, Darren', 'Cubry, Philippe', 'Bailey, Liz', 'Grondin, Alexandre', 'Vigouroux, Yves', 'Laplaze, Laurent', 'Princia Nakombo-Gbassault', 'Sebastian Arenas', 'Pablo Affortit', 'Awa Faye', 'Paulina Flis', 'Bassirou Sine', 'Daniel Moukouanga', 'Ndjido Ardo Kane', 'Malcolm Bennett', 'Darren Wells', 'Philippe Cubry', 'Liz Bailey', 'Alexandre Grondin', 'Yves Vigouroux', 'Laurent Laplaze']",[],dataset-rdg,https://doi.org/10.23708/DWGEAJ,[''],"['Daniel Moukouanga', 'Alexandre Grondin', 'Laurent Laplaze']",Daniel Moukouanga,RhizoSeqC,1,2025
Recherche Data Gouv,"Leaf ion content in pearl millet (Senegal, 2021-2022)",doi:10.23708/DWGEAJ,Institut de Recherche pour le Développement,ird://10.23708/DWGEAJ,2025-05-18T04:01:06Z,2025-05-18 04:01:06+00:00,"['Agricultural Sciences', 'Pearl millet', 'Ion', 'Leaf', 'Soil', 'GWAS']",[''],"['Nakombo-Gbassault, Princia', 'Arenas, Sebastian', 'Affortit, Pablo', 'Faye, Awa', 'Flis, Paulina', 'Sine, Bassirou', 'Moukouanga, Daniel', 'Kane, Ndjido Ardo', 'Bennett, Malcolm', 'Wells, Darren', 'Cubry, Philippe', 'Bailey, Liz', 'Grondin, Alexandre', 'Vigouroux, Yves', 'Laplaze, Laurent', 'Princia Nakombo-Gbassault', 'Sebastian Arenas', 'Pablo Affortit', 'Awa Faye', 'Paulina Flis', 'Bassirou Sine', 'Daniel Moukouanga', 'Ndjido Ardo Kane', 'Malcolm Bennett', 'Darren Wells', 'Philippe Cubry', 'Liz Bailey', 'Alexandre Grondin', 'Yves Vigouroux', 'Laurent Laplaze']",[],dataset-rdg,https://doi.org/10.23708/DWGEAJ,[''],"['Daniel Moukouanga', 'Alexandre Grondin', 'Laurent Laplaze']",Alexandre Grondin,RhizoSeqC,1,2025
Recherche Data Gouv,"Leaf ion content in pearl millet (Senegal, 2021-2022)",doi:10.23708/DWGEAJ,Institut de Recherche pour le Développement,ird://10.23708/DWGEAJ,2025-05-18T04:01:06Z,2025-05-18 04:01:06+00:00,"['Agricultural Sciences', 'Pearl millet', 'Ion', 'Leaf', 'Soil', 'GWAS']",[''],"['Nakombo-Gbassault, Princia', 'Arenas, Sebastian', 'Affortit, Pablo', 'Faye, Awa', 'Flis, Paulina', 'Sine, Bassirou', 'Moukouanga, Daniel', 'Kane, Ndjido Ardo', 'Bennett, Malcolm', 'Wells, Darren', 'Cubry, Philippe', 'Bailey, Liz', 'Grondin, Alexandre', 'Vigouroux, Yves', 'Laplaze, Laurent', 'Princia Nakombo-Gbassault', 'Sebastian Arenas', 'Pablo Affortit', 'Awa Faye', 'Paulina Flis', 'Bassirou Sine', 'Daniel Moukouanga', 'Ndjido Ardo Kane', 'Malcolm Bennett', 'Darren Wells', 'Philippe Cubry', 'Liz Bailey', 'Alexandre Grondin', 'Yves Vigouroux', 'Laurent Laplaze']",[],dataset-rdg,https://doi.org/10.23708/DWGEAJ,[''],"['Daniel Moukouanga', 'Alexandre Grondin', 'Laurent Laplaze']",Laurent Laplaze,RhizoSeqC,1,2025
Recherche Data Gouv,Supplementary data for: Transpiration efficiency variations in the pearl millet reference collection PMiGAP,doi:10.23708/2VJ0TQ,Institut de Recherche pour le Développement,ird://10.23708/2VJ0TQ,2025-05-18T04:00:11Z,2025-05-18 04:00:11+00:00,"['Agricultural Sciences', 'transpiration efficiency', 'pearl millet', 'variety', 'Diversity']",[''],"['Vigouroux, Yves', 'Vadez, Vincent', 'Charles Thomas Hash', 'Jana Kholova', 'Laura Gregoire', 'Yves Vigouroux', 'Vincent Vadez', 'Thomas Hash Charles', 'Kholova Jana', 'Gregoire Laura']",[],dataset-rdg,https://doi.org/10.23708/2VJ0TQ,[''],['Vincent Vadez'],Vincent Vadez,RhizoSeqC,1,2025
Recherche Data Gouv,C-band radar data and in situ measurements for the monitoring of wheat crops in a semi-arid area (center of Morocco),doi:10.23708/8D6WQC,Institut de Recherche pour le Développement,ird://10.23708/8D6WQC,2025-05-18T04:00:25Z,2025-05-18 04:00:25+00:00,"['Agricultural Sciences', 'Earth and Environmental Sciences', 'Backscattering coefficient', 'Interferometric coherence', 'Above-ground biomass', 'Vegetation water content', 'Canopy height', 'Surface roughness', 'Surface soil moisture', 'Root zone soil moisture', 'Wheat crops', 'Semi-arid region']",[''],"['Ouaadi, Nadia', 'Ezzahar, Jamal', 'Khabba, Said', 'Er-Raki, Salah', 'Chakir, Adnane', 'Ait Hssaine, Bouchra', 'Le Dantec, Valérie', 'Rafi, Zoubair', 'Beaumont, Antoine', 'Kasbani, Mohamed', 'Jarlan, Lionel', 'Nadia Ouaadi', 'Jamal Ezzahar', 'Said Khabba', 'Salah Er-Raki', 'Adnane Chakir', 'Bouchra Ait Hssaine', 'Valérie Le Dantec', 'Zoubair Rafi', 'Antoine Beaumont', 'Mohamed Kasbani', 'Lionel Jarlan']",[],dataset-rdg,https://doi.org/10.23708/8D6WQC,[''],"['Valérie Le Dantec', 'Lionel Jarlan']",Valérie Le Dantec,RIFT,1,2025
Recherche Data Gouv,C-band radar data and in situ measurements for the monitoring of wheat crops in a semi-arid area (center of Morocco),doi:10.23708/8D6WQC,Institut de Recherche pour le Développement,ird://10.23708/8D6WQC,2025-05-18T04:00:25Z,2025-05-18 04:00:25+00:00,"['Agricultural Sciences', 'Earth and Environmental Sciences', 'Backscattering coefficient', 'Interferometric coherence', 'Above-ground biomass', 'Vegetation water content', 'Canopy height', 'Surface roughness', 'Surface soil moisture', 'Root zone soil moisture', 'Wheat crops', 'Semi-arid region']",[''],"['Ouaadi, Nadia', 'Ezzahar, Jamal', 'Khabba, Said', 'Er-Raki, Salah', 'Chakir, Adnane', 'Ait Hssaine, Bouchra', 'Le Dantec, Valérie', 'Rafi, Zoubair', 'Beaumont, Antoine', 'Kasbani, Mohamed', 'Jarlan, Lionel', 'Nadia Ouaadi', 'Jamal Ezzahar', 'Said Khabba', 'Salah Er-Raki', 'Adnane Chakir', 'Bouchra Ait Hssaine', 'Valérie Le Dantec', 'Zoubair Rafi', 'Antoine Beaumont', 'Mohamed Kasbani', 'Lionel Jarlan']",[],dataset-rdg,https://doi.org/10.23708/8D6WQC,[''],"['Valérie Le Dantec', 'Lionel Jarlan']",Lionel Jarlan,RIFT,1,2025
Recherche Data Gouv,Degraded land reclamation actions in 4 countries along the route of the Great Green Wall,doi:10.23708/ACJTAW,Institut de Recherche pour le Développement,ird://10.23708/ACJTAW,2025-05-18T04:00:34Z,2025-05-18 04:00:34+00:00,"['Earth and Environmental Sciences', 'biophysical actions', 'combat land degradation', 'stakeholder network', 'spatiotemporal databases', 'traceability', 'monitoring and evaluation']",[''],"['Sadda, Abou-Soufianou', 'Loireau, Maud', 'Jangorzo, Salifou Nouhou', 'Issoufou, Hassane Bil-Assanou', 'Chotte, Jean-Luc', 'Abou-Soufianou Sadda', 'Maud Loireau', 'Salifou Nouhou Jangorzo', 'Hassane Bil-Assanou Issoufou', 'Jean-Luc Chotte']",[],dataset-rdg,https://doi.org/10.23708/ACJTAW,[''],['Jean-Luc Chotte'],Jean-Luc Chotte,SLAM-B,1,2025
Recherche Data Gouv,"Data describing soil properties, earthworm bioturbation and rice physiology for different water levels. A greenhouse experiment",doi:10.23708/DHQMJH,Institut de Recherche pour le Développement,ird://10.23708/DHQMJH,2025-05-18T04:01:03Z,2025-05-18 04:01:03+00:00,"['Agricultural Sciences', 'Earth and Environmental Sciences', 'Earthworms', 'Bioturbation', 'Porosity', 'Rice physiology', 'Tomography', 'Soil']",[''],"['Sinh, Sreypich', 'Van Phan, Quang', 'Lan Anh, Le Thi', 'Puga Freitas, Ruben', 'Repellin, Anne', 'Ann, Vannak', 'Bottinelli, Nicolas', 'Jouquet, Pascal', 'Sreypich Sinh', 'Quang Van Phan', 'Le Thi Lan Anh', 'Ruben Puga Freitas', 'Anne Repellin', 'Vannak Ann', 'Nicolas Bottinelli', 'Pascal Jouquet']",[],dataset-rdg,https://doi.org/10.23708/DHQMJH,[''],['Pascal Jouquet'],Pascal Jouquet,CrosyeN,1,2025
Recherche Data Gouv,"Hydroclimatic vulnerability of peat carbon in the central Congo Basin: codes for age-depth models, geospatial data processing and analysis",doi:10.23708/FO2HGM,Institut de Recherche pour le Développement,ird://10.23708/FO2HGM,2025-05-18T04:01:16Z,2025-05-18 04:01:16+00:00,"['Earth and Environmental Sciences', 'Central Congo', 'Peat', 'Carbon', 'Hydrology', 'Isotopes', 'Holocene']",[''],"['Garcin, Yannick', 'Schefuß, Enno', 'Dargie, Greta C.', 'Hawthorne, Donna', 'Lawson, Ian T.', 'Sebag, David', 'Biddulph, George E.', 'Crezee, Bart', 'Bocko, Yannick E.', 'Ifo, Suspense A.', 'Mampouya Wenina, Y. Emmanuel', 'Mbemba, Mackline', 'Ewango, Corneille E.N.', 'Emba, Ovide', 'Bola, Pierre', 'Kanyama Tabu, Joseph', 'Tyrrell, Genevieve', 'Young, Dylan M.', 'Gassier, Ghislain', 'Girkin, Nicholas T.', 'Vane, Christopher H.', 'Adatte, Thierry', 'Baird, Andy J.', 'Boom, Arnoud', 'Gulliver, Pauline', 'Morris, Paul J.', 'Page, Susan E.', 'Sjögersten, Sofie', 'Lewis, Simon L.', 'Yannick Garcin', 'Enno Schefuß', 'Greta C. Dargie', 'Donna Hawthorne', 'Ian T. Lawson', 'David Sebag', 'George E. Biddulph', 'Bart Crezee', 'Yannick E. Bocko', 'Suspense A. Ifo', 'Y. Emmanuel Mampouya Wenina', 'Mackline Mbemba', 'Corneille E.N. Ewango', 'Ovide Emba', 'Pierre Bola', 'Joseph Kanyama Tabu', 'Genevieve Tyrrell', 'Dylan M. Young', 'Ghislain Gassier', 'Nicholas T. Girkin', 'Christopher H. Vane', 'Thierry Adatte', 'Andy J. Baird', 'Arnoud Boom', 'Pauline Gulliver', 'Paul J. Morris', 'Susan E. Page', 'Sofie Sjögersten', 'Simon L. Lewis']",[],dataset-rdg,https://doi.org/10.23708/FO2HGM,[''],['Ghislain Gassier'],Ghislain Gassier,RhizoSeqC,1,2025
Recherche Data Gouv,A 1-km resolution dataset of African humid tropical forests aboveground biomass derived from management inventories,doi:10.6084/m9.figshare.11865450,Institut de Recherche pour le Développement,ird://10.6084/m9.figshare.11865450,2025-05-18T04:03:30Z,2025-05-18 04:03:30+00:00,"['Earth and Environmental Sciences', 'Tropical forest', 'Biomass', 'Carbon', 'central Africa']",[''],"['PLOTON, Pierre', 'MORTIER, Frédéric', 'BARBIER, Nicolas', 'CORNU, Guillaume', 'REJOU-MECHAIN, Maxime', 'ROSSI, Vivien', 'ALONSO, Alfonso', 'BASTIN, Jean-François', 'BAYOL, Nicolas', 'BISSIENGOU, Pulchérie', 'CHUYONG, Georges', 'DOUCET, Jean-Louis', 'DROISSART, Vincent', 'KAMDEM, Narcisse Guy', 'KENFACK, David', 'MEMIAGHE, Hervé', 'MOSES, Libalah', 'SONKE, Bonaventure', 'TEXIER, Nicolas', 'THOMAS, Duncan', 'ZEBAZE, Donatien', 'PELISSIER, Raphaël', 'GOURLET-FLEURY, Sylvie', 'Pierre Ploton', 'Frédéric Mortier', 'Nicolas Barbier', 'Guillaume Cornu', 'Maxime Rejou-Mechain', 'Vivien Rossi', 'Alfonso Alonso', 'Jean-François Bastin', 'Nicolas Bayol', 'Pulchérie Bissiengou', 'Georges Chuyong', 'Jean-Louis Doucet', 'Vincent Droissart', 'Narcisse Guy Kamdem', 'David Kenfack', 'Hervé Memiaghe', 'Libalah Moses', 'Bonaventure Sonke', 'Nicolas Texier', 'Duncan Thomas', 'Donatien Zebaze', 'Raphaël Pelissier', 'Sylvie Gourlet-Fleury']",[],dataset-rdg,https://doi.org/10.6084/m9.figshare.11865450,[''],['Nicolas Barbier'],Nicolas Barbier,RIFT,1,2025
Recherche Data Gouv,Data from: Allometric models to estimate leaf area for tropical African broadleaved forests,doi:10.5061/dryad.63cj030,Institut de Recherche pour le Développement,ird://10.5061/dryad.63cj030,2025-05-18T04:03:30Z,2025-05-18 04:03:30+00:00,"['Mathematical Sciences', 'leaf area', 'allometric models', 'tropical African broadleaved forests']",[''],"['Sirri, Nelly F.', 'Libalah, Moses B.', 'Momo, Stephane T.', 'Ploton, Pierre', 'Medjibe, Vincent', 'Kamdem, Narcisse G.', 'Mofack II., Gislain', 'Sonké, Bonaventure', 'Barbier, Nicolas', 'Nelly F. Sirri', 'Moses B. Libalah', 'Stephane T. Momo', 'Pierre Ploton', 'Vincent Medjibe', 'Narcisse G. Kamdem', 'Gislain Mofack Ii.', 'Bonaventure Sonké', 'Nicolas Barbier']",[],dataset-rdg,https://doi.org/10.5061/dryad.63cj030,[''],['Nicolas Barbier'],Nicolas Barbier,RIFT,1,2025
Recherche Data Gouv,Données d'analyses chimiques de Produits Résiduaires Organiques en Côte d'Ivoire,doi:10.18167/DVN1/0FWLM1,Centre de Coopération Internationale en Recherche Agronomique pour le Développement,cirad://10.18167/DVN1/0FWLM1,2025-06-28T22:00:02Z,2025-06-28 22:00:02+00:00,"['Agricultural Sciences', 'Fertilizers', 'Nutrients']",[''],"['Guei, Hyrsene', 'Masse, Dominique', 'Dieket, Audrey', 'Zon, D. Serge', 'Nandjui, Jacob', 'Tondoh, Ebagnerin Jérôme', 'Hyrsene Guei', 'Dominique Masse', 'Audrey Dieket', 'D. Serge Zon', 'Jacob Nandjui', 'Ebagnerin Jérôme Tondoh']",[],dataset-rdg,https://doi.org/10.18167/DVN1/0FWLM1,[''],['Dominique Masse'],Dominique Masse,RhizoSeqC,1,2025
Recherche Data Gouv,Données d'analyses chimiques de Produits Résiduaires Organiques en Côte d'Ivoire,doi:10.18167/DVN1/0FWLM1,Centre de Coopération Internationale en Recherche Agronomique pour le Développement,cirad://10.18167/DVN1/0FWLM1,2025-06-28T22:00:02Z,2025-06-28 22:00:02+00:00,"['Agricultural Sciences', 'Fertilizers', 'Nutrients']",[''],"['Guei, Hyrsene', 'Masse, Dominique', 'Dieket, Audrey', 'Zon, D. Serge', 'Nandjui, Jacob', 'Tondoh, Ebagnerin Jérôme', 'Hyrsene Guei', 'Dominique Masse', 'Audrey Dieket', 'D. Serge Zon', 'Jacob Nandjui', 'Ebagnerin Jérôme Tondoh']",[],dataset-rdg,https://doi.org/10.18167/DVN1/0FWLM1,[''],['Dominique Masse'],Dominique Masse,SLAM-B,1,2025
Recherche Data Gouv,Paramètres physico-chimiques et signatures isotopiques des eaux de la tourbière du Forbonnet,doi:10.25666/DATAUBFC-2022-11-21,Université Marie et Louis Pasteur,databfc://10.25666/DATAUBFC-2022-11-21,2025-09-02T22:00:39Z,2025-09-02 22:00:39+00:00,"['physics, atomic, molecular & chemical', 'physico-chimie', 'geology', 'géologie', 'geosciences, multidisciplinary', 'géosciences', 'water resources', 'ressources en eau', 'environmental sciences', ""sciences de l'environnement"", 'karst', 'karst', 'Jura mountains', 'montagnes du Jura', 'hydrogeology', 'hydrogéologie', 'geochemistry', 'géochimie', 'conductivity', 'conductivité', 'peatlands', 'tourbière', 'carbon isotopes', 'isotopes du carbone', 'strontium isotopes', 'isotopes du strontium', 'oxygene isotopes', ""isotopes de l'oxygène"", 'hydrogen isotopes', ""isotope de l'hydrogène""]",[''],"['Lhosmot, Alexandre', 'Bertrand, Guillaume', 'Bouchez, Julien', 'Loup, Christophe', 'Amiot, Caroline', 'Gandois, Laure', 'Lavastre, Véronique', 'Moquet, Jean-Sébastien', 'Alexandre Lhosmot', 'Guillaume Bertrand', 'Julien Bouchez', 'Christophe Loup', 'Caroline Amiot', 'Laure Gandois', 'Véronique Lavastre', 'Jean-Sébastien Moquet']",[],dataset-rdg,https://doi.org/10.25666/DATAUBFC-2022-11-21,[''],"['Julien Bouchez', 'Laure Gandois', 'Jean-Sébastien Moquet']",Julien Bouchez,CarboNium,1,2025
Recherche Data Gouv,Paramètres physico-chimiques et signatures isotopiques des eaux de la tourbière du Forbonnet,doi:10.25666/DATAUBFC-2022-11-21,Université Marie et Louis Pasteur,databfc://10.25666/DATAUBFC-2022-11-21,2025-09-02T22:00:39Z,2025-09-02 22:00:39+00:00,"['physics, atomic, molecular & chemical', 'physico-chimie', 'geology', 'géologie', 'geosciences, multidisciplinary', 'géosciences', 'water resources', 'ressources en eau', 'environmental sciences', ""sciences de l'environnement"", 'karst', 'karst', 'Jura mountains', 'montagnes du Jura', 'hydrogeology', 'hydrogéologie', 'geochemistry', 'géochimie', 'conductivity', 'conductivité', 'peatlands', 'tourbière', 'carbon isotopes', 'isotopes du carbone', 'strontium isotopes', 'isotopes du strontium', 'oxygene isotopes', ""isotopes de l'oxygène"", 'hydrogen isotopes', ""isotope de l'hydrogène""]",[''],"['Lhosmot, Alexandre', 'Bertrand, Guillaume', 'Bouchez, Julien', 'Loup, Christophe', 'Amiot, Caroline', 'Gandois, Laure', 'Lavastre, Véronique', 'Moquet, Jean-Sébastien', 'Alexandre Lhosmot', 'Guillaume Bertrand', 'Julien Bouchez', 'Christophe Loup', 'Caroline Amiot', 'Laure Gandois', 'Véronique Lavastre', 'Jean-Sébastien Moquet']",[],dataset-rdg,https://doi.org/10.25666/DATAUBFC-2022-11-21,[''],"['Julien Bouchez', 'Laure Gandois', 'Jean-Sébastien Moquet']",Laure Gandois,CarboNium,1,2025
Recherche Data Gouv,Paramètres physico-chimiques et signatures isotopiques des eaux de la tourbière du Forbonnet,doi:10.25666/DATAUBFC-2022-11-21,Université Marie et Louis Pasteur,databfc://10.25666/DATAUBFC-2022-11-21,2025-09-02T22:00:39Z,2025-09-02 22:00:39+00:00,"['physics, atomic, molecular & chemical', 'physico-chimie', 'geology', 'géologie', 'geosciences, multidisciplinary', 'géosciences', 'water resources', 'ressources en eau', 'environmental sciences', ""sciences de l'environnement"", 'karst', 'karst', 'Jura mountains', 'montagnes du Jura', 'hydrogeology', 'hydrogéologie', 'geochemistry', 'géochimie', 'conductivity', 'conductivité', 'peatlands', 'tourbière', 'carbon isotopes', 'isotopes du carbone', 'strontium isotopes', 'isotopes du strontium', 'oxygene isotopes', ""isotopes de l'oxygène"", 'hydrogen isotopes', ""isotope de l'hydrogène""]",[''],"['Lhosmot, Alexandre', 'Bertrand, Guillaume', 'Bouchez, Julien', 'Loup, Christophe', 'Amiot, Caroline', 'Gandois, Laure', 'Lavastre, Véronique', 'Moquet, Jean-Sébastien', 'Alexandre Lhosmot', 'Guillaume Bertrand', 'Julien Bouchez', 'Christophe Loup', 'Caroline Amiot', 'Laure Gandois', 'Véronique Lavastre', 'Jean-Sébastien Moquet']",[],dataset-rdg,https://doi.org/10.25666/DATAUBFC-2022-11-21,[''],"['Julien Bouchez', 'Laure Gandois', 'Jean-Sébastien Moquet']",Laure Gandois,PEACE,1,2025
Recherche Data Gouv,Paramètres physico-chimiques et signatures isotopiques des eaux de la tourbière du Forbonnet,doi:10.25666/DATAUBFC-2022-11-21,Université Marie et Louis Pasteur,databfc://10.25666/DATAUBFC-2022-11-21,2025-09-02T22:00:39Z,2025-09-02 22:00:39+00:00,"['physics, atomic, molecular & chemical', 'physico-chimie', 'geology', 'géologie', 'geosciences, multidisciplinary', 'géosciences', 'water resources', 'ressources en eau', 'environmental sciences', ""sciences de l'environnement"", 'karst', 'karst', 'Jura mountains', 'montagnes du Jura', 'hydrogeology', 'hydrogéologie', 'geochemistry', 'géochimie', 'conductivity', 'conductivité', 'peatlands', 'tourbière', 'carbon isotopes', 'isotopes du carbone', 'strontium isotopes', 'isotopes du strontium', 'oxygene isotopes', ""isotopes de l'oxygène"", 'hydrogen isotopes', ""isotope de l'hydrogène""]",[''],"['Lhosmot, Alexandre', 'Bertrand, Guillaume', 'Bouchez, Julien', 'Loup, Christophe', 'Amiot, Caroline', 'Gandois, Laure', 'Lavastre, Véronique', 'Moquet, Jean-Sébastien', 'Alexandre Lhosmot', 'Guillaume Bertrand', 'Julien Bouchez', 'Christophe Loup', 'Caroline Amiot', 'Laure Gandois', 'Véronique Lavastre', 'Jean-Sébastien Moquet']",[],dataset-rdg,https://doi.org/10.25666/DATAUBFC-2022-11-21,[''],"['Julien Bouchez', 'Laure Gandois', 'Jean-Sébastien Moquet']",Laure Gandois,SLAM-B,1,2025
Recherche Data Gouv,Paramètres physico-chimiques et signatures isotopiques des eaux de la tourbière du Forbonnet,doi:10.25666/DATAUBFC-2022-11-21,Université Marie et Louis Pasteur,databfc://10.25666/DATAUBFC-2022-11-21,2025-09-02T22:00:39Z,2025-09-02 22:00:39+00:00,"['physics, atomic, molecular & chemical', 'physico-chimie', 'geology', 'géologie', 'geosciences, multidisciplinary', 'géosciences', 'water resources', 'ressources en eau', 'environmental sciences', ""sciences de l'environnement"", 'karst', 'karst', 'Jura mountains', 'montagnes du Jura', 'hydrogeology', 'hydrogéologie', 'geochemistry', 'géochimie', 'conductivity', 'conductivité', 'peatlands', 'tourbière', 'carbon isotopes', 'isotopes du carbone', 'strontium isotopes', 'isotopes du strontium', 'oxygene isotopes', ""isotopes de l'oxygène"", 'hydrogen isotopes', ""isotope de l'hydrogène""]",[''],"['Lhosmot, Alexandre', 'Bertrand, Guillaume', 'Bouchez, Julien', 'Loup, Christophe', 'Amiot, Caroline', 'Gandois, Laure', 'Lavastre, Véronique', 'Moquet, Jean-Sébastien', 'Alexandre Lhosmot', 'Guillaume Bertrand', 'Julien Bouchez', 'Christophe Loup', 'Caroline Amiot', 'Laure Gandois', 'Véronique Lavastre', 'Jean-Sébastien Moquet']",[],dataset-rdg,https://doi.org/10.25666/DATAUBFC-2022-11-21,[''],"['Julien Bouchez', 'Laure Gandois', 'Jean-Sébastien Moquet']",Jean-Sébastien Moquet,CarboNium,1,2025
Recherche Data Gouv,"Éléments majeurs, traces et isotopes du strontium (87Sr/86Sr) d'un calcaire du Crétacé et de marnes Quaternaire- Massif du Jura",doi:10.25666/DATAUBFC-2022-04-01-02,Université Marie et Louis Pasteur,databfc://10.25666/DATAUBFC-2022-04-01-02,2025-09-02T22:00:38Z,2025-09-02 22:00:38+00:00,"['geology', 'géologie', 'geosciences, multidisciplinary', 'géosciences', 'water resources', 'ressources en eau', 'environmental sciences', ""sciences de l'environnement"", 'karst', 'karst', 'Jura mountains', 'montagnes du Jura', 'hydrogeology', 'hydrogéologie', 'geochemistry', 'géochimie', 'strontium isotopes', 'isotopes du strontium']",[''],"['Lhosmot, Alexandre', 'Bertrand, Guillaume', 'Bouchez, Julien', 'Alexandre Lhosmot', 'Guillaume Bertrand', 'Julien Bouchez']",[],dataset-rdg,https://doi.org/10.25666/DATAUBFC-2022-04-01-02,[''],['Julien Bouchez'],Julien Bouchez,CarboNium,1,2025
Recherche Data Gouv,Population genomics of African cultivated sorghum: vcf file and passeport and archaeological data,doi:10.18167/DVN1/SAAMUT,Centre de Coopération Internationale en Recherche Agronomique pour le Développement,cirad://10.18167/DVN1/SAAMUT,2025-08-09T22:00:03Z,2025-08-09 22:00:03+00:00,"['Agricultural Sciences', 'domestication', 'sorghum', 'comparative genomics', 'plant population', 'archaeobotany', 'archaeology', 'ethnolinguistics']",[''],"['Gilabert, Aude', 'Deu, Monique', 'Champion, Louis', 'Cubry, Philippe', 'Donkpegan, Armel', 'Rami, Jean-François', 'Pot, David', 'Vigouroux, Yves', 'Leclerc, Christian', 'Aude Gilabert', 'Monique Deu', 'Louis Champion', 'Philippe Cubry', 'Armel Donkpegan', 'Jean-François Rami', 'David Pot', 'Yves Vigouroux', 'Christian Leclerc']",[],dataset-rdg,https://doi.org/10.18167/DVN1/SAAMUT,[''],['David Pot'],David Pot,RhizoSeqC,1,2025
Recherche Data Gouv,"Data for ""Intra-seasonal rainfall patterns and extremes drive maize productivity and nitrogen use in sub-humid Zimbabwe""",doi:10.18167/DVN1/GKONUQ,Centre de Coopération Internationale en Recherche Agronomique pour le Développement,cirad://10.18167/DVN1/GKONUQ,2025-08-09T22:00:03Z,2025-08-09 22:00:03+00:00,"['Agricultural Sciences', 'sub-Saharan Africa', 'maize']",[''],"['Bouhenache, Abderrahim', 'Lashermes, Gwenaëlle', 'Clivot, Hugues', 'Recous, Sylvie', 'Chikowo, Regis', 'Shumba, Armwell', 'Mazungunye, Hope', 'Matimba, Emmanuel', 'Alavoine, Gonzague', 'Delfosse, Olivier', 'Falconnier, Gatien N', 'Affholder, François', 'Corbeels, Marc', 'Cardinael, Rémi', 'Abderrahim Bouhenache', 'Gwenaëlle Lashermes', 'Hugues Clivot', 'Sylvie Recous', 'Regis Chikowo', 'Armwell Shumba', 'Hope Mazungunye', 'Emmanuel Matimba', 'Gonzague Alavoine', 'Olivier Delfosse', 'Gatien N Falconnier', 'François Affholder', 'Marc Corbeels', 'Rémi Cardinael']",[],dataset-rdg,https://doi.org/10.18167/DVN1/GKONUQ,[''],"['Gwenaëlle Lashermes', 'Hugues Clivot', 'Gonzague Alavoine', 'Olivier Delfosse', 'Rémi Cardinael']",Gwenaëlle Lashermes,ALAMOD,1,2025
Recherche Data Gouv,"Data for ""Intra-seasonal rainfall patterns and extremes drive maize productivity and nitrogen use in sub-humid Zimbabwe""",doi:10.18167/DVN1/GKONUQ,Centre de Coopération Internationale en Recherche Agronomique pour le Développement,cirad://10.18167/DVN1/GKONUQ,2025-08-09T22:00:03Z,2025-08-09 22:00:03+00:00,"['Agricultural Sciences', 'sub-Saharan Africa', 'maize']",[''],"['Bouhenache, Abderrahim', 'Lashermes, Gwenaëlle', 'Clivot, Hugues', 'Recous, Sylvie', 'Chikowo, Regis', 'Shumba, Armwell', 'Mazungunye, Hope', 'Matimba, Emmanuel', 'Alavoine, Gonzague', 'Delfosse, Olivier', 'Falconnier, Gatien N', 'Affholder, François', 'Corbeels, Marc', 'Cardinael, Rémi', 'Abderrahim Bouhenache', 'Gwenaëlle Lashermes', 'Hugues Clivot', 'Sylvie Recous', 'Regis Chikowo', 'Armwell Shumba', 'Hope Mazungunye', 'Emmanuel Matimba', 'Gonzague Alavoine', 'Olivier Delfosse', 'Gatien N Falconnier', 'François Affholder', 'Marc Corbeels', 'Rémi Cardinael']",[],dataset-rdg,https://doi.org/10.18167/DVN1/GKONUQ,[''],"['Gwenaëlle Lashermes', 'Hugues Clivot', 'Gonzague Alavoine', 'Olivier Delfosse', 'Rémi Cardinael']",Gwenaëlle Lashermes,CANETE,1,2025
Recherche Data Gouv,"Data for ""Intra-seasonal rainfall patterns and extremes drive maize productivity and nitrogen use in sub-humid Zimbabwe""",doi:10.18167/DVN1/GKONUQ,Centre de Coopération Internationale en Recherche Agronomique pour le Développement,cirad://10.18167/DVN1/GKONUQ,2025-08-09T22:00:03Z,2025-08-09 22:00:03+00:00,"['Agricultural Sciences', 'sub-Saharan Africa', 'maize']",[''],"['Bouhenache, Abderrahim', 'Lashermes, Gwenaëlle', 'Clivot, Hugues', 'Recous, Sylvie', 'Chikowo, Regis', 'Shumba, Armwell', 'Mazungunye, Hope', 'Matimba, Emmanuel', 'Alavoine, Gonzague', 'Delfosse, Olivier', 'Falconnier, Gatien N', 'Affholder, François', 'Corbeels, Marc', 'Cardinael, Rémi', 'Abderrahim Bouhenache', 'Gwenaëlle Lashermes', 'Hugues Clivot', 'Sylvie Recous', 'Regis Chikowo', 'Armwell Shumba', 'Hope Mazungunye', 'Emmanuel Matimba', 'Gonzague Alavoine', 'Olivier Delfosse', 'Gatien N Falconnier', 'François Affholder', 'Marc Corbeels', 'Rémi Cardinael']",[],dataset-rdg,https://doi.org/10.18167/DVN1/GKONUQ,[''],"['Gwenaëlle Lashermes', 'Hugues Clivot', 'Gonzague Alavoine', 'Olivier Delfosse', 'Rémi Cardinael']",Hugues Clivot,CANETE,1,2025
Recherche Data Gouv,"Data for ""Intra-seasonal rainfall patterns and extremes drive maize productivity and nitrogen use in sub-humid Zimbabwe""",doi:10.18167/DVN1/GKONUQ,Centre de Coopération Internationale en Recherche Agronomique pour le Développement,cirad://10.18167/DVN1/GKONUQ,2025-08-09T22:00:03Z,2025-08-09 22:00:03+00:00,"['Agricultural Sciences', 'sub-Saharan Africa', 'maize']",[''],"['Bouhenache, Abderrahim', 'Lashermes, Gwenaëlle', 'Clivot, Hugues', 'Recous, Sylvie', 'Chikowo, Regis', 'Shumba, Armwell', 'Mazungunye, Hope', 'Matimba, Emmanuel', 'Alavoine, Gonzague', 'Delfosse, Olivier', 'Falconnier, Gatien N', 'Affholder, François', 'Corbeels, Marc', 'Cardinael, Rémi', 'Abderrahim Bouhenache', 'Gwenaëlle Lashermes', 'Hugues Clivot', 'Sylvie Recous', 'Regis Chikowo', 'Armwell Shumba', 'Hope Mazungunye', 'Emmanuel Matimba', 'Gonzague Alavoine', 'Olivier Delfosse', 'Gatien N Falconnier', 'François Affholder', 'Marc Corbeels', 'Rémi Cardinael']",[],dataset-rdg,https://doi.org/10.18167/DVN1/GKONUQ,[''],"['Gwenaëlle Lashermes', 'Hugues Clivot', 'Gonzague Alavoine', 'Olivier Delfosse', 'Rémi Cardinael']",Hugues Clivot,SLAM-B,1,2025
Recherche Data Gouv,"Data for ""Intra-seasonal rainfall patterns and extremes drive maize productivity and nitrogen use in sub-humid Zimbabwe""",doi:10.18167/DVN1/GKONUQ,Centre de Coopération Internationale en Recherche Agronomique pour le Développement,cirad://10.18167/DVN1/GKONUQ,2025-08-09T22:00:03Z,2025-08-09 22:00:03+00:00,"['Agricultural Sciences', 'sub-Saharan Africa', 'maize']",[''],"['Bouhenache, Abderrahim', 'Lashermes, Gwenaëlle', 'Clivot, Hugues', 'Recous, Sylvie', 'Chikowo, Regis', 'Shumba, Armwell', 'Mazungunye, Hope', 'Matimba, Emmanuel', 'Alavoine, Gonzague', 'Delfosse, Olivier', 'Falconnier, Gatien N', 'Affholder, François', 'Corbeels, Marc', 'Cardinael, Rémi', 'Abderrahim Bouhenache', 'Gwenaëlle Lashermes', 'Hugues Clivot', 'Sylvie Recous', 'Regis Chikowo', 'Armwell Shumba', 'Hope Mazungunye', 'Emmanuel Matimba', 'Gonzague Alavoine', 'Olivier Delfosse', 'Gatien N Falconnier', 'François Affholder', 'Marc Corbeels', 'Rémi Cardinael']",[],dataset-rdg,https://doi.org/10.18167/DVN1/GKONUQ,[''],"['Gwenaëlle Lashermes', 'Hugues Clivot', 'Gonzague Alavoine', 'Olivier Delfosse', 'Rémi Cardinael']",Gonzague Alavoine,CANETE,1,2025
Recherche Data Gouv,"Data for ""Intra-seasonal rainfall patterns and extremes drive maize productivity and nitrogen use in sub-humid Zimbabwe""",doi:10.18167/DVN1/GKONUQ,Centre de Coopération Internationale en Recherche Agronomique pour le Développement,cirad://10.18167/DVN1/GKONUQ,2025-08-09T22:00:03Z,2025-08-09 22:00:03+00:00,"['Agricultural Sciences', 'sub-Saharan Africa', 'maize']",[''],"['Bouhenache, Abderrahim', 'Lashermes, Gwenaëlle', 'Clivot, Hugues', 'Recous, Sylvie', 'Chikowo, Regis', 'Shumba, Armwell', 'Mazungunye, Hope', 'Matimba, Emmanuel', 'Alavoine, Gonzague', 'Delfosse, Olivier', 'Falconnier, Gatien N', 'Affholder, François', 'Corbeels, Marc', 'Cardinael, Rémi', 'Abderrahim Bouhenache', 'Gwenaëlle Lashermes', 'Hugues Clivot', 'Sylvie Recous', 'Regis Chikowo', 'Armwell Shumba', 'Hope Mazungunye', 'Emmanuel Matimba', 'Gonzague Alavoine', 'Olivier Delfosse', 'Gatien N Falconnier', 'François Affholder', 'Marc Corbeels', 'Rémi Cardinael']",[],dataset-rdg,https://doi.org/10.18167/DVN1/GKONUQ,[''],"['Gwenaëlle Lashermes', 'Hugues Clivot', 'Gonzague Alavoine', 'Olivier Delfosse', 'Rémi Cardinael']",Olivier Delfosse,CANETE,1,2025
Recherche Data Gouv,"Data for ""Intra-seasonal rainfall patterns and extremes drive maize productivity and nitrogen use in sub-humid Zimbabwe""",doi:10.18167/DVN1/GKONUQ,Centre de Coopération Internationale en Recherche Agronomique pour le Développement,cirad://10.18167/DVN1/GKONUQ,2025-08-09T22:00:03Z,2025-08-09 22:00:03+00:00,"['Agricultural Sciences', 'sub-Saharan Africa', 'maize']",[''],"['Bouhenache, Abderrahim', 'Lashermes, Gwenaëlle', 'Clivot, Hugues', 'Recous, Sylvie', 'Chikowo, Regis', 'Shumba, Armwell', 'Mazungunye, Hope', 'Matimba, Emmanuel', 'Alavoine, Gonzague', 'Delfosse, Olivier', 'Falconnier, Gatien N', 'Affholder, François', 'Corbeels, Marc', 'Cardinael, Rémi', 'Abderrahim Bouhenache', 'Gwenaëlle Lashermes', 'Hugues Clivot', 'Sylvie Recous', 'Regis Chikowo', 'Armwell Shumba', 'Hope Mazungunye', 'Emmanuel Matimba', 'Gonzague Alavoine', 'Olivier Delfosse', 'Gatien N Falconnier', 'François Affholder', 'Marc Corbeels', 'Rémi Cardinael']",[],dataset-rdg,https://doi.org/10.18167/DVN1/GKONUQ,[''],"['Gwenaëlle Lashermes', 'Hugues Clivot', 'Gonzague Alavoine', 'Olivier Delfosse', 'Rémi Cardinael']",Rémi Cardinael,ALAMOD,1,2025
Recherche Data Gouv,"Data for ""Intra-seasonal rainfall patterns and extremes drive maize productivity and nitrogen use in sub-humid Zimbabwe""",doi:10.18167/DVN1/GKONUQ,Centre de Coopération Internationale en Recherche Agronomique pour le Développement,cirad://10.18167/DVN1/GKONUQ,2025-08-09T22:00:03Z,2025-08-09 22:00:03+00:00,"['Agricultural Sciences', 'sub-Saharan Africa', 'maize']",[''],"['Bouhenache, Abderrahim', 'Lashermes, Gwenaëlle', 'Clivot, Hugues', 'Recous, Sylvie', 'Chikowo, Regis', 'Shumba, Armwell', 'Mazungunye, Hope', 'Matimba, Emmanuel', 'Alavoine, Gonzague', 'Delfosse, Olivier', 'Falconnier, Gatien N', 'Affholder, François', 'Corbeels, Marc', 'Cardinael, Rémi', 'Abderrahim Bouhenache', 'Gwenaëlle Lashermes', 'Hugues Clivot', 'Sylvie Recous', 'Regis Chikowo', 'Armwell Shumba', 'Hope Mazungunye', 'Emmanuel Matimba', 'Gonzague Alavoine', 'Olivier Delfosse', 'Gatien N Falconnier', 'François Affholder', 'Marc Corbeels', 'Rémi Cardinael']",[],dataset-rdg,https://doi.org/10.18167/DVN1/GKONUQ,[''],"['Gwenaëlle Lashermes', 'Hugues Clivot', 'Gonzague Alavoine', 'Olivier Delfosse', 'Rémi Cardinael']",Rémi Cardinael,CrosyeN,1,2025
Recherche Data Gouv,A global database on land use and management change effects on soil KMnO4-oxidisable organic carbon (POXC),doi:10.18167/DVN1/78A2II,Centre de Coopération Internationale en Recherche Agronomique pour le Développement,cirad://10.18167/DVN1/78A2II,2025-09-06T22:00:01Z,2025-09-06 22:00:01+00:00,"['Agricultural Sciences', 'soil quality', 'POXC', 'land use', 'soil organic carbon']",[''],"['Chéron-Bessou, Cécile', 'Beillouin, Damien', 'Thoumazeau, Alexis', 'Chapuis-Lardy, Lydie', 'Chevallier, Tiphaine', 'Demenois, Julien', 'Nelson, Paul N.', 'Cécile Chéron-Bessou', 'Damien Beillouin', 'Alexis Thoumazeau', 'Lydie Chapuis-Lardy', 'Tiphaine Chevallier', 'Julien Demenois', 'Paul N. Nelson']",[],dataset-rdg,https://doi.org/10.18167/DVN1/78A2II,[''],"['Tiphaine Chevallier', 'Julien Demenois']",Tiphaine Chevallier,ALAMOD,1,2025
Recherche Data Gouv,A global database on land use and management change effects on soil KMnO4-oxidisable organic carbon (POXC),doi:10.18167/DVN1/78A2II,Centre de Coopération Internationale en Recherche Agronomique pour le Développement,cirad://10.18167/DVN1/78A2II,2025-09-06T22:00:01Z,2025-09-06 22:00:01+00:00,"['Agricultural Sciences', 'soil quality', 'POXC', 'land use', 'soil organic carbon']",[''],"['Chéron-Bessou, Cécile', 'Beillouin, Damien', 'Thoumazeau, Alexis', 'Chapuis-Lardy, Lydie', 'Chevallier, Tiphaine', 'Demenois, Julien', 'Nelson, Paul N.', 'Cécile Chéron-Bessou', 'Damien Beillouin', 'Alexis Thoumazeau', 'Lydie Chapuis-Lardy', 'Tiphaine Chevallier', 'Julien Demenois', 'Paul N. Nelson']",[],dataset-rdg,https://doi.org/10.18167/DVN1/78A2II,[''],"['Tiphaine Chevallier', 'Julien Demenois']",Julien Demenois,CrosyeN,1,2025
Recherche Data Gouv,"Territorial nitrogen budget and metabolic typologies of EU Agri-Food Systems, 1990–2019",doi:10.23708/4FAPMG,Institut de Recherche pour le Développement,ird://10.23708/4FAPMG,2025-09-07T04:00:00Z,2025-09-07 04:00:00+00:00,"['Agricultural Sciences', 'Earth and Environmental Sciences', 'Specialization trajectories', 'nitrogen (N)', 'nitrogen metabolism', 'nitrogen budget', 'agri-environmental indicators', 'agri-food system', 'geographic dataset']",[''],"['Harter, Ludovic', 'Einarsson, Rasmus', 'Lata, Jean-Christophe', 'Le Noë, Julia', 'Ludovic Harter', 'Rasmus Einarsson', 'Jean-Christophe Lata', 'Julia Le Noë']",[],dataset-rdg,https://doi.org/10.23708/4FAPMG,[''],"['Ludovic Harter', 'Julia Le Noë']",Ludovic Harter,SLAM-B,1,2025
Recherche Data Gouv,"Territorial nitrogen budget and metabolic typologies of EU Agri-Food Systems, 1990–2019",doi:10.23708/4FAPMG,Institut de Recherche pour le Développement,ird://10.23708/4FAPMG,2025-09-07T04:00:00Z,2025-09-07 04:00:00+00:00,"['Agricultural Sciences', 'Earth and Environmental Sciences', 'Specialization trajectories', 'nitrogen (N)', 'nitrogen metabolism', 'nitrogen budget', 'agri-environmental indicators', 'agri-food system', 'geographic dataset']",[''],"['Harter, Ludovic', 'Einarsson, Rasmus', 'Lata, Jean-Christophe', 'Le Noë, Julia', 'Ludovic Harter', 'Rasmus Einarsson', 'Jean-Christophe Lata', 'Julia Le Noë']",[],dataset-rdg,https://doi.org/10.23708/4FAPMG,[''],"['Ludovic Harter', 'Julia Le Noë']",Julia Le Noë,ALAMOD,1,2025
Recherche Data Gouv,"Territorial nitrogen budget and metabolic typologies of EU Agri-Food Systems, 1990–2019",doi:10.23708/4FAPMG,Institut de Recherche pour le Développement,ird://10.23708/4FAPMG,2025-09-07T04:00:00Z,2025-09-07 04:00:00+00:00,"['Agricultural Sciences', 'Earth and Environmental Sciences', 'Specialization trajectories', 'nitrogen (N)', 'nitrogen metabolism', 'nitrogen budget', 'agri-environmental indicators', 'agri-food system', 'geographic dataset']",[''],"['Harter, Ludovic', 'Einarsson, Rasmus', 'Lata, Jean-Christophe', 'Le Noë, Julia', 'Ludovic Harter', 'Rasmus Einarsson', 'Jean-Christophe Lata', 'Julia Le Noë']",[],dataset-rdg,https://doi.org/10.23708/4FAPMG,[''],"['Ludovic Harter', 'Julia Le Noë']",Julia Le Noë,PREFALIM,1,2025
Recherche Data Gouv,"Territorial nitrogen budget and metabolic typologies of EU Agri-Food Systems, 1990–2019",doi:10.23708/4FAPMG,Institut de Recherche pour le Développement,ird://10.23708/4FAPMG,2025-09-07T04:00:00Z,2025-09-07 04:00:00+00:00,"['Agricultural Sciences', 'Earth and Environmental Sciences', 'Specialization trajectories', 'nitrogen (N)', 'nitrogen metabolism', 'nitrogen budget', 'agri-environmental indicators', 'agri-food system', 'geographic dataset']",[''],"['Harter, Ludovic', 'Einarsson, Rasmus', 'Lata, Jean-Christophe', 'Le Noë, Julia', 'Ludovic Harter', 'Rasmus Einarsson', 'Jean-Christophe Lata', 'Julia Le Noë']",[],dataset-rdg,https://doi.org/10.23708/4FAPMG,[''],"['Ludovic Harter', 'Julia Le Noë']",Julia Le Noë,SLAM-B,1,2025
