Nom_archive,Auteur_recherché,Projet,ID,Titre_unique,Auteur,Résumé,Date,Publication Url,Date de publication
Zenodo,Camille Crapart,CarboNium,16418241,CamilMC/Aridity: HESS submission,Camille Crapart,<p>Article submission to HESS</p>,2025-07-25 08:33:32.099504+00:00,10.5281/zenodo.16418241,2025
Zenodo,"Benoit Marie ""ISEM""",CrosyeN,16272076,bpichon0/CNP_ratios_lakes: Release submission paper,Benoît Pichon,"<p>See the Readme file or the following <a href=""https://github.com/bpichon0/CNP_ratios_lakes"">link</a>.
Contact: <em>benoit.pichon0@gmail.com</em></p>",2025-07-21 13:00:55.807059+00:00,10.5281/zenodo.16272076,2025
Zenodo,Xavier Raynaud,CANETE,15809016,sintefmath/Jutul.jl: v0.4.5,Olav Møyner,"<h2>Jutul v0.4.5</h2>
<p><a href=""https://github.com/sintefmath/Jutul.jl/compare/v0.4.4...v0.4.5"">Diff since v0.4.4</a></p>
<p><strong>Merged pull requests:</strong></p>
<ul>
<li>Switch to Set from BitSet in sparsity detection (#162) (@moyner)</li>
</ul>",2025-07-04 18:59:43.357292+00:00,10.5281/zenodo.15809016,2025
Zenodo,Xavier Raynaud,PEACE,15809016,sintefmath/Jutul.jl: v0.4.5,Olav Møyner,"<h2>Jutul v0.4.5</h2>
<p><a href=""https://github.com/sintefmath/Jutul.jl/compare/v0.4.4...v0.4.5"">Diff since v0.4.4</a></p>
<p><strong>Merged pull requests:</strong></p>
<ul>
<li>Switch to Set from BitSet in sparsity detection (#162) (@moyner)</li>
</ul>",2025-07-04 18:59:43.357292+00:00,10.5281/zenodo.15809016,2025
Zenodo,"Benoit Marie ""ISEM""",CrosyeN,15762242,Final version publication with images,Benoît Pichon,"<p>Data and code for the paper: Pichon, B., K&eacute;fi, S., Gounand, I., Gross, N., Le Bagousse-Pinguet, Y., Guerber J., Eldridge D., [...], Donnet, S. and Maestre, F. (2025). Grazing modulates the multiscale spatial structure of dryland vegetation.&nbsp;<em>Global Change Biology (2025)</em>, <em>in press</em></p>",2025-06-28 10:54:24.598307+00:00,10.5281/zenodo.15762242,2025
Zenodo,Mark Bakker,Drought for C,15693968,Pastas: open-source software for the analysis of hydrogeological time series,Raoul Collenteur,"Pastas is an open source Python package for the analysis of hydrogeological time series. Using Pastas, time series models can be created and analyzed in only a few lines of Python code.",2025-06-18 22:33:24.597617+00:00,10.5281/zenodo.15693968,2025
Zenodo,"Benoit Marie ""ISEM""",CrosyeN,15632312,ismael-lajaaiti/species-stability: Submission for ELE,Ismaël Lajaaiti,No description provided.,2025-06-10 13:36:03.357346+00:00,10.5281/zenodo.15632312,2025
Zenodo,Philippe Ciais,DEEP-C,15627927,Canopy height change derived disturbance map in Italy - 2005-2023,"SU, YANG","<p>This is the data used or generated in the paper, ""<strong><span>A fused canopy height map of Italy (2004&ndash;2024) from spaceborne and airborne LiDAR, and Landsat via deep learning and Bayesian averaging</span></strong>"".</p>
<p><strong><span>Authors</span></strong></p>
<p><span>Yang Su <sup>a, b, c</sup>, Nikola Besic <sup>d</sup>, Xianglin Zhang <sup>c</sup>, Yidi Xu <sup>b</sup>, Saverio Francini <sup>e</sup>, Giovanni D'Amico <sup>f</sup>, Gherardo Chirici <sup>g, h</sup>, Martin&nbsp;Schwartz <sup>b</sup>, Ibrahim Fayad <sup>b</sup>, Sarah Brood <sup>b</sup>, Agnes Pellissier-tanon <sup>b</sup>, Ke Yu <sup>b</sup>, Haotian Chen <sup>i, c</sup>, Songchao Chen <sup>j</sup>, Alexandre d'Aspremont <sup>a</sup>, Philippe Ciais <sup>b</sup></span></p>
<p><span>&nbsp;</span></p>
<p><strong><span>Affiliations</span></strong></p>
<p><sup><span>a</span></sup><span> CNRS &amp; D&eacute;partement d'Informatique, &Eacute;cole Normale Sup&eacute;rieure &ndash; PSL, 45 Rue d'Ulm, 75005 Paris, France </span></p>
<p><sup><span>b</span></sup><span> Laboratoire des Sciences du Climat et de l&rsquo;Environnement, CEA CNRS UVSQ Orme des Merisiers, 91190 Gif-sur-Yvette, France</span></p>
<p><sup><span>c </span></sup><span>Universit&eacute; Paris-Saclay, AgroParisTech, INRAE, UMR ECOSYS, 91120 Palaiseau, France</span></p>
<p><sup><span>d </span></sup><span>IGN, ENSG, Laboratoire d'inventaire forestier (LIF), 54000 Nancy, France</span></p>
<p><sup><span>e </span></sup><span>Department of Science and Technology of Agriculture and Environment (DISTAL), University of Bologna, 40126 Bologna, Italy</span></p>
<p><sup><span>f </span></sup><span>Department of Agriculture, Food, Environment and Forestry, Universit&agrave; degli Studi di Firenze, Via San Bonaventura, 13, 50145 Firenze, Italy</span></p>
<p><sup><span>g </span></sup><span>Fondazione per il Futuro delle Citt&agrave;, Florence, Italy</span></p>
<p><sup><span>h </span></sup><span>CNR Istituto dei Sistemi Complessi, Sesto Fiorentino (Florence), Italy</span></p>
<p><sup><span>i </span></sup><span>Institute of Crop Sciences, Chinese Academy of Agricultural Sciences / Key Laboratory of Crop Physiology and Ecology, Ministry of Agriculture and Rural Affairs of China, Beijing 100081, China</span></p>
<p><sup><span>j</span></sup><span> College of Environmental and Resource Sciences, Zhejiang University, 310058 Hangzhou, China</span></p>
<p>&nbsp;</p>
<p><strong>Corresponding Author</strong></p>
<p>Yang Su</p>
<p>yang.su@ens.fr</p>
<p>+33 1 89 10 07 67</p>
<p>&Eacute;cole normale sup&eacute;rieure - PSL</p>
<p>&nbsp;</p>
<p>To use the data, please cite this study, and in case of difficulties when using the model and data, please contact the corresponding author for further details and possible assistance</p>
<p>&nbsp;</p>
<p><strong>Funding</strong></p>
<p><strong>Artificial Intelligence for forest monitoring from space &ndash; AI4Forests</strong></p>
<p>Agence Nationale de la Recherche</p>
<p><a href=""https://app.dimensions.ai/details/grant/grant.13559349"" target=""_blank"" rel=""noopener"">Find out more...</a></p>",2025-06-30 15:54:38.344276+00:00,10.5281/zenodo.15627927,2025
Zenodo,Nikola Besic,ALAMOD,15627927,Canopy height change derived disturbance map in Italy - 2005-2023,"SU, YANG","<p>This is the data used or generated in the paper, ""<strong><span>A fused canopy height map of Italy (2004&ndash;2024) from spaceborne and airborne LiDAR, and Landsat via deep learning and Bayesian averaging</span></strong>"".</p>
<p><strong><span>Authors</span></strong></p>
<p><span>Yang Su <sup>a, b, c</sup>, Nikola Besic <sup>d</sup>, Xianglin Zhang <sup>c</sup>, Yidi Xu <sup>b</sup>, Saverio Francini <sup>e</sup>, Giovanni D'Amico <sup>f</sup>, Gherardo Chirici <sup>g, h</sup>, Martin&nbsp;Schwartz <sup>b</sup>, Ibrahim Fayad <sup>b</sup>, Sarah Brood <sup>b</sup>, Agnes Pellissier-tanon <sup>b</sup>, Ke Yu <sup>b</sup>, Haotian Chen <sup>i, c</sup>, Songchao Chen <sup>j</sup>, Alexandre d'Aspremont <sup>a</sup>, Philippe Ciais <sup>b</sup></span></p>
<p><span>&nbsp;</span></p>
<p><strong><span>Affiliations</span></strong></p>
<p><sup><span>a</span></sup><span> CNRS &amp; D&eacute;partement d'Informatique, &Eacute;cole Normale Sup&eacute;rieure &ndash; PSL, 45 Rue d'Ulm, 75005 Paris, France </span></p>
<p><sup><span>b</span></sup><span> Laboratoire des Sciences du Climat et de l&rsquo;Environnement, CEA CNRS UVSQ Orme des Merisiers, 91190 Gif-sur-Yvette, France</span></p>
<p><sup><span>c </span></sup><span>Universit&eacute; Paris-Saclay, AgroParisTech, INRAE, UMR ECOSYS, 91120 Palaiseau, France</span></p>
<p><sup><span>d </span></sup><span>IGN, ENSG, Laboratoire d'inventaire forestier (LIF), 54000 Nancy, France</span></p>
<p><sup><span>e </span></sup><span>Department of Science and Technology of Agriculture and Environment (DISTAL), University of Bologna, 40126 Bologna, Italy</span></p>
<p><sup><span>f </span></sup><span>Department of Agriculture, Food, Environment and Forestry, Universit&agrave; degli Studi di Firenze, Via San Bonaventura, 13, 50145 Firenze, Italy</span></p>
<p><sup><span>g </span></sup><span>Fondazione per il Futuro delle Citt&agrave;, Florence, Italy</span></p>
<p><sup><span>h </span></sup><span>CNR Istituto dei Sistemi Complessi, Sesto Fiorentino (Florence), Italy</span></p>
<p><sup><span>i </span></sup><span>Institute of Crop Sciences, Chinese Academy of Agricultural Sciences / Key Laboratory of Crop Physiology and Ecology, Ministry of Agriculture and Rural Affairs of China, Beijing 100081, China</span></p>
<p><sup><span>j</span></sup><span> College of Environmental and Resource Sciences, Zhejiang University, 310058 Hangzhou, China</span></p>
<p>&nbsp;</p>
<p><strong>Corresponding Author</strong></p>
<p>Yang Su</p>
<p>yang.su@ens.fr</p>
<p>+33 1 89 10 07 67</p>
<p>&Eacute;cole normale sup&eacute;rieure - PSL</p>
<p>&nbsp;</p>
<p>To use the data, please cite this study, and in case of difficulties when using the model and data, please contact the corresponding author for further details and possible assistance</p>
<p>&nbsp;</p>
<p><strong>Funding</strong></p>
<p><strong>Artificial Intelligence for forest monitoring from space &ndash; AI4Forests</strong></p>
<p>Agence Nationale de la Recherche</p>
<p><a href=""https://app.dimensions.ai/details/grant/grant.13559349"" target=""_blank"" rel=""noopener"">Find out more...</a></p>",2025-06-30 15:54:38.344276+00:00,10.5281/zenodo.15627927,2025
Zenodo,Philippe Ciais,DEEP-C,15627897,Canopy height map in Italy - 2004-2024,"SU, YANG","<p>This is the data used or generated in the paper, ""<strong><span>A fused canopy height map of Italy (2004&ndash;2024) from spaceborne and airborne LiDAR, and Landsat via deep learning and Bayesian averaging</span></strong>"".</p>
<p><strong><span>Authors</span></strong></p>
<p><span>Yang Su <sup>a, b, c</sup>, Nikola Besic <sup>d</sup>, Xianglin Zhang <sup>c</sup>, Yidi Xu <sup>b</sup>, Saverio Francini <sup>e</sup>, Giovanni D'Amico <sup>f</sup>, Gherardo Chirici <sup>g, h</sup>, Martin&nbsp;Schwartz <sup>b</sup>, Ibrahim Fayad <sup>b</sup>, Sarah Brood <sup>b</sup>, Agnes Pellissier-tanon <sup>b</sup>, Ke Yu <sup>b</sup>, Haotian Chen <sup>i, c</sup>, Songchao Chen <sup>j</sup>, Alexandre d'Aspremont <sup>a</sup>, Philippe Ciais <sup>b</sup></span></p>
<p><span>&nbsp;</span></p>
<p><strong><span>Affiliations</span></strong></p>
<p><sup><span>a</span></sup><span> CNRS &amp; D&eacute;partement d'Informatique, &Eacute;cole Normale Sup&eacute;rieure &ndash; PSL, 45 Rue d'Ulm, 75005 Paris, France </span></p>
<p><sup><span>b</span></sup><span> Laboratoire des Sciences du Climat et de l&rsquo;Environnement, CEA CNRS UVSQ Orme des Merisiers, 91190 Gif-sur-Yvette, France</span></p>
<p><sup><span>c </span></sup><span>Universit&eacute; Paris-Saclay, AgroParisTech, INRAE, UMR ECOSYS, 91120 Palaiseau, France</span></p>
<p><sup><span>d </span></sup><span>IGN, ENSG, Laboratoire d'inventaire forestier (LIF), 54000 Nancy, France</span></p>
<p><sup><span>e </span></sup><span>Department of Science and Technology of Agriculture and Environment (DISTAL), University of Bologna, 40126 Bologna, Italy</span></p>
<p><sup><span>f </span></sup><span>Department of Agriculture, Food, Environment and Forestry, Universit&agrave; degli Studi di Firenze, Via San Bonaventura, 13, 50145 Firenze, Italy</span></p>
<p><sup><span>g </span></sup><span>Fondazione per il Futuro delle Citt&agrave;, Florence, Italy</span></p>
<p><sup><span>h </span></sup><span>CNR Istituto dei Sistemi Complessi, Sesto Fiorentino (Florence), Italy</span></p>
<p><sup><span>i </span></sup><span>Institute of Crop Sciences, Chinese Academy of Agricultural Sciences / Key Laboratory of Crop Physiology and Ecology, Ministry of Agriculture and Rural Affairs of China, Beijing 100081, China</span></p>
<p><sup><span>j</span></sup><span> College of Environmental and Resource Sciences, Zhejiang University, 310058 Hangzhou, China</span></p>
<p>&nbsp;</p>
<p><strong>Corresponding Author</strong></p>
<p>Yang Su</p>
<p>yang.su@ens.fr</p>
<p>+33 1 89 10 07 67</p>
<p>&Eacute;cole normale sup&eacute;rieure - PSL</p>
<p>&nbsp;</p>
<p>To use the data, please cite this study, and in case of difficulties when using the model and data, please contact the corresponding author for further details and possible assistance</p>
<p>&nbsp;</p>
<p><strong>Funding</strong></p>
<p><strong>Artificial Intelligence for forest monitoring from space &ndash; AI4Forests</strong></p>
<p>Agence Nationale de la Recherche</p>
<p><a href=""https://app.dimensions.ai/details/grant/grant.13559349"" target=""_blank"" rel=""noopener"">Find out more...</a></p>",2025-06-30 15:50:39.119598+00:00,10.5281/zenodo.15627897,2025
Zenodo,Nikola Besic,ALAMOD,15627897,Canopy height map in Italy - 2004-2024,"SU, YANG","<p>This is the data used or generated in the paper, ""<strong><span>A fused canopy height map of Italy (2004&ndash;2024) from spaceborne and airborne LiDAR, and Landsat via deep learning and Bayesian averaging</span></strong>"".</p>
<p><strong><span>Authors</span></strong></p>
<p><span>Yang Su <sup>a, b, c</sup>, Nikola Besic <sup>d</sup>, Xianglin Zhang <sup>c</sup>, Yidi Xu <sup>b</sup>, Saverio Francini <sup>e</sup>, Giovanni D'Amico <sup>f</sup>, Gherardo Chirici <sup>g, h</sup>, Martin&nbsp;Schwartz <sup>b</sup>, Ibrahim Fayad <sup>b</sup>, Sarah Brood <sup>b</sup>, Agnes Pellissier-tanon <sup>b</sup>, Ke Yu <sup>b</sup>, Haotian Chen <sup>i, c</sup>, Songchao Chen <sup>j</sup>, Alexandre d'Aspremont <sup>a</sup>, Philippe Ciais <sup>b</sup></span></p>
<p><span>&nbsp;</span></p>
<p><strong><span>Affiliations</span></strong></p>
<p><sup><span>a</span></sup><span> CNRS &amp; D&eacute;partement d'Informatique, &Eacute;cole Normale Sup&eacute;rieure &ndash; PSL, 45 Rue d'Ulm, 75005 Paris, France </span></p>
<p><sup><span>b</span></sup><span> Laboratoire des Sciences du Climat et de l&rsquo;Environnement, CEA CNRS UVSQ Orme des Merisiers, 91190 Gif-sur-Yvette, France</span></p>
<p><sup><span>c </span></sup><span>Universit&eacute; Paris-Saclay, AgroParisTech, INRAE, UMR ECOSYS, 91120 Palaiseau, France</span></p>
<p><sup><span>d </span></sup><span>IGN, ENSG, Laboratoire d'inventaire forestier (LIF), 54000 Nancy, France</span></p>
<p><sup><span>e </span></sup><span>Department of Science and Technology of Agriculture and Environment (DISTAL), University of Bologna, 40126 Bologna, Italy</span></p>
<p><sup><span>f </span></sup><span>Department of Agriculture, Food, Environment and Forestry, Universit&agrave; degli Studi di Firenze, Via San Bonaventura, 13, 50145 Firenze, Italy</span></p>
<p><sup><span>g </span></sup><span>Fondazione per il Futuro delle Citt&agrave;, Florence, Italy</span></p>
<p><sup><span>h </span></sup><span>CNR Istituto dei Sistemi Complessi, Sesto Fiorentino (Florence), Italy</span></p>
<p><sup><span>i </span></sup><span>Institute of Crop Sciences, Chinese Academy of Agricultural Sciences / Key Laboratory of Crop Physiology and Ecology, Ministry of Agriculture and Rural Affairs of China, Beijing 100081, China</span></p>
<p><sup><span>j</span></sup><span> College of Environmental and Resource Sciences, Zhejiang University, 310058 Hangzhou, China</span></p>
<p>&nbsp;</p>
<p><strong>Corresponding Author</strong></p>
<p>Yang Su</p>
<p>yang.su@ens.fr</p>
<p>+33 1 89 10 07 67</p>
<p>&Eacute;cole normale sup&eacute;rieure - PSL</p>
<p>&nbsp;</p>
<p>To use the data, please cite this study, and in case of difficulties when using the model and data, please contact the corresponding author for further details and possible assistance</p>
<p>&nbsp;</p>
<p><strong>Funding</strong></p>
<p><strong>Artificial Intelligence for forest monitoring from space &ndash; AI4Forests</strong></p>
<p>Agence Nationale de la Recherche</p>
<p><a href=""https://app.dimensions.ai/details/grant/grant.13559349"" target=""_blank"" rel=""noopener"">Find out more...</a></p>",2025-06-30 15:50:39.119598+00:00,10.5281/zenodo.15627897,2025
Zenodo,Edward Duarte,DEEP-C,15583235,Simulations Data for Strike-Slip Fault-Generated Paleotsunamis in Lake Iznik (NW Türkiye): Numerical Modeling Corroborated by Coastal Deposits,"ZAFAR, Muhammad Naveed","<h1>README:</h1>
<p>This repository contains simulation data used in the manuscript:</p>
<p><strong><em>&ldquo;Strike-Slip Fault-Generated Paleotsunamis in Lake Iznik (NW T&uuml;rkiye): Numerical Modeling Corroborated by Coastal Deposits&rdquo;</em></strong><br>by Muhammad Naveed Zafar, Denys Dutykh, Rapha&euml;l Paris, Renaldo Gastineau, Julia De Sigoyer, Edward Duarte, Nur Deniz &Uuml;nsal, Nicolas Harrichhausen, Simon Flavard, Mustafa Şahin, and Pierre Sabatier.</p>


<h2>Directory Overview</h2>
<ul>
<li>
<p><code>121_event/</code> &mdash; Simulation data for the 121 CE tsunami event.</p>
</li>
<li>
<p><code>1065_event/</code> &mdash; Simulation data for the 1065 CE tsunami event.</p>
</li>
<li>
<p><code>Depth_sensitivity/</code> &mdash; Sensitivity tests on downdip fault widths.</p>
</li>
</ul>
<p>Each directory contains relevant setup files and simulation outputs.</p>


<h2>Key Files</h2>
<ul>
<li>
<p><code>_output/</code> &mdash; Stores output data generated by each simulation.</p>
</li>
<li>
<p><code>Makefile</code> &mdash; Automates model compilation and execution.</p>
</li>
<li>
<p><code>setplot.py</code> &mdash; Defines plot configurations for visualizing results.</p>
</li>
</ul>


<h2>Installation</h2>
<p>To run the models, install <strong>Clawpack</strong> (v5.9 or later).<br>Follow the instructions at:<br><a href=""https://www.clawpack.org/v5.9.x/installing_pip.html"">https://www.clawpack.org/v5.9.x/installing_pip.html</a></p>


<h2>Running the Simulations</h2>
<p>After installing Clawpack, navigate into any simulation folder (e.g., <code>1065_event</code>) and run:</p>
<pre><code>make plots
</code></pre>
<p>This will:</p>
<ul>
<li>
<p>Compile the simulation</p>
</li>
<li>
<p>Execute the model</p>
</li>
<li>
<p>Generate and save plots within the same directory</p>
</li>
</ul>


<h2>Contact</h2>
<p>For questions, issues, or collaboration inquiries, please reach out to:<br>📧 <a href=""mailto:syednaveed1421@gmail.com"">syednaveed1421@gmail.com</a></p>
<p>&nbsp;</p>",2025-06-03 11:40:11.761899+00:00,10.5281/zenodo.15583235,2025
Zenodo,Jérôme Gaillardet,DEEP-C,15551268,Welcome to the first eLTER Science Conference,"Bäck, Jaana","<p>In an era of unprecedented environmental change, the need for long-term, integrated ecosystem research has never been more urgent. The first eLTER Science Conference brings together a vibrant community of researchers, site and platform coordinators, and visionaries dedicated to understanding and safeguarding the complex systems that sustain life on Earth.</p><p>This proceeding includes all contributions to the first eLTER Science Conference in June 2025 in Tampere, Finland. The Conference is a pivotal moment in our shared journey toward deeper understanding, collaboration, and stewardship of our planet's complex socio-ecological systems. It marks an important milestone in the scientific work towards the Whole Systems Approach that is the unique foundation of the eLTER RI, addressing the Earth system at different spatial and temporal scales in order to answer many of the burning scientific and societal questions of our time.</p><p>In the Anthropocene, environmental research is ever more challenged to develop a holistic approach for understanding the compounded impacts of the multiple stressors on our ecosystems, including, e.g., climate change, biodiversity loss, soil degradation, pollution, and unsustainable resource use. No scientific community can address these challenges in isolation from others. Therefore, the eLTER Science Conference is a unique opportunity to hear and see how different communities and disciplines gather forces to study not only the different spheres (geo-, hydro-, bio-, atmo-, and socio-sphere), but especially the linkages amongst them on the habitable skin of the Earth. </p><p>The high-level scientific and social programme of the Conference encourages diversity of approaches, exchange between generations of scientists, and inclusivity in the spirit of promoting inter- and trans-disciplinarity. The presentations highlight the key elements of eLTER's vision: advancing integrated, long-term environmental research, promoting interdisciplinary collaboration, and supporting policy-relevant science for sustainability. The workshops offer a chance for hands-on engagement with various practical subjects while also exploring themes through artistic perspectives. </p><p>The Conference week is composed of high-level keynote lectures, oral and poster sessions, inspirational exhibitions, workshops, and field trips, relevant for researchers from Europe and globally. The transdisciplinary dialogue is forming an important, cross-cutting element to the Conference program. Altogether 335 participants from 44 countries and 226 institutions will contribute their latest findings to the programme. The 25 prominent Keynotes will address their own research themes in a broad and comprehensive manner. Early career researchers (83) ensure fresh perspectives and energy to continue the ongoing renewal of the scientific enterprise. </p><p>Interestingly, a common thread runs through many of the sessions: the word <em>'Integration'</em> features in the titles of seven of them. This highlights a strong, shared ambition among participants to deepen collaboration not just within their own disciplines, but across the wider research landscape. It underscores a collective push toward developing harmonised methods and tools that can support more impactful, high-quality science. At the same time, it sends a clear message to the broader environmental science community: eLTER is open for collaboration and eager to connect.</p><p>Beyond the rich scientific agenda, the eLTER Science Conference offers a diverse and engaging social programme, including Conference dinner on a charming Viikinsaari island and four guided excursions, each offering a unique perspective on Finland's diverse ecosystems and long-term ecological research initiatives, and providing participants with immersive experiences into Finland's ecological research and conservation efforts.</p><p>The Scientific Committee ensured the high-level scientific content of the Conference. The Organising Committee was led by Jaana Bäck and Jerome Gaillardet, and included Paulina Rajewicz, Nina Hobbhahn, Alexandra Tzvetkova, and Michael Mirtl; in addition, Benat Olascoaga Gracia, Allan Souza, Janne Korhonen, and Syed Ashraful Alam and the 12 conference assistants contributed to making the Conference a success. </p><p>With this Proceedings, we welcome all authors and other attendees to the first eLTER Science Conference, a landmark event in shaping the future of integrated ecosystem, critical zone, and socio-ecological research across Europe and beyond. We thank all contributors and participants for their valuable insights and commitment, and we look forward to continuing this journey — united in eLTER's vision for a more sustainable and resilient future.</p><p>The conference is organised by the EU-funded eLTER PLUS Advanced Community project (Grant Agreement No. 871128) and supported financially by the University of Helsinki Fig. 1, the Federation of Finnish Learned Societies Fig. 2, Metsämiesten Säätiö Foundation Fig. 3, and the Atmosphere and Climate Competence Center (ACCCFig. 4) Flagship of the Research Council of Finland.</p>",2025-05-30 07:32:08.467412+00:00,10.3897/aca.8.e158932,2025
Zenodo,Frédéric Frappart,ALAMOD,15512149,Hydrogeological control of groundwater variations in the Congo River Basin revealed by GRACE water storage change decomposition,"Kitambo, Benjamin M.","<p><strong>1. Summary</strong></p>
<p>The Congo basin&rsquo;s Groundwater Storage Anomaly (GWSA) datasets are generated by Benjamin M. Kitambo, Sly Wongchuig, Raphael M. Tshimanga, Adrien Paris, Alejandro Blazquez, Daniel Moreira, Frederic Frappart, Ayan Santos Fleischmann, Jean-Marie O. Kileshye<sup> </sup>, Mohammad J. Tourian, Fabrice Papa in the article entitled ""Hydrogeological control of groundwater variations in the Congo River Basin revealed by GRACE water storage change decomposition"", <strong><em>Water Resources Research (submitted)</em></strong>.</p>
<p>The dataset was generated using the decomposition method of Terrestrial Water Storage Anomaly (TWSA) which is the sum of the contributions of different hydrological storage compartments including changes in surface water storage anomaly (&Delta;SWSA), root zone soil moisture (&Delta;SMroot), snow storage (&Delta;Snow), and GWSA (&Delta;GWSA) (Frappart and Ramillien, 2018). The equation is as follows:</p>
<p>&nbsp; &nbsp;&nbsp;&nbsp;&nbsp;&nbsp;&nbsp;&nbsp;&nbsp;&nbsp;&nbsp;&nbsp;&nbsp;&nbsp;&nbsp;&nbsp;&nbsp;&nbsp;&nbsp;&nbsp;&nbsp;&nbsp;&nbsp;&nbsp;&nbsp;&nbsp;&nbsp;&nbsp;&nbsp;&nbsp;&nbsp;&nbsp;&nbsp;&nbsp;&nbsp;&nbsp;&nbsp;&nbsp;&nbsp;&nbsp;&nbsp;&nbsp;&nbsp;&nbsp;&nbsp;&nbsp;&nbsp;&nbsp;&nbsp;&nbsp;&nbsp;&nbsp;&nbsp;&nbsp;&nbsp;&nbsp;&nbsp;&nbsp; &Delta;TWSA = &Delta;SWSA + &Delta;SMroot + &Delta;Snow + &Delta;GWSA&nbsp; (1)</p>
<p>&Delta;GWSA changes are obtained by subtracting &Delta;SWSA, &Delta;SMroot, &Delta;Snow from &Delta;TWSA on the same period of availability for all datasets, here 2002-2015. Since there is no contribution of snow storage in the Congo tropical region, this term is neglected in our study. Only GWSA datasets are provided from different Gravity Recovery and Climate Experiment (GRACE) solutions including Jet Propulsion Laboratory spherical harmonics (JPL-SH), JPL mass concentration blocks mascons (JPL-M), GeoforschungsZentrum Potsdam SH (GFZ-SH), CSR mascons (CSR-M), CNES-L3. To get &Delta;TWSA ,&Delta;SWSA, &Delta;SMroot datasets, please kindly refer to the aforementioned paper where all links are provided.</p>
<p><strong>2. Name Description</strong></p>
<p>●&nbsp; Month_data_XX: Months of availability of GWSA data due to the missing values in GRACE&rsquo;s TWSA XX (where XX stands for CNES-L3, Others which include JPL-SH, JPL-M, GFZ-SH, CSR-M).</p>
<p>●&nbsp; GWSA_XX: monthly groundwater storage anomaly variations from XX (where XX stands for JPL-SH, JPL-M, GFZ-SH, CSR-M, and CNES-L3 GRACE solutions).</p>
<p><strong>3. File Description&nbsp;</strong></p>
<p>The GWSA estimates from the decomposition method of TWSA provides the monthly variation of groundwater storage changes over 2002-2015, gridded on 0.25-degree of spatial resolution, each pixel covering almost 773 km&sup2;.&nbsp;</p>
<p>The files are organized in matrix:</p>
<p>●&nbsp; <strong>First column</strong> represents the latitude in degree.</p>
<p>●&nbsp; <strong>Second column</strong> represents the longitude in degree.</p>
<p>●<strong>&nbsp; From the third column</strong>: GWSA data in km&sup3;, there are 139 (respectively 147) columns representing each month of data availability of the period from 2002 to 2015 from CNES-L3 GRACE solution (respectively JPL-SH, JPL-M, GFZ-SH, CSR-M GRACE solutions).</p>",2025-05-25 17:05:12.490686+00:00,10.5281/zenodo.15512149,2025
Zenodo,Antonello Lobianco,SLAM-B,15492588,sylvaticus/BetaML.jl: v0.12.2,Antonello Lobianco,"<h2>BetaML v0.12.2</h2>
<p><a href=""https://github.com/sylvaticus/BetaML.jl/compare/v0.12.1...v0.12.2"">Diff since v0.12.1</a></p>
<p>Introduced <code>onfail</code> option to try again fitting (with new random initial parameters) in case the loss doesn't decrease. Implemented for neural networks.</p>
<p><strong>Merged pull requests:</strong></p>
<ul>
<li>Update README.md - don't link to PyJulia (#72) (@PallHaraldsson)</li>
<li>CompatHelper: bump compat for JLD2 to 0.5, (keep existing compat) (#74) (@github-actions[bot])</li>
<li>CompatHelper: bump compat for Zygote to 0.7, (keep existing compat) (#76) (@github-actions[bot])</li>
</ul>
<p><strong>Closed issues:</strong></p>
<ul>
<li>[MLJ interface] NeuralNetworkClassifier falsely claims to support <code>Count</code> target (#75)</li>
</ul>",2025-05-22 20:55:59.766491+00:00,10.5281/zenodo.15492588,2025
Zenodo,Xavier Raynaud,CANETE,15384462,emmo-repo/domain-battery: 0.18.5-beta,Simon Clark,"<h2>What's Changed</h2>
<ul>
<li>update domain-electrochemistry import by @jsimonclark in https://github.com/emmo-repo/domain-battery/pull/58</li>
</ul>
<p><strong>Full Changelog</strong>: https://github.com/emmo-repo/domain-battery/compare/0.18.4-beta...0.18.5-beta</p>",2025-05-11 19:40:12.586453+00:00,10.5281/zenodo.15384462,2025
Zenodo,Xavier Raynaud,PEACE,15384462,emmo-repo/domain-battery: 0.18.5-beta,Simon Clark,"<h2>What's Changed</h2>
<ul>
<li>update domain-electrochemistry import by @jsimonclark in https://github.com/emmo-repo/domain-battery/pull/58</li>
</ul>
<p><strong>Full Changelog</strong>: https://github.com/emmo-repo/domain-battery/compare/0.18.4-beta...0.18.5-beta</p>",2025-05-11 19:40:12.586453+00:00,10.5281/zenodo.15384462,2025
Zenodo,Xavier Raynaud,PEACE,15384392,emmo-repo/domain-electrochemistry: 0.29.0-beta,Simon Clark,"<h2>What's Changed</h2>
<ul>
<li>Add NetCapacity by @jsimonclark in https://github.com/emmo-repo/domain-electrochemistry/pull/143</li>
</ul>
<p><strong>Full Changelog</strong>: https://github.com/emmo-repo/domain-electrochemistry/compare/0.28.5-beta...0.29.0-beta</p>",2025-05-11 19:16:19.125810+00:00,10.5281/zenodo.15384392,2025
Zenodo,Xavier Raynaud,CANETE,15384392,emmo-repo/domain-electrochemistry: 0.29.0-beta,Simon Clark,"<h2>What's Changed</h2>
<ul>
<li>Add NetCapacity by @jsimonclark in https://github.com/emmo-repo/domain-electrochemistry/pull/143</li>
</ul>
<p><strong>Full Changelog</strong>: https://github.com/emmo-repo/domain-electrochemistry/compare/0.28.5-beta...0.29.0-beta</p>",2025-05-11 19:16:19.125810+00:00,10.5281/zenodo.15384392,2025
Zenodo,Philippe Ciais,DEEP-C,15371113,Data and code for GMDD paper: Representing high-latitude deep carbon in the pre-industrial state of the ORCHIDEE-MICT land surface model (r8704),"XI, Yi","<p>This link provided key data and code used in the submitted GMDD paper ""<span lang=""EN-US"">Representing high-latitude deep carbon in the pre-industrial state of the ORCHIDEE-MICT land surface model (r8704)</span>"" by Xi et al., 2025. Please cite the paper when you use the code here, thanks.</p>
<p>Authors: <span lang=""EN-GB"">Yi Xi*, Philippe Ciais, Dan Zhu, Chunjing Qiu, Yuan Zhang, Shushi Peng, Gustaf Hugelius, Simon P. K. Bowring, Daniel S. Goll, Ying-Ping Wang</span></p>
<p><span lang=""EN-GB"">Correspondence to</span><span lang=""EN-GB"">: </span><span lang=""EN-US"">Yi Xi (</span><span lang=""EN-GB""><a href=""mailto:yi.xi@lsce.ipsl.fr""><span lang=""EN-US"">yi.xi@lsce.ipsl.fr</span></a></span><span lang=""EN-US"">)</span></p>
<p>The ""SOC_bydepth.nc"" includes the soil organic carbon by layers used in the paper, covering 90N-30N at a spatial resolution of 2deg by 2deg. The initial data can be obtained from the <span lang=""EN-US"">WISE30sec dataset (<a href=""https://data.isric.org/geonetwork/srv/api/records/dc7b283a-8f19-45e1-aaed-e9bd515119bc"">https://data.isric.org/geonetwork/srv/api/records/dc7b283a-8f19-45e1-aaed-e9bd515119bc</a>) (Batjes, 2016) and the NCSCD dataset (<a href=""https://bolin.su.se/data/ncscd/"">https://bolin.su.se/data/ncscd/</a>) (Hugelius et al., 2013).</span></p>
<div>Batjes, N. H.: Harmonized soil property values for broad-scale modelling (WISE30sec) with estimates of global soil carbon stocks, Geoderma, 269, 61&ndash;68, https://doi.org/10.1016/j.geoderma.2016.01.034, 2016.</div>
<div>Hugelius, G., Tarnocai, C., Broll, G., Canadell, J. G., Kuhry, P., and Swanson, D. K.: The Northern Circumpolar Soil Carbon Database: spatially distributed datasets of soil coverage and soil carbon storage in the northern permafrost regions, Earth Syst Sci Data, 5, 3&ndash;13, https://doi.org/10.5194/essd-5-3-2013, 2013.</div>",2025-05-09 09:29:06.915219+00:00,10.5281/zenodo.15371113,2025
Zenodo,Philippe Ciais,DEEP-C,15306029,Model code for ORCHIDEE-MICT-teb-deepc (r8704),"XI, Yi","<p>This version of ORCHIDEE, <span lang=""EN-US"">ORCHIDEE-MICT-teb-deepc model (r8704)</span> has been used in the publication ""Representing high-latitude deep carbon in the pre-industrial state of the ORCHIDEE-MICT land surface model (r8704)"" by Xi et al. (2025) on GMDD.</p>
<p>Authors: <span lang=""EN-GB"">Yi Xi*, Philippe Ciais, Dan Zhu, Chunjing Qiu, Yuan Zhang, Shushi Peng, Gustaf Hugelius, Simon P. K. Bowring, Daniel S. Goll, Ying-Ping Wang</span></p>
<p><span lang=""EN-GB"">Correspondence to</span><span lang=""EN-GB"">: </span><span lang=""EN-US"">Yi Xi (</span><span lang=""EN-GB""><a href=""mailto:yi.xi@lsce.ipsl.fr""><span lang=""EN-US"">yi.xi@lsce.ipsl.fr</span></a></span><span lang=""EN-US"">)</span></p>
<p><span lang=""EN-US"">The model code used in this study is open source and distributed under the CeCILL (CEA CNRS INRIA Logiciel Libre) license. It is deposited at <a href=""https://forge.ipsl.jussieu.fr/orchidee/wiki/GroupActivities/CodeAvalaibilityPublication/ORCHIDEE-MICT-teb-deepc"">https://forge.ipsl.jussieu.fr/orchidee/wiki/GroupActivities/CodeAvalaibilityPublication/ORCHIDEE-MICT-teb-deepc</a> (last access: 22 October 2024) and archived at <a href=""https://data.ipsl.fr/catalog/srv/eng/catalog.search#/metadata/704f7a4e-3a1d-4a51-8c70-1920c32684ce"">https://data.ipsl.fr/catalog/srv/eng/catalog.search#/metadata/704f7a4e-3a1d-4a51-8c70-1920c32684ce</a>, with guidance to install and run the model at <a href=""https://forge.ipsl.jussieu.fr/orchidee/wiki/Documentation/UserGuide"">https://forge.ipsl.jussieu.fr/orchidee/wiki/Documentation/UserGuide</a></span><span lang=""EN-US"">&nbsp;(last access: 22 October 2024). Due to limitations imposed by their size, the model input files have not been uploaded to the public repository; however, they can be accessed from the corresponding author upon reasonable request.</span></p>",2025-05-05 13:15:13.344946+00:00,10.14768/704f7a4e-3a1d-4a51-8c70-1920c32684ce,2025
Zenodo,Ronny Lauerwald,DEEP-C,15230286,ORCHIDEE-CROP v2.1: ORCHIDEE-CROP-RES,"YU, KE","<p>This version of ORCHIDEE-CROP model is created by Ke Yu and Yang Su, which included the crop residue inside the original ORCHIDEE-CROP model. This model is used in the study, ""Resolving effects of leaf pigmentation changes and plant residue on the energy balance of winter wheat cultivation in a land surface model""</p>
<p>Authors: Ke Yu*, Yang Su, Ronny Lauerwald, Philippe ciais, Yi Xi, Haoran Xu, Xianglin Zhang, Nicolas Viovy, Amie Pickering, Marie Collard, Daniel S. Goll</p>
<p>Corresponding author: Ke Yu, <a href=""mailto:ke.yu@lsce.ipsl.fr"">ke.yu@lsce.ipsl.fr</a></p>
<p>To use the model and data, please contact the correspondin author for more details.</p>
<p>The model is written in Fortran, and to use this model, you first need to install the necessary environment, please follow the tutorial on this website, https://forge.ipsl.jussieu.fr/orchidee/wiki/Documentation/UserGuide .</p>
<p>Our model is running on Obelix server at LSCE, you can check the environmental set up at: http://forge.ipsl.jussieu.fr/igcmg_doc/wiki/Doc/ComputingCenters/LSCE, the input files can be found in R_IN=/home/orchideeshare/igcmg/IGCM.</p>
<p>After you install the necessary environment, you need to go to the util folder, run ins_make to install the make files, and then go to Config/ORCHIDEE_OL/ to use make_without_xios to compile the model.</p>
<p>The folders inside Config/ORCHIDEE_OL/ are the cases simulated, including Maize/wheat monocropping, maize/wheat double cropping, single cropping with maize/wheat in rotation.</p>
<p>The model has no specific hardware requirement, it can be run in linux environment with correct installation of packages and dependencies, all information can be found in the above mentioned UserGuide website (check ""Install and compile ORCHIDEE for offline use ""), for further question, please contact ORCHIDEE support team through (https://orchidee.ipsl.fr/contact/).</p>",2025-04-16 14:23:27.728684+00:00,10.5281/zenodo.15230286,2025
Zenodo,Nicolas Viovy,GREENSCALE,15230286,ORCHIDEE-CROP v2.1: ORCHIDEE-CROP-RES,"YU, KE","<p>This version of ORCHIDEE-CROP model is created by Ke Yu and Yang Su, which included the crop residue inside the original ORCHIDEE-CROP model. This model is used in the study, ""Resolving effects of leaf pigmentation changes and plant residue on the energy balance of winter wheat cultivation in a land surface model""</p>
<p>Authors: Ke Yu*, Yang Su, Ronny Lauerwald, Philippe ciais, Yi Xi, Haoran Xu, Xianglin Zhang, Nicolas Viovy, Amie Pickering, Marie Collard, Daniel S. Goll</p>
<p>Corresponding author: Ke Yu, <a href=""mailto:ke.yu@lsce.ipsl.fr"">ke.yu@lsce.ipsl.fr</a></p>
<p>To use the model and data, please contact the correspondin author for more details.</p>
<p>The model is written in Fortran, and to use this model, you first need to install the necessary environment, please follow the tutorial on this website, https://forge.ipsl.jussieu.fr/orchidee/wiki/Documentation/UserGuide .</p>
<p>Our model is running on Obelix server at LSCE, you can check the environmental set up at: http://forge.ipsl.jussieu.fr/igcmg_doc/wiki/Doc/ComputingCenters/LSCE, the input files can be found in R_IN=/home/orchideeshare/igcmg/IGCM.</p>
<p>After you install the necessary environment, you need to go to the util folder, run ins_make to install the make files, and then go to Config/ORCHIDEE_OL/ to use make_without_xios to compile the model.</p>
<p>The folders inside Config/ORCHIDEE_OL/ are the cases simulated, including Maize/wheat monocropping, maize/wheat double cropping, single cropping with maize/wheat in rotation.</p>
<p>The model has no specific hardware requirement, it can be run in linux environment with correct installation of packages and dependencies, all information can be found in the above mentioned UserGuide website (check ""Install and compile ORCHIDEE for offline use ""), for further question, please contact ORCHIDEE support team through (https://orchidee.ipsl.fr/contact/).</p>",2025-04-16 14:23:27.728684+00:00,10.5281/zenodo.15230286,2025
Zenodo,Philippe Ciais,DEEP-C,15230286,ORCHIDEE-CROP v2.1: ORCHIDEE-CROP-RES,"YU, KE","<p>This version of ORCHIDEE-CROP model is created by Ke Yu and Yang Su, which included the crop residue inside the original ORCHIDEE-CROP model. This model is used in the study, ""Resolving effects of leaf pigmentation changes and plant residue on the energy balance of winter wheat cultivation in a land surface model""</p>
<p>Authors: Ke Yu*, Yang Su, Ronny Lauerwald, Philippe ciais, Yi Xi, Haoran Xu, Xianglin Zhang, Nicolas Viovy, Amie Pickering, Marie Collard, Daniel S. Goll</p>
<p>Corresponding author: Ke Yu, <a href=""mailto:ke.yu@lsce.ipsl.fr"">ke.yu@lsce.ipsl.fr</a></p>
<p>To use the model and data, please contact the correspondin author for more details.</p>
<p>The model is written in Fortran, and to use this model, you first need to install the necessary environment, please follow the tutorial on this website, https://forge.ipsl.jussieu.fr/orchidee/wiki/Documentation/UserGuide .</p>
<p>Our model is running on Obelix server at LSCE, you can check the environmental set up at: http://forge.ipsl.jussieu.fr/igcmg_doc/wiki/Doc/ComputingCenters/LSCE, the input files can be found in R_IN=/home/orchideeshare/igcmg/IGCM.</p>
<p>After you install the necessary environment, you need to go to the util folder, run ins_make to install the make files, and then go to Config/ORCHIDEE_OL/ to use make_without_xios to compile the model.</p>
<p>The folders inside Config/ORCHIDEE_OL/ are the cases simulated, including Maize/wheat monocropping, maize/wheat double cropping, single cropping with maize/wheat in rotation.</p>
<p>The model has no specific hardware requirement, it can be run in linux environment with correct installation of packages and dependencies, all information can be found in the above mentioned UserGuide website (check ""Install and compile ORCHIDEE for offline use ""), for further question, please contact ORCHIDEE support team through (https://orchidee.ipsl.fr/contact/).</p>",2025-04-16 14:23:27.728684+00:00,10.5281/zenodo.15230286,2025
Zenodo,Laurent Saint-André,SLAM-B,15193417,PHENET webinar (22 Nov 24): Use Case of Doller Valley,"saint-andre, laurent","<p><span dir=""auto""><span dir=""auto"">Presenter: Laurent Saint-Andre. </span></span></p>
<p><span dir=""auto""><span dir=""auto"">This webinar is part of a series of webinars providing an overview of the activities within PHENET. It includes multiple speakers addressing a methodological section and the application of these methods in dedicated use cases. The methods section addresses the latest developments with respect to spatial and temporal variation in agricultural and forestry ecosystems providing a wider access to earth observation data. This method section is followed by use cases addressing relevant scientific questions such as first growth and dieback as a result of climate change as well as support of farmers based on historical data and actual measurements towards sustainable agricultural management. </span></span></p>
<p><span dir=""auto""><span dir=""auto"">Target audience: Environmental scientists interested in plant sciences, natural and agricultural ecosystems covering the scale from single plants to landscapes from academic as well as non-academic organizations and farmers. </span></span></p>
<p><span dir=""auto""><span dir=""auto"">Keywords: natural and agricultural ecosystems, remote sensing, agricultural management, first dynamics, plant phenotyping. </span></span></p>
<p><span dir=""auto""><span dir=""auto"">Scientific subject: sustainable agriculture, forestry, agronomy ecology.</span></span></p>
<p><span dir=""auto"">Project title: Tools and methods for extended plant PHENotyping and EnviroTyping services of European Research Infrastructures.</span></p>
<p><span dir=""auto"">&nbsp;Funding agency/agencies: European Commission, Grant agreement ID: 101094587, Award Period: 2023-2027.&nbsp;</span></p>
<p><span dir=""auto"">&nbsp;CORDIS website: https://cordis.europa.eu/project/id/101094587</span></p>",2025-04-11 06:54:08.995553+00:00,10.5281/zenodo.15193417,2025
Zenodo,Laurent Saint-André,ALAMOD,15193417,PHENET webinar (22 Nov 24): Use Case of Doller Valley,"saint-andre, laurent","<p><span dir=""auto""><span dir=""auto"">Presenter: Laurent Saint-Andre. </span></span></p>
<p><span dir=""auto""><span dir=""auto"">This webinar is part of a series of webinars providing an overview of the activities within PHENET. It includes multiple speakers addressing a methodological section and the application of these methods in dedicated use cases. The methods section addresses the latest developments with respect to spatial and temporal variation in agricultural and forestry ecosystems providing a wider access to earth observation data. This method section is followed by use cases addressing relevant scientific questions such as first growth and dieback as a result of climate change as well as support of farmers based on historical data and actual measurements towards sustainable agricultural management. </span></span></p>
<p><span dir=""auto""><span dir=""auto"">Target audience: Environmental scientists interested in plant sciences, natural and agricultural ecosystems covering the scale from single plants to landscapes from academic as well as non-academic organizations and farmers. </span></span></p>
<p><span dir=""auto""><span dir=""auto"">Keywords: natural and agricultural ecosystems, remote sensing, agricultural management, first dynamics, plant phenotyping. </span></span></p>
<p><span dir=""auto""><span dir=""auto"">Scientific subject: sustainable agriculture, forestry, agronomy ecology.</span></span></p>
<p><span dir=""auto"">Project title: Tools and methods for extended plant PHENotyping and EnviroTyping services of European Research Infrastructures.</span></p>
<p><span dir=""auto"">&nbsp;Funding agency/agencies: European Commission, Grant agreement ID: 101094587, Award Period: 2023-2027.&nbsp;</span></p>
<p><span dir=""auto"">&nbsp;CORDIS website: https://cordis.europa.eu/project/id/101094587</span></p>",2025-04-11 06:54:08.995553+00:00,10.5281/zenodo.15193417,2025
Zenodo,Xavier Raynaud,PEACE,15178422,emmo-repo/domain-chemical-substance: 0.12.2-beta,Simon Clark,"<h2>What's Changed</h2>
<ul>
<li>update hasIUPACName property by @jsimonclark in https://github.com/emmo-repo/domain-chemical-substance/pull/15</li>
</ul>
<p><strong>Full Changelog</strong>: https://github.com/emmo-repo/domain-chemical-substance/compare/0.12.1-beta...0.12.2-beta</p>
<h2>What's Changed</h2>
<ul>
<li>update hasIUPACName property by @jsimonclark in https://github.com/emmo-repo/domain-chemical-substance/pull/15</li>
</ul>
<p><strong>Full Changelog</strong>: https://github.com/emmo-repo/domain-chemical-substance/compare/0.12.1-beta...0.12.2-beta</p>",2025-04-08 20:35:12.883029+00:00,10.5281/zenodo.15178422,2025
Zenodo,Xavier Raynaud,CANETE,15178422,emmo-repo/domain-chemical-substance: 0.12.2-beta,Simon Clark,"<h2>What's Changed</h2>
<ul>
<li>update hasIUPACName property by @jsimonclark in https://github.com/emmo-repo/domain-chemical-substance/pull/15</li>
</ul>
<p><strong>Full Changelog</strong>: https://github.com/emmo-repo/domain-chemical-substance/compare/0.12.1-beta...0.12.2-beta</p>
<h2>What's Changed</h2>
<ul>
<li>update hasIUPACName property by @jsimonclark in https://github.com/emmo-repo/domain-chemical-substance/pull/15</li>
</ul>
<p><strong>Full Changelog</strong>: https://github.com/emmo-repo/domain-chemical-substance/compare/0.12.1-beta...0.12.2-beta</p>",2025-04-08 20:35:12.883029+00:00,10.5281/zenodo.15178422,2025
Zenodo,Philippe Ciais,DEEP-C,15006899,Above-ground carbon map in China - 2019,"SU, YANG","<p>This is data generated in the paper, ""<strong>Substantial contribution of trees outside forests to above-ground carbon across China</strong>"".</p>
<p>&nbsp;</p>
<p><strong>Authors</strong></p>
<p>Yang Su a, b, c, Tianqi Shi b, Xianglin Zhang c, d, Yidi Xu b, Kai Cheng e,f, Siyu Liu g, Ge Han h, i, Xin Ma j, Songchao Chen d, k, Xiaowei Tong l, Wei Li m, Wei Gong j, n, o, Qinghua Guo e, f, Martin Brandt g, Shilong Piao p, q, Alexandre d'Aspremont a , Philippe Ciais b</p>
<p>&nbsp;</p>
<p><strong>Affiliations</strong></p>
<p>a D&eacute;partement d'Informatique, &Eacute;cole Normale Sup&eacute;rieure &ndash; PSL, 45 Rue d'Ulm, 75005 Paris, France</p>
<p>b Laboratoire des Sciences du Climat et de l&rsquo;Environnement, CEA CNRS UVSQ Orme des Merisiers, 91190 Gif-sur-Yvette, France</p>
<p>c UMR ECOSYS, INRAE AgroParisTech, Universit&eacute; Paris-Saclay, 91120 Palaiseau, France</p>
<p>d College of Environmental and Resource Sciences, Zhejiang University, 310058 Hangzhou, China</p>
<p>e Institute of Remote Sensing and Geographic Information System, School of Earth and Space Sciences, Peking University, 100871 Beijing, China</p>
<p>f Institute of Ecology, College of Urban and Environmental Sciences, Peking University, 100871 Beijing, China</p>
<p>g Department of Geosciences and Natural Resource Management, University of Copenhagen, Copenhagen, Denmark</p>
<p>h Hubei Key Laboratory of Quantitative Remote Sensing of Land and Atmosphere, School of Remote Sensing and Information Engineering, Wuhan University, Wuhan, China</p>
<p>i Perception and Effectiveness Assessment for Carbon‐neutrality Efforts, Engineering Research Center of Ministry of Education, Institute for Carbon Neutrality, Wuhan University, Wuhan, China</p>
<p>j State Key Laboratory of Information Engineering in Surveying, Mapping and Remote Sensing, Wuhan University, Wuhan, China</p>
<p>k ZJU-Hangzhou Global Scientific and Technological Innovation Center, Zhejiang University, 311215 Hangzhou, China</p>
<p>l Key Laboratory for Agro-ecological Processes in Subtropical Region, Institute of Subtropical Agriculture, Chinese Academy of Sciences, Changsha, China.</p>
<p>m Department of Earth System Science, Ministry of Education Key Laboratory for Earth System Modeling, Institute for Global Change Studies, Tsinghua University, Beijing, China</p>
<p>n Electronic Information School, Wuhan University, Wuhan, China</p>
<p>o Wuhan Institute of Quantum Technology, Wuhan, China</p>
<p>p State Key Laboratory of Tibetan Plateau Earth System, Environment and Resources (TPESER), Institute of Tibetan Plateau Research, Chinese Academy of Sciences, Beijing, 100101, China</p>
<p>q Sino-French Institute for Earth System Science, College of Urban and Environmental Sciences, Peking University, Beijing, China</p>
<p>&nbsp;</p>
<p><strong>Corresponding Author</strong></p>
<p>Yang Su</p>
<p>yang.su@ens.fr</p>
<p>+33 1 89 10 07 67</p>
<p>&Eacute;cole Normale Sup&eacute;rieure &ndash; PSL</p>
<p>&nbsp;</p>
<p><strong>To use the data, please cite this paper or contact the corresponding author for more details.</strong></p>
<p>&nbsp;</p>
<p><strong>Funding</strong></p>
<p>Artificial Intelligence for forest monitoring from space &ndash; AI4Forests</p>
<p>Agence Nationale de la Recherche</p>
<p><a href=""https://app.dimensions.ai/details/grant/grant.13559349"" target=""_blank"" rel=""noopener"">Find out more...</a></p>",2025-03-19 14:05:47.233997+00:00,10.5281/zenodo.15006899,2025
Zenodo,Elisa Bruni,ALAMOD,14975086,"Example codes for ""Benchmarking the benchmark: a case-study in generating soil organic carbon benchmarks""","Bernardini, Luca Giuliano","<p>This are example codes of the publication ""Benchmarking the benchmark: a case-study in generating soil organic carbon benchmarks"" by Luca G. Bernardini, Elisa Bruni, Emma Izquierdo-Verdiguier, Katharina M. Keiblinger, Christoph Rosinger &amp; Gernot Bodner.</p>
<p>The repository includes three sample codes of the approaches used to generate 'Soil Units' (referred to as 'Soil Districts' in the EU Directive for Soil Monitoring and Resilience) and the dataset used in our study.</p>
<p><strong>Dataset:</strong></p>
<p>The dataset contains 6312 samples in Austria on cropland and grassland soils, extracted from the Austrial Agricultural Soil Survey, which was initiated in the 1970s; for more details, we refer to Baumgarten et al. (2021). The dataset contains numerical and categorical soil and climate variables to suit the requirements of the different approaches.</p>
<p><strong>Sample codes:&nbsp;</strong></p>
<p>The sample codes are titled as the respective approach in the publication. All approaches source the same dataset.</p>
<p><strong>Data-driven approach:</strong> Soil data is categorized by texture, and climate data by spectral clustering. A decision tree model runs 5000 iterations with an 80/20 train-test split and 10-fold cross-validation, selecting the most frequently appearing model to ensure robust predictions.</p>
<p><strong>Expert-based approach:</strong> The second approach is variable-specific, emphasizing expert-based interpretability. Data is stratified by land use and soil texture, then further split using key variables like soil pH, MAT, and MAP. A recursive function identifies the variable best correlated with SOC, using K-means clustering and the Kolmogorov-Smirnov test. Splitting stops when differences are statistically insignificant or sample sizes are too small, ensuring distinct, interpretable SUs. This code sources a function in the R-File ""Stratification functions.R"" to improve readability. The example performs the analysis on coarse (&lt; 15 % clay) cropland soils.</p>
<p><strong>Variable-agnostic approach:</strong> The third method is variable-agnostic, using hierarchical agglomerative clustering with Ward&rsquo;s criterion. A distance matrix is computed from scaled data before clustering. Grassland and cropland soils are analyzed separately to avoid biases. The optimal number of SUs is determined through stepwise hierarchical tree splitting, selecting the configuration that maximizes the average silhouette score.The example performs the analysis on cropland soils.</p>",2025-03-05 15:13:21.681947+00:00,10.5281/zenodo.14975086,2025
Zenodo,Laurent Kergoat,RIFT,14930870,Thesilea mallicolensis Kulzer 1951,"Soldati, Laurent","<p><b><i>Thesilea mallicolensis</i> Kulzer, 1951</b></p><p><i>Thesilea mallicolensis</i> Kulzer, 1951: 148.</p><p>MATERIAL EXAMINED. &mdash; <b>Vanuatu.</b> Espiritu Santo Isl., Luganville, CETRAV in Saraoutou, ecotone between dense rainforest and coffee tree plantation, beating shrubs, 2-10.X.2006, leg. L. Soldati, 2 &male;&male; and 15 other ex. (MNHN), 5 ex. (coll. LS) (sex unknown). &mdash; Espiritu Santo Isl., Butmas, in rainforest, 21.X.2006, leg. L. Soldati, 1 &male; (MNHN), 1 &male; (coll. LS).</p><p>DISTRIBUTION. &mdash; Originally described from Mallicolo (Malekula Island) in the French New Hebrides (now Vanuatu), this species also occurs in the neighbouring island of Espiritu Santo.</p><p>BIOGEOGRAPHY OF VANUATU</p><p>AND ASSUMPTIONS ON THE ORIGIN OF THE TENEBRIONIDAE</p><p>IN THE ARCHIPELAGO.</p><p>The Vanuatu islands and that of Santo in particular are known to be recently emerged volcanic islands (about 4 million years), and can thus be qualified oceanic islands (Gillespie &amp; Roderick 2002). This geological evidence suggests that the local fauna most likely originated by dispersal and not by vicariance. After their arrival, some of the species may have then evolved to endemic species. This leads us to raise the following question: which is (are) the origin(s) of this fauna? In other words, what were the borrowed colonisation routes to reach the archipelago of the Vanuatu?</p><p>With reference to the Tenebrionidae, one can say that there were nearly (because of the humanmediated introduction of species like <i>Tribolium castaneum</i>) as many colonisation events as different genera existing in Vanuatu, which are not considered as sister clades. Note that if a genus is represented by more than one species, we cannot exclude the hypothesis of multiple colonisation events as well (e.g., Balke <i>et al.</i> 2007). If we replace Vanuatu in a geographical context, one can put forth biogeographic hypotheses as for the source of these dispersions. Indeed, these events can come from several areas around the archipelago.</p><p>First of all, several genera of Tenebrionidae could originate from New Guinea, which probably holds the greatest diversity of Tenebrionidae of the Australasian region (Gebien 1920). Its geographical position makes it obvious that its fauna is part of the Melanesian arch. In particular, dispersals to the Vanuatu could be facilitated by the Solomon Islands, as they are themselves strongly influenced by New Guinean fauna (Merkl 1989; Bremer 1993). This assumption is corroborated by the presence of the genus <i>Amarygmus</i> in the Vanuatu, whose centre of diversity is located in New Guinea and certain representatives in the Solomon Islands (Gebien 1920). Species of <i>Amarygmus</i> are also known from the Fiji Islands (Kaszab 1955), which attests of a colonisation front going towards southeast. In the same way, if <i>Uloma</i> of the area and the presently described Vanuatu species are examined, morphological affinities show that <i>U. vanuatensis</i> L. Soldati n. sp. is closely related to a species group of <i>Uloma</i> from New Guinea (i.e. the <i>U. bituberosa</i> group; Gebien 1920). New Caledonia, the nearest insular territory to Vanuatu (400 km), has the greatest <i>Uloma</i> diversity with respect to its surface (Kaszab 1982b, 1986). However, no New Caledonian species are morphologically related to <i>U. vanuatensis</i> L. Soldati n. sp. On the contrary, the Fijian species, <i>Uloma cavicollis</i> Fairmaire, 1849, shows several morphological features bringing it closer to <i>U. vanuatensis</i> L. Soldati n. sp. As in the case of <i>Amarygmus</i>, it seems that the presence of <i>Uloma</i> in Vanuatu is the result of a southeastern oriented dispersal using Solomon Islands as stepping-stones. It is interesting to note that this dispersal has not yet reach New Caledonia whose <i>Uloma</i> representatives seem to originate from Australia (Matthews and Bouchard 2005). Consequently, it appears clearly that New Guinea played a crucial role in the species assemblage of Tenebrionidae in Vanuatu via a dispersal that followed the Melanesian arch. The genera <i>Bradymerus</i> (<i>B. lobicollis</i>), <i>Platydema</i> (<i>P. novaeguineense</i>), <i>Promethis</i> (<i>P. sulcigera</i>) and <i>Toxicum</i> (<i>T. quadricorne</i>) are most probably originating from New Guinea, too.</p><p>Then, other genera can come from the Fiji Islands, a wide archipelago including approximately 80 species of Tenebrionidae (Kaszab 1955). Its proximity to Vanuatu suggests that faunal exchange could have been frequent and that resulted in several genera occurring in both archipelagoes. For example, a Melanesian connection was probably established concerning the genus <i>Chariotheca</i> with two species (<i>C. striata</i> and <i>C. cuprina</i>) occuring both in the Fiji Islands and in Vanuatu. These dispersals pursued westward to reach New Caledonia (Kaszab 1982b, 1986), but also northward to the Solomon Islands, where the genus is also present.</p><p>Lastly, New Caledonia could have also influenced the fauna of Vanuatu. Emerged approximately 34- 37 million years ago (Pelletier 2006), it has some genera in common with the Vanuatu archipelago. Even though New Caledonia and Vanuatu exhibit many affinities for the plants for instance (Pillon 2011), most tenebrionid species from the two areas are different (Kaszab 1955, 1982b, 1986). Moreover, several widespread Australasian genera (<i>Amarygmus</i>, <i>Promethis</i> and <i>Toxicum</i>) are found in Vanuatu but not in New Caledonia (Matthews &amp; Bouchard 2005). In the same way, many New Caledonian genera do not occur in Vanuatu. This low level of affinity demonstrates the scarcity of the past exchanges between these two areas in spite of their proximity. This can be explained by two major hypotheses:First, one can imagine that competition or poor adaptation prevented some tenebrionid genera from colonising one or the other archipelago. New Caledonia, for example, is covered by ultramafic soils that have strongly constrained the diversification of plants (Pillon <i>et al.</i> 2010). Second, it can be thought that dispersal opportunities between the two archipelagoes were limited for poor dispersers (wingless species), or that abiotic (e.g., marine currents) or biotic factors prevented these dispersal events. Testing these assumptions would require a more thorough knowledge of the biodiversity of the region, as well as an estimate of their phylogenetic relationships among species existing between the distinct areas through a historical biogeography approach (interspecific level) or phylogeography (intraspecific level).</p><p>In conclusion, the tenebrionid fauna of Vanuatu represents a reserve of species, which provides an interesting and still incompletely known biogeographic history with questions about its origin and evolution. Thanks to this first inventory, we highlight multiple and independent origins to explain the colonisation of the archipelago. However, understanding of the evolutionary and ecological processes, which have contributed to the community assemblage, remains a fascinating challenge that requires a more thorough sampling over the entire Australasian region. Even if it appears that New Guinea is the major source of this biodiversity, it would be very interesting to test these biogeographic hypotheses within a phylogenetic perspective including dense taxon sampling for each genus. Phylogenetic and dating analyses would then provide additional evidence for better apprehending when and how appeared the Tenebrionidae of Vanuatu.</p>",2025-02-26 13:14:52.116126+00:00,10.5281/zenodo.14930870,2025
Zenodo,Laurent Kergoat,RIFT,14930868,Promethis sulcigera,"Soldati, Laurent","<p><b><i>Promethis sulcigera</i> (Boisduval, 1835)</b></p><p><i>Upis sulcigera</i> Boisduval, 1835: 256.</p><p>MATERIAL EXAMINED. &mdash; <b>Vanuatu.</b> Espiritu Santo Isl., Luganville,CETRAV in Saraoutou (15&deg;26&rsquo;47&rdquo;S, 167&deg;12&rsquo;32&rdquo;E), 1- 11.X and 18-20.X.2006, at night with a headlamp, on the decaying trunk of an old mango tree (<i>Mangifera indica</i>), leg. L. Soldati, 2 &female;&female; (MNHN), 2 &female;&female; (coll. LS).</p><p>DISTRIBUTION. &mdash; Described from &ldquo;&icirc;le d&rsquo;Amboine&rdquo; (Ambon, Indonesia), this widespread species is also known from Taiwan, Philippines, Moluccan Islands, New Guinea and the surrounding islands and Australia (Queensland) (Kaszab 1988a). It is also present in the Solomon Islands, the Samoa Islands, Palau and the Vanuatu Archipelago (Aoba, Malo, Malekula [Mallicolo] and Epi, Erronango islands) (Kaszab 1988b).</p>",2025-02-26 13:14:47.039223+00:00,10.5281/zenodo.14930868,2025
Zenodo,Laurent Kergoat,RIFT,14930866,Chariotheca striata Kaszab 1955,"Soldati, Laurent","<p><b><i>Chariotheca striata</i> Kaszab, 1955</b></p><p><i>Chariotheca striata</i> Kaszab, 1955: 502, figs 78, 182.</p><p>MATERIAL EXAMINED. &mdash; <b>Vanuatu.</b> Espiritu Santo Isl., Luganville, CETRAV in Saraoutou, ecotone between dense rainforest and coffee tree plantation, under bark, 2-10.X.2006, leg. L. Soldati, 2 &male;&male; (MNHN), 2 &male;&male; (coll. LS); CETRAV Arboretum, beating shrubs, 5.X.2006, leg. L.Soldati, 1 &male; and 2 other ex.(sex unknown) (MNHN).</p><p>DISTRIBUTION. &mdash; Described from the Fiji Islands (Kaszab 1955), this is the first record for Vanuatu.</p><p>REMARKS</p><p>This nocturnal species is quite commonly collected while beating dead branches or shrubs during the day.</p>",2025-02-26 13:14:37.205741+00:00,10.5281/zenodo.14930866,2025
Zenodo,Laurent Kergoat,RIFT,14930864,"Uloma vanuatensis L. Soldati 2012, n. sp.","Soldati, Laurent","<p><i>Uloma vanuatensis</i> L. Soldati n. sp.</p><p>(Figs1-3)</p><p>TYPE MATERIAL. &mdash; Holotype: Vanuatu, Santo Isl., Luganville, CETRAV in Saraoutou, 2-10.X. 2006, 30 m alt., 15&deg;27&rsquo;05&rdquo;S, 167&deg;11&rsquo;04&rdquo;E, leg. L. Soldati, &male; (MNHN EC2280).</p><p>Paratypes (7 &female;&female;, 3 &male;&male;): same data as holotype, 1 &female; (MNHN EC2281). &mdash; Santo Isl., Saraoutou, littoral forest, rotten log, 9-10.X.2006, 15&deg;26&rsquo;38&rdquo;S, 167&deg;12&rsquo;52&rdquo;E, leg. L. Soldati, 2 &female;&female; (CBGP), 1 &male; and 1 &female; (Coll. LS). &mdash; Espiritu Santo Isl., Big Bay, Matantas, Vatthe Area Conservation, 12-17.X.2006, leg. L. Soldati, 2 &female;&female; (MNHN EC2282- EC2283), 1 &male; (coll. LS) and 1 &female; paratype (CBGP). &mdash; <i>Uloma</i> n. sp. aff. <i>cavifrons</i> Kasz. Santo, Zolt&aacute;n Kaszab det., 1 &male; (HNHM).</p><p>DISTRIBUTION. &mdash; This <i>Uloma</i> is currently known only from the island of Espiritu Santo in the Vanuatu archipelago, where it may be endemic.</p><p>ETYMOLOGY. &mdash; This new species is named in reference to its origin, the Vanuatu archipelago.</p><p>DIAGNOSE. &mdash; <i>Uloma vanuatensis</i> L. Soldati n. sp. belongs to a characteristic New Guinean species-group. It is closely related to <i>Uloma bituberosa</i> Kirsch, 1875. It has the same very characteristic type of aedeagus, found in <i>U. bituberosa</i> and its subspecies <i>hamata</i> Gebien, 1920 described from New Guinea, New Pomerania (now New Britain, the largest of the Bismarck Islands) and Palau (Gebien 1920), and <i>sydneyana</i> Kaszab, 1982, described from Sydney, Australia (Kaszab 1982a). However, it clearly differs from <i>U. bituberosa</i> and its subspecies by the presence of two conical tubercles on the clypeus in males (Fig. 2B) and the different shape of the pronotum (Fig. 1D), whose bumps on the sides of the anterior impression of males are much lower: they are not projected forward up to the front edge or beyond it, and they are not hook-shaped inwards.</p><p>DESCRIPTION</p><p>Length 10-11.5 mm; width 3.5- 4 mm. Pitchy dark brown, sometimes slightly reddish (teneral specimens), brilliant. Antennae, mouthparts, legs and prosternal apophysis reddish-brown.</p><p><i>Head (Fig. 2B)</i></p><p>Transverse,genae narrower than eyes, first subparallel in a very short distance, then obliquely narrowed in curved line forward up to the clypeo-genal suture, which is limited laterally by two short faint grooves and disappears completely in the middle, in the area that normally separates the front from the clypeus. Clypeus transversely enlarged, swollen (standing out from frons despite absence of visible suture) and its anterior edge slightly concave.</p><p>Male:vertex sloping steeply forward and separated from front by a transverse depression as wide as space between eyes. Frons plane with a slight impression in front in the middle, in area of contact with the clypeal bead. Clypeus densely covered with tangled microgranulation and adorned with two small conical tubercles (Fig. 2B, tub), between them with a narrow arc-shaped strip (Fig. 2B, st) whose microchagreened/matte surface contrasts sharply with the shiny rest of upper head. Punctuation is very fine, sparse and superficial in the middle of frons and becomes progressively denser on genae and toward clypeus, and stronger and coarser on the temporae.</p><p>Female: vertex coarsely punctate, convex and separated from temporae and frons by a transverse depression more or less pronounced, but still clearly visible. Contrary to &male;, frons is also convex transversely and much more strongly punctate. Clypeus also swollen, but its surface only punctate, smooth and shiny, neither with conical tubercles nor microgranulation.</p><p>Antennae (Fig. 2A) without notable features, antennomeres gradually becoming transverse and expanded from antennomere5 which is slightly asymmetrical. Mentum (Fig. 2A) heart-shaped, smooth and covered with coarse but shallow punctuation, with distinct midlongitudinal triangular depression, deepest anteriorly and gradually becoming shallower backward, and two short oblique lateral grooves near the base, arranged symmetrically in relation to midline.</p><p><i>Pronotum</i></p><p>1.3 times wider than long, sides weakly arcuate, almost parallel, widest at basal third. Rim on the anterior margin disappears completely in the middle; base immarginated, with exception of two small folds located at the level of the two concave curves of external margin and the posterior angles. Anterior angles smooth and slightly protruding forward, posterior ones obtuse. Whole upper surface of the pronotum very finely and regularly punctate, slightly denser on the sides.</p><p>A B C</p><p>Male: antero-median depression of pronotum rather moderate, shallow, not reaching half of pronotal length and becoming gradually shallower toward posterior end in circular arch without any granule to delimit its posterior edge. The lateral bumps that initiate the depression&rsquo;s sides forward are quite low, not projected to anterior edge and simply sloping inwards, without forming lamellar hook-shaped expansions. Bottom of depression somewhat more strongly punctate than rest of pronotal surface.</p><p>Female: pronotum regularly convex, without antero-median depression. Prosternal apophysis in lateral view regularly curved beneath anterior coxae.</p><p><i>Elytra</i></p><p>Elytra quite flattened on disc, sides parallel, humeral angles right but rounded at the top. Lateral margin visible only in anterior half in dorsal view. Each elytron bears nine grooved striae of punctures and a scutellar striola. Strial punctures are slightly wider than grooves. Elytral intervals nearly flat on disc and becoming convex laterally and toward apex, covered with extremely fine and superficial punctuation.</p><p><i>Abdomen</i></p><p>Abdominal ventrites (Fig.3B) very finely and densely punctate on a narrow mid-longitudinal strip and on the entire anal ventrite where punctuation becomes progressively bigger and sparser. On each side of this longitudinal strip, surface of ventrites 1-4 is finely microshagreened and striate longitudinally.Moreover, each ventrite is dotted with porous punctures mainly concentrated on leading edge. The terminal ventrite without lateral microshagreened and striate areas, but porous punctures present, and its outer margin very finely bordered except on both sides,in front of the base. Anterior tibiae (Fig. 3A) carinate on their upper surface up to the middle and slightly excavated at base on the inner side.</p><p>Aedeagus:on tergal face (Fig. 1F), parameres parallel in basal half, then suddenly narrowed and pointed toward apex;base triangular backwards.In lateral view (Fig. 1E), apical half of parameres strongly curved.</p><p>REMARKS</p><p><i>Uloma vanuatensis</i> L. Soldati n. sp., like all its congeners, is a saproxylic insect living and developing beneath bark and in decaying wood. Unfortunately, neither the larvae nor the food preferences (type of tree species) are known.</p>",2025-02-26 13:14:22.492737+00:00,10.5281/zenodo.14930864,2025
Zenodo,Laurent Kergoat,RIFT,14930862,Tribolium castaneum,"Soldati, Laurent","<p><b><i>Tribolium castaneum</i> (Herbst, 1797)</b></p><p><i>Colydium castaneum</i> Herbst, 1797: 282.</p><p>MATERIAL EXAMINED. &mdash; <b>Vanuatu.</b> Espiritu Santo Isl., Luganville, CETRAV in Saraoutou, 23-28.X.2006, at light, leg. L. Soldati, 1 &male; (MNHN).</p><p>DISTRIBUTION. &mdash; <i>Tribolium castaneum</i> is a cosmopolitan species and one of the most important stored product pests around the world. It is known to infest the following commodities: barley, bran, cacao, ginger, maize, millet, manioc, nutmeg, peanut, pepper, rice, sorghum, tapioca and yam (Delobel &amp; Tran 1993). This species can also damage entomological collections.</p>",2025-02-26 13:14:16.915207+00:00,10.5281/zenodo.14930862,2025
Zenodo,Laurent Kergoat,RIFT,14930858,Brachyidium irroratum,"Soldati, Laurent","<p><b><i>Brachyidium irroratum</i> (Fauvel, 1867)</b></p><p><i>Gonocephalum irroratum</i> Fauvel, 1867: 188, note 1.</p><p>MATERIAL EXAMINED. &mdash; <b>Vanuatu.</b> Espiritu Santo Isl., Butmas, Melanesian village in rainforest, UV light trap, 21.X.2006, leg. L. Soldati, 14 &male;&male;, 10 &female;&female; (MNHN), 4 &male;&male;, 4 &female;&female; (coll. LS).</p><p>DISTRIBUTION. &mdash; Described from Lifu Island, it occurs in the Loyalty Islands and also in the Vanuatu archipelago (Kaszab 1982b).</p>",2025-02-26 13:14:06.993245+00:00,10.5281/zenodo.14930858,2025
Zenodo,Laurent Kergoat,RIFT,14930856,Corticeus (Cnemophloeus) levis Bremer 1993,"Soldati, Laurent","<p><b><i>Corticeus</i> (<i>Cnemophloeus</i>) <i>levis</i> Bremer, 1993</b></p><p><i>Corticeus levis</i> Bremer, 1993: 521, fig. 8.</p><p>MATERIAL TYPE. &mdash; Malao village in Big Bay area, Esperito (<i>sic</i>) Santo, New Hebrides, 6-16 Sept. 71, leg. J. Buckerfield R.S.P.S.E. sex unknown (probably a &female;), holotype (SAM).</p><p>MATERIAL EXAMINED. &mdash; <b>Vanuatu.</b> Espiritu Santo Isl., Luganville, CETRAV in Saraoutou, ecotone between dense rainforest and coffee tree plantation, under bark, 2-10.X.2006, leg. L. Soldati, 1 ex. (sex unknown) (MNHN), 1 ex. (sex unknown) (coll. LS). &mdash; Espiritu Santo Isl., Big Bay, Matantas, Vatthe Area Conservation, 12-17.X.2006, under the bark of a big dead trunk lying on the ground, leg. L. Soldati, 1 &male;, 10 ex. (MNHN) and 6 ex. (coll. LS) (sex unknown).</p><p>DISTRIBUTION. &mdash; So far, this species is only known from Espiritu Santo (Vanuatu) and is considered as endemic of this island (Soldati 2011).</p><p>REMARKS</p><p><i>Corticeus</i> (<i>Cnemophloeus</i>) <i>levis</i> has never been mentioned since the original description until one of the authors discovered it once again during the SANTO 2006 expedition.</p>",2025-02-26 13:13:51.652303+00:00,10.5281/zenodo.14930856,2025
Zenodo,Laurent Kergoat,RIFT,14930854,Corticeus (Cnemophloeus) cephalotes,"Soldati, Laurent","<p><b><i>Corticeus</i> (<i>Cnemophloeus</i>) <i>cephalotes</i> (Gebien, 1913)</b></p><p><i>Hypophloeus cephalotes</i> Gebien, 1913: 28-29.</p><p>MATERIAL EXAMINED. &mdash; <b>Vanuatu.</b> Espiritu Santo Isl., Luganville, CETRAV in Saraoutou, ecotone between dense rainforest and coffee tree plantation, under bark, 2-10.X.2006, leg. L. Soldati, 1 &male; (MNHN).</p><p>DISTRIBUTION. &mdash; Oriental region, Papuan subregion, northern Australia and Comoro Islands (Bremer 1999). Solomon Islands (Vanikoro). First record for Vanuatu.</p>",2025-02-26 13:13:46.721516+00:00,10.5281/zenodo.14930854,2025
Zenodo,Laurent Kergoat,RIFT,14930852,Platydema novaeguineense Gebien 1920,"Soldati, Laurent","<p><b><i>Platydema novaeguineense</i> Gebien, 1920</b></p><p><i>Platydema novaeguineense</i> Gebien, 1920: 259.</p><p>MATERIAL EXAMINED. &mdash; <b>Vanuatu.</b> Espiritu Santo Isl., Luganville, CETRAV in Saraoutou, ecotone between dense rainforest and coffee tree plantation, in fungi growing on a rotten log, 2-10.X.2006, leg. L. Soldati, 2 &male;&male; (MNHN), 1 &male; (coll. LS).</p><p>DISTRIBUTION. &mdash; Described from New Guinea (type locality: Dor&eacute;), this species is also present in the Solomon Islands (Schawaller 2008). First record for Vanuatu.</p>",2025-02-26 13:13:41.534019+00:00,10.5281/zenodo.14930852,2025
Zenodo,Elisa Bruni,ALAMOD,14902119,Supplementary Material to Letter to the Editor concerning: https://doi.org/10.1016/j.scitotenv.2024.175642,"Bernardini, Luca Giuliano","<p>This is the supplementary material to<strong> Letter to the Editor regarding Feeney et al. 2024, &ldquo;Benchmarking soil organic carbon (SOC) concentration provides more robust soil health assessment than the SOC/clay ratio at European scale&rdquo;&nbsp;</strong>by Luca G. Bernardini, Elisa Bruni, Emma Izquierdo-Verdiguier, Eric Smit &amp; &nbsp;Christoph Rosinger.</p>
<p>The repository includes two datasets described in the publication and sample codes to replicate our results.</p>
<p><em><strong>Datasets:</strong></em></p>
<p>The two datasets used for this analysis contained the same variables, but differed in the number of entries, regional extent and number of unique combinations. The prediction variables for SOC benchmarks were soil texture class (based on the Austrian classification (&Ouml;NORM L1050), Environmental Zone (based on the Alterra report 2281), and broad land use classes (grassland or cropland). SOC content was log-transformed.&nbsp;</p>
<p>First, the <strong>Austrian Agricultural Soil Survey</strong> (AASS_rpart, n = 6312) is a systematic survey of cropland and grassland soils in Austria which was initiated in the 1970s; for more details, we refer to Baumgarten et al. (2021).&nbsp;</p>
<p>Second, the <strong>Land Use and Coverage Area frame Survey </strong>(LUCAS_rpart, n = 14246, Orgiazzi et al., 2018) was aggregated for the three sampling intervals (2009, 2015 and 2018) and filtered to contain exclusively observations on cropland and grassland.&nbsp;</p>
<p><em><strong>Sample codes:</strong></em></p>
<p>Three sample R codes are provided to replicate the results of this work, following its two main arguments:</p>
<p>First, we show the effect of&nbsp;<em>tuneLength </em>(a parameter in the <em>train </em>function)&nbsp;on the number of terminal nodes, which results in larger models with higher tuneLength values. In a nutshell, the higher <em>tuneLength </em>parameter<em> </em>leads to a finer tuning grid, allowing for larger models, which <em>caret </em>selects as optimal, due to lower RMSEs (<strong>RMSE-based</strong>). While this approach is often sensible in machine learning, when using decision trees for generating representative groups, this approach can lead&nbsp;to a biased result. To overcome this issue, we optimize the model based on a robust <strong>RULE-based </strong>approach, which selects the simplest model within one standard error of the best performing model, leading to a parsimonious model selection.</p>
<p>Second, following Feeney et al. (2024), we trained the models on 5000 iterations with different splits of the dataset. To select the most representative model, the former publication used the model with the lowest RMSE (best model) over 5000 iterations. We show that, if the focus is on robustness, one should select the most frequently occurring model over 5000 iterations. This leads to a more representative model, at a minimal cost in terms of RMSE.</p>
<p><strong>Sample code caret rpart model optimization RMSE-based.R:&nbsp;</strong>This code shows the effect of tuneLength on the number of terminal nodes.</p>
<p><strong>Sample code rpart model optimization RULE-based.R: </strong>This code shows an alternative approach to model optimization, based on parsimonious model selection.&nbsp;</p>
<p><strong>Sample code Final model selection most frequent vs best rpart.R:&nbsp;</strong>This code shows the effect of selecting the best model (lowest RMSE) and a rule-based model selection on the frequency of appearance of the terminal nodes within the 5000 iterations.</p>",2025-02-21 13:00:02.628855+00:00,10.5281/zenodo.14902119,2025
Zenodo,Kenji Fujisaki,ALAMOD,14728933,"Data and Code for ""Time-dependent neural specificity of the romantic partner in the nucleus accumbens""","Fujisaki, Kenji","<p>This repository hosts all of the data and code for ""Time-dependent neural specificity of the romantic partner in the nucleus accumbens"" by Kenji Fujisaki, Ryuhei Ueda, Ryusuke Nakai, and Nobuhito Abe.</p>
<p>・fMRI_analysis - This folder contains raw and preprocessed fMRI data, analysis outputs and scripts used for fMRI analyses.&nbsp;</p>
<p>・Statistical_analysis - This folder contains demographic and behavioral data, statistical results for both fMRI and behavioral data and scripts used for statistical tests.<br><br>For more detailed information, please refer to the README file located in each folder.</p>",2025-01-29 09:39:00.847939+00:00,10.5281/zenodo.14728933,2025
Zenodo,Antonio Bispo,ALAMOD,14674331,Distribution of soil biodiversity groups across Europe,"Murugan, Rajasekaran","<p>Soils harbor a large portion of global biodiversity, including microorganisms (e.g., bacteria), micro- (e.g., Nematoda), meso- (e.g., Collembola), and macrofauna (e.g., Oligochaeta). This high biodiversity plays critical roles driving multiple ecosystem functions and services, including climate regulation, nutrient cycling, and food production. Recent studies showed that local scale variations in soil biodiversity is of high importance for the maintenance of multifunctionality (i.e. the ability of ecosystems to simultaneously provide multiple ecosystem functions and services) in terrestrial ecosystems. Nevertheless, and with few exceptions (Orgiazzi et al., 2016), soil biodiversity data were not collected in a harmonized and standardized manner across European agroecosystems.<br>The main aim of this study is to collect European soil biodiversity data in a standardized template, harmonize data and associated metadata to provide an overview of existing data on different biological groups.</p>",2025-01-16 15:59:46.801595+00:00,10.5281/zenodo.14674331,2025
Zenodo,Philippe Ciais,DEEP-C,14619127,Canopy height map in China - 2019 part 4,"SU, YANG","<p>This is data generated in the paper, ""<strong>Substantial contribution of trees outside forests to above-ground carbon across China</strong>"".</p>
<p>&nbsp;</p>
<p><strong>Authors</strong></p>
<p>Yang Su a, b, c, Tianqi Shi b, Xianglin Zhang c, d, Yidi Xu b, Kai Cheng e,f, Siyu Liu g, Ge Han h, i, Xin Ma j, Songchao Chen d, k, Xiaowei Tong l, Wei Li m, Wei Gong j, n, o, Qinghua Guo e, f, Martin Brandt g, Shilong Piao p, q, Alexandre d'Aspremont a , Philippe Ciais b</p>
<p>&nbsp;</p>
<p><strong>Affiliations</strong></p>
<p>a D&eacute;partement d'Informatique, &Eacute;cole Normale Sup&eacute;rieure &ndash; PSL, 45 Rue d'Ulm, 75005 Paris, France</p>
<p>b Laboratoire des Sciences du Climat et de l&rsquo;Environnement, CEA CNRS UVSQ Orme des Merisiers, 91190 Gif-sur-Yvette, France</p>
<p>c UMR ECOSYS, INRAE AgroParisTech, Universit&eacute; Paris-Saclay, 91120 Palaiseau, France</p>
<p>d College of Environmental and Resource Sciences, Zhejiang University, 310058 Hangzhou, China</p>
<p>e Institute of Remote Sensing and Geographic Information System, School of Earth and Space Sciences, Peking University, 100871 Beijing, China</p>
<p>f Institute of Ecology, College of Urban and Environmental Sciences, Peking University, 100871 Beijing, China</p>
<p>g Department of Geosciences and Natural Resource Management, University of Copenhagen, Copenhagen, Denmark</p>
<p>h Hubei Key Laboratory of Quantitative Remote Sensing of Land and Atmosphere, School of Remote Sensing and Information Engineering, Wuhan University, Wuhan, China</p>
<p>i Perception and Effectiveness Assessment for Carbon‐neutrality Efforts, Engineering Research Center of Ministry of Education, Institute for Carbon Neutrality, Wuhan University, Wuhan, China</p>
<p>j State Key Laboratory of Information Engineering in Surveying, Mapping and Remote Sensing, Wuhan University, Wuhan, China</p>
<p>k ZJU-Hangzhou Global Scientific and Technological Innovation Center, Zhejiang University, 311215 Hangzhou, China</p>
<p>l Key Laboratory for Agro-ecological Processes in Subtropical Region, Institute of Subtropical Agriculture, Chinese Academy of Sciences, Changsha, China.</p>
<p>m Department of Earth System Science, Ministry of Education Key Laboratory for Earth System Modeling, Institute for Global Change Studies, Tsinghua University, Beijing, China</p>
<p>n Electronic Information School, Wuhan University, Wuhan, China</p>
<p>o Wuhan Institute of Quantum Technology, Wuhan, China</p>
<p>p State Key Laboratory of Tibetan Plateau Earth System, Environment and Resources (TPESER), Institute of Tibetan Plateau Research, Chinese Academy of Sciences, Beijing, 100101, China</p>
<p>q Sino-French Institute for Earth System Science, College of Urban and Environmental Sciences, Peking University, Beijing, China</p>
<p>&nbsp;</p>
<p><strong>Corresponding Author</strong></p>
<p>Yang Su</p>
<p>yang.su@ens.fr</p>
<p>+33 1 89 10 07 67</p>
<p>&Eacute;cole Normale Sup&eacute;rieure &ndash; PSL</p>
<p>&nbsp;</p>
<p><strong>To use the data, please cite this paper or contact the corresponding author for more details.</strong></p>
<p>&nbsp;</p>
<p><strong>Funding</strong></p>
<p>Artificial Intelligence for forest monitoring from space &ndash; AI4Forests</p>
<p>Agence Nationale de la Recherche</p>
<p><a href=""https://app.dimensions.ai/details/grant/grant.13559349"" target=""_blank"" rel=""noopener"">Find out more...</a></p>",2025-03-19 14:12:14.767929+00:00,10.5281/zenodo.14619127,2025
Zenodo,Philippe Ciais,DEEP-C,14619110,Canopy height map in China - 2019 part 3,"SU, YANG","<p>This is data generated in the paper, ""<strong>Substantial contribution of trees outside forests to above-ground carbon across China</strong>"".</p>
<p>&nbsp;</p>
<p><strong>Authors</strong></p>
<p>Yang Su a, b, c, Tianqi Shi b, Xianglin Zhang c, d, Yidi Xu b, Kai Cheng e,f, Siyu Liu g, Ge Han h, i, Xin Ma j, Songchao Chen d, k, Xiaowei Tong l, Wei Li m, Wei Gong j, n, o, Qinghua Guo e, f, Martin Brandt g, Shilong Piao p, q, Alexandre d'Aspremont a , Philippe Ciais b</p>
<p>&nbsp;</p>
<p><strong>Affiliations</strong></p>
<p>a D&eacute;partement d'Informatique, &Eacute;cole Normale Sup&eacute;rieure &ndash; PSL, 45 Rue d'Ulm, 75005 Paris, France</p>
<p>b Laboratoire des Sciences du Climat et de l&rsquo;Environnement, CEA CNRS UVSQ Orme des Merisiers, 91190 Gif-sur-Yvette, France</p>
<p>c UMR ECOSYS, INRAE AgroParisTech, Universit&eacute; Paris-Saclay, 91120 Palaiseau, France</p>
<p>d College of Environmental and Resource Sciences, Zhejiang University, 310058 Hangzhou, China</p>
<p>e Institute of Remote Sensing and Geographic Information System, School of Earth and Space Sciences, Peking University, 100871 Beijing, China</p>
<p>f Institute of Ecology, College of Urban and Environmental Sciences, Peking University, 100871 Beijing, China</p>
<p>g Department of Geosciences and Natural Resource Management, University of Copenhagen, Copenhagen, Denmark</p>
<p>h Hubei Key Laboratory of Quantitative Remote Sensing of Land and Atmosphere, School of Remote Sensing and Information Engineering, Wuhan University, Wuhan, China</p>
<p>i Perception and Effectiveness Assessment for Carbon‐neutrality Efforts, Engineering Research Center of Ministry of Education, Institute for Carbon Neutrality, Wuhan University, Wuhan, China</p>
<p>j State Key Laboratory of Information Engineering in Surveying, Mapping and Remote Sensing, Wuhan University, Wuhan, China</p>
<p>k ZJU-Hangzhou Global Scientific and Technological Innovation Center, Zhejiang University, 311215 Hangzhou, China</p>
<p>l Key Laboratory for Agro-ecological Processes in Subtropical Region, Institute of Subtropical Agriculture, Chinese Academy of Sciences, Changsha, China.</p>
<p>m Department of Earth System Science, Ministry of Education Key Laboratory for Earth System Modeling, Institute for Global Change Studies, Tsinghua University, Beijing, China</p>
<p>n Electronic Information School, Wuhan University, Wuhan, China</p>
<p>o Wuhan Institute of Quantum Technology, Wuhan, China</p>
<p>p State Key Laboratory of Tibetan Plateau Earth System, Environment and Resources (TPESER), Institute of Tibetan Plateau Research, Chinese Academy of Sciences, Beijing, 100101, China</p>
<p>q Sino-French Institute for Earth System Science, College of Urban and Environmental Sciences, Peking University, Beijing, China</p>
<p>&nbsp;</p>
<p><strong>Corresponding Author</strong></p>
<p>Yang Su</p>
<p>yang.su@ens.fr</p>
<p>+33 1 89 10 07 67</p>
<p>&Eacute;cole Normale Sup&eacute;rieure &ndash; PSL</p>
<p>&nbsp;</p>
<p><strong>To use the data, please cite this paper or contact the corresponding author for more details.</strong></p>
<p>&nbsp;</p>
<p><strong>Funding</strong></p>
<p>Artificial Intelligence for forest monitoring from space &ndash; AI4Forests</p>
<p>Agence Nationale de la Recherche</p>
<p><a href=""https://app.dimensions.ai/details/grant/grant.13559349"" target=""_blank"" rel=""noopener"">Find out more...</a></p>",2025-03-19 14:11:59.711625+00:00,10.5281/zenodo.14619110,2025
Zenodo,Philippe Ciais,DEEP-C,14619106,Canopy height map in China - 2019 part 2,"SU, YANG","<p>This is data generated in the paper, ""<strong>Substantial contribution of trees outside forests to above-ground carbon across China</strong>"".</p>
<p>&nbsp;</p>
<p><strong>Authors</strong></p>
<p>Yang Su a, b, c, Tianqi Shi b, Xianglin Zhang c, d, Yidi Xu b, Kai Cheng e,f, Siyu Liu g, Ge Han h, i, Xin Ma j, Songchao Chen d, k, Xiaowei Tong l, Wei Li m, Wei Gong j, n, o, Qinghua Guo e, f, Martin Brandt g, Shilong Piao p, q, Alexandre d'Aspremont a , Philippe Ciais b</p>
<p>&nbsp;</p>
<p><strong>Affiliations</strong></p>
<p>a D&eacute;partement d'Informatique, &Eacute;cole Normale Sup&eacute;rieure &ndash; PSL, 45 Rue d'Ulm, 75005 Paris, France</p>
<p>b Laboratoire des Sciences du Climat et de l&rsquo;Environnement, CEA CNRS UVSQ Orme des Merisiers, 91190 Gif-sur-Yvette, France</p>
<p>c UMR ECOSYS, INRAE AgroParisTech, Universit&eacute; Paris-Saclay, 91120 Palaiseau, France</p>
<p>d College of Environmental and Resource Sciences, Zhejiang University, 310058 Hangzhou, China</p>
<p>e Institute of Remote Sensing and Geographic Information System, School of Earth and Space Sciences, Peking University, 100871 Beijing, China</p>
<p>f Institute of Ecology, College of Urban and Environmental Sciences, Peking University, 100871 Beijing, China</p>
<p>g Department of Geosciences and Natural Resource Management, University of Copenhagen, Copenhagen, Denmark</p>
<p>h Hubei Key Laboratory of Quantitative Remote Sensing of Land and Atmosphere, School of Remote Sensing and Information Engineering, Wuhan University, Wuhan, China</p>
<p>i Perception and Effectiveness Assessment for Carbon‐neutrality Efforts, Engineering Research Center of Ministry of Education, Institute for Carbon Neutrality, Wuhan University, Wuhan, China</p>
<p>j State Key Laboratory of Information Engineering in Surveying, Mapping and Remote Sensing, Wuhan University, Wuhan, China</p>
<p>k ZJU-Hangzhou Global Scientific and Technological Innovation Center, Zhejiang University, 311215 Hangzhou, China</p>
<p>l Key Laboratory for Agro-ecological Processes in Subtropical Region, Institute of Subtropical Agriculture, Chinese Academy of Sciences, Changsha, China.</p>
<p>m Department of Earth System Science, Ministry of Education Key Laboratory for Earth System Modeling, Institute for Global Change Studies, Tsinghua University, Beijing, China</p>
<p>n Electronic Information School, Wuhan University, Wuhan, China</p>
<p>o Wuhan Institute of Quantum Technology, Wuhan, China</p>
<p>p State Key Laboratory of Tibetan Plateau Earth System, Environment and Resources (TPESER), Institute of Tibetan Plateau Research, Chinese Academy of Sciences, Beijing, 100101, China</p>
<p>q Sino-French Institute for Earth System Science, College of Urban and Environmental Sciences, Peking University, Beijing, China</p>
<p>&nbsp;</p>
<p><strong>Corresponding Author</strong></p>
<p>Yang Su</p>
<p>yang.su@ens.fr</p>
<p>+33 1 89 10 07 67</p>
<p>&Eacute;cole Normale Sup&eacute;rieure &ndash; PSL</p>
<p>&nbsp;</p>
<p><strong>To use the data, please cite this paper or contact the corresponding author for more details.</strong></p>
<p>&nbsp;</p>
<p><strong>Funding</strong></p>
<p>Artificial Intelligence for forest monitoring from space &ndash; AI4Forests</p>
<p>Agence Nationale de la Recherche</p>
<p><a href=""https://app.dimensions.ai/details/grant/grant.13559349"" target=""_blank"" rel=""noopener"">Find out more...</a></p>",2025-03-19 14:10:03.305240+00:00,10.5281/zenodo.14619106,2025
Zenodo,Philippe Ciais,DEEP-C,14619102,Canopy height map in China - 2019 part 1,"SU, YANG","<p>This is data generated in the paper, ""<strong>Substantial contribution of trees outside forests to above-ground carbon across China</strong>"".</p>
<p>&nbsp;</p>
<p><strong>Authors</strong></p>
<p>Yang Su a, b, c, Tianqi Shi b, Xianglin Zhang c, d, Yidi Xu b, Kai Cheng e,f, Siyu Liu g, Ge Han h, i, Xin Ma j, Songchao Chen d, k, Xiaowei Tong l, Wei Li m, Wei Gong j, n, o, Qinghua Guo e, f, Martin Brandt g, Shilong Piao p, q, Alexandre d'Aspremont a , Philippe Ciais b</p>
<p>&nbsp;</p>
<p><strong>Affiliations</strong></p>
<p>a D&eacute;partement d'Informatique, &Eacute;cole Normale Sup&eacute;rieure &ndash; PSL, 45 Rue d'Ulm, 75005 Paris, France</p>
<p>b Laboratoire des Sciences du Climat et de l&rsquo;Environnement, CEA CNRS UVSQ Orme des Merisiers, 91190 Gif-sur-Yvette, France</p>
<p>c UMR ECOSYS, INRAE AgroParisTech, Universit&eacute; Paris-Saclay, 91120 Palaiseau, France</p>
<p>d College of Environmental and Resource Sciences, Zhejiang University, 310058 Hangzhou, China</p>
<p>e Institute of Remote Sensing and Geographic Information System, School of Earth and Space Sciences, Peking University, 100871 Beijing, China</p>
<p>f Institute of Ecology, College of Urban and Environmental Sciences, Peking University, 100871 Beijing, China</p>
<p>g Department of Geosciences and Natural Resource Management, University of Copenhagen, Copenhagen, Denmark</p>
<p>h Hubei Key Laboratory of Quantitative Remote Sensing of Land and Atmosphere, School of Remote Sensing and Information Engineering, Wuhan University, Wuhan, China</p>
<p>i Perception and Effectiveness Assessment for Carbon‐neutrality Efforts, Engineering Research Center of Ministry of Education, Institute for Carbon Neutrality, Wuhan University, Wuhan, China</p>
<p>j State Key Laboratory of Information Engineering in Surveying, Mapping and Remote Sensing, Wuhan University, Wuhan, China</p>
<p>k ZJU-Hangzhou Global Scientific and Technological Innovation Center, Zhejiang University, 311215 Hangzhou, China</p>
<p>l Key Laboratory for Agro-ecological Processes in Subtropical Region, Institute of Subtropical Agriculture, Chinese Academy of Sciences, Changsha, China.</p>
<p>m Department of Earth System Science, Ministry of Education Key Laboratory for Earth System Modeling, Institute for Global Change Studies, Tsinghua University, Beijing, China</p>
<p>n Electronic Information School, Wuhan University, Wuhan, China</p>
<p>o Wuhan Institute of Quantum Technology, Wuhan, China</p>
<p>p State Key Laboratory of Tibetan Plateau Earth System, Environment and Resources (TPESER), Institute of Tibetan Plateau Research, Chinese Academy of Sciences, Beijing, 100101, China</p>
<p>q Sino-French Institute for Earth System Science, College of Urban and Environmental Sciences, Peking University, Beijing, China</p>
<p>&nbsp;</p>
<p><strong>Corresponding Author</strong></p>
<p>Yang Su</p>
<p>yang.su@ens.fr</p>
<p>+33 1 89 10 07 67</p>
<p>&Eacute;cole Normale Sup&eacute;rieure &ndash; PSL</p>
<p>&nbsp;</p>
<p><strong>To use the data, please cite this paper or contact the corresponding author for more details.</strong></p>
<p>&nbsp;</p>
<p><strong>Funding</strong></p>
<p>Artificial Intelligence for forest monitoring from space &ndash; AI4Forests</p>
<p>Agence Nationale de la Recherche</p>
<p><a href=""https://app.dimensions.ai/details/grant/grant.13559349"" target=""_blank"" rel=""noopener"">Find out more...</a></p>",2025-03-19 14:09:27.237326+00:00,10.5281/zenodo.14619102,2025
Zenodo,Christophe Francois,Drought for C,14557440,Independent trends of mountain vegetation and soil properties over 40 years of environmental change,"Rumpf, Sabine","<p>Data set associated to the publication Rumpf S.B., Buri A., Grand S., Randin C.F., Tesson S., Cianfrani C., Guisan A.: Independent trends of mountain vegetation and soil properties over 40 years of environmental change, Journal of Vegetation Science, 2024, doi: 10.1111/jvs.70006&nbsp; </p>",2024-12-26 09:34:01.146501+00:00,10.5281/zenodo.14557440,2024
Zenodo,Nicolas Viovy,GREENSCALE,14536307,Dynamic vegetation reveals unavoidable climate feedbacks and their dependence on climate mean state,"Braconnot, Pascale","<p>This file containes the dataset used to produce the different figures of ou manuscript entitle&nbsp;</p>
<p><span>Dynamic vegetation reveals unavoidable climate feedbacks and their dependence on climate mean state</span></p>
<p><span>Pascale Braconnot, Nicolas Viovy and Olivier Marti </span></p>
<p><span>Laboratoire des Sciences du climat et de l&rsquo;environnement (LSCE-IPSL, unit&eacute; mixte CEA-CNRS, UVSQ, Universit&eacute; Paris Saclay, Orme des Merisiers, 91191 Gif sur Yvette Cedex, France </span></p>",2024-12-20 14:30:29.165341+00:00,10.5281/zenodo.14536307,2024
Zenodo,Pierre Sabatier,DEEP-C,14264666,Simulations Data for Modelling Earthquake-Induced Seiche Process and Subsequent Homogenite Deposits in Lacustrine Setting,"Zafar, Muhammad Naveed","<p>This repository contains the simulations data used in our manuscript, titled ""Modelling Earthquake-Induced Seiche Process and Subsequent Homogenite Deposits in Lacustrine Setting,"" authored by Muhammad Naveed Zafar, Pierre Sabatier, Denys Dutykh, Herv&eacute; Jomard, William Rapuc, Patrick Lajeunesse, and Emmanuel Chapron.</p>


<h3><strong>README:</strong></h3>


<h3><strong>Folders</strong></h3>
<ul>
<li><code>EQ_induced_tsunami</code>: Data related to simulations of earthquake-induced tsunami.</li>
<li><code>EQ_Landside_induced_tsunami</code>: Data for simulations involving both earthquake and landslide-induced tsunamis.</li>
<li><code>Landslide_induced_tsunami</code>: Data for only landslide-induced tsunami simulations.</li>
<li><code>Mass Movement Model</code>: Data for mass movement simulations</li>
<li><code>Seismic_waves_output</code>: Output data related to seismic wave propagation.</li>
<li><code>Coseismic_fault_output</code>: Output data for coseismic fault displacement.</li>
</ul>


<h3><strong>Contents</strong></h3>
<ul>
<li><code>_output</code> directory: Contains output data files generated by the simulations.</li>
<li><code>Makefile</code>: Script to automate the compilation and execution of the models.</li>
<li><code>setplot.py</code>: Python script for setting up the plot configurations.</li>
</ul>


<h3><strong>Installation</strong></h3>
<p>To use the data and run the models, you need to install Clawpack, Installation instructions can be found here: <a href=""https://www.clawpack.org/v5.9.x/installing_pip.html#install-quick-pyclaw"">Clawpack Installation Guide</a></p>


<h3><strong>Running the Models</strong></h3>
<p>After installing Clawpack, you can generate plots by navigating to any of the model directories (<code>EQ_induced_tsunami</code>, <code>EQ_Landside_induced_tsunami</code>, <code>Landslide_induced_tsunami</code>, <code>Mass Movement Model</code>) and running the following command:</p>
<pre><code>make plots
</code></pre>
<p>This command will compile and execute the models, and the plots will be saved in the same directory.</p>


<h3><strong>Support</strong></h3>
<p>For any questions or issues related to this data, please contact [<a href=""mailto:syednaveed1421@gmail.com"">syednaveed1421@gmail.com</a>].</p>",2024-12-03 09:06:23.141364+00:00,10.5281/zenodo.14264666,2024
Zenodo,Antonio Bispo,ALAMOD,14246777,Synthesis of soil biodiversity databases: Opportunities and challenges for harmonized European biodiversity information,Rajasekaran Murugan,"<p>In the face of rapid global changes, a grand challenge is efficiently cataloguing, assessing, and responding to changes in soil biodiversity and associated ecosystem functions. Addressing this challenge requires unprecedented access to biodiversity data across spatial, temporal, and taxonomic scales. However, heterogeneous coverage, protocols, and standards have hampered integration among these databases. To stimulate the next stage of data integration, here we present a report a synthesis of two major earthworm databases and investigate (a) how the coverage of databases varies across taxonomy, space, and record type; (b) what degree of integration is present among databases; (c) how integration of databases can increase biodiversity knowledge; and (d) the barriers to database integration.</p>",2024-11-29 17:26:15.236091+00:00,10.5281/zenodo.14246777,2024
Zenodo,Benjamin Loubet,ALAMOD,14216238,Cross-correlations of Biogenic Volatile Organic Compounds (BVOC) emissions typify different phenological stages and stressful events in a Mediterranean Sorghum plantation,"Manco, Antonio","<p>Data presentend in the publication:<br><br>Antonio Manco, Federico Brilli, Daniela Famulari, Daniele Gasbarra, Beniamino Gioli, Luca Vitale, Paul di Tommasi, Benjamin Loubet, Carmen Arena, Vincenzo Magliulo,<br>Cross-correlations of Biogenic Volatile Organic Compounds (BVOC) emissions typify different phenological stages and stressful events in a Mediterranean Sorghum plantation,&nbsp;Agricultural and Forest Meteorology,&nbsp;Volume 303,&nbsp;2021,&nbsp;108380,&nbsp;ISSN 0168-1923,<br>https://doi.org/10.1016/j.agrformet.2021.108380.<br>(https://www.sciencedirect.com/science/article/pii/S0168192321000630)</p>",2024-11-25 12:24:41.305178+00:00,10.1016/j.agrformet.2021.108380,2024
Zenodo,Ronny Lauerwald,DEEP-C,14214985,"Carbon and Greenhouse Gas Budgets of Europe: Trends, Interannual and Spatial Variability, and Their Drivers","Lauerwald, Ronny","<p>Scientific publication by Ronny Lauerwald and co-authors. For details see the paper abstract.&nbsp;</p>
<p>Uploaded by Nalini Krishnankutty</p>",2024-11-25 09:23:35.249905+00:00,10.1029/2024GB008141,2024
Zenodo,Eric Justes,CrosyeN,14160885,A global dataset gathering 37 field experiments involving cereal-legume intercrops and their corresponding sole crops.,Noémie Gaudio,"<p>The overall description of the dataset is reported in the <strong>data_report.pdf</strong> file. The methodology for data curation and tidying is published in Peer Community Journal (<a href=""https://doi.org/10.24072/pcjournal.389"">Mahmoud2024</a>).</p>
<p>This dataset gathers the results of 37 field experiments, which involved cereal-legume intercrops and their corresponding sole crops. The field experiments were carried in 5 European countries (France, Denmark, Italy, Germany and England) from 2001 to 2017.&nbsp;The dataset includes:</p>
<ul>
<li>5 legume species , <em>i.e.</em> chickpea (<em>Cicer arietinum</em> L.), faba bean (<em>Vicia faba</em> L.), lentil (<em>Lens culinaris</em> Med.), lupin (<em>Lupinus albus</em> L.) and pea (<em>Pisum sativum</em> L.),</li>
<li>3 cereal species, <em>i.e.</em> barley (<em>Hordeum vulgare</em> L.), durum wheat (<em>Triticum turgidum</em> L.) and soft wheat (<em>Triticum aestivum</em> L.),&nbsp;</li>
<li>8 resulting intercrops, <em>i.e.</em> i) barley associated with faba bean, lupin or pea, ii) durum wheat associated with chickpea, faba bean or pea, and iii) soft wheat associated with lentil or pea.&nbsp;</li>
</ul>
<p>In total, the dataset contains 299 sole crop and 308 intercrop experimental units, one given experimental unit being defined as the unique combination of {site, year, crop management}, with the crop management including species and cultivar choice as well as agricultural interventions (sowing conditions, inputs).</p>
<p>The global dataset includes four tables, all sharing a common identifier (experiment_id):</p>
<ul>
<li>data_trials.csv: the global features describing the experimental sites,</li>
<li>data_management.csv: the agricultural management actions carried out on each of the experimental sites,</li>
<li>data_traits.csv: measured plant and crop characteristics,</li>
<li>data_climate.csv: climate for the experimental sites, retrieved from NASA POWER API.</li>
</ul>
<p>Additionally, a metadata file is provided (<strong>metadata.xlsx</strong>), describing the table to which the variables belong (variable_type, i.e. trials, management, traits or climate), their name (variable_name), their significance (description) and their unit (unit). Finally, a table including the original references related to experimental files gathered (<strong>references.xlsx</strong>) is also provided.</p>
<p>Data providers and field experiments: Laurent Bedoussac, Eric Justes, Etienne-Pascal Jour- net, Christophe Naudin, Henrik Hauggaard-Nielsen, Erik Steen Jensen, Elise Pelzer, Gu&eacute;na&euml;lle Corre-Hellou, Bochra Kammoun, Loic Viguier, Romain Barillot, Antoine Cou&euml;del, Philippe Hinsinger</p>
<p>Database and management: No&eacute;mie Gaudio, R&eacute;mi Mahmoud, Pierre Casadebaig</p>",2024-11-14 09:33:32.772797+00:00,10.5281/zenodo.14160885,2024
Zenodo,Philippe Ciais,DEEP-C,13887128,Global greenhouse gas reconciliation 2022,Zhu Deng,"<p>In this study, we provide an update of the methodology and data used by Deng et al. <a href=""https://paperpile.com/c/eukncF/EENwC/?noauthor=1"">(2022)</a> in order to compare the latest national greenhouse gas inventories (NGHGIs) and atmospheric inversion models ensembles contributed by international research teams coordinated by the Global Carbon Project to support the first global stocktake of the Paris Agreement. The comparison framework uses transparent processing of the net ecosystem exchange fluxes of carbon dioxide (CO2) from inversions to provide estimates of terrestrial carbon stock changes over managed land that can be used to evaluate NGHGIs. For methane (CH4), and nitrous oxide (N2O), we separate anthropogenic emissions from natural ones from original inversion results, to make them comparable with NGHGIs. Our global harmonized NGHGIs database was updated for inventory data until Feburary 2023 by compiling data from periodical UNFCCC inventories by Annex I countries and sporadic and less detailed emissions reports by non-Annex I countries given by National Communications and Biennial Update Reports. For the inversion data, we updated results from an ensemble of 22 global inversions produced for the most recent assessments of the global budgets of CO2, CH4 and N2O coordinated by the Global Carbon Project with ancillary data. The CO2 inversion ensemble in this study goes through 2021, building on our previous report from 1990 to 2019, and includes three new satellite inversions compared to the previous study, and an improved managed land mask. As a result, although significant differences exist between the CO2 inversion estimates, both satellite and in-situ inversions over managed lands indicate that Russia and Canada had a larger land carbon sink in recent years than reported in its NGHGI, while the NGHGIs reported a significant upward trend of carbon sink in Russia but a downward trend in Canada. For CH4 and N2O, the results of the new inversion ensemble are extended to 2020. Good correlation was found between the in-situ and satellite inversions for CH4. Much denser sampling of atmospheric CO2 and CH4 concentrations by different satellites, coordinated into a global constellation, is expected in the coming years. The methodology proposed here to compare inversion results with NGHGIs can be applied regularly for monitoring the effectiveness of mitigation policy and progress by countries to meet the objective of their pledges.</p>",2024-10-03 18:23:00.895207+00:00,10.5281/zenodo.13887128,2024
Zenodo,Benoit Gaudou,SLAM-B,13830435,Dense Crowd Dynamics and Pedestrian Trajectories: A Multiscale Field Study at the Fête des Lumières in Lyon,"Dufour, Oscar","<p>We present one of the first comprehensive field datasets capturing dense pedestrian dynamics across multiple scales, ranging from macroscopic crowd flows over distances of several hundred meters to microscopic individual trajectories, including approximately 7,000 recorded trajectories.</p>
<p>The dataset also includes a sample of GPS traces, statistics on contact and push interactions, as well as a catalog of non-standard crowd phenomena observed in video recordings. Data were collected during the 2022 Festival of Lights in Lyon, France, within the framework of the French-German <a href=""We%20present%20one%20of%20the%20first%20comprehensive%20field%20datasets%20capturing%20dense%20pedestrian%20dynamics%20across%20multiple%20scales,%20ranging%20from%20macroscopic%20crowd%20flows%20over%20distances%20of%20several%20hundred%20meters%20to%20microscopic%20individual%20trajectories,%20including%20approximately%207,000%20recorded%20trajectories.%20%20The%20dataset%20also%20includes%20a%20sample%20of%20GPS%20traces,%20statistics%20on%20contact%20and%20push%20interactions,%20as%20well%20as%20a%20catalog%20of%20non-standard%20crowd%20phenomena%20observed%20in%20video%20recordings.%20Data%20were%20collected%20during%20the%202022%20Festival%20of%20Lights%20in%20Lyon,%20France,%20within%20the%20framework%20of%20the%20French-German%20MADRAS%20project,%20covering%20pedestrian%20densities%20up%20to%204%20individuals%20per%20square%20meter."" target=""_blank"" rel=""noopener"">MADRAS project</a>, covering pedestrian densities up to 4 individuals per square meter.</p>",2024-09-24 05:34:40.357852+00:00,10.5281/zenodo.13830435,2024
Zenodo,"Benoit Marie ""ISEM""",CrosyeN,13695131,Versioned release of DRAGON challenge code,"Bosma, Joeran S.","<div>
<p>Versioned release for the paper titled <em>""Large Language Models in Healthcare: DRAGON Performance Benchmark for Clinical NLP""</em>, which is<em> </em>currently under review. For up-to-date code please visit <a href=""https://dragon.grand-challenge.org/code/"">https://dragon.grand-challenge.org/code/</a>.<br><br></p>
</div>",2024-09-05 18:58:38.115673+00:00,10.5281/zenodo.13695131,2024
Zenodo,Antonello Lobianco,SLAM-B,13365046,sylvaticus/OdsIO.jl: v0.6.3,Antonello Lobianco,"<h2>OdsIO v0.6.3</h2>
<p><a href=""https://github.com/sylvaticus/OdsIO.jl/compare/v0.6.2...v0.6.3"">Diff since v0.6.2</a></p>
<p>Added makeunique=true to ods read to df</p>",2024-08-23 09:55:39.482999+00:00,10.5281/zenodo.13365046,2024
Zenodo,"Benoit Marie ""ISEM""",CrosyeN,13345854,Fig. 5 in New artiodactyl ruminant mammal from the late Oligocene of Pakistan,"Métais, Grégoire","Fig. 5. Palaeohypsodontus zinensis sp. nov., late Oligocene (Chattian), Lundo J2, Bugti Hills, Balochistan, Pakistan. A. Left astragalus (ISEM DBJ2−A2) in anterior (A1) and posterior (A2) views. B. Shaft of right metatarsal (ISEM DBJ2−A3) in anterior (B1) and distal (B2) views. All stero−photographs. Scale bars 1 cm.",2024-08-19 23:35:15.586213+00:00,10.5281/zenodo.13345854,2024
Zenodo,"Benoit Marie ""ISEM""",CrosyeN,13345852,Fig. 4 in New artiodactyl ruminant mammal from the late Oligocene of Pakistan,"Métais, Grégoire","Fig. 4. Palaeohypsodontus zinensis sp. nov., late Oligocene (Chattian), Lundo J2, Bugti Hills, Balochistan, Pakistan. Holotype (ISEM DBJ2−A1). A. S tereophoto of occlusal view. B. Stereophoto of labial view. Scale bars 1 cm.",2024-08-19 23:35:14.047239+00:00,10.5281/zenodo.13345852,2024
Zenodo,"Benoit Marie ""ISEM""",CrosyeN,13257099,O(1) FOR AMPLITUDE AMPLIFICATION IN GROVER'S ALGORITHM AND ITS QUANTUM CIRCUIT,"Liu, Ying","<p><span>Grover&rsquo;s algorithm is a category of quantum algorithms that can be applied to many problems through the exploitation of quantum parallelism. The amplitude amplification in Grover&rsquo;s algorithm is <em>T</em> = <em>O</em>(<em>&radic;N</em>). In this paper, a quantum circuit will be constructed for amplitude amplification such that the time complexity is<em> T </em>= O(1).</span></p>",2024-08-07 18:08:37.267494+00:00,10.5281/zenodo.13257099,2024
Zenodo,Ronny Lauerwald,DEEP-C,12818506,Comparison of observation- and inventory- based CH4 emissions for eight large global emitters,"Petrescu, A. M. Roxana","<p>CoCO2 (https://coco2-project.eu/) is a scientific collaborative effort funded by the H2020 European Commissions, grant number 958927.</p>
<p>This synthesis has been originally based on data and country specific plots from previous VERIFY project, for the EU27: https://webportals.ipsl.fr/VERIFY/FactSheets, v1.28 and on the WP8 deliverable Reports D8.1 (https://coco2-project.eu/node/333), D8.2 (https://coco2-project.eu/node/360) and D8.3 (https://coco2-project.eu/index.php/node/406) from the CoCO2 project website.</p>
<p>This dataset is updated after we received two review comments. Each spreadsheet contains the CH4 data behind the manuscript figures, both as time series, mean values and uncertainties (min, max ranges). Units are mentioned for each figure. For the gridded figures data should be asked directly from the data providers.</p>",2024-07-25 15:49:55.003273+00:00,10.5281/zenodo.12818506,2024
Zenodo,Pierre Regnier,DEEP-C,12818506,Comparison of observation- and inventory- based CH4 emissions for eight large global emitters,"Petrescu, A. M. Roxana","<p>CoCO2 (https://coco2-project.eu/) is a scientific collaborative effort funded by the H2020 European Commissions, grant number 958927.</p>
<p>This synthesis has been originally based on data and country specific plots from previous VERIFY project, for the EU27: https://webportals.ipsl.fr/VERIFY/FactSheets, v1.28 and on the WP8 deliverable Reports D8.1 (https://coco2-project.eu/node/333), D8.2 (https://coco2-project.eu/node/360) and D8.3 (https://coco2-project.eu/index.php/node/406) from the CoCO2 project website.</p>
<p>This dataset is updated after we received two review comments. Each spreadsheet contains the CH4 data behind the manuscript figures, both as time series, mean values and uncertainties (min, max ranges). Units are mentioned for each figure. For the gridded figures data should be asked directly from the data providers.</p>",2024-07-25 15:49:55.003273+00:00,10.5281/zenodo.12818506,2024
Zenodo,Philippe Peylin,ALAMOD,12818506,Comparison of observation- and inventory- based CH4 emissions for eight large global emitters,"Petrescu, A. M. Roxana","<p>CoCO2 (https://coco2-project.eu/) is a scientific collaborative effort funded by the H2020 European Commissions, grant number 958927.</p>
<p>This synthesis has been originally based on data and country specific plots from previous VERIFY project, for the EU27: https://webportals.ipsl.fr/VERIFY/FactSheets, v1.28 and on the WP8 deliverable Reports D8.1 (https://coco2-project.eu/node/333), D8.2 (https://coco2-project.eu/node/360) and D8.3 (https://coco2-project.eu/index.php/node/406) from the CoCO2 project website.</p>
<p>This dataset is updated after we received two review comments. Each spreadsheet contains the CH4 data behind the manuscript figures, both as time series, mean values and uncertainties (min, max ranges). Units are mentioned for each figure. For the gridded figures data should be asked directly from the data providers.</p>",2024-07-25 15:49:55.003273+00:00,10.5281/zenodo.12818506,2024
Zenodo,"Benoit Marie ""ISEM""",CrosyeN,12331344,Development of methods for adapting the parameters of spatial end winding sections in 2D circuit-field models of induction-synchronous electric machines,"Kotsur, M. I.","<p><strong><em>Introduction.</em></strong><em>&nbsp;Recently, the theory of a special class of cascade slow-speed non-contact induction-synchronous electrical machines (ISEM) has been developed. This allowed to obtain a combination of positive properties from conventional induction and synchronous electric machines.&nbsp;<strong>Problem.</strong>&nbsp;The lack of circuit and field models of ISEM imposes restrictions on further research of electromagnetic, mechanical and energy processes, in transient and quasi-steady modes of its operation.&nbsp;<strong>Goal.</strong>&nbsp;Development of 3D and adapted 2D circuit-field models of ISEM, decomposition methods, and dynamic synthesis with adaptation of electromagnetic parameter coupling conditions at the boundaries of calculated subdomains of ISEM.&nbsp;<strong>Methodology.</strong>&nbsp;Spatial elements of ISEM design are represented by separate spatial calculation subareas. The conditions of compliance with electromagnetic processes, which are formed by a complete calculation area and separate spatial calculation subareas of ISEM, are accepted. The influence of end effects and the parameters of the frontal parts of ISEM windings are determined by the inequality of the magnetic field energy of separate calculation subareas. These parameters, including end effects, are displayed as circuit elements in the 2D circuit-field model.&nbsp;<strong>Results.</strong>&nbsp;The obtained combination of 3D area decomposition methods and dynamic synthesis with adaptation of electromagnetic parameters coupling conditions at the boundaries of its calculated ISEM&rsquo;s subdomains. The proposed technique for determining the resistance and inductive resistances of the frontal parts of the ISEM windings, taking into account edge effects. The accuracy and effectiveness of the proposed methods is confirmed by the results of an experimental study.&nbsp;<strong>Originality.</strong>&nbsp;An adapted dynamic 2D circuit-field model of transient processes of ISEM has been developed, which allows taking into account parameters of the frontal parts of its windings.&nbsp;<strong>Practical value.</strong>&nbsp;The proposed methods can be used for various types of electrical machines.&nbsp;</em>References 27, tables 3, figures 12.</p>",2024-06-22 15:25:45.358723+00:00,10.20998/2074-272X.2024.4.02,2024
Zenodo,Mathias Cuntz,Drought for C,11594801,Mathias Cuntz (k1157),Research Center DIGITAL ORGANOLOGY,"<b>-- <a href=""https://doi.org/10.5281/zenodo.11582199"">Documentation</a> --</b><br><br><u>Name</u>: Mathias Cuntz<br><u>musiXplora-ID</u>: k1157<br><u>musiXplora-URI</u>: <a href=""https://musixplora.de/mxp/k1157"">https://musixplora.de/mxp/k1157</a><br><u>Gender</u>: m<br><u>Date of Birth</u>: 1607<br><u>Place of Birth</u>: Krakau<br><u>First Mentioned</u>: 1620<br><u>Last Mentioned</u>: 1636<br><u>Sectors</u>: Instrumentenbau<br><u>Professions (Musical)</u>: Diskantist, Orgelbauer<br><u>Professions (Non-Musical)</u>: Handwerker<br><u>Other Places of Activity</u>: Hersbruck, Krakau, Nürnberg, Weikersheim<br><br><br><br><u>Changelog</u>:<br>&nbsp;&nbsp;- v0.0.1: Initial Upload.<br>",2024-06-12 01:01:51.175261+00:00,10.5281/zenodo.11594801,2024
Zenodo,Christine Dupuy,CarboNium,11461487,Warming could shift the phenological responses of benthic microalgae in temperate intertidal zones,Raphaël Savelli,"<p>Intertidal mudflats colonized by sediment-dwelling microphytobenthos deliver a wide range of ecosystem services. Here we simulate the response of microphytobenthos exposed to changes in light, temperature, and sea level conditions on a temperate tidal mudflat located along the French Atlantic coast in Northwestern Europe predicted by the Intergovernmental Panel on Climate Change. Without sea level rise, microphytobenthos benefit from the balancing effect of net primary production fluctuations, experiencing an increase in winter and a decrease in summer. Under the worst emissions scenario, microphytobenthos bloom up to 14 days earlier in spring and 5 days later in fall, thereby extending the low-level microphytobenthos biomass period by an additional 3 weeks in summer. Sea level rise reduces light exposure leading to a pronounced decline in microphytobenthos under the medium-low emissions and worst emissions scenarios. We provide evidence that the anticipated warmer climate and sea level rise will have an impact on microphytobenthos, potentially triggering cascading effects across the entire food web and disrupting ecosystem services.</p>",2024-06-04 00:20:16.686452+00:00,10.5281/zenodo.11461487,2024
Zenodo,Christine Dupuy,CABESTAN,11461487,Warming could shift the phenological responses of benthic microalgae in temperate intertidal zones,Raphaël Savelli,"<p>Intertidal mudflats colonized by sediment-dwelling microphytobenthos deliver a wide range of ecosystem services. Here we simulate the response of microphytobenthos exposed to changes in light, temperature, and sea level conditions on a temperate tidal mudflat located along the French Atlantic coast in Northwestern Europe predicted by the Intergovernmental Panel on Climate Change. Without sea level rise, microphytobenthos benefit from the balancing effect of net primary production fluctuations, experiencing an increase in winter and a decrease in summer. Under the worst emissions scenario, microphytobenthos bloom up to 14 days earlier in spring and 5 days later in fall, thereby extending the low-level microphytobenthos biomass period by an additional 3 weeks in summer. Sea level rise reduces light exposure leading to a pronounced decline in microphytobenthos under the medium-low emissions and worst emissions scenarios. We provide evidence that the anticipated warmer climate and sea level rise will have an impact on microphytobenthos, potentially triggering cascading effects across the entire food web and disrupting ecosystem services.</p>",2024-06-04 00:20:16.686452+00:00,10.5281/zenodo.11461487,2024
Zenodo,Nuno Carvalhais,DEEP-C,11388020,Data sets used in Lee et al. (2024),"Lee, Hoontaek","<p>Data sets used in the following article (submitted):</p>
<p>&nbsp;</p>
<p>Hoontaek Lee, Martin Jung, Nuno Carvalhais, et al. Spatial attribution of temporal variability in global land-atmosphere CO2 exchange using a model-data integration framework. <em> ESS Open Archive .</em></p>",2024-06-10 15:07:59.025283+00:00,10.5281/zenodo.11388020,2024
Zenodo,Suzon Garnier,SLAM-B,11387686,Code for processing of phenological camera images - extracting leaf-out dates of pixels from a Region of Interest,"Treuil-Dussouet, Hugo","<p>The R codes in this repository were developed for processing phenocam images, in order to extract spring phenological dates (dates of leaf-out) in a collection of pixels drawn from the Region of Interest.</p>
<p>The code was developed by Hugo Treuil-Dussouet and Suzon Garnier, during their MSc internships at the Ecology, Systematics and Evolution (ESE) lab of Universit&eacute; Paris-Saclay, under the supervision of Pr Kamel Soudani and Dr Nicolas Delpierre, during spring 2020 and spring 2021. R version used for developing the code was 3.6.2.</p>
<p>Code sequence is ordered logically, from ""code_0"" to ""code_4ter""</p>
<p>Questions regarding the code and its use can be addressed by e-mail to Nicolas Delpierre (nicolas.delpierre@universite-paris-saclay.fr) and Kamel Soudani (kamel.soudani@universite-paris-saclay.fr) .</p>",2024-05-30 11:48:28.606140+00:00,10.5281/zenodo.11387686,2024
Zenodo,Nicolas Delpierre,CANETE,11387686,Code for processing of phenological camera images - extracting leaf-out dates of pixels from a Region of Interest,"Treuil-Dussouet, Hugo","<p>The R codes in this repository were developed for processing phenocam images, in order to extract spring phenological dates (dates of leaf-out) in a collection of pixels drawn from the Region of Interest.</p>
<p>The code was developed by Hugo Treuil-Dussouet and Suzon Garnier, during their MSc internships at the Ecology, Systematics and Evolution (ESE) lab of Universit&eacute; Paris-Saclay, under the supervision of Pr Kamel Soudani and Dr Nicolas Delpierre, during spring 2020 and spring 2021. R version used for developing the code was 3.6.2.</p>
<p>Code sequence is ordered logically, from ""code_0"" to ""code_4ter""</p>
<p>Questions regarding the code and its use can be addressed by e-mail to Nicolas Delpierre (nicolas.delpierre@universite-paris-saclay.fr) and Kamel Soudani (kamel.soudani@universite-paris-saclay.fr) .</p>",2024-05-30 11:48:28.606140+00:00,10.5281/zenodo.11387686,2024
Zenodo,Nicolas Delpierre,Drought for C,11387686,Code for processing of phenological camera images - extracting leaf-out dates of pixels from a Region of Interest,"Treuil-Dussouet, Hugo","<p>The R codes in this repository were developed for processing phenocam images, in order to extract spring phenological dates (dates of leaf-out) in a collection of pixels drawn from the Region of Interest.</p>
<p>The code was developed by Hugo Treuil-Dussouet and Suzon Garnier, during their MSc internships at the Ecology, Systematics and Evolution (ESE) lab of Universit&eacute; Paris-Saclay, under the supervision of Pr Kamel Soudani and Dr Nicolas Delpierre, during spring 2020 and spring 2021. R version used for developing the code was 3.6.2.</p>
<p>Code sequence is ordered logically, from ""code_0"" to ""code_4ter""</p>
<p>Questions regarding the code and its use can be addressed by e-mail to Nicolas Delpierre (nicolas.delpierre@universite-paris-saclay.fr) and Kamel Soudani (kamel.soudani@universite-paris-saclay.fr) .</p>",2024-05-30 11:48:28.606140+00:00,10.5281/zenodo.11387686,2024
Zenodo,Christine Dupuy,CarboNium,11321445,"Assimilation efficiencies and elimination rates of silver, cadmium and zinc accumulated by trophic pathway in Gammarus fossarum","Gestin, Ophélia","<p><strong>Abstract</strong></p>
<p><span>To improve the assessment of metal toxicity in aquatic organisms, it is important to consider the different uptake pathways (i.e.&nbsp;trophic or aqueous). The bioaccumulation of dissolved metals such as Cd and Zn in gammarids is beginning to be well described. However, there are very few data on the contribution of the dietary pathway, and its associated toxicokinetic parameters. Among these, the assimilation efficiency (AE) is an essential parameter for the implementation of models that take the trophic pathway into account. This study aims to estimate the assimilation efficiencies and elimination rates of two types of food, i.e. alder leaves and chironomid larvae, contaminated with three metals (Ag, Cd and Zn) of major concern for the Water Framework Directive (WFD). The pulse-chase-feeding method was used. Gammarids were fed with alder leaves or chironomid larvae previously contaminated with <sup>110m</sup>Ag, <sup>109</sup>Cd or <sup>65</sup>Zn, for a short period of time (1 to 5 hours), followed by an elimination phase of 14 days. At different time points, the gammarids were placed alive on the gamma detector to individually quantify whole body concentrations of <sup>110m</sup>Ag, <sup>109</sup>Cd or <sup>65</sup>Zn. Our results indicate that: i)&nbsp;<span>Cd has the highest assimilation efficiency (39% for leaves and 19% for larvae), followed by Zn (15% for leaves and 9% for larvae) and Ag (5% for leaves); ii)&nbsp;for Cd and Zn, the AE were higher when gammarids were fed with leaves than with larvae; iii)&nbsp;</span>the elimination rates of metals seem to depend more on the food matrix than on the metal assimilated<span>; and thus iv)&nbsp;</span>the biological half-life calculated from the k<sub>es</sub> is 5.1&nbsp;days for Ag, between 4.9 and 13&nbsp;days for Cd and between 3.8 and 13&nbsp;days for Zn.</span></p>",2024-05-26 21:05:47.111047+00:00,10.5281/zenodo.11321445,2024
Zenodo,Christine Dupuy,CABESTAN,11321445,"Assimilation efficiencies and elimination rates of silver, cadmium and zinc accumulated by trophic pathway in Gammarus fossarum","Gestin, Ophélia","<p><strong>Abstract</strong></p>
<p><span>To improve the assessment of metal toxicity in aquatic organisms, it is important to consider the different uptake pathways (i.e.&nbsp;trophic or aqueous). The bioaccumulation of dissolved metals such as Cd and Zn in gammarids is beginning to be well described. However, there are very few data on the contribution of the dietary pathway, and its associated toxicokinetic parameters. Among these, the assimilation efficiency (AE) is an essential parameter for the implementation of models that take the trophic pathway into account. This study aims to estimate the assimilation efficiencies and elimination rates of two types of food, i.e. alder leaves and chironomid larvae, contaminated with three metals (Ag, Cd and Zn) of major concern for the Water Framework Directive (WFD). The pulse-chase-feeding method was used. Gammarids were fed with alder leaves or chironomid larvae previously contaminated with <sup>110m</sup>Ag, <sup>109</sup>Cd or <sup>65</sup>Zn, for a short period of time (1 to 5 hours), followed by an elimination phase of 14 days. At different time points, the gammarids were placed alive on the gamma detector to individually quantify whole body concentrations of <sup>110m</sup>Ag, <sup>109</sup>Cd or <sup>65</sup>Zn. Our results indicate that: i)&nbsp;<span>Cd has the highest assimilation efficiency (39% for leaves and 19% for larvae), followed by Zn (15% for leaves and 9% for larvae) and Ag (5% for leaves); ii)&nbsp;for Cd and Zn, the AE were higher when gammarids were fed with leaves than with larvae; iii)&nbsp;</span>the elimination rates of metals seem to depend more on the food matrix than on the metal assimilated<span>; and thus iv)&nbsp;</span>the biological half-life calculated from the k<sub>es</sub> is 5.1&nbsp;days for Ag, between 4.9 and 13&nbsp;days for Cd and between 3.8 and 13&nbsp;days for Zn.</span></p>",2024-05-26 21:05:47.111047+00:00,10.5281/zenodo.11321445,2024
Zenodo,"Benoit Marie ""ISEM""",CrosyeN,11237176,bpichon0/ABC_drylands: Release ABC dryland code and data,Benoît Pichon,"<p>Please see the readme file
contact: <em>benoit.pichon0@gmail.com</em></p>",2024-05-21 17:00:53.452006+00:00,10.5281/zenodo.11237176,2024
Zenodo,Alexis Drogoul,SLAM-B,11114180,On the Unity and Diversity of Computer Simulation,"Drogoul, Alexis","<p>The term Computer Simulation subsumes different simulation paradigms, languages and implementation technologies as well as many different application areas each with its own scientific communities. So, there is clearly a lot of conceptual, methodological, technological and application diversity in the area of Computer Simulation. From its start in 1967, the Winter Simulation Conference managed to get four scientific communities involved: computer scientists, electrical engineers, industrial engineers and mathematicians (operations researchers). Only later, in 2011 and 2012, an attempt was made to get environmental and social scientists involved who have been adopting the idea of 'individual-based' or 'agent-based' simulation. Today, two American, a European and an Asian social simulation conference have been established. How much unity exists between the scientific areas and communities represented by the Winter Simulation Conference? How much unity exists between the scientific areas and communities represented by the newer social science simulation conferences? And how much unity exists between Discrete Event Simulation and the newer forms of social science simulation? These and other questions about the unity and diversity of Computer Simulation have been discussed via email from April 17 to May 17, 2018, by five leading experts: Alexis Drogoul, Paul Fishwick, Nigel Gilbert, Dennis Pegden and Levent Yilmaz, moderated by Gerd Wagner.</p>",2024-05-04 19:49:38.191552+00:00,10.5281/zenodo.11114180,2024
Zenodo,Xavier Morin,Drought for C,11064978,Data from : Tree inventory data from permanent plots in French forest reserves,"CATEAU, Eugénie","<p>We present a dataset resulting from the first round of a national monitoring program of forest reserves. It contains 9538 permanent plots, distributed across 111 study sites in mainland France (including Corsica). Notably focusing on dead wood measurement, this protocol has primarily been applied in strict forest reserves and special nature reserves (sensu Bollmann et Braunisch 2013), with 68% (6494) of the plots being currently located in strict forest reserves (unmanaged) and 24,7% (2363 plots) in forests unmanaged for at least 50 years. Sites cover a large variety of ecological conditions, from lowland to subalpine forests, but with an underrepresentation of Mediterranean forests (Table 1). The protocol assesses all the stages of a tree's life cycle, from seedling to decomposed lying dead wood. On each plot, a combination of three sampling techniques was used: (i) fixed area inventory for regeneration, standing dead trees, living trees and coarse woody debris (CWD) with diameter over 30 cm, (ii) transect lines for CWD with diameter &lt; 30 cm, and (iii) fixed angle plot method for living trees with a diameter at breast height (DBH) &gt; 30 cm (using a relascopic angle of 3%). Measurements include: exact tree location (azimuth, distance), species, diameter(s), tree-related microhabitats, decay stage and bark cover, seedling cover. With the ongoing climate change, the program network can also provide important information to monitor changes in forest ecosystems. It can also be used as forest management monitoring or conservation status assessment.</p>",2024-04-29 07:09:42.399168+00:00,10.5281/zenodo.11064978,2024
Zenodo,"Benoit Marie ""ISEM""",CrosyeN,10971602,Naturalis barcode-constrained-phylogeny: pipeline output files used in internship graduate paper,"van Es, Naomi","<p>Data used for thesis written by Naomi van Es, bioinformatics student at University of Applied Sciences Leiden. Pipeline was contributed to during internship at Naturalis Biodiversity Centre, supervised by Dr Rutger A. Vos. Include all content of '/data' directory after running the pipeline barcode-constrained-phylogeny, branch <a href=""https://github.com/naturalis/barcode-constrained-phylogeny/tree/researchpaper_version"">researchpaper_version</a>. Configuration file was set to only use data from taxonomic order Primates and DNA marker COI-5P. Output files include custom database, alignments, constraint trees and subtrees of BOLD barcode data. Example taxonomic family in thesis results is<em> Lemuridae.&nbsp;</em></p>",2024-04-24 11:09:03.576959+00:00,10.5281/zenodo.10971602,2024
Zenodo,"Benoit Marie ""ISEM""",CrosyeN,10955613,bpichon0/Scripts_drylands_shift: Multistability in dryland plant communities,Benoît Pichon,"<p>Code needed to replicate the result of: Emergence of multistability in dryland plant communities. bioRxiv Benoît Pichon, Isabelle Gounand, Sophie Donnet, Sonia Kéfi. All the steps are indicated in the Readme file.</p>
<p>Contact = <a href=""mailto:benoit.pichon0@gmail.com"">benoit.pichon0@gmail.com</a></p>",2024-04-10 14:47:46.414048+00:00,10.5281/zenodo.10955613,2024
Zenodo,Virginie Baldy,Drought for C,10940362,"Data from: Interactive effects of soil moisture, air temperature and litter nutrient diversity on soil microbial communities and Folsomia candida population","Santonja, Mathieu","<p>Soil organisms play a key role in carbon and nutrient cycling in forest ecosystems. While soil organisms are strongly influenced by litter chemistry and are highly sensitive to abiotic conditions, little is known about how the interactive effects of these two factors. To address this gap in knowledge, we conducted a 10-week microcosm experiment in which we simulated the effects of climate change on soil ecology. More specifically, we studied relationships among litter nutrient concentration, microbial biomass, Collembola demographic parameters, and litter decomposition, exploring the potential impacts of increasing air temperature and decreasing soil moisture. To develop a gradient of nutrient concentrations, we created six tree litter mixtures with materials gathered from <em>Quercus pubescens</em> and its companion species. In contrast to microbes, we observed that Collembola abundance and litter decomposition were interactively affected by soil moisture and air temperature: the negative effect of increasing air temperature on Collembola abundance was amplified by reduced soil moisture, whereas the positive effect of increasing air temperature on litter decomposition disappeared under reduced soil moisture conditions. In contrast to fungi, the response of bacterial biomass and Collembola abundance to litter nutrient concentration was dependent on abiotic conditions. More specifically, the relationships between nutrients, especially calcium and magnesium, and bacterial biomass and Collembola abundance were less robust or disappeared under drier or warmer conditions. In conclusion, our findings underscore that ongoing climate change could affect soil organisms directly as well as indirectly, by altering their responses to litter nutrient concentrations. In addition, we found that nutrient-rich habitats might be more affected than nutrient-poor habitats by altered climatic conditions.</p>",2024-04-08 10:13:48.117168+00:00,10.5061/dryad.v41ns1s4b,2024
Zenodo,Antonello Lobianco,SLAM-B,10936013,JuliaData/Missings.jl: v1.2.0,Jacob Quinn,"<h2>Missings v1.2.0</h2>
<p><a href=""https://github.com/JuliaData/Missings.jl/compare/v1.1.0...v1.2.0"">Diff since v1.1.0</a></p>
<p><strong>Merged pull requests:</strong></p>
<ul>
<li>Implementing order functions where missings is the smallest value (#144) (@alonsoC1s)</li>
<li>Prepare for 1.2.0 release (#147) (@bkamins)</li>
</ul>
<p><strong>Closed issues:</strong></p>
<ul>
<li>Add <code>isless</code> variant where <code>missing</code> is smallest (#142)</li>
</ul>",2024-04-06 15:29:49.903127+00:00,10.5281/zenodo.10936013,2024
Zenodo,Claire Chenu,ALAMOD,10889210,How does national SOC monitoring on agricultural soils align with the EU strategies? An example using five case studies,"Katharina H. E., Meurer","<p>Soil functioning contributes to the delivery of a vast range of ecosystem goods and services, and ecosystem health is therefore reflected by the capacity of the soil to perform underlying functions. Soil organic carbon (SOC) is a key indicator for soil quality as it is an integral driver of many soil functions and associated ecosystem services. Across the globe, SOC stocks are declining due to expanding agriculture and unsustainable practices. Awareness of the fact that soil is a non-renewable resource and its functioning important for all life on Earth is increasing, especially among policymakers. As such, goals for the preservation and restoration of SOC are formulated in policies under the European Green Deal. However, the evaluation of these goals at the European level is hampered by a non-harmonized diversity in national SOC monitoring strategies. While some SOC indicators can be useful for the evaluation of most policy goals (i.e., baseline and potential SOC stocks), additional and contrasting SOC data are often required for the evaluation of the goals formulated by the different EU directives. This study provides an overview of five ongoing SOC monitoring programmes across Europe and discusses how national programmes may be aligned to evaluate goals at the EU level. Five countries with very different soil monitoring programmes were included in a case study to illustrate the potential for harmonization and standardization of SOC assessment. Based on this study, we conclude that SOC monitoring strategies can be harmonized, but not standardized. We further suggest five sampling strategies that have potential for harmonization under the proposed Directive on Soil Monitoring and Resilience.</p>",2024-03-28 06:46:47.131075+00:00,10.1111/ejss.13477,2024
Zenodo,Antonio Bispo,ALAMOD,10889210,How does national SOC monitoring on agricultural soils align with the EU strategies? An example using five case studies,"Katharina H. E., Meurer","<p>Soil functioning contributes to the delivery of a vast range of ecosystem goods and services, and ecosystem health is therefore reflected by the capacity of the soil to perform underlying functions. Soil organic carbon (SOC) is a key indicator for soil quality as it is an integral driver of many soil functions and associated ecosystem services. Across the globe, SOC stocks are declining due to expanding agriculture and unsustainable practices. Awareness of the fact that soil is a non-renewable resource and its functioning important for all life on Earth is increasing, especially among policymakers. As such, goals for the preservation and restoration of SOC are formulated in policies under the European Green Deal. However, the evaluation of these goals at the European level is hampered by a non-harmonized diversity in national SOC monitoring strategies. While some SOC indicators can be useful for the evaluation of most policy goals (i.e., baseline and potential SOC stocks), additional and contrasting SOC data are often required for the evaluation of the goals formulated by the different EU directives. This study provides an overview of five ongoing SOC monitoring programmes across Europe and discusses how national programmes may be aligned to evaluate goals at the EU level. Five countries with very different soil monitoring programmes were included in a case study to illustrate the potential for harmonization and standardization of SOC assessment. Based on this study, we conclude that SOC monitoring strategies can be harmonized, but not standardized. We further suggest five sampling strategies that have potential for harmonization under the proposed Directive on Soil Monitoring and Resilience.</p>",2024-03-28 06:46:47.131075+00:00,10.1111/ejss.13477,2024
Zenodo,Pascal Jouquet,CrosyeN,10823962,Growth and yield performance of tomato (Lycopersicum esculentum L.) using vermicast as soil amendments,"Joemel M., Estabillo","<p>The study was conducted to look into the efficacy of vermicast as soil amendments on the growth and yield performance of tomato (<em>Lycopersicum esculentum</em> L.). It aimed to determine vermicast&rsquo;s effect on the fruit quality of tomato and to determine which among the treatments gives significant results. The experiment was laid out in a Randomized Complete Block Design (RCBD) with five (5) treatments replicated three (3) times. Treatment effectiveness was based on plant height, number of flowering days, weight yield per hectare, ROI, physico-chemical of tomato and NPK soil content. Results revealed that 10 bags of vermicast per hectare in combination with inorganic fertilizer (90-0-0Kg N ha1) was a good soil amendment or nutrient source because it improved soil quality, fruit quality, and physic-chemical properties of tomato, thus, producing better yield and cost return.</p>
<p>published by the&nbsp;<strong> <a href=""https://innspub.net/international-journal-of-agronomy-and-agricultural-research/"">International Journal of Agronomy and Agricultural Research (IJAAR)</a></strong></p>",2024-03-16 06:25:30.252174+00:00,10.5281/zenodo.10823962,2024
Zenodo,Antonello Lobianco,SLAM-B,10795902,alan-turing-institute/MLJ.jl: v0.20.3,"Anthony Blaom, PhD","<h2>MLJ v0.20.3</h2>
<p><a href=""https://github.com/alan-turing-institute/MLJ.jl/compare/v0.20.2...v0.20.3"">Diff since v0.20.2</a></p>
<ul>
<li>Bump compat for MLJFlow to 0.4 to buy into <code>MLJBase.save</code> method ambiguity fix (in MLJFlow 0.4.1).</li>
</ul>
<p><strong>Merged pull requests:</strong></p>
<ul>
<li>Clarify <code>input_scitype</code> for Static models (#1076) (@ablaom)</li>
<li>Documentation updates (#1077) (@ablaom)</li>
<li>Add integration tests (#1079) (@ablaom)</li>
<li>Test new integration tests. No new release.  (#1080) (@ablaom)</li>
<li>Fix the integration tests (#1081) (@DilumAluthge)</li>
<li>Move EvoLinear into [extras] where it belongs (#1083) (@ablaom)</li>
<li>CI: split the integration tests into a separate job (#1086) (@DilumAluthge)</li>
<li>CI tweaks (#1087) (@ablaom)</li>
<li>Update list_of_supported_models for betaml (#1089) (@sylvaticus)</li>
<li>Update ModelDescriptors.toml for BetaML models (#1090) (@sylvaticus)</li>
<li>Update documentation to reflect recent BetaML reorganisation (#1091) (@ablaom)</li>
<li>Replace relevant sections of manual with links to the new MLJModelInterface docs. (#1095) (@ablaom)</li>
<li>Update docs. No new release (#1096) (@ablaom)</li>
<li>Update getting_started.md to avoid error from line 338 (#1098) (@caesquerre)</li>
<li>For a 0.20.3 release (#1102) (@ablaom)</li>
</ul>
<p><strong>Closed issues:</strong></p>
<ul>
<li>Meta issue: lssues for possible collaboration with UCL (#673)</li>
<li>Integration test failures: Classifiers (#939)</li>
<li>Oversample undersample (#983)</li>
<li>Add AutoEncoderMLJ model (part of BetaML) (#1074)</li>
<li>Add new model descriptors to fix doc-generation fail (#1084)</li>
<li>Update list of BetaML models (#1088)</li>
<li>Upate ROADMAP.md (#1093)</li>
<li>Deserialisation fails for wrappers like <code>TunedModel</code> when atomic model overloads <code>save/restore</code> (#1099)</li>
</ul>",2024-03-08 06:49:23.273166+00:00,10.5281/zenodo.10795902,2024
Zenodo,"Benoit Marie ""ISEM""",CrosyeN,10686764,bpichon0/Classif_network_structure: Telling mutualistic and antagonistic ecological networks apart by learning their multiscale structure,Benoît Pichon,"<p>Benoît Pichon
<em>benoit.pichon0@gmail.com</em></p>
<p>See readme file for details.</p>
<p>Benoît Pichon, Rémy Le Goff, Hélène Morlon, Benoît Perez-Lamarque. Telling mutualistic and antagonistic ecological networks apart by learning their multiscale structure. bioRxiv.</p>",2024-02-21 09:26:54.273679+00:00,10.5281/zenodo.10686764,2024
Zenodo,Nicolas Viovy,GREENSCALE,10683987,Solar Radiation Triggers the Bimodal Leaf Phenology of Central African Evergreen Broadleaved Forests,Liyang Liu,<p>The data for the paper titled &#39;Solar Radiation Triggers the Bimodal Leaf Phenology of Central African Evergreen Broadleaved Forests&#39;.</p>,2024-02-20 13:17:10.036405+00:00,10.5281/zenodo.10683987,2024
Zenodo,Fabienne Maignan,GREENSCALE,10683987,Solar Radiation Triggers the Bimodal Leaf Phenology of Central African Evergreen Broadleaved Forests,Liyang Liu,<p>The data for the paper titled &#39;Solar Radiation Triggers the Bimodal Leaf Phenology of Central African Evergreen Broadleaved Forests&#39;.</p>,2024-02-20 13:17:10.036405+00:00,10.5281/zenodo.10683987,2024
Zenodo,Viet Tran-Khac,DEEP-C,10663465,"Data for ""Creating metadata using Ecological Metadata Language (EML) standard with EML Assembly Line functionalities"" Galaxy tutorial","Le Bras, Yvan","<p>Datafiles used for the Galaxy tutorial ""Creating metadata using Ecological Metadata Language (EML) standard with EML Assembly Line functionalities"".</p>",2024-02-15 10:02:42.460966+00:00,10.5281/zenodo.10663465,2024
Zenodo,Viet Tran-Khac,CarboNium,10663465,"Data for ""Creating metadata using Ecological Metadata Language (EML) standard with EML Assembly Line functionalities"" Galaxy tutorial","Le Bras, Yvan","<p>Datafiles used for the Galaxy tutorial ""Creating metadata using Ecological Metadata Language (EML) standard with EML Assembly Line functionalities"".</p>",2024-02-15 10:02:42.460966+00:00,10.5281/zenodo.10663465,2024
Zenodo,Nuno Carvalhais,DEEP-C,10659371,EarthNet Toolkit for accessing the EarthNet2023 - Africa dataset,"Benson, Vitus","<h1>Downloading new dataset EarthNet2023 - Africa</h1>
<p>Install the EarthNet Toolkit:</p>
<p><code>pip install earthnet</code></p>
<p>Ensure you have enough free disk space! We recommend 1.5TB.</p>
<p>You can now download the dataset:<br><br><code>import earthnet as entk</code><br><code>entk.download(dataset = ""earthnet2023"", split = ""all"", save_directory = ""data_dir"")</code><br><br>Where&nbsp;<code>data_dir</code> is the directory where EarthNet2023 - Africa shall be saved and <code>split</code> is <code>""all""</code>&nbsp;or a subset of&nbsp;<code>[""train"", ""test]</code>.</p>
<p>When using EarthNet2023 - Africa, please for now cite the DOI&nbsp;<code>10.5281/zenodo.10659371</code>, until there is an original publication on the dataset.&nbsp;<br><br><code>Vitus Benson, Christian Requena-Mesa, Jeran Poehls, Lazaro Alonso, Claire Robin, Nuno Carvalhais, Markus Reichstein. (2024).&nbsp;</code><br><code>EarthNet Toolkit for accessing the EarthNet2023 - Africa dataset.</code><br><code>Zenodo. https://doi.org/10.5281/zenodo.10659371</code><br><br></p>
<blockquote>
<p>This work has received funding from the European Union&rsquo;s Horizon 2020 Research and Innovation Project <a href=""https://deepcube-h2020.eu/"">DeepCube</a>, under Grant Agreement Numbers 101004188.</p>
</blockquote>",2024-02-14 20:47:09.752237+00:00,10.5281/zenodo.10659371,2024
Zenodo,Xavier Raynaud,PEACE,10633682,BattMoTeam/BattMo: v0.3.0,Xavier Raynaud,<p>Minor fixes from beta version</p>,2024-02-08 07:35:27.751513+00:00,10.5281/zenodo.10633682,2024
Zenodo,Xavier Raynaud,CANETE,10633682,BattMoTeam/BattMo: v0.3.0,Xavier Raynaud,<p>Minor fixes from beta version</p>,2024-02-08 07:35:27.751513+00:00,10.5281/zenodo.10633682,2024
Zenodo,Dominique Davoult,CABESTAN,10512341,Functioning of a canopy-dominated intertidal community during emersion: highly productive but heterotrophic at the annual scale - R code,"Golléty, Claire","<p>This repository contains the data and code for our paper:</p>
<p>Claire Goll&eacute;ty, Jon Yearsley, Aline Mign&eacute;, Dominique Davoult (2024). Functioning of a canopy-dominated intertidal community during emersion: highly productive but heterotrophic at the annual scale. Marine Biology<br>https://doi.org/10.1007/s00227-024-04395-5</p>",2024-03-28 12:19:04.778750+00:00,10.5281/zenodo.10512341,2024
Zenodo,Vincent Thieu,CarboNium,10490669,"Dataset for the paper ""The community-centered freshwater biogeochemistry model unified RIVE v1.0: a unified version for water column""","Shuaitao, Wang","<p>This repository contains the water incubation data (observation) used to produce Figure 7 in ""The community-centered freshwater biogeochemistry model unified RIVE v1.0: a unified version for water column""</p>",2024-01-11 11:05:21.505251+00:00,10.5281/zenodo.10490669,2024
Zenodo,Josette Garnier,CarboNium,10490669,"Dataset for the paper ""The community-centered freshwater biogeochemistry model unified RIVE v1.0: a unified version for water column""","Shuaitao, Wang","<p>This repository contains the water incubation data (observation) used to produce Figure 7 in ""The community-centered freshwater biogeochemistry model unified RIVE v1.0: a unified version for water column""</p>",2024-01-11 11:05:21.505251+00:00,10.5281/zenodo.10490669,2024
Zenodo,Julien Demenois,CrosyeN,10398772,Are we delivering the seeds for change? A critical analysis of the Sustainable Rice Platform in Cambodia.,Alexia,"The Sustainable Rice Platform (SRP) aims to address answer environmental problems caused by rice intensification by providing incentives to farmers who engage in alternative practices. In this paper, we provide a critical analysis of an SRP project located in central Cambodia. Our case study documents the project implementation and its impact pathway, offering perspectives to improve the certification process and the platform management. We used a mixed-method approach that involves qualitative interviews with farmers (n=60) as well as quantitative surveys of 275 households with different forms of engagement with the project (participating, dropped-out, and never participated). The study seeks to answer three main questions: (1) how and why were the SRP sites selected, (2) who were the farmers who joined, who dropped out and those who never joined the project and what were their motivations and constraints, and (3) to what extent did farmers change their farming practices once they joined the SRP project, and what were the constraints they faced? Results showed that the area selected for the SRP project was fertile ground for project development, where people tend to have less intensive rice farming practices. Our study revealed that all farm types joined the project with the same main motivation, i.e., accessing a niche market with higher prices for their rice production. However, this reason for adoption was also one of the main reasons for abandonment, as the market outlet provided at the beginning of the project no longer existed a few years after the project began. Finally, the level of farmers' adoption of SRP practices revealed the limited effective changes induced by the SRP project. This situation is exacerbated by rice millers prioritizing high-quality rice over verifying farmers' agricultural practices. Beyond the importance of the market as a driver to adopt alternative practices, the study further questions the implementation and its impacts of the SRP in the field and emphasized the need for simplification of the SRP guidelines. Our findings can inform the adaptation and improvement of the SRP platform and contribute to the promotion of sustainable rice production in Cambodia and beyond.",2023-12-27 10:44:22.716801+00:00,10.5281/zenodo.10398772,2023
Zenodo,Yves Prairie,DEEP-C,10289231,Modelled annual evaporation of 187 reservoirs across the globe,Gabriel Bastien-Beaudet,<p>This dataset is the result of a MSc in biological sciences. The final thesis with detailed methods will be available shortly.</p>,2023-12-07 18:52:54.805898+00:00,10.5281/zenodo.10289231,2023
Zenodo,Sandrine Allain,SLAM-B,10198975,O uso das TICs no ensino de FLE on-line e a criação de avatares,Sandrine Allain,"<p>Este artigo trata do uso de tecnologias de informação e comunicação no ensino de Francês como Língua Estrangeira (FLE) a partir das experiências de estágio em ensino remoto emergencial durante a pandemia de COVID-19, trazendo uma reflexão sobre os processos de ensino e aprendizagem na sociedade em rede. Partindo da discussão sobre a cibercultura e a mídia-educação, e do papel da escola no século XXI, apresenta-se o projeto de estágio on-line realizado em escola pública, pautado no uso do ambiente PIXTON EDU para atividades de criação de avatares desenvolvidas por estudantes do oitavo ano do ensino fundamental. Confirmou-se, nesta experiência, o uso das TICEs como meio de expressão e produção criativa multimodal por meio do autorretrato dos estudantes, dando visibilidade à diversidade da turma e proporcionando maior motivação e ludicidade neste espaço de ensino e aprendizagem.</p>",2023-11-22 23:17:00.225905+00:00,10.5281/zenodo.10198975,2023
Zenodo,Sandrine Allain,SLAM-B,10198961,L'utilisation des TIC dans l'enseignement du FLE en ligne et la création d'avatars,Sandrine Allain,"<p>Cet article porte sur l'utilisation des technologies de l'information et de la communication (TIC) dans l'enseignement du français langue étrangère (FLE) à partir d'expériences de stage en enseignement à distance d'urgence pendant la pandémie de COVID-19, apportant une réflexion sur les processus d'enseignement et d'apprentissage dans la société en réseau. A partir de la discussion sur la cyberculture et l'éducation aux médias, ainsi que du rôle de l'école au 21e siècle, un projet de stage en ligne réalisé dans une école publique est présenté, basé sur l'utilisation de l'environnement PIXTON EDU pour les activités de création d'avatars développées par des élèves de la huitième année du primaire. Lors de cette expérience, l'utilisation des TIC&nbsp;s'est avérée être un moyen d'expression et de production créative multimodale, à travers l'autoportrait des élèves, donnant de la visibilité à la diversité de la classe et apportant une plus grande motivation et du ludique dans cet espace d'enseignement et d'apprentissage.</p>",2023-11-22 22:57:37.721933+00:00,10.5281/zenodo.10198961,2023
Zenodo,Antonello Lobianco,SLAM-B,10018544,sylvaticus/BDisposal.jl: v0.0.4,Antonello Lobianco,"<h2>BDisposal v0.0.4</h2>
<p><a href=""https://github.com/sylvaticus/BDisposal.jl/compare/v0.0.3...v0.0.4"">Diff since v0.0.3</a></p>
<ul>
<li>Corrected bug in non-linear optimization (we were still referring to old AMPLWriter API)</li>
<li>Updated doc</li>
</ul>",2023-10-18 14:09:00.422239+00:00,10.5281/zenodo.10018544,2023
Zenodo,"Benoit Marie ""ISEM""",CrosyeN,8367591,Adaptive alien genes are maintained amidst a vanishing introgression footprint in a sea squirt,Touchard Fanny,"<p>This zenodo archive contains the multi-locus genotype tables for the paper &quot;Falling shoulders ahead: adaptive alien genes maintained amidst vanishing introgression footprint in sea squirts&quot;. There are three files in this archive:</p>

<ul>
	<li>Ci_KASP_genotypes_2012.csv: genotype table for individuals sampled in 2012</li>
	<li>Ci_KASP_genotypes_2021.csv: genotype table for individuals sampled in 2021 as well as control individuals from the two <em>Ciona</em> species</li>
	<li>Ci_KASP_genotypes_hybrids.csv: genotype table for control hybrids</li>
</ul>",2023-09-21 15:17:46.880114+00:00,10.5281/zenodo.8367591,2023
Zenodo,Patrick Durand,DEEP-C,8279917,"BEAURIS: An automated, modular and FAIR system for large-scale genome data management. (JOBIM 2023)",Matéo Boudet,"<p>Presentation given at JOBIM 2023, Plouzan&eacute; edition.</p>",2023-08-24 15:19:26.861970+00:00,10.5281/zenodo.8279917,2023
Zenodo,Eric Ceschia,ALAMOD,8239024,AgriCarbon-EO Winter wheat Net Ecosystem Exchange and Biomass over South-west France at 10 m resolution,Taeken Wijmer,"<p>Dataset contains the outputs of the AgriCarbon-EO</p>

<p>An agronomical modeling tool for the carbon and water flux estimates by Bayesian assimilation of S2 and LandSat8 remote sensing data into the Prosail radiative transfer model and the SAFYE-CO2 crop model.<br>
-----------------------<br>
-for TILE : T31TCJ &nbsp;<br>
-for year: 2017<br>
-for Winter wheat crops<br>
- at 10 m resolution</p>

<p>&nbsp;</p>

<p>Maps:<br>
-file: &quot;GLA_statmap.tif&quot;<br>
&nbsp;&nbsp; &nbsp;Description: A raster with 4 bands containing respectively:<br>
&nbsp;&nbsp; &nbsp;&nbsp;&nbsp; &nbsp;*The R2 of the GLAI observed by satellite and simulations from 2016/11/01 until 2017/08/01<br>
&nbsp;&nbsp; &nbsp;&nbsp;&nbsp; &nbsp;*The RMSE of the GLAI observed by satellite and simulations from 2016/11/01 until 2017/08/01<br>
&nbsp;&nbsp; &nbsp;&nbsp;&nbsp; &nbsp;*The Bias of the GLAI observed by satellite and simulations from 2016/11/01 until 2017/08/01<br>
&nbsp;&nbsp; &nbsp;&nbsp;&nbsp; &nbsp;*The number of images that are assimilated into SAFYE-CO2 &nbsp;from 2016/11/01 until 2017/08/01</p>

<p>-file: &quot;emerg_wheat_2017.tif&quot;<br>
&nbsp;&nbsp; &nbsp;Description: A raster with 2 bands containing respectively:<br>
&nbsp;&nbsp; &nbsp;&nbsp;&nbsp; &nbsp;*The mean value of emerg retrieved by the SAFYE-CO2 inversion in days of simulation (the simulation begins the 01/01/2016).<br>
&nbsp;&nbsp; &nbsp;&nbsp;&nbsp; &nbsp;*The standard deviation of emerg retrieved by the SAFYE-CO2 inversion.<br>
&nbsp;&nbsp; &nbsp;&nbsp;&nbsp; &nbsp;<br>
-file: &quot;LUEa_wheat_2017.tif&quot;<br>
&nbsp;&nbsp; &nbsp;Description: A raster with 2 bands containing respectively:<br>
&nbsp;&nbsp; &nbsp;&nbsp;&nbsp; &nbsp;*The mean value of LUEa retrieved by the SAFYE-CO2 inversion in g/MJ.<br>
&nbsp;&nbsp; &nbsp;&nbsp;&nbsp; &nbsp;*The standard deviation of LUEa retrieved by the SAFYE-CO2 inversion in g/MJ.</p>

<p>-file: &quot;SENa_wheat_2017.tif&quot;<br>
&nbsp;&nbsp; &nbsp;Description: A raster with 2 bands containing respectively:<br>
&nbsp;&nbsp; &nbsp;&nbsp;&nbsp; &nbsp;*The mean value of Sena retrieved by the SAFYE-CO2 inversion in &deg;C.<br>
&nbsp;&nbsp; &nbsp;&nbsp;&nbsp; &nbsp;*The standard deviation of Sena retrieved by the SAFYE-CO2 inversion in &deg;C.</p>

<p>-file: &quot;SENb_wheat_2017.tif&quot;<br>
&nbsp;&nbsp; &nbsp;Description: A raster with 2 bands containing respectively:<br>
&nbsp;&nbsp; &nbsp;&nbsp;&nbsp; &nbsp;*The mean value of SENb retrieved by the SAFYE-CO2 inversion.<br>
&nbsp;&nbsp; &nbsp;&nbsp;&nbsp; &nbsp;*The standard deviation of SENb retrieved by the SAFYE-CO2 inversion.</p>

<p>-file: &quot;PRT_La_wheat_2017.tif&quot;<br>
&nbsp;&nbsp; &nbsp;Description: A raster with 2 bands containing respectively:<br>
&nbsp;&nbsp; &nbsp;&nbsp;&nbsp; &nbsp;*The mean value of DAM retrieved by the SAFYE-CO2 inversion.<br>
&nbsp;&nbsp; &nbsp;&nbsp;&nbsp; &nbsp;*The standard deviation of DAM retrieved by the SAFYE-CO2 inversion.</p>

<p>-file: &quot;DAM_wheat_2017.tif&quot;<br>
&nbsp;&nbsp; &nbsp;Description: A raster with 2 bands containing respectively:<br>
&nbsp;&nbsp; &nbsp;&nbsp;&nbsp; &nbsp;*The mean value of DAM retrieved by the SAFYE-CO2 inversion in g/m2.<br>
&nbsp;&nbsp; &nbsp;&nbsp;&nbsp; &nbsp;*The standard deviation of DAM &nbsp;retrieved by the SAFYE-CO2 inversion in g/m2.</p>

<p>-file: &quot;NEP_wheat_2017.tif&quot;<br>
&nbsp;&nbsp; &nbsp;Description: A raster with 2 bands containing respectively:<br>
&nbsp;&nbsp; &nbsp;&nbsp;&nbsp; &nbsp;*The mean value of NEP retrieved by the SAFYE-CO2 inversion in g/m2.<br>
&nbsp;&nbsp; &nbsp;&nbsp;&nbsp; &nbsp;*The standard deviation of NEP retrieved by the SAFYE-CO2 inversion in g/m2.</p>

<p>-file: &quot;NECB_exportG_wheat_2017.tif&quot;<br>
&nbsp;&nbsp; &nbsp;Description: A raster with 2 bands containing respectively:<br>
&nbsp;&nbsp; &nbsp;&nbsp;&nbsp; &nbsp;*The mean value of NECB&nbsp;retrieved by the SAFYE-CO2 inversion in g/m2 ,&nbsp;considering an export sc&eacute;nario with grains export only.<br>
&nbsp;&nbsp; &nbsp;&nbsp;&nbsp; &nbsp;*The standard deviation of NECB_exportG&nbsp;retrieved by the SAFYE-CO2 inversion in g/m2.</p>

<p>-file: &quot;NECB_exportGLS_wheat_2017.tif&quot;<br>
&nbsp;&nbsp; &nbsp;Description: A raster with 2 bands containing respectively:<br>
&nbsp;&nbsp; &nbsp;&nbsp;&nbsp; &nbsp;*The mean value of NECB retrieved by the SAFYE-CO2 inversion in g/m2,&nbsp;considering an export sc&eacute;nario with grains, stems and leaves.<br>
&nbsp;&nbsp; &nbsp;&nbsp;&nbsp; &nbsp;*The standard deviation of NECB_exportGLS retrieved by the SAFYE-CO2 inversion in g/m2.</p>

<p>&nbsp;</p>

<p>Shapefiles a GIS:&nbsp;<br>
-file: &quot;S2_TILE_T31TCJ.shp&quot;<br>
&nbsp;&nbsp; &nbsp;Description: shape file of the contour of the T231 TCJ sentinel2 tile&nbsp;<br>
-file: &quot;FR_AUR.shp&quot;<br>
&nbsp;&nbsp; &nbsp;Description: shape file of the contour of AURADE experimental field&nbsp;<br>
-file: &quot;FR_AUR_TOWER.shp&quot;<br>
&nbsp;&nbsp; &nbsp;Description: shape file of the location of the AURADE eddy covariance flux tower<br>
-file: &quot;POI_2017.shp&quot;<br>
&nbsp;&nbsp; &nbsp;Description: &nbsp;shape file of the location of points of interest that illustrate the ... paper<br>
-file: &quot;ESU_DAM.shp&quot;<br>
&nbsp;&nbsp; &nbsp;Description: shape file of the contour of the plots where dry biomass samples were taken.<br>
-file: &quot;ESU_DAM_points.shp&quot;<br>
&nbsp;&nbsp; &nbsp;Description: shape file of the location of the points where dry biomass samples were taken.<br>
-file: &quot;mapT31TCJ_spamaps.qgz&quot;<br>
&nbsp; &nbsp; &nbsp; &nbsp; QGIS project file for the visualisation of the NEP maps.<br>
&nbsp;</p>",2023-08-11 12:46:11.389260+00:00,10.5281/zenodo.8239024,2023
Zenodo,Johann Lavaud,CABESTAN,8163805,Diatom culture list,Daniel Vaulot,"<p><strong>List of diatoms cultures available in culture collections</strong></p>

<p>List established for the book chapter:</p>

<p>Daniel Vaulot, Gust Bilcke, Peter Chaerle, Angela Falcatiore, Priscillia Gourvil, Michael W. Lomas, Ian Probert, Wim Vyverman. Culturing Diatoms. In&nbsp;<em>Diatom Photosynthesis: From Primary Production to High Value Molecules</em>. Edited by Johannes Goessling, Johann Lavaud and Jo&atilde;o Ser&ocirc;dio, published by Wiley-Scrivener.</p>

<p>We are deeply indebted to all the curators of algal culture collections that contributed listings of diatom strains in their holdings.</p>

<ul>
	<li>v 1.0 - Create repository</li>
	<li>v&nbsp;1.1 - Add list of culture collections as Excel file</li>
	<li>v&nbsp; 1.2 - Revised version after reviews</li>
</ul>",2023-07-19 12:23:03.513783+00:00,10.5281/zenodo.8163805,2023
Zenodo,Philippe Ciais,DEEP-C,8154445,Canopy height and biomass map for Europe,Siyu Liu,"<p><strong>Data Description</strong></p><p>These datasets were generated from the research article ""The overlooked contribution of trees outside forests to tree cover and woody biomass across Europe"".</p><p>Here we publish aggregated version of canopy cover and height map, and original&nbsp;biomass map at 30m resolution. The&nbsp;biomass map are calculated from the canopy cover and height maps using allometric equations.&nbsp;</p><p>The original&nbsp;canopy cover and height maps are derived from&nbsp;3m resolution&nbsp;PlanetScope imagery (<i>research license</i> with Planet Labs Inc)&nbsp;in 2019, are available on request sliu@ign.ku.dk or martin.brandt@mailbox.org.&nbsp;</p><p><strong>Data Visualisation at 3m resolution:</strong> <a href=""https://ee-chm-eu-2019.projects.earthengine.app/view/euchm"">https://ee-chm-eu-2019.projects.earthengine.app/view/euchm</a></p><p><strong>Data Use Agreement</strong></p><p>The datasets are restricted to use only for research and scientific purposes, and shall not be used for any commercial purposes. Any usage beyond the permitted scope requires explicit written consent from the relevant parties. The restrictions using the datasets are coupled with the research license, which can be accessed here:&nbsp;https://assets.planet.com/docs/ToS_EducationAndResearch.pdf</p><p>The user agrees to assume all risks and liabilities associated with the interpretation and use of any data or results obtained from the datasets. The University of Copenhagen, Planet Labs Inc, and any affiliated parties shall not be held liable for any consequences arising from the misuse of the data.&nbsp;</p><p>&nbsp;</p>",2023-07-17 11:10:03.418665+00:00,10.5281/zenodo.8154445,2023
Zenodo,Mathieu Dellinger,DEEP-C,8144244,"Global OCpetro Oxidation: data, code and environments",Jesse R Zondervan,"<p>A repository of data files, code and python/R&nbsp;environments for the&nbsp;manuscript &quot;Rock organic carbon oxidation CO<sub>2</sub> release offsets silicate weathering sink&quot; by Jesse R. Zondervan, Robert G. Hilton, Mathieu Dellinger, Fiona J. Clubb, Tobias Roylands, Mateja Ogrič.</p>

<p>This repository contains an&nbsp;Excel file and&nbsp;several zip files.</p>

<p><em>Zip files containing code, data and python environment to run a simulation of the Global OCpetro Oxidation model:</em></p>

<ul>
	<li><strong>River rhenium (Re)&nbsp;and OC<sub>petro</sub> oxidation data: </strong>Supplementary Tables.xlsx</li>
	<li><strong>Code only:</strong>&nbsp;Global_OCpetro_Oxidation-v1.1.0.zip (uploaded Github repository)</li>
	<li><strong>Geospatial data files only:</strong>&nbsp;input_global_(data files only).zip</li>
	<li><strong>Python environment only:</strong>&nbsp;ocpetro_oxidation_env.zip</li>
	<li><strong>Code, data and environment:</strong>&nbsp;ocpetro_oxidation_code_data_env.zip</li>
</ul>

<p><em>Outputs of the model presented in the manuscript:</em></p>

<ul>
	<li>Geospatial raster files of Fig 1:
	<ul>
		<li>Re sample locations shapefile (panel A):&nbsp;Re_sample_locations.zip</li>
		<li>Re sample&nbsp;catchment shapefile&nbsp;(panel A):&nbsp;Re_sample_catchments.zip</li>
		<li>Median OC<sub>petro</sub> stocks model (panel B):&nbsp;Output_OCpetro_stock_median.zip</li>
		<li>Median denudation model (panel C):&nbsp;Output_denudation_median.zip</li>
		<li>Best-fit OC<sub>petro</sub> oxidation extrapolation (panel D):&nbsp;Output_OC_petro_oxidation.zip</li>
	</ul>
	</li>
</ul>

<p><em>Denudation and OCpetro stock subroutines (for transparency only, not needed to run OCpetro oxidation simulation):</em></p>

<ul>
	<li><strong>Code, data and R environment (python environment from&nbsp;ocpetro_oxidation_env.zip, see above):</strong>&nbsp;Submodels_code_data_Renv.zip</li>
</ul>

<p>The easiest way to run the code is by downloading the zip file containing code, data and environment, and then unpacking using packages provided by the OS, or by running the &#39;anaconda-project unarchive&#39; command.&nbsp;Instructions for this can be found by searching for anaconda-project online, or directly via&nbsp;<a href=""https://anaconda-project.readthedocs.io/en/latest/user-guide/tasks/create-project-archive.html?highlight=unarchive#extracting-the-archive-file"">https://anaconda-project.readthedocs.io/en/latest/user-guide/tasks/create-project-archive.html?highlight=unarchive#extracting-the-archive-file</a>&nbsp;[last accessed 26/01/2023]</p>

<p>The code was developed in a python environment detailed in anaconda-project.yml, with every recursive dependency down to the individual build in anaconda-project-locked.yml. The code file is &quot;Glob_newmethod_parr_globalresidual.py&quot; in this repository.</p>

<p>This code should be reproducible indefinitely, without depending on online package repositories. Both the commands and the environment have been captured into a fully locked anaconda project with all conda packages unpacked and included using anaconda-project --pack-envs. Note that only packages for running the code on Linux can be unpacked in this way; building on other platforms (Windows, Mac) will still require access to repositories.&nbsp;</p>

<p>&nbsp;</p>

<p>Notes:</p>

<p>This code was run on an HPC environment with a job submitter called SLURM. As such, the code will run according to a slurm job array with numbers from 1-100 (10,000 monte carlo simulations). The command to run the Monte Carlo simulation as 10,000 seperate jobs is done like this: &quot;sbatch --array=1-10000:1 job_script_file_name.sh&quot;. Note that the version of code uploaded here is set to run 100 simulations (&quot;sbatch --array=1-100:1 job_script_file_name.sh&quot;). When running 10,000 simulations, please change line 46 to &quot;quantile = float(os.getenv(&#39;SLURM_ARRAY_TASK_ID&#39;))/10000.&quot;</p>

<p>Whilst it is possible to run this code on a single machine such as a personal computer, the user is warned that it takes 24 core hours per simulation to run. For example, a typical 4-core laptop would need 6 hours to run one simulation. Now calculate how many 10,000 would take...</p>

<p>To run one simulation, line 46 (&quot;quantile = float(os.getenv(&#39;SLURM_ARRAY_TASK_ID&#39;))/100.&quot;) can be replaced with (&quot;quantile = float(number between 0 and 1)&quot;). Outputs will be saved for each simulation, which can rack up a lot of space, unless you specifically put in lines to delete these from the disk, or, in the case of the example job script for HPC usage, exclude the files when moving data from the node that ran the job.</p>

<p>&nbsp;</p>

<p>Example:</p>

<p>sbatch --array=1-100:1 run_Glob_OCpetro_model.sh #note that this runs 100 simulations.</p>

<p>An example of a job script file has been appended. Please note that the details of this job script depend on your machine or HPC system. Please consult your HPC support or platform&#39;s (Linux, Mac, Windows) command prompt instructions.</p>",2023-07-14 15:42:48.181233+00:00,10.5281/zenodo.8144244,2023
Zenodo,Cédric Hubas,TROPECOS,8144079,Hubas-prog/EPS_FA_CSIA: EPS_FA_CSIA GitHub release,Cédric Hubas,"<p>GitHub release for article : Identification of microbial exopolymer producers in sandy and muddy intertidal sediments by compound-specific isotope analysis.
data : <a href=""https://doi.org/10.5281/zenodo.7351530"">https://doi.org/10.5281/zenodo.7351530</a></p>",2023-07-13 14:20:52.807984+00:00,10.5281/zenodo.8144079,2023
Zenodo,Fabien Ferchaud,ALAMOD,8139526,Depth-dependent effects of Ericoid Mycorrhizal shrubs on soil carbon and nitrogen pools are accentuated under Arbuscular Mycorrhizal Trees,"Ward, Elisabeth","<p>Plant mycorrhizal associations influence the accumulation and persistence of soil organic matter and could therefore shape ecosystem biogeochemical responses to global changes that are altering forest composition. For instance, arbuscular mycorrhizal (AM) tree dominance is increasing in temperate forests, and ericoid mycorrhizal (ErM) shrubs can respond positively to canopy disturbances. Yet how shifts in the co-occurrence of trees and shrubs with different mycorrhizal associations will affect soil organic matter pools remains largely unknown. We examine the effects of ErM shrubs on soil carbon and nitrogen stocks and indicators of microbial activity at different depths across gradients of AM versus ectomycorrhizal (EcM) tree dominance in three temperate forest sites. We find that ErM shrubs strongly modulate tree mycorrhizal dominance effects. In surface soils, ErM shrubs increase particulate organic matter accumulation and weaken the positive relationship between soil organic matter stocks and indicators of microbial activity. These effects are strongest under AM trees that lack fungal symbionts that can degrade organic matter. In subsurface soil organic matter pools, by contrast, tree mycorrhizal dominance effects are stronger than those of ErM shrubs. Ectomycorrhizal tree dominance has a negative influence on particulate and mineral-associated soil organic matter pools, and these effects are stronger for nitrogen than for carbon stocks. Our findings suggest that increasing co-occurrence of ErM shrubs and AM trees will enhance particulate organic matter accumulation in surface soils by suppressing microbial activity while having little influence on mineral-associated organic matter in subsurface soils. Our study highlights the importance of considering interactions between co-occurring plant mycorrhizal types, as well as their depth-dependent effects, for projecting changes in soil carbon and nitrogen stocks in response to compositional shifts in temperate forests driven by disturbances and global change.</p>",2023-07-12 14:57:01.618621+00:00,10.5061/dryad.4qrfj6qg2,2023
Zenodo,Fabien Ferchaud,CANETE,8139526,Depth-dependent effects of Ericoid Mycorrhizal shrubs on soil carbon and nitrogen pools are accentuated under Arbuscular Mycorrhizal Trees,"Ward, Elisabeth","<p>Plant mycorrhizal associations influence the accumulation and persistence of soil organic matter and could therefore shape ecosystem biogeochemical responses to global changes that are altering forest composition. For instance, arbuscular mycorrhizal (AM) tree dominance is increasing in temperate forests, and ericoid mycorrhizal (ErM) shrubs can respond positively to canopy disturbances. Yet how shifts in the co-occurrence of trees and shrubs with different mycorrhizal associations will affect soil organic matter pools remains largely unknown. We examine the effects of ErM shrubs on soil carbon and nitrogen stocks and indicators of microbial activity at different depths across gradients of AM versus ectomycorrhizal (EcM) tree dominance in three temperate forest sites. We find that ErM shrubs strongly modulate tree mycorrhizal dominance effects. In surface soils, ErM shrubs increase particulate organic matter accumulation and weaken the positive relationship between soil organic matter stocks and indicators of microbial activity. These effects are strongest under AM trees that lack fungal symbionts that can degrade organic matter. In subsurface soil organic matter pools, by contrast, tree mycorrhizal dominance effects are stronger than those of ErM shrubs. Ectomycorrhizal tree dominance has a negative influence on particulate and mineral-associated soil organic matter pools, and these effects are stronger for nitrogen than for carbon stocks. Our findings suggest that increasing co-occurrence of ErM shrubs and AM trees will enhance particulate organic matter accumulation in surface soils by suppressing microbial activity while having little influence on mineral-associated organic matter in subsurface soils. Our study highlights the importance of considering interactions between co-occurring plant mycorrhizal types, as well as their depth-dependent effects, for projecting changes in soil carbon and nitrogen stocks in response to compositional shifts in temperate forests driven by disturbances and global change.</p>",2023-07-12 14:57:01.618621+00:00,10.5061/dryad.4qrfj6qg2,2023
Zenodo,Dominique Masse,SLAM-B,8136178,"Soil organic carbon stock under semi-deciduous tropical forests: case of the Téné protected forest (Oumé, Côte d'Ivoire)",Kouamé Mathurin KOFFI,"<p>Soil organic carbon stocks (SOCS) estimated from international databases are generally subject to uncertainties. These errors are more significant in developing countries where field studies are rare. To overcome this shortcoming, soil samples were collected in the experimental set-up of T&eacute;n&eacute; protected forest (ES-TPF), located in central-western C&ocirc;te d&#39;Ivoire, to identify the soil types and the corresponding actual SOCS. The FAO soil classification guide was used to identify soil types. SOCS were determined from the carbon concentrations, bulk densities, and proportions of fine elements, in 0-30 cm, 30-60 cm and 60-100 cm thicknesses. The results showed three soil types, namely Plinthosols at top slope, Ferralsols at top and middle slope and Fluvisols at bottom slope. In the reference thicknesses 0-30 cm and 0-100 cm, the respective SOCS are on average 44.89&plusmn;25% tC.ha<sup>-1</sup>&nbsp;and 61.56&plusmn;23% tC.ha<sup>-1</sup>&nbsp;in Plinthosols; 49.16&plusmn;26% tC.ha<sup>-1</sup>&nbsp;and 93.40&plusmn;16% tC.ha<sup>-1</sup>&nbsp;in Ferralsols; 41.18&plusmn;32% tC.ha<sup>-1</sup>&nbsp;and 68.54&plusmn;22% tC.ha<sup>-1</sup>&nbsp;in Fluvisols. Almost all these values differed from those in the international databases, especially in the depths. Therefore, the results obtained are recommended for a better accounting and management of SOCS in the semi-deciduous tropical forests of West Africa.</p>",2023-07-11 15:50:27.569135+00:00,10.5281/zenodo.8136178,2023
Zenodo,Dominique Masse,RhizoSeqC,8136178,"Soil organic carbon stock under semi-deciduous tropical forests: case of the Téné protected forest (Oumé, Côte d'Ivoire)",Kouamé Mathurin KOFFI,"<p>Soil organic carbon stocks (SOCS) estimated from international databases are generally subject to uncertainties. These errors are more significant in developing countries where field studies are rare. To overcome this shortcoming, soil samples were collected in the experimental set-up of T&eacute;n&eacute; protected forest (ES-TPF), located in central-western C&ocirc;te d&#39;Ivoire, to identify the soil types and the corresponding actual SOCS. The FAO soil classification guide was used to identify soil types. SOCS were determined from the carbon concentrations, bulk densities, and proportions of fine elements, in 0-30 cm, 30-60 cm and 60-100 cm thicknesses. The results showed three soil types, namely Plinthosols at top slope, Ferralsols at top and middle slope and Fluvisols at bottom slope. In the reference thicknesses 0-30 cm and 0-100 cm, the respective SOCS are on average 44.89&plusmn;25% tC.ha<sup>-1</sup>&nbsp;and 61.56&plusmn;23% tC.ha<sup>-1</sup>&nbsp;in Plinthosols; 49.16&plusmn;26% tC.ha<sup>-1</sup>&nbsp;and 93.40&plusmn;16% tC.ha<sup>-1</sup>&nbsp;in Ferralsols; 41.18&plusmn;32% tC.ha<sup>-1</sup>&nbsp;and 68.54&plusmn;22% tC.ha<sup>-1</sup>&nbsp;in Fluvisols. Almost all these values differed from those in the international databases, especially in the depths. Therefore, the results obtained are recommended for a better accounting and management of SOCS in the semi-deciduous tropical forests of West Africa.</p>",2023-07-11 15:50:27.569135+00:00,10.5281/zenodo.8136178,2023
Zenodo,Antonello Lobianco,SLAM-B,8081582,sylvaticus/StrategicGames.jl: v0.0.7,Antonello Lobianco,"StrategicGames v0.0.7
<p><a href=""https://github.com/sylvaticus/StrategicGames.jl/compare/v0.0.6...v0.0.7"">Diff since v0.0.6</a></p>",2023-06-26 08:34:11.573179+00:00,10.5281/zenodo.8081582,2023
Zenodo,Philippe Ciais,DEEP-C,8069732,Fire-related forest loss,Amin Khairoun,<p>The dataset includes the different figures used in the study.</p>,2023-06-22 19:07:51.239008+00:00,10.5281/zenodo.8069732,2023
Zenodo,Florent Mouillot,Drought for C,8069732,Fire-related forest loss,Amin Khairoun,<p>The dataset includes the different figures used in the study.</p>,2023-06-22 19:07:51.239008+00:00,10.5281/zenodo.8069732,2023
Zenodo,Emilie Joetzjer,Drought for C,8056635,"EC data for ""Temperature extremes of 2022 reduced carbon uptake by forests in Europe""",Auke Van Der Woude,"<p>Used Eddy Covariance data following the methods described in&nbsp;&quot;Temperature extremes of 2022 reduced carbon uptake by forests in Europe&quot;</p>

<p>&nbsp;</p>",2023-08-12 15:27:33.325107+00:00,10.5281/zenodo.8056635,2023
Zenodo,"Benoit Marie ""ISEM""",CrosyeN,8047517,bpichon0/Meta_eco_stoichio: Stoichiometry at terrestrial-freshwater ecotone,Benoît Pichon,"<p>Code and data needed to replicate the result of: Quality matters: stoichiometry of resources modulates spatial feedbacks in aquatic-terrestrial meta-ecosystems. <em>Ecology Letters</em> Benoît Pichon, Elisa Thébault, Gérard Lacroix et Isabelle Gounand. All the steps are indicated in the Readme file.</p>
<p>Contact = <a href=""mailto:benoit.pichon0@gmail.com"">benoit.pichon0@gmail.com</a></p>",2023-06-16 13:43:45.426046+00:00,10.5281/zenodo.8047517,2023
Zenodo,Nicolas Gratiot,TROPECOS,7995133,"Contribution of the SWOT satellite for the characterization of estuarine areas: example of the Saigon - Dong Nai, Vietnam.",Francisco Rodrigues do Amaral,"<p>Estuaries form a transition zone between river environments and maritime environments and are subject both to<br>
marine influences such as tides (Figure 1), waves, and the influx of saline water, and to fluvial influences such as<br>
flows of freshwater and sediment. These systems are thus, very complex from the hydrodynamic and sedimentary<br>
point of view.<br>
This is particulary true in South East Asia and especially in the estuarine system of the Saigon-Dong Nai rivers (Figure<br>
2) with the observation of a strong coastal erosion [1]. Field campaigns [2] and laboratory experiments [3] to<br>
characterise sediment particles and floculation in this region have already been carried out. However, a precise<br>
hydrodynamic characterisation is missing.<br>
Based on Camenen et al. 2021, we are studying the adaptation of its methodology by crossing in-situ measurements<br>
and SWOT measurements. The in situ measurements come from an unprecedented field campaign (October &ndash;<br>
November 2022) in Ho Chi Minh City, Vietnam. During this campaign 6 high resolution water level sensors were<br>
installed and 4 ADCP campaigns were carried out in the Saigon-Dong Nai system (Figure 3).<br>
We propose a presentation of our preliminary results and hints for a good hydrodynamic understanding of this<br>
system before the implementation of a sediment transport component.</p>",2023-06-01 14:34:18.574910+00:00,10.5281/zenodo.7995133,2023
Zenodo,Nicolas Gratiot,TROPECOS,7995118,Saigon's river response to Typhoon Usagi,Francisco Rodrigues do Amaral,"<p>A good understanding of the hydrological cycle, and discharge in particular, in tidal rivers<br>
enables reliable forecasting and decision making by researchers and policy makers. We<br>
develop the work of Camenen et al. 2021 where the hydrological dynamics of the tidal<br>
Saigon river are studied. The study proposes a low-cost technique to estimate tidallyinfluenced<br>
river discharge based on high-frequency in-situ measurements. This technique<br>
estimates discharge based on a stage-fall-discharge rating curve (Camenen et al., 2017)<br>
which requires the estimation of the river&rsquo;s slope. The application to the Saigon river as in<br>
Camenen et al. 2021 shows that its hydrological dynamics are ruled by a complex<br>
combination of factors.</p>",2023-06-01 14:26:36.727607+00:00,10.5281/zenodo.7995118,2023
Zenodo,Cédric Hubas,TROPECOS,7993663,Analyse par imagerie hyperspectrale sous-marine : Révéler la variabilité de l'efficacité des récifs artificiels,Elisabeth RIERA,<p>Poster illustrant l&#39;usage de l&#39;imagerie hyperspectral sous marine pour &eacute;valuer&nbsp;l&#39;efficacit&eacute; des r&eacute;cifs artificiels &agrave; imiter le signal photosynth&eacute;tique des assemblages des habitats naturels adjacents. Etude de cas effectu&eacute; en Principaut&eacute; de Monaco en 2020.</p>,2023-06-01 09:17:13.691620+00:00,10.5281/zenodo.7993663,2023
Zenodo,Lorie Hamelin,SLAM-B,7984823,Dataset for Modelling the long-term carbon storage potential from recalcitrant matter inputs in tropical arable croplands,Christhel Andrade,"<p>Soil organic carbon dynamics for Ecuadorian croplands on the period 2020-2070, under RCP4.5, for various carbon sequestration alternatives, relative to a business as usual situation. Results obtained from adapted version of RothC for carbon sequestration technologies.</p>",2023-05-30 17:30:47.208247+00:00,10.5281/zenodo.7984823,2023
Zenodo,Thierry Dutoit,Drought for C,7961616,Why grazing and soil matter for dry grassland diversity: New insights from multigroup structural equation modeling of micro-patterns,Gabrielle Martin,"<p>This is the published version of the paper by Martin et al. 2022, Why grazing and soil matter for dry grassland diversity: New insights from multigroup structural equation modeling of micro-patterns. Frontiers in Ecology and Evolution</p>",2023-05-23 07:56:55.149656+00:00,10.5281/zenodo.7961616,2023
Zenodo,Nicolas Gratiot,TROPECOS,7928491,Saigon river's response to Typhoon Usagi,Francisco Rodrigues do Amaral,"<p>A good understanding of the hydrological cycle, and discharge in particular, in tidal rivers enables reliable forecasting and decision making by researchers and policy makers. We develop the work of Camenen et al. 2021 where the hydrological dynamics of the tidal<br>
Saigon river are studied. The study proposes a low-cost technique to estimate tidally influenced river discharge based on high- frequency in-situ measurements. This technique estimates discharge based on a stage-fall-discharge rating curve (Camenen et al., 2017) which requires the estimation of the river&rsquo;s slope. The application to the Saigon river as in Camenen et al. 2021 shows that its hydrological dynamics are ruled by a complex combination of factors. This technique pointed out a paradoxical behavior during typhoon<br>
USAGI (Nov. 2018): despite the heavy rain and increased water levels in the river, the net water discharge decreased substantially (figure 9a, 9c). Furthermore, the tidal-averaged water levels presented a seasonal variability (figure 9b) compatible with the seasonality of the nearby Mekong river&rsquo;s discharge. We propose an in-depth study of in-situ water level time series at several locations in the Saigon river and in the surrounding coastal area. The tidal signal obtained via harmonic analysis is extracted from the water level time series and the residual signal is then filtered using a low-pass filter as proposed in Trinh et al. 2020. This discriminates non-tidal fluctuations of water level and thus, permits the analysis of the propagation of the non-tidal signal between different locations.&nbsp; Additionally, the same technique as in Camenen et al. 2021 is used to separate the factors influencing the water discharge using both the residual signal and the tidal signal. This permits a sensitivity analysis of the Saigon&rsquo;s discharge to tides and to other factors such as storm surge or precipitation. We expect to better characterize the hydrological pattern of the Saigon river and disentangle the factors that influence its discharge as well as provide insights on tidal river interaction with an extreme event.</p>",2023-05-12 08:58:47.116207+00:00,10.5281/zenodo.7928491,2023
Zenodo,Samuel Abiven,PEACE,7867131,Soil organic carbon models need independent time-series validation for reliable prediction,Julia Le Noë,"<p>Supplementary Data 1 to the paper: Soil organic carbon models need independent time-series validation for reliable prediction</p>

<p>By: Le No&euml;, J., Manzoni, S., Abramoff, R.Z., B&ouml;lscher, T., Bruni, E., Cardinael, R., Ciais, P., Chenu, C., Clivot, H., Derrien, D., Ferchaud, F., Garnier, P., Goll, D., Lashermes, G., Martin, M.P., Rasse, D., Rees, F., Sainte-Marie, J., Salmon, E., Schiedung, M., Schimel, J., Wieder, W.R., Abiven, S., Barr&eacute;, P., C&eacute;cillon, L., Guenet, B.</p>",2023-04-26 11:41:29.508055+00:00,10.5281/zenodo.7867131,2023
Zenodo,Julia Le Noë,PREFALIM,7867131,Soil organic carbon models need independent time-series validation for reliable prediction,Julia Le Noë,"<p>Supplementary Data 1 to the paper: Soil organic carbon models need independent time-series validation for reliable prediction</p>

<p>By: Le No&euml;, J., Manzoni, S., Abramoff, R.Z., B&ouml;lscher, T., Bruni, E., Cardinael, R., Ciais, P., Chenu, C., Clivot, H., Derrien, D., Ferchaud, F., Garnier, P., Goll, D., Lashermes, G., Martin, M.P., Rasse, D., Rees, F., Sainte-Marie, J., Salmon, E., Schiedung, M., Schimel, J., Wieder, W.R., Abiven, S., Barr&eacute;, P., C&eacute;cillon, L., Guenet, B.</p>",2023-04-26 11:41:29.508055+00:00,10.5281/zenodo.7867131,2023
Zenodo,Bertrand Guenet,CLIM-FAS,7867131,Soil organic carbon models need independent time-series validation for reliable prediction,Julia Le Noë,"<p>Supplementary Data 1 to the paper: Soil organic carbon models need independent time-series validation for reliable prediction</p>

<p>By: Le No&euml;, J., Manzoni, S., Abramoff, R.Z., B&ouml;lscher, T., Bruni, E., Cardinael, R., Ciais, P., Chenu, C., Clivot, H., Derrien, D., Ferchaud, F., Garnier, P., Goll, D., Lashermes, G., Martin, M.P., Rasse, D., Rees, F., Sainte-Marie, J., Salmon, E., Schiedung, M., Schimel, J., Wieder, W.R., Abiven, S., Barr&eacute;, P., C&eacute;cillon, L., Guenet, B.</p>",2023-04-26 11:41:29.508055+00:00,10.5281/zenodo.7867131,2023
Zenodo,Rémi Cardinael,ALAMOD,7867131,Soil organic carbon models need independent time-series validation for reliable prediction,Julia Le Noë,"<p>Supplementary Data 1 to the paper: Soil organic carbon models need independent time-series validation for reliable prediction</p>

<p>By: Le No&euml;, J., Manzoni, S., Abramoff, R.Z., B&ouml;lscher, T., Bruni, E., Cardinael, R., Ciais, P., Chenu, C., Clivot, H., Derrien, D., Ferchaud, F., Garnier, P., Goll, D., Lashermes, G., Martin, M.P., Rasse, D., Rees, F., Sainte-Marie, J., Salmon, E., Schiedung, M., Schimel, J., Wieder, W.R., Abiven, S., Barr&eacute;, P., C&eacute;cillon, L., Guenet, B.</p>",2023-04-26 11:41:29.508055+00:00,10.5281/zenodo.7867131,2023
Zenodo,Elisa Bruni,ALAMOD,7867131,Soil organic carbon models need independent time-series validation for reliable prediction,Julia Le Noë,"<p>Supplementary Data 1 to the paper: Soil organic carbon models need independent time-series validation for reliable prediction</p>

<p>By: Le No&euml;, J., Manzoni, S., Abramoff, R.Z., B&ouml;lscher, T., Bruni, E., Cardinael, R., Ciais, P., Chenu, C., Clivot, H., Derrien, D., Ferchaud, F., Garnier, P., Goll, D., Lashermes, G., Martin, M.P., Rasse, D., Rees, F., Sainte-Marie, J., Salmon, E., Schiedung, M., Schimel, J., Wieder, W.R., Abiven, S., Barr&eacute;, P., C&eacute;cillon, L., Guenet, B.</p>",2023-04-26 11:41:29.508055+00:00,10.5281/zenodo.7867131,2023
Zenodo,Fabien Ferchaud,CANETE,7867131,Soil organic carbon models need independent time-series validation for reliable prediction,Julia Le Noë,"<p>Supplementary Data 1 to the paper: Soil organic carbon models need independent time-series validation for reliable prediction</p>

<p>By: Le No&euml;, J., Manzoni, S., Abramoff, R.Z., B&ouml;lscher, T., Bruni, E., Cardinael, R., Ciais, P., Chenu, C., Clivot, H., Derrien, D., Ferchaud, F., Garnier, P., Goll, D., Lashermes, G., Martin, M.P., Rasse, D., Rees, F., Sainte-Marie, J., Salmon, E., Schiedung, M., Schimel, J., Wieder, W.R., Abiven, S., Barr&eacute;, P., C&eacute;cillon, L., Guenet, B.</p>",2023-04-26 11:41:29.508055+00:00,10.5281/zenodo.7867131,2023
Zenodo,Bertrand Guenet,ALAMOD,7867131,Soil organic carbon models need independent time-series validation for reliable prediction,Julia Le Noë,"<p>Supplementary Data 1 to the paper: Soil organic carbon models need independent time-series validation for reliable prediction</p>

<p>By: Le No&euml;, J., Manzoni, S., Abramoff, R.Z., B&ouml;lscher, T., Bruni, E., Cardinael, R., Ciais, P., Chenu, C., Clivot, H., Derrien, D., Ferchaud, F., Garnier, P., Goll, D., Lashermes, G., Martin, M.P., Rasse, D., Rees, F., Sainte-Marie, J., Salmon, E., Schiedung, M., Schimel, J., Wieder, W.R., Abiven, S., Barr&eacute;, P., C&eacute;cillon, L., Guenet, B.</p>",2023-04-26 11:41:29.508055+00:00,10.5281/zenodo.7867131,2023
Zenodo,Fabien Ferchaud,ALAMOD,7867131,Soil organic carbon models need independent time-series validation for reliable prediction,Julia Le Noë,"<p>Supplementary Data 1 to the paper: Soil organic carbon models need independent time-series validation for reliable prediction</p>

<p>By: Le No&euml;, J., Manzoni, S., Abramoff, R.Z., B&ouml;lscher, T., Bruni, E., Cardinael, R., Ciais, P., Chenu, C., Clivot, H., Derrien, D., Ferchaud, F., Garnier, P., Goll, D., Lashermes, G., Martin, M.P., Rasse, D., Rees, F., Sainte-Marie, J., Salmon, E., Schiedung, M., Schimel, J., Wieder, W.R., Abiven, S., Barr&eacute;, P., C&eacute;cillon, L., Guenet, B.</p>",2023-04-26 11:41:29.508055+00:00,10.5281/zenodo.7867131,2023
Zenodo,Claire Chenu,ALAMOD,7867131,Soil organic carbon models need independent time-series validation for reliable prediction,Julia Le Noë,"<p>Supplementary Data 1 to the paper: Soil organic carbon models need independent time-series validation for reliable prediction</p>

<p>By: Le No&euml;, J., Manzoni, S., Abramoff, R.Z., B&ouml;lscher, T., Bruni, E., Cardinael, R., Ciais, P., Chenu, C., Clivot, H., Derrien, D., Ferchaud, F., Garnier, P., Goll, D., Lashermes, G., Martin, M.P., Rasse, D., Rees, F., Sainte-Marie, J., Salmon, E., Schiedung, M., Schimel, J., Wieder, W.R., Abiven, S., Barr&eacute;, P., C&eacute;cillon, L., Guenet, B.</p>",2023-04-26 11:41:29.508055+00:00,10.5281/zenodo.7867131,2023
Zenodo,Hugues Clivot,CANETE,7867131,Soil organic carbon models need independent time-series validation for reliable prediction,Julia Le Noë,"<p>Supplementary Data 1 to the paper: Soil organic carbon models need independent time-series validation for reliable prediction</p>

<p>By: Le No&euml;, J., Manzoni, S., Abramoff, R.Z., B&ouml;lscher, T., Bruni, E., Cardinael, R., Ciais, P., Chenu, C., Clivot, H., Derrien, D., Ferchaud, F., Garnier, P., Goll, D., Lashermes, G., Martin, M.P., Rasse, D., Rees, F., Sainte-Marie, J., Salmon, E., Schiedung, M., Schimel, J., Wieder, W.R., Abiven, S., Barr&eacute;, P., C&eacute;cillon, L., Guenet, B.</p>",2023-04-26 11:41:29.508055+00:00,10.5281/zenodo.7867131,2023
Zenodo,Delphine Derrien,CANETE,7867131,Soil organic carbon models need independent time-series validation for reliable prediction,Julia Le Noë,"<p>Supplementary Data 1 to the paper: Soil organic carbon models need independent time-series validation for reliable prediction</p>

<p>By: Le No&euml;, J., Manzoni, S., Abramoff, R.Z., B&ouml;lscher, T., Bruni, E., Cardinael, R., Ciais, P., Chenu, C., Clivot, H., Derrien, D., Ferchaud, F., Garnier, P., Goll, D., Lashermes, G., Martin, M.P., Rasse, D., Rees, F., Sainte-Marie, J., Salmon, E., Schiedung, M., Schimel, J., Wieder, W.R., Abiven, S., Barr&eacute;, P., C&eacute;cillon, L., Guenet, B.</p>",2023-04-26 11:41:29.508055+00:00,10.5281/zenodo.7867131,2023
Zenodo,Gwenaëlle Lashermes,CANETE,7867131,Soil organic carbon models need independent time-series validation for reliable prediction,Julia Le Noë,"<p>Supplementary Data 1 to the paper: Soil organic carbon models need independent time-series validation for reliable prediction</p>

<p>By: Le No&euml;, J., Manzoni, S., Abramoff, R.Z., B&ouml;lscher, T., Bruni, E., Cardinael, R., Ciais, P., Chenu, C., Clivot, H., Derrien, D., Ferchaud, F., Garnier, P., Goll, D., Lashermes, G., Martin, M.P., Rasse, D., Rees, F., Sainte-Marie, J., Salmon, E., Schiedung, M., Schimel, J., Wieder, W.R., Abiven, S., Barr&eacute;, P., C&eacute;cillon, L., Guenet, B.</p>",2023-04-26 11:41:29.508055+00:00,10.5281/zenodo.7867131,2023
Zenodo,Frederic Rees,RhizoSeqC,7867131,Soil organic carbon models need independent time-series validation for reliable prediction,Julia Le Noë,"<p>Supplementary Data 1 to the paper: Soil organic carbon models need independent time-series validation for reliable prediction</p>

<p>By: Le No&euml;, J., Manzoni, S., Abramoff, R.Z., B&ouml;lscher, T., Bruni, E., Cardinael, R., Ciais, P., Chenu, C., Clivot, H., Derrien, D., Ferchaud, F., Garnier, P., Goll, D., Lashermes, G., Martin, M.P., Rasse, D., Rees, F., Sainte-Marie, J., Salmon, E., Schiedung, M., Schimel, J., Wieder, W.R., Abiven, S., Barr&eacute;, P., C&eacute;cillon, L., Guenet, B.</p>",2023-04-26 11:41:29.508055+00:00,10.5281/zenodo.7867131,2023
Zenodo,Delphine Derrien,RhizoSeqC,7867131,Soil organic carbon models need independent time-series validation for reliable prediction,Julia Le Noë,"<p>Supplementary Data 1 to the paper: Soil organic carbon models need independent time-series validation for reliable prediction</p>

<p>By: Le No&euml;, J., Manzoni, S., Abramoff, R.Z., B&ouml;lscher, T., Bruni, E., Cardinael, R., Ciais, P., Chenu, C., Clivot, H., Derrien, D., Ferchaud, F., Garnier, P., Goll, D., Lashermes, G., Martin, M.P., Rasse, D., Rees, F., Sainte-Marie, J., Salmon, E., Schiedung, M., Schimel, J., Wieder, W.R., Abiven, S., Barr&eacute;, P., C&eacute;cillon, L., Guenet, B.</p>",2023-04-26 11:41:29.508055+00:00,10.5281/zenodo.7867131,2023
Zenodo,Samuel Abiven,RhizoSeqC,7867131,Soil organic carbon models need independent time-series validation for reliable prediction,Julia Le Noë,"<p>Supplementary Data 1 to the paper: Soil organic carbon models need independent time-series validation for reliable prediction</p>

<p>By: Le No&euml;, J., Manzoni, S., Abramoff, R.Z., B&ouml;lscher, T., Bruni, E., Cardinael, R., Ciais, P., Chenu, C., Clivot, H., Derrien, D., Ferchaud, F., Garnier, P., Goll, D., Lashermes, G., Martin, M.P., Rasse, D., Rees, F., Sainte-Marie, J., Salmon, E., Schiedung, M., Schimel, J., Wieder, W.R., Abiven, S., Barr&eacute;, P., C&eacute;cillon, L., Guenet, B.</p>",2023-04-26 11:41:29.508055+00:00,10.5281/zenodo.7867131,2023
Zenodo,Julien Sainte-Marie,CANETE,7867131,Soil organic carbon models need independent time-series validation for reliable prediction,Julia Le Noë,"<p>Supplementary Data 1 to the paper: Soil organic carbon models need independent time-series validation for reliable prediction</p>

<p>By: Le No&euml;, J., Manzoni, S., Abramoff, R.Z., B&ouml;lscher, T., Bruni, E., Cardinael, R., Ciais, P., Chenu, C., Clivot, H., Derrien, D., Ferchaud, F., Garnier, P., Goll, D., Lashermes, G., Martin, M.P., Rasse, D., Rees, F., Sainte-Marie, J., Salmon, E., Schiedung, M., Schimel, J., Wieder, W.R., Abiven, S., Barr&eacute;, P., C&eacute;cillon, L., Guenet, B.</p>",2023-04-26 11:41:29.508055+00:00,10.5281/zenodo.7867131,2023
Zenodo,Pierre Barré,ALAMOD,7867131,Soil organic carbon models need independent time-series validation for reliable prediction,Julia Le Noë,"<p>Supplementary Data 1 to the paper: Soil organic carbon models need independent time-series validation for reliable prediction</p>

<p>By: Le No&euml;, J., Manzoni, S., Abramoff, R.Z., B&ouml;lscher, T., Bruni, E., Cardinael, R., Ciais, P., Chenu, C., Clivot, H., Derrien, D., Ferchaud, F., Garnier, P., Goll, D., Lashermes, G., Martin, M.P., Rasse, D., Rees, F., Sainte-Marie, J., Salmon, E., Schiedung, M., Schimel, J., Wieder, W.R., Abiven, S., Barr&eacute;, P., C&eacute;cillon, L., Guenet, B.</p>",2023-04-26 11:41:29.508055+00:00,10.5281/zenodo.7867131,2023
Zenodo,Bertrand Guenet,CANETE,7867131,Soil organic carbon models need independent time-series validation for reliable prediction,Julia Le Noë,"<p>Supplementary Data 1 to the paper: Soil organic carbon models need independent time-series validation for reliable prediction</p>

<p>By: Le No&euml;, J., Manzoni, S., Abramoff, R.Z., B&ouml;lscher, T., Bruni, E., Cardinael, R., Ciais, P., Chenu, C., Clivot, H., Derrien, D., Ferchaud, F., Garnier, P., Goll, D., Lashermes, G., Martin, M.P., Rasse, D., Rees, F., Sainte-Marie, J., Salmon, E., Schiedung, M., Schimel, J., Wieder, W.R., Abiven, S., Barr&eacute;, P., C&eacute;cillon, L., Guenet, B.</p>",2023-04-26 11:41:29.508055+00:00,10.5281/zenodo.7867131,2023
Zenodo,Gwenaëlle Lashermes,ALAMOD,7867131,Soil organic carbon models need independent time-series validation for reliable prediction,Julia Le Noë,"<p>Supplementary Data 1 to the paper: Soil organic carbon models need independent time-series validation for reliable prediction</p>

<p>By: Le No&euml;, J., Manzoni, S., Abramoff, R.Z., B&ouml;lscher, T., Bruni, E., Cardinael, R., Ciais, P., Chenu, C., Clivot, H., Derrien, D., Ferchaud, F., Garnier, P., Goll, D., Lashermes, G., Martin, M.P., Rasse, D., Rees, F., Sainte-Marie, J., Salmon, E., Schiedung, M., Schimel, J., Wieder, W.R., Abiven, S., Barr&eacute;, P., C&eacute;cillon, L., Guenet, B.</p>",2023-04-26 11:41:29.508055+00:00,10.5281/zenodo.7867131,2023
Zenodo,Rémi Cardinael,CrosyeN,7867131,Soil organic carbon models need independent time-series validation for reliable prediction,Julia Le Noë,"<p>Supplementary Data 1 to the paper: Soil organic carbon models need independent time-series validation for reliable prediction</p>

<p>By: Le No&euml;, J., Manzoni, S., Abramoff, R.Z., B&ouml;lscher, T., Bruni, E., Cardinael, R., Ciais, P., Chenu, C., Clivot, H., Derrien, D., Ferchaud, F., Garnier, P., Goll, D., Lashermes, G., Martin, M.P., Rasse, D., Rees, F., Sainte-Marie, J., Salmon, E., Schiedung, M., Schimel, J., Wieder, W.R., Abiven, S., Barr&eacute;, P., C&eacute;cillon, L., Guenet, B.</p>",2023-04-26 11:41:29.508055+00:00,10.5281/zenodo.7867131,2023
Zenodo,Julia Le Noë,SLAM-B,7867131,Soil organic carbon models need independent time-series validation for reliable prediction,Julia Le Noë,"<p>Supplementary Data 1 to the paper: Soil organic carbon models need independent time-series validation for reliable prediction</p>

<p>By: Le No&euml;, J., Manzoni, S., Abramoff, R.Z., B&ouml;lscher, T., Bruni, E., Cardinael, R., Ciais, P., Chenu, C., Clivot, H., Derrien, D., Ferchaud, F., Garnier, P., Goll, D., Lashermes, G., Martin, M.P., Rasse, D., Rees, F., Sainte-Marie, J., Salmon, E., Schiedung, M., Schimel, J., Wieder, W.R., Abiven, S., Barr&eacute;, P., C&eacute;cillon, L., Guenet, B.</p>",2023-04-26 11:41:29.508055+00:00,10.5281/zenodo.7867131,2023
Zenodo,Hugues Clivot,SLAM-B,7867131,Soil organic carbon models need independent time-series validation for reliable prediction,Julia Le Noë,"<p>Supplementary Data 1 to the paper: Soil organic carbon models need independent time-series validation for reliable prediction</p>

<p>By: Le No&euml;, J., Manzoni, S., Abramoff, R.Z., B&ouml;lscher, T., Bruni, E., Cardinael, R., Ciais, P., Chenu, C., Clivot, H., Derrien, D., Ferchaud, F., Garnier, P., Goll, D., Lashermes, G., Martin, M.P., Rasse, D., Rees, F., Sainte-Marie, J., Salmon, E., Schiedung, M., Schimel, J., Wieder, W.R., Abiven, S., Barr&eacute;, P., C&eacute;cillon, L., Guenet, B.</p>",2023-04-26 11:41:29.508055+00:00,10.5281/zenodo.7867131,2023
Zenodo,Julia Le Noë,ALAMOD,7867131,Soil organic carbon models need independent time-series validation for reliable prediction,Julia Le Noë,"<p>Supplementary Data 1 to the paper: Soil organic carbon models need independent time-series validation for reliable prediction</p>

<p>By: Le No&euml;, J., Manzoni, S., Abramoff, R.Z., B&ouml;lscher, T., Bruni, E., Cardinael, R., Ciais, P., Chenu, C., Clivot, H., Derrien, D., Ferchaud, F., Garnier, P., Goll, D., Lashermes, G., Martin, M.P., Rasse, D., Rees, F., Sainte-Marie, J., Salmon, E., Schiedung, M., Schimel, J., Wieder, W.R., Abiven, S., Barr&eacute;, P., C&eacute;cillon, L., Guenet, B.</p>",2023-04-26 11:41:29.508055+00:00,10.5281/zenodo.7867131,2023
Zenodo,Nuno Carvalhais,DEEP-C,7813179,Data sets used in Lee et al. (2023),Hoontaek Lee,"<p>Model simulations and processed data sets&nbsp;used in&nbsp;Lee, H., Jung, M., Carvalhais, N., Trautmann, T., Kraft, B., Reichstein, M., Forkel, M., and Koirala, S.: Diagnosing modeling errors of global terrestrial water storage interannual variability, Hydrol. Earth Syst. Sci. Discuss. [preprint], https://doi.org/10.5194/hess-2022-284, in review, 2022.</p>",2023-04-11 16:30:21.978189+00:00,10.5281/zenodo.7813179,2023
Zenodo,Philippe Ciais,DEEP-C,7811348,Novel cropping system strategies in China can increase plant protein with higher economic value but lower greenhouse gas emissions and water use,Lichang Yin,"<p>&nbsp; &nbsp; This database contains the average crop residue, manure nitrogen, manure organic carbon, net greenhouse gas emissions, and cropland area for 17 cropping systems at prefecture level during the period 2014-2018. In addition, it contained the changes of net greenhouse gas emissions caused by the optimization at prefecture level and province level.</p>

<p>&nbsp; &nbsp; We also shared the key code for optimizing cropping systems at prefecture level and provided the all data. Users can run it the Matlab platform.</p>",2023-04-09 05:14:16.556536+00:00,10.5281/zenodo.7811348,2023
Zenodo,Nicolas Barbier,RIFT,7787640,"Datasets used for the publication: UAV-Lidar reveals that canopy structure mediates the influence of edge effects on forest diversity, function and microclimate","Grégoire Blanchard, Nicolas Barbier, Ghislain Vieilledent, Thomas Ibanez, Vanessa Hequet, Stéphane McCoy, Philippe Birnbaum","<p>Datasets used for the publication: UAV-Lidar reveals that canopy structure mediates the influence of edge effects on forest diversity, function and microclimate.</p>

<p>The file &quot;Blanchard_et_al_JoE_2023_data_plot_trees.csv&quot; contains individual tree indentification data for the 46 plots used in the study.</p>

<p>The file &quot;Blanchard_et_al_JoE_2023_data_plot_aggregated.csv&quot; contains plot-level aggregated metrics used for the analyses:</p>

<p>- distance to the forest edge</p>

<p>- diversity&nbsp;indices : the 20-sp rarefied species richness &quot;rar_sp_richness_20&quot; and the 20-sp rarefied Beta diversity &quot;Beta_div&quot; which corresponds to the plos coordinates on the PCoA first axis.</p>

<p>-&nbsp;functional indices: the community weighted mean trait values for the four traits used in this study :&nbsp;,&quot;WD&quot;,&quot;SLA&quot;,&quot;LA&quot;,&quot;LDMC&quot;;&nbsp;the fonctional divergence index&nbsp;&quot;FD_trans.FDiv&quot;; and&nbsp;the synthetic community weigthed mean trait wich corresponds to the postion on plots on the principal component analysis of species trait values &quot;Functional_composition_trans&quot;. Note that&nbsp;the&nbsp;SLA and LA values were log-transformed before computing&nbsp;&quot;FD_trans.FDiv&quot; and &quot;Functional_composition_trans&quot;.</p>

<p>- UAV-LiDAR-dervived&nbsp;metrics: canopy height, gap fraction (&quot;gap_fraction2&quot;), slope, curvature</p>

<p>- The estimated plot above graound biomass &quot;agb_plot&quot;, and the mean value of the vapor pressure deficit during the drisest month &quot;max_monthly_VPD&quot;.</p>

<p>- coordinates of the plots in UTM 58S (Coordinate reference system)</p>

<p>Please&nbsp;read&nbsp;the material and method section of the article for more informations on this dataset.</p>",2023-04-02 23:23:55.122279+00:00,10.5281/zenodo.7787640,2023
Zenodo,Xavier Raynaud,CANETE,7775716,sintefmath/Jutul.jl: v0.2.1,Olav Møyner,"Jutul v0.2.1
<p>Fix tests breaking with --check-bounds=yes</p>
<p><a href=""https://github.com/sintefmath/Jutul.jl/compare/v0.2.0...v0.2.1"">Diff since v0.2.0</a></p>",2023-03-27 19:04:49.870608+00:00,10.5281/zenodo.7775716,2023
Zenodo,Xavier Raynaud,PEACE,7775716,sintefmath/Jutul.jl: v0.2.1,Olav Møyner,"Jutul v0.2.1
<p>Fix tests breaking with --check-bounds=yes</p>
<p><a href=""https://github.com/sintefmath/Jutul.jl/compare/v0.2.0...v0.2.1"">Diff since v0.2.0</a></p>",2023-03-27 19:04:49.870608+00:00,10.5281/zenodo.7775716,2023
Zenodo,Xavier Raynaud,PEACE,7775715,sintefmath/Jutul.jl: v0.2.3,Olav Møyner,"Jutul v0.2.3
<p><a href=""https://github.com/sintefmath/Jutul.jl/compare/v0.2.2...v0.2.3"">Diff since v0.2.2</a></p>
<p><strong>Closed issues:</strong></p>
<ul>
<li>Jacobian with respect to initial state (#25)</li>
</ul>
<p><strong>Merged pull requests:</strong></p>
<ul>
<li>Rework discretization etc to use new DataDomain type (#26) (@moyner)</li>
</ul>",2023-03-27 19:04:47.980444+00:00,10.5281/zenodo.7775715,2023
Zenodo,Xavier Raynaud,CANETE,7775715,sintefmath/Jutul.jl: v0.2.3,Olav Møyner,"Jutul v0.2.3
<p><a href=""https://github.com/sintefmath/Jutul.jl/compare/v0.2.2...v0.2.3"">Diff since v0.2.2</a></p>
<p><strong>Closed issues:</strong></p>
<ul>
<li>Jacobian with respect to initial state (#25)</li>
</ul>
<p><strong>Merged pull requests:</strong></p>
<ul>
<li>Rework discretization etc to use new DataDomain type (#26) (@moyner)</li>
</ul>",2023-03-27 19:04:47.980444+00:00,10.5281/zenodo.7775715,2023
Zenodo,Xavier Raynaud,CANETE,7775709,sintefmath/Jutul.jl: v0.1.7,Olav Møyner,"Jutul v0.1.7
<p><a href=""https://github.com/sintefmath/Jutul.jl/compare/v0.1.6...v0.1.7"">Diff since v0.1.6</a></p>
<p><strong>Merged pull requests:</strong></p>
<ul>
<li>Update from dev branch (#20) (@moyner)</li>
</ul>",2023-03-27 19:04:47.494804+00:00,10.5281/zenodo.7775709,2023
Zenodo,Xavier Raynaud,PEACE,7775709,sintefmath/Jutul.jl: v0.1.7,Olav Møyner,"Jutul v0.1.7
<p><a href=""https://github.com/sintefmath/Jutul.jl/compare/v0.1.6...v0.1.7"">Diff since v0.1.6</a></p>
<p><strong>Merged pull requests:</strong></p>
<ul>
<li>Update from dev branch (#20) (@moyner)</li>
</ul>",2023-03-27 19:04:47.494804+00:00,10.5281/zenodo.7775709,2023
Zenodo,Xavier Raynaud,CANETE,7775707,sintefmath/Jutul.jl: v0.1.6,Olav Møyner,"Jutul v0.1.6
<p><a href=""https://github.com/sintefmath/Jutul.jl/compare/v0.1.5...v0.1.6"">Diff since v0.1.5</a></p>",2023-03-27 19:04:46.146211+00:00,10.5281/zenodo.7775707,2023
Zenodo,Xavier Raynaud,PEACE,7775707,sintefmath/Jutul.jl: v0.1.6,Olav Møyner,"Jutul v0.1.6
<p><a href=""https://github.com/sintefmath/Jutul.jl/compare/v0.1.5...v0.1.6"">Diff since v0.1.5</a></p>",2023-03-27 19:04:46.146211+00:00,10.5281/zenodo.7775707,2023
Zenodo,Xavier Raynaud,PEACE,7775705,sintefmath/Jutul.jl: v0.1.5,Olav Møyner,"Jutul v0.1.5
<p><a href=""https://github.com/sintefmath/Jutul.jl/compare/v0.1.4...v0.1.5"">Diff since v0.1.4</a></p>",2023-03-27 19:04:45.887964+00:00,10.5281/zenodo.7775705,2023
Zenodo,Xavier Raynaud,CANETE,7775705,sintefmath/Jutul.jl: v0.1.5,Olav Møyner,"Jutul v0.1.5
<p><a href=""https://github.com/sintefmath/Jutul.jl/compare/v0.1.4...v0.1.5"">Diff since v0.1.4</a></p>",2023-03-27 19:04:45.887964+00:00,10.5281/zenodo.7775705,2023
Zenodo,Xavier Raynaud,PEACE,7775703,sintefmath/Jutul.jl: v0.1.4,Olav Møyner,"Jutul v0.1.4
<p><a href=""https://github.com/sintefmath/Jutul.jl/compare/v0.1.3...v0.1.4"">Diff since v0.1.3</a></p>",2023-03-27 19:04:45.566421+00:00,10.5281/zenodo.7775703,2023
Zenodo,Xavier Raynaud,CANETE,7775703,sintefmath/Jutul.jl: v0.1.4,Olav Møyner,"Jutul v0.1.4
<p><a href=""https://github.com/sintefmath/Jutul.jl/compare/v0.1.3...v0.1.4"">Diff since v0.1.3</a></p>",2023-03-27 19:04:45.566421+00:00,10.5281/zenodo.7775703,2023
Zenodo,Xavier Raynaud,CANETE,7775701,sintefmath/Jutul.jl: v0.1.2,Olav Møyner,"Jutul v0.1.2
<p><a href=""https://github.com/sintefmath/Jutul.jl/compare/v0.1.1...v0.1.2"">Diff since v0.1.1</a></p>",2023-03-27 19:04:45.442168+00:00,10.5281/zenodo.7775701,2023
Zenodo,Xavier Raynaud,PEACE,7775701,sintefmath/Jutul.jl: v0.1.2,Olav Møyner,"Jutul v0.1.2
<p><a href=""https://github.com/sintefmath/Jutul.jl/compare/v0.1.1...v0.1.2"">Diff since v0.1.1</a></p>",2023-03-27 19:04:45.442168+00:00,10.5281/zenodo.7775701,2023
Zenodo,Xavier Raynaud,CANETE,7775699,sintefmath/Jutul.jl: v0.1.3,Olav Møyner,"Jutul v0.1.3
<p><a href=""https://github.com/sintefmath/Jutul.jl/compare/v0.1.2...v0.1.3"">Diff since v0.1.2</a></p>",2023-03-27 19:04:45.236876+00:00,10.5281/zenodo.7775699,2023
Zenodo,Xavier Raynaud,PEACE,7775699,sintefmath/Jutul.jl: v0.1.3,Olav Møyner,"Jutul v0.1.3
<p><a href=""https://github.com/sintefmath/Jutul.jl/compare/v0.1.2...v0.1.3"">Diff since v0.1.2</a></p>",2023-03-27 19:04:45.236876+00:00,10.5281/zenodo.7775699,2023
Zenodo,Xavier Raynaud,CANETE,7775697,sintefmath/Jutul.jl: v0.1.1,Olav Møyner,"Jutul v0.1.1
<p><strong>Closed issues:</strong></p>
<ul>
<li>TagBot trigger issue (#15)</li>
</ul>
<p><strong>Merged pull requests:</strong></p>
<ul>
<li>Change type of reference densities (rhoVS and rhoLS) to Float64  (#1) (@kjetilly)</li>
<li>CPR, linear solver fixes and some CUDA work (#2) (@moyner)</li>
<li>WIP: Add battery implementation (#3) (@moyner)</li>
<li>Fix CUDA capability and some other updates (#4) (@moyner)</li>
<li>Rename unit -&gt; entity (#5) (@moyner)</li>
<li>Plots (#6) (@moyner)</li>
<li>Compositional solvers (#7) (@moyner)</li>
<li>Domain decomposition fixes (#8) (@moyner)</li>
<li>Add three-phase compositional (#10) (@moyner)</li>
<li>Add basic blackoil support (#11) (@moyner)</li>
<li>Split code into modules (#12) (@moyner)</li>
<li>Csr (#13) (@moyner)</li>
<li>Generalized AD (#14) (@moyner)</li>
<li>Refactor parameter logic (#16) (@moyner)</li>
<li>Add in simple gradient support (#17) (@moyner)</li>
</ul>",2023-03-27 19:04:45.088334+00:00,10.5281/zenodo.7775697,2023
Zenodo,Xavier Raynaud,PEACE,7775697,sintefmath/Jutul.jl: v0.1.1,Olav Møyner,"Jutul v0.1.1
<p><strong>Closed issues:</strong></p>
<ul>
<li>TagBot trigger issue (#15)</li>
</ul>
<p><strong>Merged pull requests:</strong></p>
<ul>
<li>Change type of reference densities (rhoVS and rhoLS) to Float64  (#1) (@kjetilly)</li>
<li>CPR, linear solver fixes and some CUDA work (#2) (@moyner)</li>
<li>WIP: Add battery implementation (#3) (@moyner)</li>
<li>Fix CUDA capability and some other updates (#4) (@moyner)</li>
<li>Rename unit -&gt; entity (#5) (@moyner)</li>
<li>Plots (#6) (@moyner)</li>
<li>Compositional solvers (#7) (@moyner)</li>
<li>Domain decomposition fixes (#8) (@moyner)</li>
<li>Add three-phase compositional (#10) (@moyner)</li>
<li>Add basic blackoil support (#11) (@moyner)</li>
<li>Split code into modules (#12) (@moyner)</li>
<li>Csr (#13) (@moyner)</li>
<li>Generalized AD (#14) (@moyner)</li>
<li>Refactor parameter logic (#16) (@moyner)</li>
<li>Add in simple gradient support (#17) (@moyner)</li>
</ul>",2023-03-27 19:04:45.088334+00:00,10.5281/zenodo.7775697,2023
Zenodo,Catherine Fernandez,Drought for C,7741866,ICTMC 2022: 6th International Clinical Trials Methodology Conference -- book of abstracts,"Sydes, Matthew","<p>===Book of abstracts for ICTMC 2022: 6th International Clinical Trials and Methodology Conference===</p>

<p>Abstract authors:&nbsp;Dag Aarsland; Hanna Abraham; Jean Abraham; Janine Abrahamson; Juul Achten; Richard Adams; Joy Adamson; Ayoola Ademola; Bipin Adhikari; Amanda Adler; Fiona Adshead; Arnav Agarwal; Magda Aguiar; Elayne Ahern; Isma Ahmed; Norin Ahmed; Rashida Ahmed; Sadia Ahmed; Saiam Ahmed; Gemma Ainsworth; Jennifer Airlie; Olalekan Lee Aiyegbusi; Thankamma Ajithkumar; Murad Alam; Zaki Suleiman Albelbisi; Charlotte Albury; Sarah L Alderson; Sarah Alexander; Parvinder K Aley; Myzoon Ali; Raza Alikhan; Richard Allan; David Alldred; Christopher Allen; Saleh A Almazam; Mohammed Almekhlafi; Peter Almgren; Rustam Al-Shahi Salman; Jalemba Aluvaala; Annee Amjad; Alain Amstutz; Alain Amstuzt; Jenny Anderson; Nicola Anderson; Georgios Antoniou; Yoshitaka Aoki; Duncan Appelbe; John Apps; Catherine Ardundel; Alejandro Arenas-Pinto; Maria Aresu; Shabina Ariff; Jane Armitage; Lindsay Armstrong-Buisseret; Catherine Arundel; Theodoros N Arvanitis; Diptesh Aryal; Polly-anna Ashford; Ryan Ashford; Kate Ashton; Julie Ashworth; Amrita Athwal; Simon Aum&ocirc;nier; Kerry Avery; Kerry Avery; Kerry NL Avery; Salma Ayis; Augusto Azuara-Blanco; Danila Azzolina; Daphne Babalis; Michael R Backhouse; Matthew Bailey; Kenneth Baillie; Richard Baird; Amy Baker; Arabella Baker; Fouzi Bala; Saba P Balasubramanian; Ileana Baldi; Mandy Ballinger; Jonathan Bamber; Jenni Banks; Nick Bansback; Yihan Bao; Sarah Baos; Stuart Barber; Megan Barlow-Pay; Adam Barrett; Nicola Barrie; Heather Barrington; Y Kiera Bartlett; Elisa Basso; Jonathan Batchelor; Jonathan M Batchelor; Rachel Batchelor; Janine Bates; Philip M Bath; Leona Batten; Malcolm R Battin; Beth Beadle; Abi Beane; David J Beard; Lucy Beasant; Matthew Beasley; Susan Beatty; Jennifer Beckett; Jacqueline Beckhelling; Nicholas Beckley-Hoelscher; Alun Bedding; Emma Bedson; Carol Bedwell; Elizabeth Beech; Claire Beecher; Rabiah Begum; Hilary Bekker; Katie Belfield; Jennifer Bell; Lauren Bell; Elaine Beller; Chiara Bellucci; Jonathan Benger; Tina Bennett; Paola Berchialla; Jules Beresford-Dent; Jeffrey Berger; Sarah Berhane; Caitlin Bernard; Lisa Bero; Dan Berry; Wendy Bertram; Ashley Best; Catherine Best; Sara Betzhold; Scott Bevan; Judy Beveridge; Fenella Beynon; Vishal Bhatnagar; Amit Bhattarai; Sagida Bibi; Barbara E Bierer; Linda Biesty; Alice Biggane; Katie Biggs; Giovanni Biglino; Petra Bijsterveld; Lucinda Billingham; Laurent Jacques Billot; Megan Birchenall; Giles M Birchley; Katie Biscombe; Felicity L Bishop; Jon Bishop; Liam Bishop; Mark Bishton; Brigitte Bison; James Blackstone; Bronagh Blackwood; Pete Blair; Holly Blake; Pierre Blanchard; Marco H Blanker; Amanda Blatch-Jones; Jane Blazeby; Jane Blazeby; Jane M Blazeby; Natalie Blencowe; Natalie S Blencowe; Judith Bliss; Judith Bliss; Frank H Bloomfield; Anette Bl&uuml;mle; Keith Bodger; Chris Bojke; Jessica Bollen; W Bolton; Simon Bond; Alison Booth; Katie Booth; Catherine Borra; Andrew Bottomley; Stephanie Boughton; Liam Bourke; Elli Bourmpaki; Isabelle Boutron; Jack Bowden; Peter Bower; Hannah Bowers; Louise Bowman; Simon J Bowman; Sabine Braat; Karen Bracken; Mike Bradburn; Ellen Bradley; Helen Bradley; Lucy Bradshaw; Conan Brady; Marian C Brady; Kate Brain; Marie Braisher; Janice Branson; Claire Bratt; Amanda Bravery; Christopher D Brawley; Jack Brazier; Sophie Breeze; Alan Brennan; Cathy Brennan; Joseph Brennan; Paul Brennan; Moniek Nelleke Bresser; Gretchen Brewer; Sarah Bridges; Matthias Briel; Rachel Brierley; Kristian Brock; Kristian Brock; Kieran Bromley; Sue Brook; Cassandra Brookes; Jody Brookes; Matthew Brookes; Alanna Brown; Julia Brown; Louise Brown; Sarah Brown; Sarah T Brown; Cydney Louise Bruce; Hanne Bruhn; Hanne Bruhn; Dan Brunsdon; Hanna Bryant; Anne Buckle; Peter Buckle; Brian Buckley; Saraswati Budhathoki; Shyam S Sundar Budhathoki; Carol Bugge; Helen Bulbeck; Richard Bulbulia; Tiasha Burch; Abigail Burdon; Rochelle A Burgess; Nikita N Burke; Matthew Burnell; Eva Burnett; Stephanie Burnett; Lorna Burns; Steph Burns; Girvan Burnside; Matthew Bursnall; Matthew Burt; Christopher Burton; James O Burton; Bhavin Busa; Jason W Busse; Monica Busse; Christopher C Butler; Roeum Butt; Elaine W Butterly; Kate Button; Jacqueline Buxton; Anthony Byrne; Christie Cabral; Fay Cafferty; David Cairns; Joanne Calder; Melanie Calvert; Melanie J Calvert; Ailsa Cameron; Amy Campbell; John Campbell; Lisa Campbell; Marion Campbell; Mark Campbell; Michael J Campbell; Joanna Canham; Rebecca Cannings-John; Liberty Cantrell; Angela Cape; Taylor Capey; Heike Cappel-Porter; Alessandra Cardinali; Aaron Carlile; James R Carpenter; Ewan Carr; Rachel Carr; Rachel Margaret Carr; Neil Carragher; Kym Carter; Rufus Cartwright; Fergus Caskey; Marica Cassarino; Lana Castellucci; Mark Caulfield; Matthew Chaddock; Trudie Chalder; Anthony Chalmers; Mary Chambers; An-Wen Chan; Siddharthan Chandran; Ho Quang Chanh; Paul Channon; Caroline Chapman; Michael Chapman; Jeremy Chataway; Robin Chatters; Versha Cheed; Katie Chegwin; Chen Chen; Qianji Chen; Tao Chen; Ziming Chen; Zhaoxi Cheng; Svetlana (Sarah) Cherlin; Mary G Cherry; Victoria Chester; Mae Chester-Jones; May Chester-Jones; Stephen E Chick; Sarah Chinchen; Fay Chinnery; Anca Chis Ster; Anca Maria Chis Ster; Valentina Chminazzo; Babak Choodari-Oskooei; Avirup Chowdhury; Fatimah Jannat Chowdhury; Loraine Luise Chowdhury; Edward Christopher; David Chuter; Oriana Ciani; Silvia Cicconi; Alejandra Clark; Jane Clark; Joseph Clark; Laura Clark; Joanne Clarke; Michael J Clarke; Laura Clayton; Tim Clayton; Andrew Clegg; John Cleland; Clare Clement; Francesca Clemons; David Clifton; Jane Cloke; Madeleine Clout; Victoria Cluley; Victoria Cluley; Madeleine Cochet; Claire Cochran; Ann Cochrane; Sarah Cockayne; Emma Cockcroft; Frans Coenen; Taylor Coffey; Judith Cohen; Judith Cohen; Christina Cole; Joseph Samuel Colecchia; Courtney Coleman; Elizabeth Coleman; Nicholas Coleman; Charlotte Coles; Clive Collett; Laura Collett; Howard Collier; Howard Collier; Tim Collier; Jane Collingwood; Gary S Collins; Michael Collins; Michelle Collinson; Michelle Collinson; Philip Collis; Shuna Colville; Rosanna Irene Comoretto; Carmel Conefrey; Zak Connan; JP Connelly; Alex Connor; Elizabeth J Conroy; Abraham Contreras; Tom Conway; Adrian D Cook; Andrew Cook; Heather Cook; Jonathon A Cook; Graham S Cooke; Haley Coong; Cindy L Cooper; Clare Cooper; Joanne Cooper; Nicola Cooper; Andrew Copas; Bethan Copsey; Belen Corbacho; Anne Corbett; Victoria Cornelius; Neil Corrigan; Matthew L Costa; Sarah Cotterill; Seonaidh Cotton; Karen Coulman; Karen D Coulman; Louise Coutts; Trevor Cox; William J Cragg; Jennifer Craig; Katherine Craig; Sarah Craig; Zoe Craig; Jenny Craigen; Sophie Cramp; Denise Cranley; Tim Cranston; Anthea Craven; Esther Crawley; Siobhan Creanor; Siobhan Creanor; Catharine Cresswell; Rosanna Cretney; Sam Crevin; Charlie Crichton; Suzie Cro; Suzie Cro; Suzie Cro; Julie Croft; Susan Cromarty; Angela M Crook; James Crouch; Susanne Cruickshank; Samantha Cruz Rivera; Lucy Culliford; Oliver Cumming; Bonnie Cundill; David Cunningham; David Currow; Nigel Curtis; Val&eacute;rie D&rsquo;Acremont; Rachael Dagnall; Rachel S Dakin; Gillian Daly; Mandy Daly; Emma Dalyrimple; Rhian Daniel; Jane Daniels; John Dark; Huong Thi Thanh Dau; Wendy Daunt; Claire Davies; Elin Haf Davies; Gwyneth Davies; Hugh Davies; Jim Davies; Loretta Davies; Philippa Davies; Edward Davis; Michael J Davis; Evan Davy; Phoebe Dawe; Phoebe Kate Dawe; Annabel Dawson; Jeremy Dawson; Florence Day; Colin Dayan; Alimu Dayimu; Floriana De Angelis; Jennifer de Bayer; Johann S de Bono; Maria DF de la Maza; Anurika P De Silva; Anna De Simoni; Philip de Whalley; Annelise Decaria; Elizabeth Deja; Joanne Del Buono; Lorenzo Del Sorbo; Hannah Delaney; Edward Deller; Melanie Dembinsky; Nikolaos Demiris; Zsofia Demjen; Eugene Dempsey; Kayleigh Dempsey; Joanna Dennett; Alastair Denniston; Shiona Denton; Jayesh Desai; Riti Desai; Michael Desborough; Sandeep Rajiv Deshmukh; Lauren Desoysa; Declan Devane; Fitri A Dewi; Paula Dhiman; Sofia Dias; Carlos Diaz-Montana; Karla Diaz-Ordaz; Joseph Dib; Joseph Dibb; Andrew P Dickens; Jon Dickson; Andreas Dietz; Munya Dimairo; Amy Din; Van Dinh Khoa; McKenzie A Dirr; Caroline Dix; Padraig Dixon; Annemarie Docherty; James Dodd; Pete Dodd; Susanna Dodd; Susie Dodd; Laura Doherty; James Doidge; Arjen M Dondorp; Rachel Donegan; Gaohong Dong; Tam Dong Thi Hoai; Chloe Donohue; Jenny L Donovan; Peter Doran; Faye Doris; Anthony Dorling; Jon Dorling; Anisha Doshi; Georgina Dotchin; Sarah Douglas; Jessica Douglas-Pugh; Alan Downs; Heather Draper; Cheney Drew; Yuanhao Du; Weisong Duan; Kushupika Dube; Kate Duffus; Jennifer Dumbleton; Jo Dumville; Anne Duncan; Eilidh Duncan; Janet Dunn; Jennifer Dunsmore; Marie-Anne Durand; Brittany Dutton; Susan J Dutton; Huynh Thi Le Duyen; Tadeas Dvorak; Kerry Dwan; Lucy Dwyer; Helen Eborall; Saskia Eddy; Kate Edgar; Adrian Edwards; Clare Edwards; Danielle Edwards; Helen-Teresa Edwards; Suzanne Edwards; Aoife M Egan; Emily Eichenholtz; Adel El Feky; Adel El Feky; Nada Elbeltagi; Diana Elbourne; Sam Eldabe; Andrew Elders; Andrew Elders; Sandra Eldridge; Jack Elkes; Kamr Elkhafer; Daisy Elliott; Jim Elliott; Lucy Elliott; Rachel Ellison; Carolyn Ells; Beatrix Elsberger; Andrew Embleton-Thirsk; Jake Emmerson; Ryo Emoto; Richard Emsley; Coralie English; Holly Ennis; Hannah Ensor; Agnes Eordogh; Hanif Esmail; Hanif Esmail; Aude Espinasse; Alex Evans; Amy Evans; Helen Evans; Jeffry Evans; Judith Evans; Mererid Evans; Rachel Evans; Richard Evans; Ruth Evans; Colin C Everett; Colin Charles Everett; Hazel A Everitt; Colleen Ewart; Victoria Exley; Khaled Ezzedine; Caroline Fairhurst; Caroline Fairhurst; Caroline Fairhusrt; Corinne Faivre-Finn; Apostolos Fakis; Petra Falkenbach; Eddy Fan; Michael Farkouh; Kate Farley; Yama Farooq Mujadidi; Barbara Farquharson; Nicola Farrar; Amanda J Farrin; Saul N Faust; Stefano Fedele; David T Felson; Elaine SHuo Feng; Luda Feng; Shuo Feng; Niall Ferguson; Alison Fergusson; Lorna Fern; Catherine Fernandez; Conrad V Fernandez; Charles Festo; Linda Fiaschi; Ines Figueiredo; Simon Finfer; Sarah Finlayson; Laura Finneran; Elaine Finucane; Nick Firth; Claire Fitzsimons; Jenny Fleming; Emily Fletcher; Heidi Fletcher; Lydia Flett; Laura Flight; Penny Flohr; Barney Flower; Samantha Flynn; Ann-Kristin Folkerts; Caroline Fong; Gordon Forbes; Gordon Forbes; Alexander C Ford; Alexander C Ford; Deborah Ford; Deborah Ford; Colin Forde; Mark Forrest; Anne Forster; Anne Forster; Martin Forster; Bethany Foster; Stephanie Foster; James Fotheringham; George Fowler; Lisa Fox; Sonia Fox; Robbie Foy; Robbie Foy; Anne Francis; Nicolas Francis; AF Frangi; Elena Frangou; Marloes Franssen; Ceri Frayne; David P French; Peter Friend; Jonathan Frost; Greg Fuller; Olivia Fulton; Beth Fylan; Chris Gale; Chris P Gale; Beverley Gallacher; Marie Galligan; Rose Galvin; Sandra Galvin; Carol Gamble; Carrol Gamble; Carrol Gamble; Carrol Gambol; Frances Game; Pooja Gandhi; Urja Gandhi; Ying Gao; Herney A Garcia-Perdomo; Heidi Gardner; Peter Gardner; Kirsty Garfield; Joy Garfitt; Patrick Garfjeld-Roberts; Amit Garg; Alessio Gargaro; Elizabeth Gargon; Claire Garnett; Stefannie Garvin; Charlotte Gaskell; Sophie Gasson; David Gathara; Daisy Mary Gaunt; Piers Gaunt; Piers Gaunt; Gus Gazzard; Kelly Gee; Alpana Ghadge; Adrian Gheorghe; Nilabh Ghosh; Mujtaba Ghulam Farooq; Daniele Giacopelli; Nguyen Thi Giang; Diana M Gibb; Johnathan Gibb; Jonathan Gibb; Emily Gibson; Eleanor Gidman; Anna Gilbert; Stephanie Gilbert; Rachael Gilberts; David Gillespie; Katie Gillies; Katie Gillies; Alexa Gillman; Steven Gilmour; Alexia Giovanazzi; Athanasios Gkekas; Eleni Gkini; Efstathia Gkioni; Tracy R Glass; Viktoria Gloy; Ari Gnanasakthy; Maureen Godfrey; Megan Goff; Kimberley Goldsmith; Ewan Goligher; Robert Golub; Rachael Gooberman-Hill; Ruth Goodall; Ruth Goodall; Kirsteen Goodman; Elizabeth Goodwin; Victoria Goodwin; Michelle Abhayawardena Goonasekera; Gosala Gopalakrishnan; Adam L Gordon; Anthony C Gordon; Kathryn Gordon; Katie Gordon; Sarah Gorst; Sarah Gorst; Sarah L Gorst; Sarah Louise Gorst; Lesley Gosden; Unice Goshomi; Joe Gough; Beatriz Goulao; Beatriz Goul&atilde;o; Doug Gould; Jenny Gould; Amit Goyal; Amit Goyal; Sheemu Goyal; Sandra Graca; Chris Graham; Sonia Gran; Richard Grant; Adam T Gray; Emma Gray; Laura Gray; Michael J Grayling; Heloise Greeff; Dan Green; Sophie Green; Melanie Greenland; Peter Greenstreet; Kate Greenwell; Michael Gregg; Dario Gregori; John Gregory; John Gregson; Akiko Greshon; Alastair Greystoke; Hannah Gribble; Alexandra N Griessbach; Richard Grieve; James Griffin; Xavier Griffin; Xavier Luke Griffin; Alys W Griffiths; Chris Griffiths; Gareth Griffiths; Jessica Griffiths; Anneke Grobler; Dmitry Gryaznov; Dmitry Gryaznov; Emilia Grycuk; Xiaorui Guan; Alessandro Guasconi; Martin Gulliford; Christina Guo; Samir Gupta; Elspeth Guthrie; Sarah Gwynne; Sushma Gyawali; Gill Gyte; David M Haas; Chris Habron; Elin Haf Davies; Suzanne Hagen; Stephen Hahn; Alexandra Haig; Andy Haines; Rachel Haines; Mahboobeh Haji Sadeghi; Julian Halcox; Sarah Halford; Andrew Hall; Emma Hall; Harry Hall; Louise H Hall; Nigel Hall; Sophie Hall; Freddie Hamdy; Sienna Hamer-Kiwacz; Tiffany Hamilton; Alison Hammond; Matt Hammond; Matthew Hammond; Natalie Hammonds; Rashan Haniffa; Bec Hanley; Peter Hanlon; Aminul Haque; Chris Harbron; Pollyanna Hardy; Nicola L Harman; Charlie Harper; James Harper; Steve Harper; Jessica Harris; Rosie Harris; Rosie Harris; Victoria Harris; David Harrison; Mark Harrison; Suzanne Hartley; Dan Harvey; Samar Hasan; Madiha Hashmi; Richard Hastings; Bruce Haughey; Diane Havard; Joanne Haviland; Olivia Hawksworth; Isobel Hawley; Alastair Hay; Rebecca Haydock; Rebecca Ann Haydock; Richard J Haynes; Chris Hayward; Lee Haywood; Audinga-dea Hazewinkel; Patricia Healy; Anna Heath; Paul Heath; Anne Heaven; Siew Wan Hee; Christie Heiberg; Jennifer Hellier; Toby Helliwell; Lars G Hemkens; Karla Hemming; Julie Hepburn; Trish Hepburn; Kate Herbert; Hibba Herieka; Rodolfo Hernandez; Merilyn Heuschkel; Catherine Hewitt; Nick Heywood; Helen Hickey; Helen Higgins; Steven Higgins; Juliet High; Ruchi Highman; Stephen Hiles; Crispin Hiley; Nicholas Hilken; Elizabeth Hill; Michael D Hill; Louise Hiller; Robert J Hinchliffe; Samantha Hinsley; Samantha Hinsley; Ian Hirsch; Shuyen Ho; Hai Ho Bich; Chanh Ho Quang; Luu Hoai Bao Tran; FD Richard Hobbs; Richard Hobbs; Richard F Hobbs; Pat Hoddinott; Renate Hodge; Sheila Hodgson; Clare Hodkinson; Christin Hoffmann; Ameer Steven-Jorg Hohlfeld; Sinead Holden; Peter Holding; Fiona Holland; Gail Holland; William Hollingworth; Ivana Holloway; S&oslash;ren Holm; Chris Holmes; Jane Holmes; Chris Holsinger; Victoria Homer; Karenza Hood; Sally Hopewell; Della Hopkins; Emma Hopkins; Valerie Hopkins; Peter Horby; Adele Jayne Horobin; Judith Horrocks; Danielle Horton Taylor; Jeremy Horwood; Anower Hossain; Reyhaneh Hosseini; Lesley A Houghton; Daniel Howdon; Donna Howe; Laura Howells; Nick Howells; Asbj&oslash;rn Hr&oacute;bjartsson; Shao-Fan Hsieh; Eric Huber; Robert Huddart; Cara Hudson; Ella Hudson; Jemma Hudson; Marie Hudson; Arfon Hughes; Jacki Hughes; Karen Hughes; Kate Hughes; Kathy Hughes; Rachael Hughes; Sarah E Hughes; Claire Hulme; Isla Humphreys; Amanda Hunn; Beverley Hunt; Jessica Hunt; Andrew Hunter; Tim Hurley; Chris Hurt; Nusrat Husain; Samantha Husbands; Jamilla Hussain; Arishay Hussaini; Hayley A Hutchings; Ann Hutchinson; David Hutton; David Hutton; Richard Huxtable; Nguyen Quang Huy; Vu Ngo Thanh Huyen; Julie Huynh; Laura Huynh; Duyen Huynh Thi Le; Trieu Huynh Trung; Claire Hyder; Belinda Ianson; Sa&iuml;d Ibeggazene; Fowzia Ibrahim; Mais Iflaifel; Clare Iles; Heather Iles-Smith; Elizabeth Ingram; Jenny Ingram; John R Ingram; Karen Innes; Gulnaz Iqbal; Talia Isaacs; Jonathan CS Ives; Andrew J Pollard; Aimee Jackson; Richard Jackson; Timothy L Jackson; Tracy Jackson; Pamela Jacobsen; Richard Jacques; Richard Jacques; Thomas Jaki; Rajiv Jalan; Zahra Jamal; Elizabeth C James; Nicholas D James; Sophie James; Stefanie James; Leila Janani; Damien Janecki; Perrine Janiaud; Jan Jansen; Sena Jawad; Hari Jayaraman; Mark Jayes; Gregor BE Jemec; Isobel Jenkins; Rhys Jenkins; Michael D Jenkinson; Mathew Jenner; Christopher Jennison; Brett Jepson; Marcus Jepson; Christina Jerosch-Herold; Clare Jess; Chen Ji; Qiuyang Jia; Tao Jiang; Xinyao Jin; Jessica Johansson; Nevin John; Graham Johnson; Miriam J Johnson; Nicholas A Johnson; Philip Johnson; Samantha Johnson; Zoe Johnson; Kate Jolly; Ashley Jones; Benjamin G Jones; Katherine Jones; Megan Jones; Sadie Jones; Terry Jones; Kelvin P Jordan; Shivam Joshi; Katherine Joyce; Katie Joyce; Patrick Julier; Stephen Julious; Shyma Jundi; Edmund Juszczak; Parvinder K Aley; Julia Kaal; Brennan C Kahan; Martin Kaiser; Elke Kalbe; Delordson Kallon; Maeve Kalusche; Paul Kamudoni; Shravan Kandula; Joseph Kane; Richard Kaplan; Richard S Kaplan; Konstantinos Karampatsas; Alexia Karantana; Waseem Karsan; Jamlick Karumbi; Benjamin Kasenda; Shamim Kazmi-Stokes; Sharon Kean; Anna Kearney; Rebecca Kearney; Rohna Kearney; Ada Keding; Katie Keen; Katie Keen; David J Keene; Eimear Kelly; Fiona Kelly; Sarah Kelly; Jessica Kendall; Anthony Kendrick; Nicholas Alexander Kennedy; Lorcan Kenny; Merryn Kent; Evelyne Kestelyn; Aisha Khan; Iftekhar Khan; Naila Khan; Sheeba Khan; Kamlesh Khunti; Vincent Kibet; Shannon Kidd; Andrew Kightley; Lucy Kilburn; Lucy Kilburn; Tuomas P Kilpel&auml;inen; Nicola Kime; Irina Kinchin; Andrew King; Anni King; Anthony King; Diana King; Pritaporn Kingkaew; Nigel Kirby; Amanda Kirkham; Jamie Kirkham; Jamie J Kirkham; Katie Kirkham; John Kirkpatrick; Laura Kirton; Cliona Kirwan; Jana Kirwan; Katharina Klatte; Peter Knapp; Simon Knight; Matthew Kobetic; Ruwanthi Kolamunnage-Dona; Jorma Komulainen; Elena Koneska; Anthony Kong; Lucy Kornblith; Sarah Koskei; Kasia Kostyrka-Allchorne; Jan Kottner; Daphne Kounali; Matthew G Krebs; Tamara Kredo; Ashma Krishan; Biza Kroese; Thomas Kuhnt; Ashok Kumar; Ravi Kumar; Tracey-Lea Laba; Emma Laing; Hamish Laing; Olli Lainiala; Ranjit Lall; Ngoc Hong Bao Lam; Teresa Lambe; Tiina Lamberg; Penny Lambert; Catherine Lamont Robinson; Gillian Lancaster; Gillian A Lancaster; Sabine Landau; Martin Landray; Athene Lane; Athene Lane; Athene J Lane; Emma Lane; Corrado Lanera; Alexandra Lang; Peter Langdon; H&eacute;l&egrave;ne Langet; Kirsty Lanyon; Daniel Frank P Larkin; Kerry Larkin; T Lassila; Mandy Lau; Tina Lavender; Martin Law; Patrick Lawler; Louisa Lawrie; Anna Lawson; John Lawson; Sarah Lawton; Sarah A Lawton; Alison Layton; Rajeka Lazarus; Chan Ning Lee; Chee Khoon Lee; Ellen Lee; Hopin Lee; Kim May Lee; Shing Lee; Eric Leifer; Paul Leighton; Robert Lendrum; Iracema Leroi; Bess LeRoy; Alex Lewis; Amanda Lewis; Jen Lewis; Martyn Lewis; Mickey Lewis; Rebecca Lewis; Steff Lewis; Jim Lewsey; Val Leyland; Linke Li; Tianjing Li; Wenyue Li; Eric Lim; Wei Shen Lim; Frank Lin; Mark Linch; Robert Lindsay; Louise Linsell; Chris Linsley; Kim Linton; Nasrin Lipi; Steven Lister; Paul Little; Paul Little; Jia Liu; Rong Liu; Xiaoxuan Liu; Xinxue Liu; James Lloyd; Lisa Lloyd; Wang Pok Lo; Trudie Lobban; Phillipa Logan; Szimonetta Lohner; Szimonetta Lohner; Noemi Lois; Eleni Loizidou; Alice Longe; Pei Loo Ow; Andres Lopes; Juanita Suzanne Lopez; Janet M Lord; Jodie Lord; Ava Lorenc; Giulia Lorenzoni; Sharon B Love; Patricia Lucas; Fiona V Lugg-widger; Farah Lunat; Mark Lunt; Duo Lv; Lisa Macaulay; Kateryna MacConaill; Rhiannon Macefield; Rhiannon Macefield; Andrea Machin; Tim Machin; Kathryn Machray; Terry Mackie; Graeme MacLennan; Graeme MacLennan; Malcolm R Macleod; Una Macleod; Iain Macpherson; Daniel Maddock; Karen Madronal; Marion M Mafham; Laura Magee; Nirosha Mahendraratnam; Alisha Maher; Rachel Maishman; Christian D Mallen; Mary Mancini; Adrian Mander; Thubeena Manickavasagar; Erika Mann; Georgina Manning; Anita Mansouri; Anita Mansouri; Anthony Muchai Manyara; Rejina Mariam-verghis; Ioana R Marian; Sarah Markham; Laura Marsden; Laura E Marsden; Kevin Marsh; Lucy Marsh; Andrea Marshall; Lynley Marshall; Tony Marson; Adam Martin; Jonathan Martin; Jacqueline Martin-Kerry; Clara Martins de Barros; Honorati Masanja; Alexina Mason; Clare Mason; Ellen Mason; James Mason; Lindsey Masters; R Mathew; Maura Mathews; Sigeyuki Matsui; Astrid Mattes; Cameron Matthew; Olivia Matthews; Ruth Matthews; Karen Matvienko-Sikar; Phil Mawson; Graziella Mazza; David McAllister; David A McAllister; Amy McAndrew; Daniel McAuley; Leanne McCabe; Sarah McClure; Terry McCormack; Gareth Mccray; Peter Mcculloch; Catriona McDaid; Lorraine McDonagh; Cliona McDowell; Stuart McKechnie; Micheal M McKenna; Mairead Mckenzie; Yvonne McKenzie; Michelle McKinley; Dean McMillan; Christel McMullan; Angus McNair; Angus GK McNair; Carolyn McNamara; Rachel McNamara; Emma McNaught; Cindy McShea; Gillean Mead; Angela M Meade; Garry Meakin; Garry Meakin; Hisham Mehanna; Shireen Meher; Shireen Meher; Jennifer Mehew; Gautam Mehta; Samir Mehta; Alan Melcher; GJ Melendez-Torres; Kyle Melin; Katie Mellor; Lynn Melone; Bijoy K Menon; Tom Menzies; Rebecca Mercieca-Bebber; Elizabeth Merrall; Dominik Mertz; Andy Metcalf; Andrew Metcalfe; Chris Metcalfe; Grace Mhalu; Iris Mhlanga; Jahanara Miah; Gary Middleton; Lee Middleton; Elizabeth Miles; Marie Miller; Nicola Mills; Tracey Mills; Christopher P Millward; Michael Millward; Nguyet Minh Nguyen; Lam Minh Yen; Haitham Mirghani; Katy Mironov; Aziza Mirza; Alex Mitchell; Caroline Mitchell; Eleanor J Mitchell; James Mitchell; Sandra Mitchell; Tracy Mitchell; Dipayan Mitra; Tempei Miyaji; Abdallah Mkopi; Catherine Moakes; Katherine Moar; Neena Modi; Thirimon Moe-Byrne; David Moher; David Moher; Eleanor J Molloy; Barbara Molony-Oates; Joao Monteiro; Alan A Montgomery; Gwenllian Moody; Gwenllian Moody; Cara Mooney; Keith Moore; Sally Moore; Giovanni Morana; Monique Morar; Lauren Moreau; Thomas Morel; Heather May Morgan; Leila Morgan; Sara Morgan; Yvonne Moriarty; Yvonne Moriarty; Christopher Morris; Clive Morris; Deborah Morris; Tim P Morris; Stewart Morrison; Dion Morton; Phil Moss; Helen Mossop; Andrew Mott; Paul Mouncey; Gail A Mountain; Ronelle Mouton; Rana Moyeed; Pavel Mozgunov; Iqra Muhammad; Delia Muir; Aritra Mukherjee; Ingrid Muller; Nicole Muller; Daniel Munblit; Bernadette Mundy; Alasdair Munro; Alasdair P S Munro; Sarah Munro; Geraldine Murden; Caroline Murphy; Ellen Murphy; Glynis Murphy; Ravindhi Murphy; David Murray; Macey L Murray; Matthew Murray; Srinivas Murthy; Syed Muslim; Jussi Mustonen; Lazaro Mwandigha; Leigh Mytton; Stephen Nabarro; Zohal Nabi; Oriana Nanni; David Neal; Matthew Neal; Paige Neal; Richard Neal; Dale Needham; John Neoptolemos; Olli PO Nevalainen; Lexy Newbold; Rumana Newlands; Kristina Newman; Olivia Newman; Philip N Newsome; Judith Newton; Dung Thi Phuong Nguyen; Giang Quoc Nguyen; Hiep Tuan Nguyen; Nhung Thi Hong Nguyen; My Thao Nguyen Le; Nguyet Nguyen Minh; Elaine N&iacute; Bhraon&aacute;in; Maira Niaz; Jennifer Nicholas; Elaine Nicholls; Sophie Nicholls (n&eacute;e Cramp); James Nicholson; Timothy Nicholson; Beverley Nickolls; Andrew Niewiarowski; Chi-Ting Nim; Baihan Niu; Jane Nixon; Lisette Nixon; Sian M Noble; Brittany Nocivelli; Marianna Nodale; Nuru Noor; Nurulamin Noor; Chloe Norman; Matthew Northgraves; Kayleigh Nunez; Andrew J Nunn; Michelle Nunn; Edris Nury; Elizabeth Nuthall; Jacqueline Nuttall; Abby O&rsquo;Connell; Siobhan O&rsquo;Connor; Laura Ocansey; Ronan O&#39;Carroll; Alicia O&#39;Cathain; Abby O&#39;Connell; Rachel O&#39;Connell; Daniel O&#39;Connor; Catriona O&#39;Dolan; Matthew O&#39;Donnell; Ayodele Odutayo; Alison Offer; Bright Offorha; Emma Ogburn; Reuben Ogollah; Adrian O&#39;Hagan; Shalini Ojha; Christabell U Okaronon; Mary Oliver; Thomas Oliver; Abdullahi Omar; Omar Omar; Christina O&#39;Neill; Eric Onyango; Jakub Onysk; Muneyori Ookita; Jacqueline Opira; Lydia O&#39;Sullivan; Jamie Oughton; Luke Ouma; Pei Loo Ow; Diane Owen; Bhavna Oza; Seline Ozer; Arsenio Paez; Helen Page; Feng-Shuo Pai; Suvankar Pal; Suvankar Pal; Nachi Palaniappan; Philip Pallmann; Phoebe Pallotti; Daniel Palmer; Melanie Palmer; Stephen Palmer; Tom Palmer; Bo Pang; Ben Panizza; Diana Papaioannou; Cat Papastavrou Brooks; Deepak Parashar; Catherine Parbutt; TOAST Parent Advisory Group; Helen Parfrey; Sarah Parish; Adwoa Parker; Catriona Parker; Daniel Parker; Kitty Parker; Richard A Parker; Tom Parker; Julie Parkes; Matthew J Parkes; Mahesh KB Parmar; Max Parmar; Mona Parmar; Helen Parsons; Joseph Parsons; Nicholas Parsons; Giles Partington; Christopher Partlett; Akshaykumar Patel; Amit Patel; Anish Patel; Dhrusti Patel; Jay Patel; Mahendra G Patel; Smitaa Patel; Samir Pathak; Nazima Pathan; Seema Pathan; Jessica Pawson; Estelle Payerne; Jessie Payne; Mollie J Payne; Janet Peacock; John Pearce; Nicholas Peckham; Clare Peckitt; Clare Peckitt; Hugo Pedder; Andrew Peet; John Devin Peipert; Nils Penard; Alexander D Perkins; Gavin Perkins; Olga Perski; Guilherme Pessoa-amorim; Tim Peters; Elisabetta Petracci; John Petrie; Andrew Pettitt; Tra My Pham; Lara Philipps; Rachel Hannah Phillip; David Phillippo; Daniel J Phillips; Patrick PJ Phillips; Rachel Phillips; Thomas Phillips; Dang Phuong Thao; David Pickles; Cleopatra Pike; Katie Pike; Heather Pinches; Thomas Pinkney; Hilary Pinnock; Stefania Pirosca; Sarah Pirrie; Alexandra Pitchford; Elizabeth Pitt; Rachel Plachcinski; Hannah Plant; Rebecca Playle; Emma Plested; Amy Plint; Stuart J Pocock; Danielle Podmore; Andrew J Pollard; Kevin G Pollock; Martin Pond; Michael Poon; Mariana Popa; Rakesh Popat; Sandro Porceddu; Carol Porteous; Shelley Potter; Henry WW Potts; Ned Powell; Snehal Prabhukeluskar; Matthew Prescott; Jennifer Preston; Nancy Preston; A Toby Prevost; Andrew Price; Thomas Prior; Chris Probert; Toby Prout; Emma Pryde; Encarna Pucheta-Martinez; Iratxe Puebla; Maria Pufulete; Anne Pullyblank; Nasanjargal Purev; Shama Puri; Tianchen Qian; Wendi Qian; Yirui Qian; Ruijin Qiu; Niamh Quann; Matteo Quartagno; Fabio Quartieri; Lynne Quinn; Harriet Quinn-Scoggins; Olivier Quintin; Fiona Quirke; Riaz Qureshi; Zahida Qureshi; Anne Marie Rafferty; James Raftery; Mutia Rahardjani; Dheeraj Rai; Jeskaran Rai; Erin Raine; Eero Raittio; Jozel Ramirez; Kim Ramlall; Craig R Ramsay; Elizabeth Randell; Adya Ranjan; Myka Ransom; Khadija Rantell; Frances Rapport; Mariam Ratna; Mary Rauchenberger; Aleksi Raudasoja; Philippe Ravaud; N Ravikumar; Violeta Razanskaite; Sophie Reale; Alba X Realpe; Nigel Reed; Barnaby C Reeves; Sunita Rehal; Jan Rekowski; Clare Relton; Clare Relton; Susanne Renz; Pasquale Rescigno; Ameeta Retzer; Shelley Rhodes; Muhammad Riaz; Muhammed Riaz; Patrick O Richard; David A Richards; Suzanne H Richards; Carla Richardson; Cally Rick; Caroline Rick; Matthew Ridd; Matthew J Ridd; Samita Rijal; Atika Rimainar; Amanda Roberts; Sadie Roberts; Clare Robertson; David Robertson; Jenny Robertson; Olly Robertson; Bryony Robinson; Clare Robinson; Emily J Robinson; Hannah Robinson; Jared Robinson; Kate Robinson; Katie Robinson; Max Robinson; Michael Robling; Jenny Roche; Bram Rochwerg; Jeremy N Rodrigues; Aryelly Rodriguez; Jes&uacute;s Rodr&iacute;guez P&eacute;rez; Federico Rodriguez-Porcel; Charles Roehr; Chris Rogers; Chris A Rogers; Chris A Rogers; Chris A Rogers; Karl Rogers; Natasha K Rogers; Lidia Romanczuk; Sarah Ronaldson; Mark Rooker; Leila Rooshenas; Leila Rooshenas; Louise Roper; Derek J Rosario; Fi Rose; Janice Rose; John Rose; Nikki Rousseau; Giovanni Rovaris; Kathy Rowan; Anna Rowe; Jessica Roydhouse; Jessica Roydhouse; Manuel Ruiz-Adame; Karolina Rusiak; Amy Russell; Anne-Marie Russell; David Russell; Vincent Russell; Heather Rutter; Jean Ryan; Ramon Saccilotto; Tracey Sach; Shabina Sadiq; Zia Sadique; Isra Saeed; Sejal Saglani; Sarina Sahetya; Mariam Sahle; Stephen Saich; Tolu Sajobi; Ian Saldanha; Ian Saldanha; Ian J Saldanha; Rustam Salman; Karen Sanders; Harbinder Sandhu; Eka Sanikidze; Miriam Santer; Samuel Sarkodie; Aida Sarmiento Castro; Cara Sass; Laura Satchwell; Laura Sato; Naveed Sattar; Ben Saville; Benjamin R Saville; Homesh Sayal; Kapil Sayal; Emanuela Scarpi; Andy Scarsbrook; Stefan Schandelmaier; Stefan Schandelmaier; Fabian Sch&auml;r; Francesca Schiavone; Vincenzo Schillaci; Matthew Schipper; Iryna Schlackow; Michael M Schlussel; Christentze Schmiegelow; Jochen Schmitt; Simon Schoenbuchner; Christof Sch&ouml;nenberg; Christof Sch&ouml;nenberger; Christof M Sch&ouml;nenberger; Christof Manuel Sch&ouml;nenberger; Sara Schroter; Kenneth F Schulz; Rick Schwartz; David Scott; Ian Scott; Jane A Scott; Henry Scowcroft; Lucille Sebastian; Samiullah Seddiqi; Kathy Seddon; Paul T Seed; Jenny Seligmann; Bhuvaneish T Selvaraj; Aslihan Senturk Acar; Bernadette Sewell; Nina Seylanova; Helen Seymour; Akshay Shah; Anoop Shah; Shafaque Shaikh; Clare Shakeshaft; Suzette Shamoon; Hongcai Shang; Milensu Shanyinde; Milensu Shanyinde; Sameed Shariq; Deepali Sharma; Adam Sharp; Linda Sharples; Paul Shaw; Robert H Shaw; Richard Shemilt; Victoria Shepard; Maggie Shepherd; Victoria Shepherd; Victoria L Shepherd; Sasha Shepperd; Rebecca Sheridan; Rachelle Sherman; Frances Sherratt; Frances Shiely; Thomas Shillito; Beverly Shirkey; Dharshene Shivapatham; Kathryn Shoemaker; Angela Shone; Darian Shotton; Jonathan Silcock; Julius Sim; John Simes; Jamie Simmons; Catherine Simpson; Rebecca Simpson; Jacqueline Sin; Nisha Singh; Nishita Singh; Sally J Singh; Raija Sipil&auml;; Jamal A N Sipple; Tamir Sirkis; Katrin Sjoquist; Zo&euml; Skea; Andrew Skeggs; Anni Skilton; Cameron Skinner; Susan Slater; Kim Smallman; Amy Smith; Benjamin Smith; Carl Smith; Felicity Smith; IL Smith; Isabelle Smith; Jo Smith; Maureen Smith; Maureen Smith; Richard Smith; Samuel Smith; Samuel G Smith; Samuel G Smith; Valerie Smith; Stephanie Smits; Matthew D Snape; Val Snelgrove; Claire Snowdon; Ratna Sohanpal; Olga Solovyeva; Yuebo Song; Edmund Sonuga-Barke; Harpreet Sood; Karen Sooy; Irene Soulsby; Annabelle South; Benjamin Speich; Anne E Spencer; Kirsty Sprange; Nikola Sprigg; Phyllis Spuls; Gemma Squires; Nigel Stallard; Kayleigh Stanbury; Kayleigh Stanbury; Helen Stanton; Simon Stanworth; Suzanne Staples; Daniel Stark; Naureen Starling; Kath Starr; Lukas Staudt; Mary Steele; Robert C Stein; Amy Stenson; Richard Stephens; Courtney Stephenson; Michelle Steven; Will Stevens; Diane Stevenson; Carrie Stewart; Derek Stewart; Derek Stewart; Grant D Stewart; Morgaine Stiles; Morgaine Stiles; Susan Stirling; Hilary Stobart; Deb Stocken; Deborah Stocken; Deborah Stocken; Deborah D Stocken; Katie Stocking; Jamie Stokes; Sarah Stokes; Sarah Stokes; Catherine Stones; Angela M Stover; Nicola Straiton; Adam Streeter; Dominic Stringer; Susannah Strong; Arabella S V Stuart; Beth Stuart; Clive Stubbs; Kate Sturgeon; Joanna Sturgess; Yuanfei Su; Liz Such; Maria Sudell; Penny Sueme; Holly VR Sugg; Kazuo Sugimoto; Charlotte Summers; Sarah Sumpter; Lixin Sun; Yanan Sun; Karnika Sundar; Mimmi Sundler; Claire Surr; Christopher J Sutton; Eileen Sutton; Laura Sutton; Svatopluk Svetlik; Martina Svobodova; Richard Swinden; Robert J Swingler; Matthew R Sydes; Farhana Tabasum; Andrew Tabner; Ala Taji Heravi; Rebecca Talbot; Dong Thi Hoai Tam; Kiarash Tanha; Nancy Tappenden; William Tarnow-Mordi; Andrew Tatham; Christopher Taylor; Gordon Taylor; Gregory Taylor; Hilary Taylor; Jodi Taylor; John-Paul Taylor; Rod Taylor; Z Taylor; Sarah Tearne; Emma Teasdale; Caroline B Terwee; Nguyen Thanh Nguyen; Nguyen Thanh Phong; Puvan Tharmanathan; Subotheni Thavasneswaran; Nguyen Thi Diem Trinh; Hang Vu Thi Kim; Russell Thirard; Jenny Thirlwall; Abin Thomas; Caitlin Thomas; David M Thomas; Helen Thomas; Karen Thomas; Kim S Thomas; Martin G Thomas; Emma Thomas-Jones; Angela Thompson; Ellen Thompson; Jacqueline Thompson; Rachel Thompson; Jo Thompson Coon; Simon Thomson; Joanna C Thorn; Megan-Ann Thornhill; Gail A Thornton; Jim Thornton; Nat Thorogood; Kamala Thriemer; Le Thuy Thuy Khanh; Guy Thwaites; Louise Thwaites; Theresa Tierney; Kari AO Tikkinen; Jack Robert Tildsley; Kate Tilling; Patrick Timpel; Rose Tinch-Taylor; Andrew Titman; Siobhan Titre-Johnson; Riya Tiwari; Ceri Todd; Rachel Todd; Susan Todd; Sue Tohill; Hannah Tolley; Timo Tolppa; Laurie Tomlinson; Elaine Toomey; Susannah Tooze; David Torgerson; Jared Torkington; Barbara Torlinska; Claire E Torrens; Mark Toshner; Nikki Totton; Holly Tovey; Stephen Townsend; Julia Townson; Ny Hong Thi Tran; Hanane Trari Belhadef; Dominic Tr&eacute;pel; Shaun Treweek; Shaun Treweek; Neil Treymayne; Silke Tribius; Ryan Trickett; Huynh Trung Trieu; Harry Tripp; Dang Trong Thuan; Rob Trubey; Thuan Dang Truong; Bazarragchaa Tsogt; Catrin Tudur-Smith; Nestani Tukvadze; Meg Tully; Lyvonne Tume; Sean Tunis; Louis Tunnicliffe; John Turgoose; Anna Turkova; Alison Turner; Cheryl Turner; Grace Turner; Katrina Turner; Lesley Turner; Rebecca M Turner; Stephen Turner; John Turner MBE; Conor D Tweed; Maureen Twiddy; Evangelia Tzala; George Tzircotis; Darren Umney; Martin Underwood; Martin Underwood; Gemma Unwin; Amanda Upadhyay; Moreno Ursino; Burcu Vachan; Andy Vail; Simran Vaja; Theresa Valleri; Cam Van; Huong Thuy Qui Van; Charlotte Van Netten; Jennifer Ilo Van Nuil; Le Van Tan; Eleanor Van Vogt; Fiona Vanobberghen; Joana Carvalho Vasconcelos; Baptiste Vasey; Andrea Vaughan; Gareth Veal; Galina Velikova; Rav Verdi; Nikhil Vergis; Robin Vernooij; Claire Veryard; Celine Vidaillac; Guillermo Villacampa; Tonya L Villafana; Katy Vincent; Philippe D Violette; Pradeep S Virdee; S Virtanen; Silia Vitoratou; Anna Volkmer; Peter von Dadelszen; Maria von Hildebrand; Belinda von Niederh&auml;usern; Merryn Voysey; Julia Wade; Kaitlin H Wade; Hatem Wafa; Susan Wagland; Annie Walker; Fiona Walker; Inna Walker; Karen Walker; Kate Walker; Katrina Walker; Terrie Walker-Smith; Peter Wall; Carolyn Wallace; Karl Richard Wallendszus; Jo Waller; Eleanor Walsh; Tim Walsh; Stephen Walters; Stephen J Walters; Rebecca Walwyn; Rebecca EA Walwyn; Fang Wan; Ying Wan; Duolao Wang; Jixian Wang; Qing Wang; Yanzhong Wang; Elizabeth Ward; Frank Ward; Thomas Ward; Andrew Wardley; Kathie Wareham; Barbara Warnes; Fiona Warren; Fiona C Warren; James M S Wason; Simon Wathall; Ed Watkins; Peter Watkinson; Andrew Watson; Samuel Watson; Victoria Watson; Fiona E Watt; Frances Webley; Richard Webster; Andrew Weeks; Lili Wei; LILI Wei; Christopher J Weir; Charlie Welch; Sarah J Welsh; Nicky Welton; Fredrick Were; Rebekah Weston; Sophie Weston; Bethany Whale; Duncan Wheatley; Graham M Wheeler; Ian Wheeler; David White; Ian R White; Jennifer White; Thomas White; Lou Whitehead; Louisa Wickham; Paul Wicks; Susanne Wiegand; Martin Wilby; Arlen Wilcox; Sarah Wild; Hollie Wilkes; Scott Wilkes; Anna Wilkins; Helen Wilkinson; Jack Wilkinson; Adam D N Williams; Bronwen Williams; Cameron Williams; Jennifer A E Williams; Linda Williams; Louise Williams; Rachel Williams; Thomas Williams; Elizabeth Williamson; Jill Williamson; Paula R Williamson; S Faye Williamson; Andrew Willis; Thomas Willis; Paul Willner; Krista Wills; Duncan Wilson; Kevin Wilson; Mark Wilson; Nina Wilson; Roger Wilson; Shona Wilson; Richard Windle; Lisa Winstanley; Anna Wolfe; Rory Wolfe; Charis Wong; Fiona Wood; Jessica Wood; Rebecca Wood; Suzanne Wood; Lisa J Woodhouse; Amie Woodward; Tom Woodward; Kerry Woolfall; Kerry Woolfall; Jared Woolfolk; Mandy Wootton; Stephen Wootton; Hannah Worboy; Andrew Worrall; Jessica Wright; Melissa Wright; Alexandra Wright-Hughes; Albert W Wu; Laura Wyatt; Vikki Wylde; Kaspar Wyss; Charis Xuan Xie; Sophie Yacoub; Sophie Yacoub; Yue Yang; Andy Yao; Christina Yap; Christina Yap; Iain Yardley; Annie Yeung; Joyce Yeung; Zhulin Yin; Abdullah Yonis; Victoria Yorke-edwards; Victoria Yorke-Edwards; Amber Young; Amber E Young; Bridget Young; Bridget Young; Duncan Young; Grace Young; Changhe Yu; Ly-Mee Yu; Ly-Mee Yu; Sindisiwe Zaca; Anna Zachariou; Ryan Zarychanski; Mohammed Gaber Zayed; Chi Zhang; Junhua Zhang; Ting Zhang; Xinyue Zhang; Ying Zhang; Haiyan Zheng; Sirui Zheng; Wanjun Zhou; Jinyu Zhu; Ann-Dorthe Olsen Zwisler; on behalf of the Game of Stones team; on behalf of the ROSETA Investigators; on behalf of the FORVAD team; on behalf of the NIHR Bristol BRC Surgical Innovation Theme; on behalf of the FOxTROT Collaborative Group; on behalf of the PC-COS Steering Committee; on behalf of the HEAL-COVID collaborative; on behalf of the PIPAC UK Collaborative; on behalf of the HEAL-COVID Collaborative; on behalf of the PLUS investigators; on behalf of the HEALTHY STATS public involvement group; on behalf of the PRINCIPLE Trial Collaborative Group; on behalf of the MRC CTU at UCL PPI group; on behalf of the Sunflower study group; on behalf of the NightLife Investigators; On behalf of the PROTECT-CH Triallists; On behalf of the TMRP/UKTMN/UKCRC Registered CTU&#39;s eConsent Collaboration; for MRC CTU at UCL; FOxTROT Collaborative Group; STADIA TSC PPI representatives; STADIA Youth Lab; On Behalf of the RELEASE Collaborators; &nbsp;INCLUDE Socioeconomic Disadvantage Public Contributor Group; on behalf of the HEAL-COVID Collaborative</p>",2023-03-16 16:33:56.848827+00:00,10.5281/zenodo.7741866,2023
Zenodo,Nuno Carvalhais,DEEP-C,7728155,Integration of a deep-learning-based fire model into a global land surface model,Rackhun Son,"<p>JSBACH4+DL-fire&nbsp;simulation results &amp; their comparison&nbsp;(DL-fire, JSB4-DL-fire, JSB4-simple)</p>",2023-03-14 07:23:33.894734+00:00,10.5281/zenodo.7728155,2023
Zenodo,Nicolas Viovy,GREENSCALE,7723910,Test,Liyang Liu,<p>The data for the paper titled &#39;Solar Radiation Triggers the Bimodal Phenology of Central African Evergreen Broadleaved Forests&#39;.</p>,2023-03-11 21:16:09.843629+00:00,10.5281/zenodo.7723910,2023
Zenodo,Fabienne Maignan,GREENSCALE,7723910,Test,Liyang Liu,<p>The data for the paper titled &#39;Solar Radiation Triggers the Bimodal Phenology of Central African Evergreen Broadleaved Forests&#39;.</p>,2023-03-11 21:16:09.843629+00:00,10.5281/zenodo.7723910,2023
Zenodo,Philippe Ciais,DEEP-C,7723910,Test,Liyang Liu,<p>The data for the paper titled &#39;Solar Radiation Triggers the Bimodal Phenology of Central African Evergreen Broadleaved Forests&#39;.</p>,2023-03-11 21:16:09.843629+00:00,10.5281/zenodo.7723910,2023
Zenodo,Eric Justes,CrosyeN,7712791,"Data, code and software to reproduce the article entitled ""Modeling soil-plant functioning of intercrops using comprehensive and generic formalisms implemented in the STICS model""",Rémi Vezy,"<p>This is the data, code and software to reproduce the article entitled &quot; Modeling soil-plant functioning of intercrops using comprehensive and generic formalisms implemented in the STICS model&quot;. Here is a summary of the paper:</p>

<p>The growing demand for sustainable agriculture is raising interest in intercropping for its multiple potential benefits to avoid or limit the use of chemical inputs or increase the production per surface unit. Predicting the existence and magnitude of those benefits remains a challenge given the numerous interactions between interspecific plant-plant relationships, their environment and the agricultural practices. Soil-crop models are critical in understanding these interactions in dynamics during the whole growing season, but few models are capable of accurately simulating intercropping systems.</p>

<p>In this study, we propose a set of simple and generic formalisms for simulating key interactions in intercropping systems that can be readily included into existing dynamic crop models. This requires simulating important processes such as development, light interception, plant growth, N and water balance, and yield formation in response to management practices, soil conditions, and climate. These formalisms were integrated into the STICS soil-crop model and evaluated using observed data of intercropping systems of cereal and legumes mixtures, including Faba&nbsp;bean-Wheat, Pea-Barley, Sunflower-Soybean, and Wheat-Pea mixtures. We demonstrate that the proposed formalisms provide a comprehensive simulation of soil-plant interactions in various types of bispecific intercrops. The model was found consistent and generic under a range of spring and winter intercrops (nRMSE = 25% for maximum leaf area index, 23% for shoot biomass at harvest, and 18% for yield).</p>

<p>This is the first time a complete set of formalisms has been developed and published for simulating intercropping systems and integrated into a soil-crop model. With its emphasis on being generic, sufficiently accurate, simple, and easy to parameterize, STICS is well-suited to help researchers designing <em>in silico</em> the agroecological transition by virtually pre-screening sustainable, manageable intercrop systems adapted to local conditions.</p>

<p>&nbsp;</p>

<p>&nbsp;</p>

<p>&nbsp;</p>",2023-03-09 13:54:16.152682+00:00,10.5281/zenodo.7712791,2023
Zenodo,Daniel Berveiller,Drought for C,7678770,L'éruption du volcan Hunga Tonga -Hunga Ha'apai le 15 janvier 2022 : un ébranlement du système Terre à l'échelle planétaire,Christine Lac,"<p>L&#39;&eacute;ruption explosive du volcan Hunga Tonga - Hunga Ha&rsquo;apai (HTHH), le 15 janvier 2022, a<br>
produit la plus puissante explosion enregistr&eacute;e depuis les explosions du Krakatau et du Tambora dans<br>
les ann&eacute;es 1800, lib&eacute;rant une &eacute;nergie &eacute;quivalente &agrave; 110 m&eacute;gatonnes de TNT. Les ondes g&eacute;n&eacute;r&eacute;es se<br>
sont propag&eacute;es dans le sol, et dans l&rsquo;atmosph&egrave;re jusqu&rsquo;&agrave; l&rsquo;ionosph&egrave;re. L&#39;onde atmosph&eacute;rique la plus<br>
&eacute;nerg&eacute;tique observ&eacute;e sur les barom&egrave;tres correspond au mode de Lamb. De p&eacute;riode sup&eacute;rieure &agrave; 2000<br>
s, son amplitude est comparable &agrave; celle observ&eacute;e lors de l&rsquo;&eacute;ruption du Krakatau en 1883. L&rsquo;empreinte<br>
des perturbations atmosph&eacute;riques a &eacute;t&eacute; caract&eacute;ris&eacute;e &agrave; l&rsquo;&eacute;chelle plan&eacute;taire par des r&eacute;seaux de mesures<br>
au sol, &agrave; bord de satellites ou de plateformes a&eacute;roport&eacute;es. L&rsquo;analyse combin&eacute;e de ces observations a<br>
permis d&rsquo;&eacute;valuer les cons&eacute;quences &agrave; court terme de l&#39;&eacute;ruption du HTHH. Les m&eacute;thodes d&#39;investigation<br>
g&eacute;ophysiques pr&eacute;sent&eacute;es dans cette note montrent l&rsquo;apport d&rsquo;analyses interdisciplinaires pour<br>
caract&eacute;riser la r&eacute;ponse impulsionnelle des enveloppes fluides plan&eacute;taires (atmosph&egrave;re, oc&eacute;ans et<br>
mers) &agrave; une &eacute;ruption d&rsquo;une intensit&eacute; exceptionnelle.</p>",2023-02-26 14:32:26.944136+00:00,10.5281/zenodo.7678770,2023
Zenodo,Benjamin Loubet,ALAMOD,7678770,L'éruption du volcan Hunga Tonga -Hunga Ha'apai le 15 janvier 2022 : un ébranlement du système Terre à l'échelle planétaire,Christine Lac,"<p>L&#39;&eacute;ruption explosive du volcan Hunga Tonga - Hunga Ha&rsquo;apai (HTHH), le 15 janvier 2022, a<br>
produit la plus puissante explosion enregistr&eacute;e depuis les explosions du Krakatau et du Tambora dans<br>
les ann&eacute;es 1800, lib&eacute;rant une &eacute;nergie &eacute;quivalente &agrave; 110 m&eacute;gatonnes de TNT. Les ondes g&eacute;n&eacute;r&eacute;es se<br>
sont propag&eacute;es dans le sol, et dans l&rsquo;atmosph&egrave;re jusqu&rsquo;&agrave; l&rsquo;ionosph&egrave;re. L&#39;onde atmosph&eacute;rique la plus<br>
&eacute;nerg&eacute;tique observ&eacute;e sur les barom&egrave;tres correspond au mode de Lamb. De p&eacute;riode sup&eacute;rieure &agrave; 2000<br>
s, son amplitude est comparable &agrave; celle observ&eacute;e lors de l&rsquo;&eacute;ruption du Krakatau en 1883. L&rsquo;empreinte<br>
des perturbations atmosph&eacute;riques a &eacute;t&eacute; caract&eacute;ris&eacute;e &agrave; l&rsquo;&eacute;chelle plan&eacute;taire par des r&eacute;seaux de mesures<br>
au sol, &agrave; bord de satellites ou de plateformes a&eacute;roport&eacute;es. L&rsquo;analyse combin&eacute;e de ces observations a<br>
permis d&rsquo;&eacute;valuer les cons&eacute;quences &agrave; court terme de l&#39;&eacute;ruption du HTHH. Les m&eacute;thodes d&#39;investigation<br>
g&eacute;ophysiques pr&eacute;sent&eacute;es dans cette note montrent l&rsquo;apport d&rsquo;analyses interdisciplinaires pour<br>
caract&eacute;riser la r&eacute;ponse impulsionnelle des enveloppes fluides plan&eacute;taires (atmosph&egrave;re, oc&eacute;ans et<br>
mers) &agrave; une &eacute;ruption d&rsquo;une intensit&eacute; exceptionnelle.</p>",2023-02-26 14:32:26.944136+00:00,10.5281/zenodo.7678770,2023
Zenodo,Xavier Raynaud,PEACE,7675340,LauraDee/NutNetCausalinf: Dee et al. Nature Communications Release,"Dee, Laura","<p>This repository contains a tutorial for the methods in and replication code for ""Clarifying the effect of biodiversity on productivity in natural ecosystems with longitudinal data and methods for causal inference"" Nature Communicatins, by Dee, Ferraro, Severen et al.</p>",2023-02-24 17:50:26.015559+00:00,10.5281/zenodo.7675340,2023
Zenodo,Xavier Raynaud,CANETE,7675340,LauraDee/NutNetCausalinf: Dee et al. Nature Communications Release,"Dee, Laura","<p>This repository contains a tutorial for the methods in and replication code for ""Clarifying the effect of biodiversity on productivity in natural ecosystems with longitudinal data and methods for causal inference"" Nature Communicatins, by Dee, Ferraro, Severen et al.</p>",2023-02-24 17:50:26.015559+00:00,10.5281/zenodo.7675340,2023
Zenodo,Pierre Regnier,DEEP-C,7671172,"ESM2025 Research Highlight - Modelling carbon fluxes from the land to the open ocean: a journey along inland waters, estuaries, tidal wetlands and the coastal ocean",Mariana Rocha,"<p>A research highlight about the modelling of land-to-ocean aquatic continuum carbon fluxes. Based on the publication:</p>

<p>Regnier, P., Resplandy, L., Najjar, R.G. <em>et al.</em> (2022) The land-to-ocean loops of the global carbon cycle. Nature <strong>603</strong>, 401&ndash;410 . <a href=""https://doi.org/10.1038/s41586-021-04339-9"">https://doi.org/10.1038/s41586-021-04339-9</a></p>",2023-02-23 16:03:55.941805+00:00,10.5281/zenodo.7671172,2023
Zenodo,Tarik Meziane,TROPECOS,7641425,"Chloeia mezianei Salazar-Vallejo 2023, sp. n.","Salazar-Vallejo, Sergio I.","<p><b><i>Chloeia mezianei</i> sp. n.</b></p><p>urn:lsid:zoobank.org:act: 2A871517-83EF-4CB6-90A4-734E671D5357</p><p>Figs 3, 39, 40</p><p><i>Chloeia flava</i>: Grube 1877: 509 (Cape Vert only); Malaquin 1894: 415 (<i>non</i> (Pallas, 1766)).</p><p><i>Chloeia modesta</i>: Fauvel 1913: 32 (<i>non</i> Ehlers, 1887).</p><p><i>Chloeia viridis:</i> Monro 1930: 30; Fauvel &amp; Rullier 1957: 68&ndash;71, Fig. 2; Fauvel &amp; Rullier 1959a: 507; Fauvel &amp; Rullier 1959b: 155; Guy 1964: 178, Figs 5, 7; Rullier 1964: 144&ndash;145; Amoureux 1973a: 51; Hartmann-Schr̂der 1974: 96 (<i>non</i> Schmarda, 1861).</p><p><b>Type material</b>. <b>Gulf of</b> <b>Guinea</b>. Holotype (MNHN IA-TYPE 2052), RV G&eacute;rard Tr&eacute;ca, Sta. 56, Loos Archipelago, between Tamara (= Fotoba) Island (09&deg;29&acute;08&Prime; N, 13&deg;49&acute;24&Prime; W) and Coral Island (09&deg;26&acute;15.00&Prime; N, 13&deg;49&acute;09.12&Prime; W), 12 m, 16 Mar. 1953, J. Forest, coll.</p><p><b>Additional material</b>. <b>Islamic Republic of Mauritania.</b> Five specimens (MNHN A54.4), juveniles, Mission Gruvel, 16 km SW off Nouakchott, 20 m, M. Gruvel, coll. (data used for variation). <b>Senegal.</b> Four specimens (MNHN A54.3), Mission Gruvel, Port, Dakar, May 1904 (specimens stiff, markedly bent ventrally; most notochaetae broken; middorsal spots visible, lateral ones barely visible in a few anterior chaetigers; bipinnate branchiae from chaetiger 4; body 26&ndash;40 mm long, 7&ndash;11 mm wide, 29&ndash;32 chaetigers). One specimen (MNHN A414.1), no depth or date data, M. Parfait, coll. (bent ventrally; middorsal band visible; branchial stems pale, branches brownish; caruncle brownish, median ridge blackish; body 27 mm long, 8 mm wide, 30 chaetigers). One specimen (ZMH V647), Gor&eacute;e Island, Dakar, no depth or date data, H. Hupfer, coll. (brownish, bent ventrally, without posterior end; middorsal band and lateral bands visible throughout body; dorsal cirri blackish; branchial stems dark, branches pale; chaetae dirty yellowish; body 15.5 mm long, 5 mm wide, 21 chaetigers). <b>Gambia</b>. One specimen (NHMD 915070), RV Atlantide, Sta. 161 (no coordinates), off Bathurst, 18 m, 24 Apr. 1946, J.B. Kirkegaard, coll. (colorless; body 9 mm long, 3.5 mm wide, 23 chaetigers). <b>Cape Vert</b>. One specimen (MNHN 367.14), S&atilde;o Tiago Island, off Praia, RV Calypso, Sta. 14 (14&deg;53&acute;45&Prime; N, 23&deg;30&acute;24&Prime; W), 25&ndash;30 m, 16 Nov. 1959 (anterior fragment; midventral band and lateral extensions visible, lateral bands faded off; dorsal cirri dark purple; branchiae with stems centrally pale, branches purplish; anterior eyes 2&ndash;3&times; larger than posterior ones; fragment 15 mm long, 6 mm wide, 16 chaetigers). Three specimens (MNHN 367.70), S&atilde;o Tom&eacute;, RV Calypso, Sta. 70, Western coast, diving, 3&ndash;10 m, 16 Jun. 1956 (bent ventrally; middorsal bands visible along body, lateral bands visible along anterior body third; dorsal cirri dark purple; branchiae purplish; body 6&ndash;12 mm long, 2&ndash;3 mm wide, 16&ndash;21 chaetigers). One specimen (MNHN 367.75), Boa Viata Island, RV Calypso, Sta. 75 (16&deg;04&acute;20&Prime; N, 22&deg;58&acute;10&Prime; W), 45 m, 25 Nov. 1959 (middorsal band barely visible; lateral bands faded off; dorsal cirri dark purple; branchiae colorless; anterior eyes 3 larger than posterior ones; right parapodium of chaetiger 10 previously removed; body 11 mm long, 3.5 mm wide, 23 chaetigers). Three specimens (NHMD 915066), RV Atlantide, Sta. unnumbered (no coordinates), Bay of Praia, 22 m, 13 Dec. 1945, J.B. Kirkegaard, coll. (colorless; one bent ventrally; body 4&ndash;11 mm long, 1.5&ndash;3.5 mm wide, 14&ndash;20 chaetigers). <b>Ghana</b>. One specimen (BMNH 2013.100), postlarva, Tema Bay, without date or depth, W. People, coll. (colorless; branchiae from chaetiger 4, pinnate, non-bipinnate; mouth in chaetiger 1&ndash;2; notochaetae furcates, major tines 3&times; longer than minor ones; neurochaetae furcates, major tines 3&ndash;4&times; longer than minor ones, and aciculars; body fusiform, 3 mm long, 1.4 mm wide, 10 chaetigers). Eight specimens (BMNH 2013.300 &ndash; 307), juveniles, Tema Bay, without date or depth, W. Pople, coll. (middorsal purple band visible in all specimens, lateral bands faded off; dorsal cirri dark purple; branchiae purplish; median antenna &frac12;&ndash;4/5 as long as caruncle; anterior eyes 2&times; larger than posterior ones; bipinnate branchia from chaetiger 4; body 11&ndash;19 mm long, 2.5&ndash;5.0 mm wide, 20&ndash;25 chaetigers). Three specimens (NHMD 915069), RV Atlantide, Sta. 75 (04&deg;43&acute;N, 01&deg;41&acute;W), 46 m, 23 Jan. 1946, J.B. Kirkegaard, coll. (colorless, bent ventrally; largest specimen with pharynx barely exposed and middorsal depression coincident with position of middorsal band; body 10&ndash;19 mm long, 4&ndash;5 mm wide, 25&ndash;28 chaetigers). <b>Guinea Bissau</b>. Two specimens (NHMD 915067), RV Atlantide, Sta. 44 (10&deg;22&acute;N, 16&deg;22&acute;W), 49&ndash;55 m, 17 Dic. 1945, J.B. Kirkegaard, coll. (almost colorless, bent ventrally; middorsal band visible along a few chaetigers in largest specimen; both with very long chaetae; anterior eyes slightly larger than posterior ones; body 8&ndash;12 mm long, 3&ndash;4 mm wide, 19&ndash;24 chaetigers). One specimen (NHMD 915068), RV Atlantide, Sta. 44 (10&deg;22&acute;N, 16&deg;22&acute;W), 49&ndash;55 m, 17 Dec. 1945, J.B. Kirkegaard, coll. (bent ventrally, colorless, with a middorsal depression coincident with middorsal band position; body 18 mm long, 6 mm wide, 26 chaetigers). <b>Ivory Coast</b>. One specimen (SMF 14586), 1958&ndash;1961, A. Guy, coll. (soft, including chaetae; middorsal band barely visible along a few median chaetigers; body 43 mm long, 9 mm wide, 32 chaetigers). One specimen (SMF 14559), Abidjan, Guy Station 80 (no coordinates), sand, 35 m, 1958&ndash;1961, A. Guy, coll. (body pinkish, soft, including chaetae; some anterior segments with a diffuse middorsal spot, resembling an inverted T, with all bars wide; chaetae of chaetigers 3 and 15 removed for observation; chaetae mostly acicular, some furcates with tiny spurs; harpoon-chaetae without denticles, likely dissolved; body soft, 40 mm long, 12 mm wide, 31 chaetigers). <b>Equatorial Guinea</b>. One specimen (BMNH 1930.10.8.413), off Pyramid Rock, Annobon, RSS Discovery, Sta. 283 (no coordinates), 18&ndash;30 m, 14 Ago. 1927 (data used for variation). One specimen (MNHN 367.78), S&atilde;o Tom&eacute; &amp; Principe Island, RV Calypso, Sta. 78 (00&deg;25&acute;15&Prime; N, 06&deg;43&acute;05&Prime; E), 30 m, 21 Jun. 1956 (partial histolysis; middorsal band barely visible along a few anterior chaetigers; dorsal cirri dark purple; branchiae purplish; body 21 mm long, 4 mm wide, 23 chaetigers). Four specimens (MNHN 367.94), RV Calypso, Sta. 94 (01&deg;38&acute;25&Prime; N, 07&deg;22&acute;05&Prime; E), 31 m, 27 Jun. 1956 (three with middorsal band visible, other bands faded off; dorsal cirri dark purple; branchiae purplish; anterior eyes 2&times; larger than posterior ones; body 12&ndash;23 mm long, 3.5&ndash;5.0 mm wide, 20&ndash;28 chaetigers). <b>Democratic Republic of Congo</b>. One specimen (NHMD 915071), RV Galathea, Sta. 88 (06&deg;24&acute;S, 12&deg;01&acute;E), 75 m, 8 Dec. 1950, J.B. Kirkegaard, coll. (bent ventrally, colorless; body 11 mm long, 3 mm wide, 24 chaetigers). Four specimens (MMSUCO Amp 5), Bay of Pointe-Noire, night lamp catch, 27 May 1964, A. Stauch, coll. (data used for variation). <b>Angola</b>. Five specimens (NHMD 915072), RV Galathea Expedition, Sta. 102, Loanda, Harbor, 8&ndash;10 m, 15 Dec. 1946, J.B. Kirkegaard, coll. (colorless; median antennae 4/5 as long as caruncle; 2&ndash;3&times; longer than median antennae; median antenna 2&times; longer than palps; branchiae from chaetiger 4; 21&ndash;50 mm long, 8&ndash;12 mm wide, 29&ndash;32 chaetigers). Two specimens (NHMD 915073), RV Galathea Expedition, Sta. 121 (12&deg;20&acute;S, 18&deg;40&acute;E), 27 m, 20 Dec. 1950, J.B. Kirkegaard, coll. (middorsal band reddish to pale brown, visible along anterior third of body; dorsal cirri purple; body bent ventrally, 19&ndash;23 mm long, 5&ndash;6 mm wide, 25&ndash;27 chaetigers). One specimen (NHMD 915074), RV Galathea Expedition, Sta. 122 (no coordinates), NW off Lobito Lighthouse, 20 m, 20 Dec. 1950, J.B. Kirkegaard, coll. (juvenile, bent ventrally; right parapodium of chaetiger 14 previously removed; pharynx fully exposed; middorsal band visible along most chaetigers; anterior eyes 2 larger than posterior ones; branchiae from chaetiger 4; body 12 mm long, 2 mm wide, 23 chaetigers). Four specimens (ZMH P13828), Lobito, sand, 0.5 m, 1 Jul. 1967, G. Hartmann-Schr ̂der, coll. (colorless; most notochaetae broken, accumulated along a few anterior chaetigers; body 23&ndash;42 mm long, 6&ndash;7 mm wide, 27&ndash;30 chaetigers).</p><p><b>Diagnosis</b>. <i>Chloeia</i> with bipinnate branchiae from chaetiger 4, progressively smaller posteriorly; median antenna as long as caruncle; anterior eyes 2&ndash;3&times; larger than posterior ones; middorsal band T-shaped, slightly tapered in median segments, lateral bands parallel; harpoon notochaetae without spurs; neurochaetae spurred and acicular.</p><p><b>Description</b>.</p><p>Holotype (MNHN IA-TYPE 2052), with body fusiform, bent ventrally, 33 mm long, 9 mm wide, 31 chaetigers.</p><p>Holotype cream; anterior prostomial margin pale. Middorsal band visible along most segments, slightly wider anteriorly, tapered posteriorly on each segment; lateral marks paler, fused along posterior segmental margin, divergent anteriorly, extended laterally along notopodial anterior surface (Fig. 39A); another lateral band, more diffuse, connecting branchial and dorsal cirri bases. Dorsal cirri dark purple. Branchial stems purple along external surface slightly extended along branches bases (Fig. 39C), branches pale. Venter cream, midventral band paler, better defined along posterior body half.</p><p>Prostomium anteriorly entire. Eyes blackish (Fig. 39B), anterior eyes 2&times; larger than posterior ones. Median antenna inserted at anterior caruncular margin, 2/3 as long as caruncle, 2&times; longer than lateral antennae. Lateral antennae bases close to each other, 2&times; longer than palps. Mouth ventral on chaetiger 2. Pharynx not exposed.</p><p>Caruncle pale, sigmoid, trilobed, tapered, reaching chaetiger 5. Median ridge plicate, purple, with about 28 vertical folds, partially concealing lateral lobes. Lateral lobes narrow, with about 26 vertical folds.</p><p>Bipinnate branchiae from chaetiger 4, parallel throughout body, progressively larger to chaetiger 13&ndash;14, smaller posteriorly; in median segments branchiae with 6&ndash;7 lateral branches.</p><p>Parapodia biramous, notopodia with cirriform branchiae along chaetigers 1&ndash;3, progressively shorter than dorsal cirri. Dorsal cirri 2&times; longer than bipinnate branchiae along median chaetigers, 3&times; longer in posterior chaetigers. Second ventral cirri with cirrophores 2&times; longer and wider, and cirrostyle 2&times; longer than adjacent ones, directed dorsally. Other ventral cirri directed ventrolaterally, as long as one subsequent segment.</p><p>Chaetae most complete, hoods variably eroded. Notochaetae in anterior chaetigers spurred (Fig. 39D), major tines 32&mdash;38&times; longer than minor ones, or aciculars (without spurs). Median chaetigers with two types of notochaetae: aciculars and harpoon-chaetae without spurs or smooth tines (Fig. 39F). Neurochaetae spurred or aciculars, anterior chaetigers with major tines 9&ndash;18&times; longer than minor ones (Fig. 39E); in median chaetigers minor tines reduced, major tines 15&mdash;20&times; longer than minor ones (Fig. 39G) or acicular (without spurs).</p><p>Posterior end tapered (Fig. 39H); pygidium with anus terminal; anal cirri whitish, subcylindrical, blunt, 3&ndash;4&times; longer than wide.</p><p><b>Live pigmentation</b>. Unknown; likely more intense than holotype pattern (previous records have confused a deep red, deeper water species, and this banded, shallow water one).</p><p><b>Etymology</b>. The species name is derived after Dr. Tarik Meziane, curator of Annelida in the Mus&eacute;um National d&rsquo;Histoire Naturelle, Paris, in recognition of his long-term support of my research activities, and of my former and current students. The specific epithet is a noun in the genitive case (ICZN 1999, Art. 31.1.2).</p><p><b>Variation</b>. Juveniles (MNHN A54.4) complete, all with longitudinal dark purple bands, one with lateral bands, paler, along a few anterior chaetigers (Fig. 40A); anterior eyes 2&times; larger than posterior ones (Fig. 40B); most with pharynx partially exposed; bipinnate branchiae from chaetiger 4; body 6.5&ndash;11.0 mm long, 2.8&ndash;3.5 mm wide, 18&ndash;22 chaetigers.</p><p>Specimens caught with light trap (MMSUCO Amp 5) were complete, three bent ventrally, largest one almost without notochaetae; middorsal band brownish tapering posteriorly along each segment; anterior eyes 2&ndash;3&times; larger than posterior ones (Fig. 40C), lateral bands barely visible along a few anterior segments; bipinnate branchiae from chaetiger 4; body 20&ndash;50 mm long, 5.5&ndash;10.5 mm wide, 29&ndash;34 chaetigers.</p><p>A larger specimen (BMNH 1930.10.8.413) was complete, straight; anal cirri lost; middorsal band purple brownish, better defined along anterior body third, lateral bands visible only in a few anterior chaetigers (Fig. 40D); anterior eyes 2&times; larger than posterior ones (Fig. 40E); bipinnate branchiae from chaetiger 4; body 32 mm long, 7 mm wide, 29 chaetigers; anal cirri lost (Fig. 40F).</p><p><b>Remarks</b>. <i>Chloeia meziane</i> sp. n. is described with specimens collected from Mauritania to Angola; it has a complex pigmentation pattern, and bippinate branchiae from chaetiger 4, progressively smaller posteriorly, and because of these features it belongs in the group viridis. Because its middorsal bands are not homogeneous, and there are additional parallel bands, <i>C. meziane</i> resembles <i>C. pseudeuglochis</i> Augener, 1922 described from the Eastern Pacific and redescribed recently elsewhere (Y&aacute;&ntilde;ez-Rivera &amp; Salazar-Vallejo 2o22). These two species differ in several features such as the relative size of eyes, the median antenna to caruncle, and the type of neurochaetae. In <i>C. mezianei</i> the anterior eyes are 2&ndash;3&times; larger than posterior ones, the median antenna is as long as caruncle, or slightly shorter than it, and the neurochaetae are acicular or spurred, whereas <i>C. pseudeuglochis</i> has anterior eyes slightly larger than posterior ones, median antenna half as long as caruncle, and its neurochaetae are acicular or furcates.</p><p>Some previous records from the Gulf of Guinea given as <i>C. viridis</i> or <i>C. venusta</i> might correspond with this species. Those records indicating a reddish pigmentation have been referred to above as <i>C. gilleti</i> sp. n., whereas those indicating three blackish longitudinal bands are herein regarded as belonging to <i>C. mezianei</i>. Further, because the lateral bands fade off soon, and in some specimens all bands are faded out, identifications must be confirmed by chaetal features. As indicated above, <i>C. mezianei</i> and <i>C. gilleti</i> sp. n. described above from Western Africa, differ in chaetal features. Thus, <i>C. mezianei</i> has spurred notochaetae in anterior chaetigers, and acicular or spurred neurochaetae in median chaetigers, whereas in <i>C. gilleti</i> the anterior notochaetae are furcates, and neurochaetae of median segments are furcates with small minor tines.</p><p>Malaquin (1894) reported specimens collected in 1890 by Chevreux in Dakar (Sta. 84, 88, 108). Monro (1930: 30) followed Augener (1925) about the synonymy of Western Atlantic species (<i>C. viridis</i> Schmarda, 1861 and <i>C. euglochis</i> Ehlers, 1887). He even included <i>C. parva</i> Baird in the synonymy. Monro&rsquo;s specimen from the Gulf of Guinea has dorsum with T-shaped markings with slender faded lines; 28 chaetigers and caruncle reaching chaetiger 6. Tebble (1955: 82) noted branchiae start in chaetiger 5, which differs from the Western Atlantic species. Kirkegaard (1983: 202) indicated that Guy (1964: 178) &ldquo;separates the two species because of some differences in the colour and small differences in the bifurcate setae.&rdquo; Amoureux (1973: 51) indicated he did not find furcate notochaetae.</p><p><b>Distribution</b>. Cape Vert, Mauritania, Senegal, Ghana, Guinea Bissau, Ivory Coast, Equatorial Guinea, Democratic Republic of Congo to Angola, in sediments from the intertidal to 75 m water depth.</p>",2023-02-14 19:55:56.292976+00:00,10.5281/zenodo.7641425,2023
Zenodo,Philippe Ciais,DEEP-C,7630041,Asymmetrical precipitation sensitivity to temperature across global dry and wet regions,Juan Liang,<p>The code is used to calculate sensitivity of precipitation to temperature across world&#39;s dry and wet regions.</p>,2023-02-10 17:50:11.667813+00:00,10.5281/zenodo.7630041,2023
Zenodo,Frida Keuper,CANETE,7598122,EJP MTE/LTE metadataset v1.0.1,"Blanchy, Guillaume","<p>Initial release of the analysis on mid-term and long-term field experiments collected within task 7.3 of EJP SOIL.</p>

<p>&nbsp;</p>

<p>&nbsp;</p>

<p>Data was acquired and collected thanks to National Coordinators and LTE owners (sorted by country alphabetically) from</p>

<p>Austria (Pia Euteneuer, Lisa Makoschitz), Belgium (Joran Barbry, Franky Coopman, Tommy D&#39;Hose, Bruno Huyghebaert, Stijn Martens, Joris De Nies, Bert Reubens, Veerle De Rycke, Tomas Vandesande), Czech Republic (Ladislav Men&scaron;&iacute;k), Denmark (Bent T. Christensen, J&oslash;rgen Eriksen, Uffe J&oslash;rgensen, Lars J. Munkholm, J&oslash;rgen E. Olesen, Gitte H. Rub&aelig;k), Estonia (Alar Astover, Karin Kauer, Liina Talgre), Finland (Riitta Lemola), France (Aurore BRUT, Sabine Houot, Frida Keuper, Katja Klumpp, Frederic Launay, Frederique Louault, Thierry Morvan, Tiphaine TALLEC, Francoise Watteau), Hungary (T&oacute;th Eszter, Istv&aacute;n Henzsel, S&aacute;ndor Ko&oacute;s, Bal&aacute;zs Madar&aacute;sz, Mariann Mak&aacute;di, L&aacute;szl&oacute; Radimszky, P&eacute;ter Rag&aacute;lyi, Anita Szab&oacute;, Melinda Tar, Nikolett Uzinger), Ireland (David Wall), Italy (Roberto Barbetti, Gianluca Carboni, Mariangela Diacono, Paolo Mul&eacute;, Gaio Cesare Pacini, Baronti Silvia, Vincenzo Tabaglio, Domenico Ventrella, Nadia Vignozzi, Laura Zavattaro), Latvia (Janis Vigovskis), Lithuania (Virginijus Feiza, Grazina Kadziene, Danute Karcauskiene, Virmantas Povilaitis), Netherlands (Phillip Ehlert, Willem van Geel, Jantine van Middelkoop, Rene Schils, Wieke Vervuurt, Marie Wesselink), Norway (Trond Maukon Henriksen, Annbj&oslash;rg &Oslash;verli Kristoffersen), Poland (Jacek Niedźwiecki), Portugal (Nadia Castanheira, Raquel Mano), Slovakia (Jaroslava Sobocka), Slovenia (Rok Mihelič), Spain (Jorge Alvaro-Fuentes, Jose A. Gomez, Carlos Garcia Izquierdo, C&eacute;sar Plaza, In&eacute;s Sant&iacute;n-Montany&aacute;), Sweden (Helena Aronsson, &Ouml;rjan Berglund, Sabina Braun), Turkey (Ibrahim Ortas) and UK (Catalina Estrada, Dario Fornara, Jane Hawkins, Gareth Griffith, Marecia, Andy McDonald, Jonathan Millett, Robin Pakeman, Raj Whitlock).</p>",2023-02-02 08:50:45.729316+00:00,10.5281/zenodo.7598122,2023
Zenodo,Philippe Ciais,DEEP-C,7553800,The consolidated European synthesis of CH4 and N2O emissions for EU27 and UK: 1990-2019,"Petrescu, Ana Maria Roxana","<p>This repository contains the data files used for figures, and five updated figures&nbsp;from</p>

<p>essd-2022-287</p>

<p>Title: The consolidated European synthesis of CH4 and N2O emissions for EU27 and UK: 1990-2019</p>

<p>Author(s): Ana Maria Roxana Petrescu, Chunjing Qiu, Matthew J. McGrath, Philippe Peylin, Glen P. Peters, Philippe Ciais, Rona L. Thompson, Aki Tsuruta, Dominik Brunner, Matthias Kuhnert, Bradley Matthews, Paul I. Palmer, Oksana Tarasova, Pierre Regnier, Ronny Lauerwald, David Bastviken, Lena H&ouml;glund-Isaksson, Wilfried Winiwarter, Giuseppe Etiope, Tuula Aalto, Gianpaolo Balsamo, Vladislav Bastrikov, Antoine Berchet, Patrick Brockmann, Giancarlo Ciotoli, Giulia Conchedda, Monica Crippa, Frank Dentener, Christine D. Groot Zwaaftink, Diego Guizzardi, Dirk G&uuml;nther, Jean-Matthieu Haussaire, Sander Houweling, Greet Janssens-Maenhout, Massaer Kouyate, Adrian Leip, Antti Lepp&auml;nen, Emanuele Lugato, Manon Maisonnier, Alistair J. Manning, Tiina Markkanen, Joe McNorton, Marilena Muntean, Gabriel D. Oreggioni, Prabir K. Patra, Lucia Perugini, Isabelle Pison, Maarit T. Raivonen, Marielle Saunois, Arjo J. Segers, Pete Smith, Efisio Solazzo, Hanqin Tian, Francesco N. Tubiello, Timo Vesala, Chris W&nbsp; ilson, and S&ouml;nke Zaehle MS type: Review article</p>

<p>The data and the DOI number&nbsp;refers to the updated version which include the two review comments</p>",2023-01-25 13:39:53.951718+00:00,10.5281/zenodo.7553800,2023
Zenodo,Philippe Peylin,ALAMOD,7553800,The consolidated European synthesis of CH4 and N2O emissions for EU27 and UK: 1990-2019,"Petrescu, Ana Maria Roxana","<p>This repository contains the data files used for figures, and five updated figures&nbsp;from</p>

<p>essd-2022-287</p>

<p>Title: The consolidated European synthesis of CH4 and N2O emissions for EU27 and UK: 1990-2019</p>

<p>Author(s): Ana Maria Roxana Petrescu, Chunjing Qiu, Matthew J. McGrath, Philippe Peylin, Glen P. Peters, Philippe Ciais, Rona L. Thompson, Aki Tsuruta, Dominik Brunner, Matthias Kuhnert, Bradley Matthews, Paul I. Palmer, Oksana Tarasova, Pierre Regnier, Ronny Lauerwald, David Bastviken, Lena H&ouml;glund-Isaksson, Wilfried Winiwarter, Giuseppe Etiope, Tuula Aalto, Gianpaolo Balsamo, Vladislav Bastrikov, Antoine Berchet, Patrick Brockmann, Giancarlo Ciotoli, Giulia Conchedda, Monica Crippa, Frank Dentener, Christine D. Groot Zwaaftink, Diego Guizzardi, Dirk G&uuml;nther, Jean-Matthieu Haussaire, Sander Houweling, Greet Janssens-Maenhout, Massaer Kouyate, Adrian Leip, Antti Lepp&auml;nen, Emanuele Lugato, Manon Maisonnier, Alistair J. Manning, Tiina Markkanen, Joe McNorton, Marilena Muntean, Gabriel D. Oreggioni, Prabir K. Patra, Lucia Perugini, Isabelle Pison, Maarit T. Raivonen, Marielle Saunois, Arjo J. Segers, Pete Smith, Efisio Solazzo, Hanqin Tian, Francesco N. Tubiello, Timo Vesala, Chris W&nbsp; ilson, and S&ouml;nke Zaehle MS type: Review article</p>

<p>The data and the DOI number&nbsp;refers to the updated version which include the two review comments</p>",2023-01-25 13:39:53.951718+00:00,10.5281/zenodo.7553800,2023
Zenodo,Pierre Regnier,DEEP-C,7553800,The consolidated European synthesis of CH4 and N2O emissions for EU27 and UK: 1990-2019,"Petrescu, Ana Maria Roxana","<p>This repository contains the data files used for figures, and five updated figures&nbsp;from</p>

<p>essd-2022-287</p>

<p>Title: The consolidated European synthesis of CH4 and N2O emissions for EU27 and UK: 1990-2019</p>

<p>Author(s): Ana Maria Roxana Petrescu, Chunjing Qiu, Matthew J. McGrath, Philippe Peylin, Glen P. Peters, Philippe Ciais, Rona L. Thompson, Aki Tsuruta, Dominik Brunner, Matthias Kuhnert, Bradley Matthews, Paul I. Palmer, Oksana Tarasova, Pierre Regnier, Ronny Lauerwald, David Bastviken, Lena H&ouml;glund-Isaksson, Wilfried Winiwarter, Giuseppe Etiope, Tuula Aalto, Gianpaolo Balsamo, Vladislav Bastrikov, Antoine Berchet, Patrick Brockmann, Giancarlo Ciotoli, Giulia Conchedda, Monica Crippa, Frank Dentener, Christine D. Groot Zwaaftink, Diego Guizzardi, Dirk G&uuml;nther, Jean-Matthieu Haussaire, Sander Houweling, Greet Janssens-Maenhout, Massaer Kouyate, Adrian Leip, Antti Lepp&auml;nen, Emanuele Lugato, Manon Maisonnier, Alistair J. Manning, Tiina Markkanen, Joe McNorton, Marilena Muntean, Gabriel D. Oreggioni, Prabir K. Patra, Lucia Perugini, Isabelle Pison, Maarit T. Raivonen, Marielle Saunois, Arjo J. Segers, Pete Smith, Efisio Solazzo, Hanqin Tian, Francesco N. Tubiello, Timo Vesala, Chris W&nbsp; ilson, and S&ouml;nke Zaehle MS type: Review article</p>

<p>The data and the DOI number&nbsp;refers to the updated version which include the two review comments</p>",2023-01-25 13:39:53.951718+00:00,10.5281/zenodo.7553800,2023
Zenodo,Ronny Lauerwald,DEEP-C,7553800,The consolidated European synthesis of CH4 and N2O emissions for EU27 and UK: 1990-2019,"Petrescu, Ana Maria Roxana","<p>This repository contains the data files used for figures, and five updated figures&nbsp;from</p>

<p>essd-2022-287</p>

<p>Title: The consolidated European synthesis of CH4 and N2O emissions for EU27 and UK: 1990-2019</p>

<p>Author(s): Ana Maria Roxana Petrescu, Chunjing Qiu, Matthew J. McGrath, Philippe Peylin, Glen P. Peters, Philippe Ciais, Rona L. Thompson, Aki Tsuruta, Dominik Brunner, Matthias Kuhnert, Bradley Matthews, Paul I. Palmer, Oksana Tarasova, Pierre Regnier, Ronny Lauerwald, David Bastviken, Lena H&ouml;glund-Isaksson, Wilfried Winiwarter, Giuseppe Etiope, Tuula Aalto, Gianpaolo Balsamo, Vladislav Bastrikov, Antoine Berchet, Patrick Brockmann, Giancarlo Ciotoli, Giulia Conchedda, Monica Crippa, Frank Dentener, Christine D. Groot Zwaaftink, Diego Guizzardi, Dirk G&uuml;nther, Jean-Matthieu Haussaire, Sander Houweling, Greet Janssens-Maenhout, Massaer Kouyate, Adrian Leip, Antti Lepp&auml;nen, Emanuele Lugato, Manon Maisonnier, Alistair J. Manning, Tiina Markkanen, Joe McNorton, Marilena Muntean, Gabriel D. Oreggioni, Prabir K. Patra, Lucia Perugini, Isabelle Pison, Maarit T. Raivonen, Marielle Saunois, Arjo J. Segers, Pete Smith, Efisio Solazzo, Hanqin Tian, Francesco N. Tubiello, Timo Vesala, Chris W&nbsp; ilson, and S&ouml;nke Zaehle MS type: Review article</p>

<p>The data and the DOI number&nbsp;refers to the updated version which include the two review comments</p>",2023-01-25 13:39:53.951718+00:00,10.5281/zenodo.7553800,2023
Zenodo,"Benoit Marie ""ISEM""",CrosyeN,7544555,Supplementary Materials from: Performance and limitations of linkage-disequilibrium-based methods for inferring the genomic landscape of recombination and detecting hotspots: a simulation study,"Raynaud, Marie","<p>Knowledge of recombination rate variation along the genome provides important insights into genome and phenotypic evolution. Population genomic approaches offer an attractive way to infer the population-scaled recombination rate ⍴=4Ner using the linkage disequilibrium information contained in DNA sequence polymorphism data. Such methods have been used in a broad range of plant and animal species to build genome-wide recombination maps. However, the reliability of these inferences has only been assessed under a restrictive set of conditions. Here, we evaluate the ability of one of the most widely used coalescent-based programs, LDhelmet, to infer a genomic landscape of recombination with the biological characteristics of a human-like landscape including hotspots. Using simulations, we specifically assessed the impact of methodological (sample size, phasing errors, block penalty) and evolutionary parameters (effective population size (Ne),&nbsp; demographic history, mutation to recombination rate ratio) on inferred map quality. We report reasonably good correlations between simulated and inferred landscapes, but point to limitations when it comes to detecting recombination hotspots. False positive and false negative hotspots considerably confound fine-scale patterns of inferred recombination under a wide range of conditions, particularly when Ne is small and the mutation/recombination rate ratio is low, to the extent that maps inferred from populations sharing the same recombination landscape appear uncorrelated. We thus address a message of caution for the users of these approaches, at least for genomes with complex recombination landscapes such as in humans.</p>",2023-01-17 14:05:36.718858+00:00,10.5281/zenodo.7544555,2023
Zenodo,Josette Garnier,CarboNium,7457183,"The agrofood systems in France, Spain and Portugal at a NUT2 resolution for the 2014-2019 period  (GRAFS Data set)",Josette Garnier,"<p>The GRAFS approach (Generalized Representation of Agro-food systems) describes the agro-food system by considering four main components exchanging nutrient flows: cropland, grassland, livestock systems, and local population. The agro-food system is documented here for the period 2014&ndash;2019, at the territorial level of the EU administrative units NUTS2, in terms of N for (i) nutrient inputs to the soil (exogenous fertilization such as synthetic and/or organic fertilization and atmospheric deposition, as well as symbiotic fixation); (ii) the feed required for the existing livestock; (iii) the size of the human population, its dietary preferences, and its excreta; and (iv) food and feed imports/exports (Billen et al., 2018; 2021). These N flows link grassland and cropland productivity (from annual and perennial crops) to livestock feeding, and, finally, to human food. Detailed figures for these different components are presented in the joint Table.</p>

<p>Using the GRAFS approach to our study area, we also expand upon the approach used by Le No&euml; et al. (2018), which established different typologies of the agro-food systems in France. This approach intends to describe the degree of coupling between crop and livestock farming, local production/consumption to shows regional differences (see Table 1SM for a detailed description of the different typologies defined). The GRAFS approach also allows to calculates, NH3 volatisization and N2O emission, as well as leaching concentration (the net soil surplus as a proxy).</p>",2022-12-19 10:55:01.947424+00:00,10.5281/zenodo.7457183,2022
Zenodo,Julia Le Noë,ALAMOD,7398488,Altered growth conditions more than reforestation counteracted forest biomass carbon emissions 1990–2020,Julia Le Noë,"<p>Understanding the carbon (C) balance in global forest is key for climate-change mitigation. However, land use and environmental drivers affecting global forest C fluxes remain poorly quantified. Here we show, following a counterfactual modelling approach based on global Forest Resource Assessments, that in 1990&ndash;2020 deforestation is the main driver of forest C emissions, partly counteracted by increased forest growth rates under altered conditions: In the hypothetical absence of changes in forest (i) area, (ii) harvest or (iii) burnt area, global forest biomass would reverse from an actual cumulative net C source of c. 0.74 GtC to a net C sink of 26.9, 4.9 and 0.63 GtC, respectively. In contrast, (iv) without growth rate changes, cumulative emissions would be 7.4 GtC, i.e., 10 times higher. Because this sink function may be discontinued in the future due to climate-change, ending deforestation and lowering wood harvest emerge here as key climate-change mitigation strategies.</p>",2022-12-05 10:20:39.390643+00:00,10.1038/s41467-021-26398-2,2022
Zenodo,Julia Le Noë,SLAM-B,7398488,Altered growth conditions more than reforestation counteracted forest biomass carbon emissions 1990–2020,Julia Le Noë,"<p>Understanding the carbon (C) balance in global forest is key for climate-change mitigation. However, land use and environmental drivers affecting global forest C fluxes remain poorly quantified. Here we show, following a counterfactual modelling approach based on global Forest Resource Assessments, that in 1990&ndash;2020 deforestation is the main driver of forest C emissions, partly counteracted by increased forest growth rates under altered conditions: In the hypothetical absence of changes in forest (i) area, (ii) harvest or (iii) burnt area, global forest biomass would reverse from an actual cumulative net C source of c. 0.74 GtC to a net C sink of 26.9, 4.9 and 0.63 GtC, respectively. In contrast, (iv) without growth rate changes, cumulative emissions would be 7.4 GtC, i.e., 10 times higher. Because this sink function may be discontinued in the future due to climate-change, ending deforestation and lowering wood harvest emerge here as key climate-change mitigation strategies.</p>",2022-12-05 10:20:39.390643+00:00,10.1038/s41467-021-26398-2,2022
Zenodo,Julia Le Noë,PREFALIM,7398488,Altered growth conditions more than reforestation counteracted forest biomass carbon emissions 1990–2020,Julia Le Noë,"<p>Understanding the carbon (C) balance in global forest is key for climate-change mitigation. However, land use and environmental drivers affecting global forest C fluxes remain poorly quantified. Here we show, following a counterfactual modelling approach based on global Forest Resource Assessments, that in 1990&ndash;2020 deforestation is the main driver of forest C emissions, partly counteracted by increased forest growth rates under altered conditions: In the hypothetical absence of changes in forest (i) area, (ii) harvest or (iii) burnt area, global forest biomass would reverse from an actual cumulative net C source of c. 0.74 GtC to a net C sink of 26.9, 4.9 and 0.63 GtC, respectively. In contrast, (iv) without growth rate changes, cumulative emissions would be 7.4 GtC, i.e., 10 times higher. Because this sink function may be discontinued in the future due to climate-change, ending deforestation and lowering wood harvest emerge here as key climate-change mitigation strategies.</p>",2022-12-05 10:20:39.390643+00:00,10.1038/s41467-021-26398-2,2022
Zenodo,Julia Le Noë,SLAM-B,7398466,Forest carbon sink in the U.S. (1870–2012) driven by substitution of forest ecosystem service flows,Andreas Magerl,"<p>Understanding the dynamics behind forest transitions, i.e., shifts from deforestation to forest recovery, is crucial for forest conservation and climate-change mitigation i.e., carbon (C) sequestration. We investigated the drivers of the forest transition in the United States, which was characterized by forest thickening despite surges in industrial wood extraction. We employ the concepts of Human Appropriation of Net Primary Productivity (HANPP) and Material and Energy Flow Analysis (MEFA) to quantitatively assess changes in major provisioning ecosystem services demanded from forests, i.e., industrial wood (comprising biomass used in products such as paper and pulp), grazing, and fuelwood, and analyse substitution processes from 1870-2012 at regional,&nbsp;<a href=""https://www.sciencedirect.com/topics/engineering/sectoral"">sectoral</a>, and national scales. The share of industrial wood in total annual forest biomass harvest increased from 23% to 84% over the time-period, while fuelwood and biomass grazed declined from 63% to 13%, and 14% to 3%, respectively. Reductions in demand for fuelwood and biomass grazed were enabled by shifts in feed and energy sources, consequently allowing for increases in both livestock numbers and energy use. Feed crops increased six-fold, alleviating&nbsp;<a href=""https://www.sciencedirect.com/topics/earth-and-planetary-sciences/grazing-pressure"">grazing pressure</a>&nbsp;on forest ecosystems, particularly in the Eastern states. Fossil fuels replaced fuelwood, especially in the residential sector. Between 1900-2012 the final energy mix increased seventeen-fold. Thus, the increase in biomass C stocks in&nbsp;<a href=""https://www.sciencedirect.com/topics/earth-and-planetary-sciences/united-states-of-america"">U.S.</a>&nbsp;forests was connected to substitution of forest ecosystem services with fossil fuel-based production systems, and with manifold increases in societal resource use and C dynamics. Such shifts need to be considered when assessing the positive&nbsp;<a href=""https://www.sciencedirect.com/topics/social-sciences/human-activities-effects"">environmental effects</a>&nbsp;of forest transitions.</p>",2022-12-05 10:12:20.467192+00:00,10.1016/j.resconrec.2021.105927,2022
Zenodo,Julia Le Noë,ALAMOD,7398466,Forest carbon sink in the U.S. (1870–2012) driven by substitution of forest ecosystem service flows,Andreas Magerl,"<p>Understanding the dynamics behind forest transitions, i.e., shifts from deforestation to forest recovery, is crucial for forest conservation and climate-change mitigation i.e., carbon (C) sequestration. We investigated the drivers of the forest transition in the United States, which was characterized by forest thickening despite surges in industrial wood extraction. We employ the concepts of Human Appropriation of Net Primary Productivity (HANPP) and Material and Energy Flow Analysis (MEFA) to quantitatively assess changes in major provisioning ecosystem services demanded from forests, i.e., industrial wood (comprising biomass used in products such as paper and pulp), grazing, and fuelwood, and analyse substitution processes from 1870-2012 at regional,&nbsp;<a href=""https://www.sciencedirect.com/topics/engineering/sectoral"">sectoral</a>, and national scales. The share of industrial wood in total annual forest biomass harvest increased from 23% to 84% over the time-period, while fuelwood and biomass grazed declined from 63% to 13%, and 14% to 3%, respectively. Reductions in demand for fuelwood and biomass grazed were enabled by shifts in feed and energy sources, consequently allowing for increases in both livestock numbers and energy use. Feed crops increased six-fold, alleviating&nbsp;<a href=""https://www.sciencedirect.com/topics/earth-and-planetary-sciences/grazing-pressure"">grazing pressure</a>&nbsp;on forest ecosystems, particularly in the Eastern states. Fossil fuels replaced fuelwood, especially in the residential sector. Between 1900-2012 the final energy mix increased seventeen-fold. Thus, the increase in biomass C stocks in&nbsp;<a href=""https://www.sciencedirect.com/topics/earth-and-planetary-sciences/united-states-of-america"">U.S.</a>&nbsp;forests was connected to substitution of forest ecosystem services with fossil fuel-based production systems, and with manifold increases in societal resource use and C dynamics. Such shifts need to be considered when assessing the positive&nbsp;<a href=""https://www.sciencedirect.com/topics/social-sciences/human-activities-effects"">environmental effects</a>&nbsp;of forest transitions.</p>",2022-12-05 10:12:20.467192+00:00,10.1016/j.resconrec.2021.105927,2022
Zenodo,Julia Le Noë,PREFALIM,7398466,Forest carbon sink in the U.S. (1870–2012) driven by substitution of forest ecosystem service flows,Andreas Magerl,"<p>Understanding the dynamics behind forest transitions, i.e., shifts from deforestation to forest recovery, is crucial for forest conservation and climate-change mitigation i.e., carbon (C) sequestration. We investigated the drivers of the forest transition in the United States, which was characterized by forest thickening despite surges in industrial wood extraction. We employ the concepts of Human Appropriation of Net Primary Productivity (HANPP) and Material and Energy Flow Analysis (MEFA) to quantitatively assess changes in major provisioning ecosystem services demanded from forests, i.e., industrial wood (comprising biomass used in products such as paper and pulp), grazing, and fuelwood, and analyse substitution processes from 1870-2012 at regional,&nbsp;<a href=""https://www.sciencedirect.com/topics/engineering/sectoral"">sectoral</a>, and national scales. The share of industrial wood in total annual forest biomass harvest increased from 23% to 84% over the time-period, while fuelwood and biomass grazed declined from 63% to 13%, and 14% to 3%, respectively. Reductions in demand for fuelwood and biomass grazed were enabled by shifts in feed and energy sources, consequently allowing for increases in both livestock numbers and energy use. Feed crops increased six-fold, alleviating&nbsp;<a href=""https://www.sciencedirect.com/topics/earth-and-planetary-sciences/grazing-pressure"">grazing pressure</a>&nbsp;on forest ecosystems, particularly in the Eastern states. Fossil fuels replaced fuelwood, especially in the residential sector. Between 1900-2012 the final energy mix increased seventeen-fold. Thus, the increase in biomass C stocks in&nbsp;<a href=""https://www.sciencedirect.com/topics/earth-and-planetary-sciences/united-states-of-america"">U.S.</a>&nbsp;forests was connected to substitution of forest ecosystem services with fossil fuel-based production systems, and with manifold increases in societal resource use and C dynamics. Such shifts need to be considered when assessing the positive&nbsp;<a href=""https://www.sciencedirect.com/topics/social-sciences/human-activities-effects"">environmental effects</a>&nbsp;of forest transitions.</p>",2022-12-05 10:12:20.467192+00:00,10.1016/j.resconrec.2021.105927,2022
Zenodo,Julia Le Noë,SLAM-B,7398315,Changes in perspective needed to forge 'no-regret' forest-based climate change mitigation strategies,Karl-Heinz Erb,"<p>Forest-based mitigation strategies will play a pivotal role in achieving the rapid and deep net-emission reductions required to prevent catastrophic climate change. However, large disagreement prevails on how to forge forest-based mitigation strategies, in particular in regions where forests are currently growing in area and carbon density. Two opposing viewpoints prevail in the current discourse: (1) A widespread viewpoint, specifically in countries in the Global North, favours enhanced wood use, including bioenergy, for substitution of emissionsintensive products and processes. (2) Others instead focus on the biophysical, resource-efficiency and time-response advantages of forest conservation and restoration for carbon sequestration and biodiversity conservation, whilst often not explicitly specifying how much wood extraction can still safeguard these ecological benefits. We here argue for a new perspective in sustainable forest research that aims at forging &ldquo;no-regret&rdquo; forest-based climate change mitigation strategies. Based on the consideration of forest growth dynamics and the opportunity carbon cost associated with wood use, we suggest that, instead of taking (hypothetical) wood-for-fossil substitution as starting point in assessments of carbon implications of wood products and services, analyses should take the potential and desired carbon sequestration of forests as starting point and quantify sustainable yield potentials compatible with those carbon sequestration potentials. Such an approach explicitly addresses the possible benefits provided by forests as carbon sinks, brings research on the permanence and vulnerability of C-stocks in forests, of substitution effects, as well as explorations of demand-side strategies to the forefront of research and, in particular, aligns better with the urgency to find viable climate solutions.</p>",2022-12-05 09:44:22.268761+00:00,10.1111/gcbb.12921,2022
Zenodo,Julia Le Noë,PREFALIM,7398315,Changes in perspective needed to forge 'no-regret' forest-based climate change mitigation strategies,Karl-Heinz Erb,"<p>Forest-based mitigation strategies will play a pivotal role in achieving the rapid and deep net-emission reductions required to prevent catastrophic climate change. However, large disagreement prevails on how to forge forest-based mitigation strategies, in particular in regions where forests are currently growing in area and carbon density. Two opposing viewpoints prevail in the current discourse: (1) A widespread viewpoint, specifically in countries in the Global North, favours enhanced wood use, including bioenergy, for substitution of emissionsintensive products and processes. (2) Others instead focus on the biophysical, resource-efficiency and time-response advantages of forest conservation and restoration for carbon sequestration and biodiversity conservation, whilst often not explicitly specifying how much wood extraction can still safeguard these ecological benefits. We here argue for a new perspective in sustainable forest research that aims at forging &ldquo;no-regret&rdquo; forest-based climate change mitigation strategies. Based on the consideration of forest growth dynamics and the opportunity carbon cost associated with wood use, we suggest that, instead of taking (hypothetical) wood-for-fossil substitution as starting point in assessments of carbon implications of wood products and services, analyses should take the potential and desired carbon sequestration of forests as starting point and quantify sustainable yield potentials compatible with those carbon sequestration potentials. Such an approach explicitly addresses the possible benefits provided by forests as carbon sinks, brings research on the permanence and vulnerability of C-stocks in forests, of substitution effects, as well as explorations of demand-side strategies to the forefront of research and, in particular, aligns better with the urgency to find viable climate solutions.</p>",2022-12-05 09:44:22.268761+00:00,10.1111/gcbb.12921,2022
Zenodo,Julia Le Noë,ALAMOD,7398315,Changes in perspective needed to forge 'no-regret' forest-based climate change mitigation strategies,Karl-Heinz Erb,"<p>Forest-based mitigation strategies will play a pivotal role in achieving the rapid and deep net-emission reductions required to prevent catastrophic climate change. However, large disagreement prevails on how to forge forest-based mitigation strategies, in particular in regions where forests are currently growing in area and carbon density. Two opposing viewpoints prevail in the current discourse: (1) A widespread viewpoint, specifically in countries in the Global North, favours enhanced wood use, including bioenergy, for substitution of emissionsintensive products and processes. (2) Others instead focus on the biophysical, resource-efficiency and time-response advantages of forest conservation and restoration for carbon sequestration and biodiversity conservation, whilst often not explicitly specifying how much wood extraction can still safeguard these ecological benefits. We here argue for a new perspective in sustainable forest research that aims at forging &ldquo;no-regret&rdquo; forest-based climate change mitigation strategies. Based on the consideration of forest growth dynamics and the opportunity carbon cost associated with wood use, we suggest that, instead of taking (hypothetical) wood-for-fossil substitution as starting point in assessments of carbon implications of wood products and services, analyses should take the potential and desired carbon sequestration of forests as starting point and quantify sustainable yield potentials compatible with those carbon sequestration potentials. Such an approach explicitly addresses the possible benefits provided by forests as carbon sinks, brings research on the permanence and vulnerability of C-stocks in forests, of substitution effects, as well as explorations of demand-side strategies to the forefront of research and, in particular, aligns better with the urgency to find viable climate solutions.</p>",2022-12-05 09:44:22.268761+00:00,10.1111/gcbb.12921,2022
Zenodo,Marc Buée,CANETE,7368133,Expansion of the global RNA virome reveals diverse clades of bacteriophages,Uri Neri,"<p>This deposit is intended to contain the various data generated as part of the RNA Virus in MetaTranscriptomes project (&quot;RVMT&quot;). This initial version is&nbsp;released ahead of time, near the time of submission, in hopes of providing a long lasting&nbsp;resource for the&nbsp;general scientific community. Note well - The authors listed in this initial version release are a partial list only. The&nbsp;RNA Virus in MetaTranscriptomes consortium is a project with over 90 researches from various institutions (see below).</p>

<p>High-throughput RNA sequencing offers broad opportunities to explore the Earth RNA virome. Mining 5,150 diverse metatranscriptomes uncovered &gt;2.5 million RNA virus contigs. Analysis of &gt;330,000 RNA-dependent RNA polymerases (RdRPs) shows that this expansion corresponds to a 5-fold increase of the known RNA virus diversity. Gene content analysis revealed multiple protein domains previously not found in RNA viruses and implicated in virus-host interactions. Extended RdRP phylogeny supports the monophyly of the five established phyla and reveals two putative additional bacteriophage phyla and numerous putative additional classes and orders. The dramatically expanded phylum&nbsp;<em>Lenarviricota</em>, consisting of bacterial and related eukaryotic viruses, now accounts for a third of the RNA virome. Identification of CRISPR spacer matches and bacteriolytic proteins suggests that subsets of picobirnaviruses and partitiviruses, previously associated with eukaryotes, infect prokaryotic hosts.</p>

<p>The RNA Virus in metatranscriptomes consortium:<br>
Adrienne B. Narrowe, Alexander J. Probst, Alexander Sczyrba, Annegret Kohler, Armand S&eacute;guin, Ashley Shade, Barbara J. Campbell, Bj&ouml;rn D. Lindahl, Brandi Kiel Reese, Breanna M. Roque, Chris DeRito, Colin Averill, Daniel Cullen, David A. C. Beck, David A. Walsh, David M. Ward, Dongying Wu, Emiley Eloe-Fadrosh, Eoin L. Brodie, Erica B. Young, Erik A. Lilleskov, Federico J. Castillo, Francis M. Martin, Gary R. LeCleir, Graeme T. Attwood, Hinsby Cadillo-Quiroz, Holly M. Simon, Ian Hewson, Igor V. Grigoriev, James M. Tiedje, Janet K. Jansson, Janey Lee, Jean S. VanderGheynst, Jeff Dangl, Jeff S. Bowman, Jeffrey L. Blanchard, Jennifer L. Bowen, Jiangbing Xu, Jillian F. Banfield, Jody W Deming, Joel E. Kostka, John M. Gladden, Josephine Z Rapp, Joshua Sharpe, Katherine D. McMahon, Kathleen K. Treseder, Kay D. Bidle, Kelly C. Wrighton, Kimberlee Thamatrakoln, Klaus Nusslein, Laura K. Meredith, Lucia Ramirez, Marc Buee, Marcel Huntemann, Marina G. Kalyuzhnaya, Mark P Waldrop, Matthew B Sullivan, Matthew O. Schrenk, Matthias Hess, Michael A. Vega, Michelle A. O&rsquo;Malley, Monica Medina, Naomi E. Gilbert, Nathalie Delherbe, Olivia U. Mason, Paul Dijkstra, Peter F. Chuckran, Petr Baldrian, Philippe Constant, Ramunas Stepanauskas, Rebecca A. Daly, Regina Lamendella, Robert J Gruninger, Robert M. McKay, Samuel Hylander, Sarah L. Lebeis, Sarah P Esser, Silvia G. Acinas, Steven S. Wilhelm, Steven W. Singer, Susannah S. Tringe, Tanja Woyke, TBK Reddy, Terrence H. Bell, Thomas Mock, Tim McAllister, Vera Thiel, Vincent J. Denef, Wen-Tso Liu, Willm Martens-Habbena, Xiao-Jun Allen Liu, Zachary S. Cooper, Zhong Wang. For the full list of authors and related information, please see the spreadsheet tittle &quot;Table S9 - Consortium coauthorship&quot; available in this collection in the folder&nbsp;named&nbsp;&quot;Tables&quot;.</p>",2022-11-27 15:47:02.306142+00:00,10.5281/zenodo.7368133,2022
Zenodo,Ali Faraj,CANETE,7358109,"The Effect of Online Classes on Students Performance During the Outbreak of the COVID-19 Virus ""A Case Study at The University of Halabja in Northern Iraq""","Naz Ali Faraj Faraj, Akram M. ALhamad","<p>The aim of the study is to identify the factors that influence student performance in relation to online classes during the COVID-19 pandemic period and to establish the relationship between these variables. The study is of a quantitative nature, and data was collected from 350 people from all disciplines who were studying at Halabja University in northern Iraq through an online survey. Correlation design was used to test the relationships between attributes of dependent and independent variables using Pearson&#39;s Product Moment Co-effective correlation (𝑟). The results showed that four independent factors were used in the study. Instructor quality, course design, quick feedback and student expectation positively impact student performance. The factors are essential to obtain a high level of performance for our online customers. This study is being conducted during the COVID-19 pandemic period to investigate the impact of online teaching on student performance.</p>",2022-11-24 16:33:15.974042+00:00,10.5281/zenodo.7358109,2022
Zenodo,Philippe Peylin,ALAMOD,7347077,Datasets for greenhouse gasses emissions and removals from inventories and global models over Africa,"Mostefaoui, Mounia","<p>This file includes the&nbsp;data&nbsp;from Mostefaoui&nbsp;et al. (ESSD, under&nbsp;submission), for &nbsp;54&nbsp;countries African&nbsp;countries</p>

<p>&nbsp;The data includes:&nbsp;</p>

<p>(1)&nbsp;CO2 fluxes from global models - satellite inversions and&nbsp;Dynamic Global Vegetation Models (DGVM) -, and from a collection of national inventories&nbsp;for LULUCF, GFEDv4 and FAO data.</p>

<p>&nbsp;DGVM values are the median of 14 models, consistent with the Global Carbon Budget 2020&nbsp;(https://essd.copernicus.org/articles/12/3269/2020/) LULUCF UNFCCC&nbsp;&nbsp;corrected values&nbsp;are from Grassi &nbsp;<a href=""https://priv-bx-myremote.tech.ec.europa.eu/preprints/essd-2022-104/,DanaInfo=.aetugDhuwm0xto76O48y,SSL+"">https://essd.copernicus.org/preprints/essd-2022-104/</a>&nbsp;&nbsp;</p>

<p>(2) CH4 fluxes from global&nbsp;models consistent with the Global Methane&nbsp;Budget 2020 (https://essd.copernicus.org/articles/12/1561/2020/)</p>

<p>(3 N2O&nbsp;fluxes from global models (three inversions)</p>

<p>For further methodological details, see Mostefaoui et al. (ESSD, under submission):</p>

<p>Mounia Mostefaoui, Philippe Ciais, &nbsp;Matthew J. McGrath, Philippe Peylin, Prabir Patra.&nbsp;Greenhouse gasses emissions and their trends over the last three decades across Africa, ESSD (under submission)</p>",2022-11-22 15:47:14.990110+00:00,10.5281/zenodo.7347077,2022
Zenodo,Philippe Ciais,DEEP-C,7347077,Datasets for greenhouse gasses emissions and removals from inventories and global models over Africa,"Mostefaoui, Mounia","<p>This file includes the&nbsp;data&nbsp;from Mostefaoui&nbsp;et al. (ESSD, under&nbsp;submission), for &nbsp;54&nbsp;countries African&nbsp;countries</p>

<p>&nbsp;The data includes:&nbsp;</p>

<p>(1)&nbsp;CO2 fluxes from global models - satellite inversions and&nbsp;Dynamic Global Vegetation Models (DGVM) -, and from a collection of national inventories&nbsp;for LULUCF, GFEDv4 and FAO data.</p>

<p>&nbsp;DGVM values are the median of 14 models, consistent with the Global Carbon Budget 2020&nbsp;(https://essd.copernicus.org/articles/12/3269/2020/) LULUCF UNFCCC&nbsp;&nbsp;corrected values&nbsp;are from Grassi &nbsp;<a href=""https://priv-bx-myremote.tech.ec.europa.eu/preprints/essd-2022-104/,DanaInfo=.aetugDhuwm0xto76O48y,SSL+"">https://essd.copernicus.org/preprints/essd-2022-104/</a>&nbsp;&nbsp;</p>

<p>(2) CH4 fluxes from global&nbsp;models consistent with the Global Methane&nbsp;Budget 2020 (https://essd.copernicus.org/articles/12/1561/2020/)</p>

<p>(3 N2O&nbsp;fluxes from global models (three inversions)</p>

<p>For further methodological details, see Mostefaoui et al. (ESSD, under submission):</p>

<p>Mounia Mostefaoui, Philippe Ciais, &nbsp;Matthew J. McGrath, Philippe Peylin, Prabir Patra.&nbsp;Greenhouse gasses emissions and their trends over the last three decades across Africa, ESSD (under submission)</p>",2022-11-22 15:47:14.990110+00:00,10.5281/zenodo.7347077,2022
Zenodo,Olivier Roupsard,RIFT,7341826,Comparing the performances of Pedotransfer Functions with Hydrus 1D Inverse Parameters Estimation in a deep cultivated sahelian soil,Djim M L Diongue,"<p>Abstract</p>

<p>Knowledge about soil water balance and ecosystem water partitioning is crucial for managing soils in semi-arid areas like the Sahel, but hydraulic parameters are hardly available to run either parsimonious or detailed process models. This study aims at bridging this parameterization gap in a typical deep (&gt; 2m) loamy sand soil from the groundnut basin in Senegal[1]. Five approaches of soil hydraulic parameterization with a range of different complexity were compared: (1) the lookup table of Carsel and Parrish (1988) that use only the soil texture class known as &ldquo;Class PTFs&rdquo;, (2) Rosetta PTFs from only topsoil characterization, (3) Rosetta PTFs with a detailed multilayer soil characterization, and inverse estimation from soil moisture using Hydrus-1D, considering the soil column either as (4) a single soil material and (5) with three-layered soil material. We compared the predicted (i) soil water content (SWC) with high-frequency measurements from 15 cm down to 200 cm deep and (ii) actual evapotranspiration (ET) with Eddy Covariance (EC) data during four consecutive growing seasons under a rotation of pearl millet and peanut crops. The simplest methods (1 &amp; 2) resulted in a significant bias of the predicted SWC, with, however, some predictive ability of Method 2 to simulate the general trends of Swc, especially under peanut crops. Method 3 behaved reasonably with average RMSE for SWC, varying between 0.029 and 0.023 cm<sup>-3</sup>&nbsp;cm<sup>-3</sup>. Method 4 further improved the predictions with RMSE ranging from 0.013 to 0.020 cm<sup>-3</sup>&nbsp;cm<sup>-3</sup>. The best agreement was found under peanut using Method 5 (RMSE &le; 0.013 cm<sup>3</sup>&nbsp;cm<sup>-3</sup>). Methods 3, 4 or 5 behaved satisfactorily for predicting ET whatever the crop, e.g. Method 4 (RMSE= 0.05 cm day-1, NSE= 0.9 and R&sup2;= 0.93) for pearl millet.</p>",2022-11-21 13:05:37.129540+00:00,10.5194/egusphere-egu22-9499,2022
Zenodo,Jérôme Demarty,RIFT,7341795,Modeling gas exchange and biomass production in West African Sahelian and Sudanian ecological zones,Jaber Rahimi,"<p>Abstract</p>

<p>West African Sahelian and Sudanian ecosystems provide essential services to people and also play a significant role within the global carbon cycle. However, climate and land use are dynamically changing, and uncertainty remains with respect to how these changes will affect the potential of these regions to provide food and fodder resources or how they will affect the biosphere&ndash;atmosphere exchange of CO<sub>2</sub>. In this study, we investigate the capacity of a process-based biogeochemical model, LandscapeDNDC, to simulate net ecosystem exchange (NEE) and aboveground biomass of typical managed and natural Sahelian and Sudanian savanna ecosystems. In order to improve the simulation of phenology, we introduced soil-water availability as a common driver of foliage development and productivity for all of these systems. The new approach was tested by using a sample of sites (calibration sites) that provided NEE from flux tower observations as well as leaf area index data from satellite images (MODIS, MODerate resolution Imaging Spectroradiometer). For assessing the simulation accuracy, we applied the calibrated model to 42 additional sites (validation sites) across West Africa for which measured aboveground biomass data were available. The model showed good performance regarding biomass of crops, grass, or trees, yielding correlation coefficients of 0.82, 0.94, and 0.77 and root-mean-square errors of 0.15, 0.22, and 0.12&thinsp;kg&thinsp;m<sup>&minus;2</sup>,&nbsp;respectively. The simulations indicate aboveground carbon stocks of up to 0.17, 0.33, and 0.54&thinsp;kg&thinsp;C&thinsp;ha<sup>&minus;1</sup>&thinsp;m<sup>&minus;2</sup>&nbsp;for agricultural, savanna grasslands, and savanna mixed tree&ndash;grassland sites, respectively. Carbon stocks and exchange rates were particularly correlated with the abundance of trees, and grass biomass and crop yields were higher under more humid climatic conditions. Our study shows the capability of LandscapeDNDC to accurately simulate carbon balances in natural and agricultural ecosystems in semiarid West Africa under a wide range of conditions; thus, the model could be used to assess the impact of land-use and climate change on the regional biomass productivity.</p>",2022-11-21 12:56:41.329258+00:00,10.5194/gmd-14-3789-2021,2022
Zenodo,Jean-Martial Cohard,RIFT,7341795,Modeling gas exchange and biomass production in West African Sahelian and Sudanian ecological zones,Jaber Rahimi,"<p>Abstract</p>

<p>West African Sahelian and Sudanian ecosystems provide essential services to people and also play a significant role within the global carbon cycle. However, climate and land use are dynamically changing, and uncertainty remains with respect to how these changes will affect the potential of these regions to provide food and fodder resources or how they will affect the biosphere&ndash;atmosphere exchange of CO<sub>2</sub>. In this study, we investigate the capacity of a process-based biogeochemical model, LandscapeDNDC, to simulate net ecosystem exchange (NEE) and aboveground biomass of typical managed and natural Sahelian and Sudanian savanna ecosystems. In order to improve the simulation of phenology, we introduced soil-water availability as a common driver of foliage development and productivity for all of these systems. The new approach was tested by using a sample of sites (calibration sites) that provided NEE from flux tower observations as well as leaf area index data from satellite images (MODIS, MODerate resolution Imaging Spectroradiometer). For assessing the simulation accuracy, we applied the calibrated model to 42 additional sites (validation sites) across West Africa for which measured aboveground biomass data were available. The model showed good performance regarding biomass of crops, grass, or trees, yielding correlation coefficients of 0.82, 0.94, and 0.77 and root-mean-square errors of 0.15, 0.22, and 0.12&thinsp;kg&thinsp;m<sup>&minus;2</sup>,&nbsp;respectively. The simulations indicate aboveground carbon stocks of up to 0.17, 0.33, and 0.54&thinsp;kg&thinsp;C&thinsp;ha<sup>&minus;1</sup>&thinsp;m<sup>&minus;2</sup>&nbsp;for agricultural, savanna grasslands, and savanna mixed tree&ndash;grassland sites, respectively. Carbon stocks and exchange rates were particularly correlated with the abundance of trees, and grass biomass and crop yields were higher under more humid climatic conditions. Our study shows the capability of LandscapeDNDC to accurately simulate carbon balances in natural and agricultural ecosystems in semiarid West Africa under a wide range of conditions; thus, the model could be used to assess the impact of land-use and climate change on the regional biomass productivity.</p>",2022-11-21 12:56:41.329258+00:00,10.5194/gmd-14-3789-2021,2022
Zenodo,Olivier Roupsard,RIFT,7341795,Modeling gas exchange and biomass production in West African Sahelian and Sudanian ecological zones,Jaber Rahimi,"<p>Abstract</p>

<p>West African Sahelian and Sudanian ecosystems provide essential services to people and also play a significant role within the global carbon cycle. However, climate and land use are dynamically changing, and uncertainty remains with respect to how these changes will affect the potential of these regions to provide food and fodder resources or how they will affect the biosphere&ndash;atmosphere exchange of CO<sub>2</sub>. In this study, we investigate the capacity of a process-based biogeochemical model, LandscapeDNDC, to simulate net ecosystem exchange (NEE) and aboveground biomass of typical managed and natural Sahelian and Sudanian savanna ecosystems. In order to improve the simulation of phenology, we introduced soil-water availability as a common driver of foliage development and productivity for all of these systems. The new approach was tested by using a sample of sites (calibration sites) that provided NEE from flux tower observations as well as leaf area index data from satellite images (MODIS, MODerate resolution Imaging Spectroradiometer). For assessing the simulation accuracy, we applied the calibrated model to 42 additional sites (validation sites) across West Africa for which measured aboveground biomass data were available. The model showed good performance regarding biomass of crops, grass, or trees, yielding correlation coefficients of 0.82, 0.94, and 0.77 and root-mean-square errors of 0.15, 0.22, and 0.12&thinsp;kg&thinsp;m<sup>&minus;2</sup>,&nbsp;respectively. The simulations indicate aboveground carbon stocks of up to 0.17, 0.33, and 0.54&thinsp;kg&thinsp;C&thinsp;ha<sup>&minus;1</sup>&thinsp;m<sup>&minus;2</sup>&nbsp;for agricultural, savanna grasslands, and savanna mixed tree&ndash;grassland sites, respectively. Carbon stocks and exchange rates were particularly correlated with the abundance of trees, and grass biomass and crop yields were higher under more humid climatic conditions. Our study shows the capability of LandscapeDNDC to accurately simulate carbon balances in natural and agricultural ecosystems in semiarid West Africa under a wide range of conditions; thus, the model could be used to assess the impact of land-use and climate change on the regional biomass productivity.</p>",2022-11-21 12:56:41.329258+00:00,10.5194/gmd-14-3789-2021,2022
Zenodo,Olivier Roupsard,RIFT,7341760,Root litter decomposition in a sub-Sahelian agroforestry parkland dominated by Faidherbia albida,Lor`ene Siegwart,"<p>Abstract:</p>

<p>In&nbsp;<a href=""https://www.sciencedirect.com/topics/agricultural-and-biological-sciences/agroforestry"">agroforestry systems</a>, fine roots grow at several depths due to the mixture of trees and annual crops. The decomposition of fine roots contributes to&nbsp;<a href=""https://www.sciencedirect.com/topics/agricultural-and-biological-sciences/soil-organic-carbon"">soil organic carbon</a>&nbsp;stocks and may impact&nbsp;<a href=""https://www.sciencedirect.com/topics/earth-and-planetary-sciences/soil-fertility"">soil fertility</a>, particularly in poor soils, such as those encountered in sub-Sahelian regions. The aim of our study was to measure the decomposition rate of root litter from annual and&nbsp;<a href=""https://www.sciencedirect.com/topics/agricultural-and-biological-sciences/perennials"">perennial</a>&nbsp;species according to soil depth and location under and far from trees in a sub-Sahelian agroforestry parkland.</p>

<p>Soil characteristics under and far from the trees were analysed from&nbsp;<a href=""https://www.sciencedirect.com/topics/agricultural-and-biological-sciences/topsoil"">topsoil</a>&nbsp;to 200&nbsp;cm depth. Faidherbia tree,&nbsp;<a href=""https://www.sciencedirect.com/topics/agricultural-and-biological-sciences/pearl-millet"">pearl millet</a>&nbsp;and cowpea root litter samples were buried in litterbags for 15 months at 20, 40, 90 and 180&nbsp;cm depths.</p>

<p>Root&nbsp;<a href=""https://www.sciencedirect.com/topics/agricultural-and-biological-sciences/litter-decomposition"">litter decomposition</a>&nbsp;was mainly impacted by soil moisture and soil depth. Faidherbia decomposed more slowly (36&nbsp;&plusmn;&nbsp;12% remaining mass after 15 months) than cowpea and pearl millet roots (23&nbsp;&plusmn;&nbsp;7% and 29&nbsp;&plusmn;&nbsp;11% respectively). Pearl millet&nbsp;<a href=""https://www.sciencedirect.com/topics/agricultural-and-biological-sciences/aboveground-biomass"">aboveground biomass</a>, at harvesting time, was twice as high under (992&nbsp;g&nbsp;m<sup>&minus;2</sup>) than far (433&nbsp;g&nbsp;m<sup>&minus;2</sup>) from the tree, and&nbsp;<a href=""https://www.sciencedirect.com/topics/agricultural-and-biological-sciences/belowground-biomass"">belowground biomass</a>&nbsp;(0&ndash;200&nbsp;cm of depth) was 30.9&nbsp;g&nbsp;m<sup>&minus;2</sup>&nbsp;and 19.6&nbsp;g&nbsp;m<sup>&minus;2</sup>&nbsp;under and far from the tree, respectively. Faidherbia fine roots contributed slightly (p-value &lt; 0.1) to higher stocks of C under the tree (7761&nbsp;&plusmn;&nbsp;346&nbsp;g&nbsp;m<sup>&minus;2</sup>) than far from it (5425&nbsp;&plusmn;&nbsp;558&nbsp;g&nbsp;m<sup>&minus;2</sup>) and from 0&nbsp;cm down to 200&nbsp;cm depth.</p>",2022-11-21 12:48:51.275620+00:00,10.1016/j.jaridenv.2021.104696,2022
Zenodo,Isabelle Bertrand,CrosyeN,7341760,Root litter decomposition in a sub-Sahelian agroforestry parkland dominated by Faidherbia albida,Lor`ene Siegwart,"<p>Abstract:</p>

<p>In&nbsp;<a href=""https://www.sciencedirect.com/topics/agricultural-and-biological-sciences/agroforestry"">agroforestry systems</a>, fine roots grow at several depths due to the mixture of trees and annual crops. The decomposition of fine roots contributes to&nbsp;<a href=""https://www.sciencedirect.com/topics/agricultural-and-biological-sciences/soil-organic-carbon"">soil organic carbon</a>&nbsp;stocks and may impact&nbsp;<a href=""https://www.sciencedirect.com/topics/earth-and-planetary-sciences/soil-fertility"">soil fertility</a>, particularly in poor soils, such as those encountered in sub-Sahelian regions. The aim of our study was to measure the decomposition rate of root litter from annual and&nbsp;<a href=""https://www.sciencedirect.com/topics/agricultural-and-biological-sciences/perennials"">perennial</a>&nbsp;species according to soil depth and location under and far from trees in a sub-Sahelian agroforestry parkland.</p>

<p>Soil characteristics under and far from the trees were analysed from&nbsp;<a href=""https://www.sciencedirect.com/topics/agricultural-and-biological-sciences/topsoil"">topsoil</a>&nbsp;to 200&nbsp;cm depth. Faidherbia tree,&nbsp;<a href=""https://www.sciencedirect.com/topics/agricultural-and-biological-sciences/pearl-millet"">pearl millet</a>&nbsp;and cowpea root litter samples were buried in litterbags for 15 months at 20, 40, 90 and 180&nbsp;cm depths.</p>

<p>Root&nbsp;<a href=""https://www.sciencedirect.com/topics/agricultural-and-biological-sciences/litter-decomposition"">litter decomposition</a>&nbsp;was mainly impacted by soil moisture and soil depth. Faidherbia decomposed more slowly (36&nbsp;&plusmn;&nbsp;12% remaining mass after 15 months) than cowpea and pearl millet roots (23&nbsp;&plusmn;&nbsp;7% and 29&nbsp;&plusmn;&nbsp;11% respectively). Pearl millet&nbsp;<a href=""https://www.sciencedirect.com/topics/agricultural-and-biological-sciences/aboveground-biomass"">aboveground biomass</a>, at harvesting time, was twice as high under (992&nbsp;g&nbsp;m<sup>&minus;2</sup>) than far (433&nbsp;g&nbsp;m<sup>&minus;2</sup>) from the tree, and&nbsp;<a href=""https://www.sciencedirect.com/topics/agricultural-and-biological-sciences/belowground-biomass"">belowground biomass</a>&nbsp;(0&ndash;200&nbsp;cm of depth) was 30.9&nbsp;g&nbsp;m<sup>&minus;2</sup>&nbsp;and 19.6&nbsp;g&nbsp;m<sup>&minus;2</sup>&nbsp;under and far from the tree, respectively. Faidherbia fine roots contributed slightly (p-value &lt; 0.1) to higher stocks of C under the tree (7761&nbsp;&plusmn;&nbsp;346&nbsp;g&nbsp;m<sup>&minus;2</sup>) than far from it (5425&nbsp;&plusmn;&nbsp;558&nbsp;g&nbsp;m<sup>&minus;2</sup>) and from 0&nbsp;cm down to 200&nbsp;cm depth.</p>",2022-11-21 12:48:51.275620+00:00,10.1016/j.jaridenv.2021.104696,2022
Zenodo,Frédéric Frappart,ALAMOD,7299823,A long-term monthly surface water storage dataset for the Congo basin from 1992 to 2015,"Kitambo, Benjamin","<p><strong>1. Summary</strong></p>

<p>The Congo basin&rsquo;s Surface Water Storage (SWS) datasets are generated by Benjamin Kitambo, Fabrice Papa, Adrien Paris, Raphael M. Tshimanga, Frederic Frappart, Stephane Calmant, Omid Elmi, Ayan Santos Fleischmann, Melanie Becker, Mohammad J. Tourian, R&ocirc;mulo A. Juc&aacute; Oliveira, Sly Wongchuig in the article entitled &quot;A long-term monthly surface water storage dataset for the Congo basin from 1992 to 2015&quot;, <strong><em>Earth System Science Data (submitted)</em></strong>.</p>

<p>The dataset was generated using two methods, one based on a multi-satellite approach and one on a hypsometric curve approach. The multi-satellite approach consists of the combination of surface water extent (SWE) from the Global Inundation Extent from Multi-satellite (GIEMS-2) and satellite-derived surface water height (SWH) from radar altimetry (long-term series ERS-2_ENV_SRL) on the same period of availability for the two datasets, here 1995-2015. The hypsometric curve approach consists of the combination of SWE from GIEMS-2 dataset and hypsometric curves obtained from various digital elevation models (DEMs) (i.e., ASTER, ALOS, MERIT, and FABDEM). Both methods estimate monthly spatio-temporal variations of SWS changes across the entire Congo River basin.</p>

<p><strong>2. Name Description</strong></p>

<ul>
	<li>HYPSO_XX: hypsometric curve providing the surface water extent area-elevation relationship from XX (where XX stands for ASTER, ALOS, MERIT, and FABDEM DEMs).</li>
	<li>HYPSO_CORR_XX: corrected hypsometric curve providing the surface water extent area-elevation relationship from XX (where XX stands for ASTER, ALOS, MERIT, and FABDEM DEMs).</li>
	<li>AREA_STOR_XX: hypsometric curve providing the surface water extent area-storage relationship from XX (where XX stands for ASTER, ALOS, MERIT, and FABDEM DEMs).</li>
	<li>SWS_XX: monthly surface water storage variations from XX (where XX stands for ASTER, ALOS, MERIT, FABDEM DEMs, and Multi-satellite approach).</li>
</ul>

<p><strong>3. File Description </strong></p>

<p>The SWS estimates from the multi-satellite approach (1995-2015), as well as the hypsometric curves providing the surface water extent area-elevation relationship from the four DEMs (before and after the corrections), the surface water extent area-storage relationship, along with the four SWS estimates (1992-2005).</p>

<p>The dataset is gridded on equal-area of 0.25&deg; spatial resolution at the equator, each pixel covers almost 773 km&sup2;.&nbsp; The reference point for calculating the volume variation is the minimum of surface water extent for each pixel.</p>

<p>The files are organized in matrix:</p>

<ul>
	<li><strong>First column</strong> represents the latitude in degree.</li>
	<li><strong>Second column</strong> represents the longitude in degree.</li>
	<li><strong>From the third column</strong>: data. In case of hypsometric curve, the data represents elevation in meter on 101 columns representing the increment of 1% flooding in each 773 km<sup>2</sup> pixel from GIEMS-2. In case of SWS&nbsp;data (in km&sup3;), there are 288 (respectively 252) columns representing each month of the period over 1992-2015 (respectively 1995-2015) from hypsometric curve approach (respectively multi-satellite approach).</li>
</ul>",2022-11-07 15:42:22.906002+00:00,10.5281/zenodo.7299823,2022
Zenodo,Cornélia Rumpel,TROPECOS,7270534,Synergy between early soil formation and organic matter build-up: a study case in a 20-year Technosol chronosequence,Francisco Ruiz,"<p>Supporting dataset for paper.</p>

<p>&nbsp;</p>",2022-11-01 10:37:11.296442+00:00,10.5281/zenodo.7270534,2022
Zenodo,Vincent Vadez,RhizoSeqC,7220967,Appendices PhD thesis- Phytoliths as proxies for plant water availability. An experimental approach on selected C4 species and its archaeological application in drylands,Francesca D'Agostini,"<p><strong>Appendices for&nbsp;PhD thesis</strong></p>

<p>This repository contains all the supplementary information cited in the manuscript.&nbsp;</p>

<p>Title:&nbsp;<em><strong>Phytoliths as proxies for plant water availability.&nbsp;An experimental approach on selected C<sub>4</sub>&nbsp;species and its archaeological application in drylands</strong></em></p>

<p>Author: Francesca D&#39;Agostini</p>

<p>Year: submitted on 21 October 2022</p>

<p>University Pompeu Fabra and Universit&eacute; de Montpellier</p>

<p>Supervisors: Dr. Carla Lancelotti, Dr Vincent Vadez and Dr Marco Madella</p>

<p><strong>Contents:</strong></p>

<p><em>Chapter 5</em></p>

<p><em><strong>File A5.1</strong></em>: the complete dataset of the experimental cultivation, including the experimental design for both seasons.</p>

<p><em><strong>File A5.2:</strong></em> the complete dataset of the phytolith analysis including morphometry and isotopes data.</p>

<p><em><strong>File A5.3</strong></em>: R scripts.</p>

<p><em><strong>File A5.3.1</strong></em>: the csv UTF8 (comma-delimited) files to run the code in R regarding phytoliths.</p>

<p><em><strong>File A5.3.2:</strong></em> the csv UTF8 (comma-delimited) files to run the code in R regarding bulliforms morphometry.</p>

<p><em><strong>File A5.3.3</strong></em>: the csv UTF8 (comma-delimited) files to run the code in R regarding elongates morphometry.</p>

<p><em><strong>File A5.3.4</strong></em>: the csv UTF8 (comma-delimited) files to run the code in R regarding stomata morphometry.</p>

<p><em><strong>File A5.3.5</strong></em>: the csv UTF8 (comma-delimited) files to run the code in R regarding Si isotopic analysis.</p>

<p><em><strong>File A5.3.6</strong></em>: the csv UTF8 (comma-delimited) files to run the code in R for the archaeological samples tested (chapter 7).</p>

<p><em><strong>File A5.3.7</strong></em>: the csv UTF8 (comma-delimited) files to run the code in R for modern samples used to built the model applied on archaeological samples (chapter 7).</p>

<p><em><strong>File A5.4</strong></em>: metadata.</p>

<p><em>Chapter 6</em></p>

<p>Since it is a published article, the supplementary material is accessible open access in the article repository, referenced as in the text:&nbsp;<a href=""https://doi.org/10.5281/zenodo.5497871"">https://doi.org/10.5281/zenodo.5497871</a></p>

<p><em>Chapter 7</em></p>

<p>Since it is an accepted article, the supplementary material is accessible open access in the article repository, referenced as in the text:&nbsp;<a href=""https://doi.org/10.5281/zenodo.7120448"">https://doi.org/10.5281/zenodo.7120448</a></p>

<p><em>Chapter 8</em></p>

<p><em><strong>Figure A8.1.1</strong></em>: boxplots for phytolith concentration for sorghum cultivated in 2020.</p>

<p><em><strong>Figure A8.1.2</strong></em>: linear regression plots for phytolith concentration (dependent variables) and total water transpired (independent variable) for sorghum cultivated in 2020.</p>

<p><em><strong>Figure A8.1.3</strong></em>: boxplots for ratio of sensitive to fixed morphotypes for sorghum cultivated in 2020.</p>

<p><em><strong>Figure A8.1.4</strong></em>: linear regression plots for ratio sensitive to fixed morphotypes (dependent variables) and total water transpired (independent variable) for sorghum cultivated in 2020.</p>

<p><em><strong>Figure A8.1.5:</strong></em> boxplots for phytolith concentration for finger millet cultivated in 2020</p>

<p><em><strong>Figure A8.1.6</strong></em>: linear regression plots for phytolith concentration (dependent variables) and total water transpired (independent variable) for finger millet cultivated in 2020.</p>

<p><em><strong>Figure A8.1.7</strong></em>: boxplots for ratio of sensitive to fixed morphotypes for finger millet cultivated in 2020.</p>

<p><em><strong>Figure A8.1.8</strong></em>: linear regression plots for ratio sensitive to fixed morphotypes (dependent variables) and total water transpired (independent variable) for finger millet cultivated in 2020.</p>

<p><em><strong>Figure A8.1.9</strong></em>: boxplots for phytolith concentration for pearl millet cultivated in 2020.</p>

<p><em><strong>Figure A8.1.10</strong></em>: linear regression plots for phytolith concentration (dependent variables) and total water transpired (independent variable) for pearl millet cultivated in 2020.</p>

<p><em><strong>Figure A8.1.11</strong></em>: boxplots for ratio of sensitive to fixed morphotypes for pearl millet cultivated in 2020.</p>

<p><em><strong>Figure A8.1.12</strong></em>: linear regression plots for ratio sensitive to fixed morphotypes (dependent variables) and total water transpired (independent variable) for pearl millet cultivated in 2020.</p>

<p><em><strong>Figure A8.2.1</strong></em>: logistic regression plots for acute bulbosus arranged for the three species considered separate.&nbsp;</p>

<p><em><strong>Figure A8.2.2</strong></em>: logistic regression plots for bulliforms (general category sum of blockies and bulliforms flabellate) arranged for the three species considered separate.&nbsp;&nbsp;</p>

<p><em><strong>Figure A8.2.3</strong></em>: logistic regression plots for elongates clavate arranged for the three species considered separate.&nbsp;</p>

<p><em><strong>Figure A8.2.4:</strong></em> logistic regression plots for elongates dentate arranged for the three species considered separate.&nbsp;&nbsp;</p>

<p><em><strong>Figure A8.2.5</strong></em>: logistic regression plots for elongates entire arranged for the three species considered separate.&nbsp;&nbsp;</p>

<p><em><strong>Figure A8.2.6</strong></em>: logistic regression plots for elongate sinuate arranged for the three species considered separate. .&nbsp;</p>

<p><em><strong>Figure A8.2.7</strong></em>: logistic regression plots for crosses arranged for the three species considered separate.&nbsp;</p>

<p><em><strong>Figure A8.2.8</strong></em>: logistic regression plots for polylobates arranged for the three species considered separate.&nbsp;</p>

<p><em><strong>Figure A8.2.9</strong></em>: logistic regression plots for rondels arranged for the three species considered separate.&nbsp;&nbsp;</p>

<p><em><strong>Figure A8.2.10</strong></em>: logistic regression plots for saddles arranged for the three species considered separate.&nbsp;</p>

<p><em><strong>File A8.1</strong></em>: the complete dataset of the experimental cultivation, including the experimental design for both seasons.</p>

<p><em><strong>File A8.2</strong></em>: the complete dataset of the phytolith both row data, concentration and ratio of sensitive to fixed morphotypes used for the analysis of chapter 8.&nbsp;</p>

<p><em><strong>File A8.3</strong></em>: R scripts.&nbsp;</p>

<p><em><strong>File A8.3.1</strong></em>: csv UTF8 (comma-delimited) file to run the code in R.</p>

<p><em><strong>File A8.4</strong></em>: metadata.</p>

<p><em><strong>File A8.5</strong></em>: table of means and standard deviations of morphotypes concentration from plant samples grown in the experimental cultivation 2020.</p>

<p><em>Chapter 9</em></p>

<p><em><strong>Figure A9.1.1</strong></em>: linear regression plots of height (&ldquo;He&rdquo;) in relation with leaves biomass (&ldquo;Leaves&rdquo;) (independent variable) for bulliforms.</p>

<p><em><strong>Figure A9.1.2</strong></em>: linear regression plots of height (&ldquo;He&rdquo;) (dependent variable) in relation with transpiration efficiency (&ldquo;TE&rdquo;) (independent variable) for bulliforms.</p>

<p><em><strong>Figure A9.1.3:</strong></em>&nbsp;&nbsp;linear regression plots of height (&ldquo;He&rdquo;) dependent variable) in relation with total water added (&ldquo;TWA&rdquo;) (independent variable) for bulliforms.</p>

<p><em><strong>Figure A9.1.4</strong></em>: linear regression plots of height (&ldquo;He&rdquo;) (dependent variable) in relation with total water transpired (&ldquo;TWU&rdquo;) (independent variable) for bulliforms.</p>

<p><em><strong>Figure A9.1.5</strong></em>:&nbsp;linear regression plots of length of the beak (&ldquo;LB&rdquo;) (dependent variable) in relation with leaves biomass (&ldquo;Leaves&rdquo;) (independent variable) for bulliforms.</p>

<p><em><strong>Figure A9.1.6</strong></em>: linear regression plots of length of the beak (&ldquo;LB&rdquo;) (dependent variable) in relation with transpiration efficiency (&ldquo;TE&rdquo;) (independent variable) for bulliforms.</p>

<p><em><strong>Figure A9.1.7</strong></em>: linear regression plots of length of the beak (&ldquo;LB&rdquo;)(dependent variable) in relation with total water added (&ldquo;TWA&rdquo;) (independent variable) for bulliforms.</p>

<p><em><strong>Figure A9.1.8</strong></em>: linear regression plots of length of the beak (&ldquo;LB&rdquo;) (dependent variable) in relation with total water transpired (&ldquo;TWU&rdquo;) (independent variable) for bulliforms.</p>

<p><em><strong>Figure A9.1.9</strong></em>:&nbsp;&nbsp;linear regression plots of width (&ldquo;Wi&rdquo;) (dependent variable) in relation with leaves biomass (&ldquo;Leaves&rdquo;) (independent variable) for bulliforms.</p>

<p><em><strong>Figure A9.1.10</strong></em>: linear regression plots of width (&ldquo;Wi&rdquo;) (dependent variable) in relation with transpiration efficiency (&ldquo;TE&rdquo;) (independent variable) for bulliforms.</p>

<p><em><strong>Figure A9.1.11</strong></em>: linear regression plots of width (&ldquo;Wi&rdquo;) (dependent variable) in relation with total water added (&ldquo;TWA&rdquo;) (independent variable) for bulliforms.</p>

<p><em><strong>Figure A9.1.12</strong></em>: linear regression plots of width (&ldquo;Wi&rdquo;) (dependent variable) in relation with total water transpired (&ldquo;TWU&rdquo;) (independent variable) for bulliforms.</p>

<p><em><strong>Figure A9.2.1</strong></em>: density plot for subsidiary cells 1 size.</p>

<p><em><strong>Figure A9.2.2</strong></em>: density plot for subsidiary cells 2 size.</p>

<p><em><strong>Figure A9.3.1</strong></em>: density plot for bulliform height of the beak.</p>

<p><em><strong>Figure A9.3.2</strong></em>: density plot for bulliform length of the beak.</p>

<p><em><strong>Figure A9.3.3</strong></em>: density plot for bulliform number of peaks.</p>

<p><em><strong>Figure A9.3.4</strong></em>: density plot for bulliform length peak to peak.</p>

<p><em><strong>Figure A9.4.1</strong></em>: linear regression plot of&nbsp;&delta;<sup>29</sup>Si (dependent variable) in relation to total water transpired (independent variable) for all the morphotypes considered together.</p>

<p><em><strong>Figure A9.4.2</strong></em>: linear regression plots of&nbsp;&delta;<sup>29</sup>Si (dependent variable) in relation to total water transpired (independent variable) for all the morphotypes considered together.</p>

<p><em><strong>File A9.1</strong></em>: the complete dataset of the phytolith morphometry and isotopic data used for the analysis of chapter 9.</p>

<p><em><strong>File A9.2</strong></em>: R scripts.</p>

<p><em><strong>File A9.2.1</strong></em>: csv UTF8 (comma-delimited) files to run the code in R regarding bulliforms morphometry.</p>

<p><em><strong>File A9.2.2</strong></em>: csv UTF8 (comma-delimited) files to run the code in R regarding elongates morphometry.&nbsp;</p>

<p><em><strong>File A9.2.3</strong></em>: csv UTF8 (comma-delimited) files to run the code in R regarding stomata morphometry.</p>

<p><em><strong>File A9.2.4</strong></em>: csv UTF8 (comma-delimited) files to run the code in R regarding Si isotopic analysis.</p>

<p><em><strong>File A9.3</strong></em>: metadata.</p>

<p><strong>Abstract:</strong></p>

<p>This work investigated the relationship between phytoliths from finger millet, pearl millet and sorghum and the water conditions under which these species grow. The archaeological debate on the use of millets remains open and finding a proxy to help recognise their growing conditions is crucial for the reconstruction of their dispersal. In this research phytolith concentration, ratio of sensitive to fixed morphotypes, phytolith assemblage composition, morphometry, and Si isotopic composition of sensitive morphotypes were analysed as potential indicators of plant water availability. The results showed changes in both the assemblage composition, the bulliform dimensions and isotopic content, depending on the species. Intra- and inter-specific differences were highlighted. In view of the results a predictive model based on morphotype concentration was elaborated and applied to four case-studies of the Indus Valley Civilization, proving that phytoliths can be efficient proxies to assess the water condition of plant growth in the archaeological record.</p>

<p>&nbsp;</p>",2022-10-18 13:51:04.778262+00:00,10.5281/zenodo.7220967,2022
Zenodo,Marc Buée,CANETE,7181482,"The fall of the summer truffle: Recurring hot, dry summers result in declining fruitbody production of Tuber aestivum in Central Europe",Brian S. Steidinger,"<p>Global warming is pushing populations outside their range of physiological tolerance. According to the environmental envelope framework, the most vulnerable populations occur near the climatic edge of their species&#39; distributions. In contrast, populations from the climatic center of the species range should be relatively buffered against climate warming. We tested this latter prediction using a combination of linear mixed effects and machine learning algorithms on an extensive, citizen-scientist generated dataset on the fruitbody productivity of the Burgundy (aka summer) truffle (Tuber aestivum&nbsp;Vittad.), a keystone, ectomycorrhizal tree-symbiont occurring on a wide range of temperate climates.&nbsp;T. aestivum&#39;s fruitbody productivity was monitored at 3-week resolution over up to 8 continuous years at 20 sites distributed in the climatic center of its European distribution in southwest Germany and Switzerland. We found that&nbsp;T. aestivum&nbsp;fruit-body production is more sensitive to summer drought than would be expected from the breadth of its species&#39; climatic niche. The monitored populations occurring nearly&nbsp;5&deg;C colder than the edge of their species&#39;&nbsp;climatic distribution. However, interannual fruitbody productivity (truffle mass year&minus;1) fell by a median loss of 22% for every 1&deg;C increase in summer temperature over a site&#39;s 30-year mean. Among the most productive monitored populations, the temperature sensitivity was even higher, with single summer temperature anomalies of 3&deg;C sufficient to stop fruitbody production altogether. Interannual truffle productivity was also related to the phenology of host trees, with&nbsp;~22 g less truffle mass for each 1-day reduction in the length of the tree growing season. Increasing summer drought extremes are therefore likely to reduce fruiting among summer truffle populations throughout Central Europe. Our results suggest that European&nbsp;T. aestivum&nbsp;may be a mosaic of vulnerable populations, sensitive to climate-driven de- clines at lower thresholds than implied by its species distribution model.</p>",2022-10-10 13:50:18.186314+00:00,10.1111/gcb.16424,2022
Zenodo,Bertrand Decharme,PEACE,7142392,supplementary-material-for-egusphere-2022-1032,"Pfeffer, Julia","<p>This repository contains the codes and data necessary to reproduce the results of the following manuscript:</p>

<p>Title: Detection of slow changes in terrestrial water storage with GRACE and GRACE-FO satellite gravity missions<br>
Author(s): Julia Pfeffer, Anny Cazenave, Alejandro Blazquez, Bertrand Decharme, Simon Munier, and Anne Barnoud<br>
MS No.: egusphere-2022-1032<br>
MS type: Research article<br>
Iteration: Initial submission</p>

<p>The codes require a working installation of python3 with the following packages installed: numpy, scipy, matplotlib, netCDF4, astropy, geopandas, datetime and basemap. Once a working environment is installed, the user may simply run the python script in the same directory as the data, shapefiles and Figures directory. The data include the fully processed datasets, as described in the section 2 of the manuscript, including:</p>

<p>- 9 GRACE solutions (JPL mascon, CSR mascon, GSFC mascon, JPL spherical harmonics, CSR spherical harmonics, GFZ spherical harmonics, ITSG spherical harmonics, COST-G spherical harmonics, CNES-GRGS spherical harmonics),</p>

<p>- 2 global hydrological models (ISBA-CTRIP and WGHM) ,and,</p>

<p>- a correction for lake water storage changes based on the hydroweb database.</p>

<p>The detailed processing is described in the section 2 of manuscript. All datasets have been monthly averaged, interpolated on aregular 1 degree grid using a conservative algorithm,&nbsp; seasonal signals (modeled as the sum of an annual and a semi-annual sinusoids) have been removed and&nbsp; an isotropic diffusive filter has been applied at 250 km.&nbsp;&nbsp; Users interested intermediate processing steps will find a Python implementation of the diffusion filter in open access at https://github.com/ogoux/diffusion_filter.</p>",2022-10-04 12:40:10.058756+00:00,10.5281/zenodo.7142392,2022
Zenodo,Virginie Baldy,Drought for C,7101090,First Mediterranean Assessment Report – Chapter 4: Ecosystems,Mario V. Balzan,"<p>MedECC has prepared the First Mediterranean Assessment Report (MAR1) on the current state and expected risks<br>
of climate and environmental change in the Mediterranean Basin. The Chapter 4 is dedicated to the Marine ecosystems, Coastal ecosystems,Terrestrial and freshwater ecosystems.</p>",2022-10-19 07:58:33.880738+00:00,10.5281/zenodo.7101090,2022
Zenodo,Eric Ceschia,ALAMOD,7097103,Quality Assessment of Carbon Indicator Tier 1,"Dominique Laurent, Eric Ceschia, Ludovic Arnaud","<p>The carbon indicator (annual CO<sub>2</sub> flux) has been computed by NIVA pilot - UC1b&nbsp;</p>

<p>The UC1b team has developed three tools to compute this indicator:</p>

<ul>
	<li>the first one at parcel level is a stand alone tool</li>
	<li>the second one at pixel level is also a stand alone tool</li>
	<li>the third one at pixel level is embedded in the Iota2 software.</li>
</ul>

<p>The two first tools, available on NIVA&rsquo;s Gitlab, allow the processing of one Sentinel-2 tile whereas the third one allows multiple Sentinel-2 tiles to be processed at once and has been tested on the entire French territory.</p>

<p>The first version of this document aims to identify the sources of errors, to estimate their impact on the indicator and to propose potential improvements for the carbon indicator at parcel level.</p>

<p>The second version of this document will include the results of a quality assessment conducted on carbon indicator at pixel level.</p>",2022-09-20 13:55:12.117684+00:00,10.5281/zenodo.7097103,2022
Zenodo,Xavier Morin,Drought for C,7031233,Forests in Europe: a vulnerable lever for mitigating the impacts of climate change,Xavier Morin,<p>Key-note presentation in the &quot;Forests for biodiversity and climate&quot; international conference organized by the EU Commission in Brussels (Feb 2020)</p>,2022-08-29 09:47:54.706104+00:00,10.5281/zenodo.7031233,2022
Zenodo,Patrick Durand,DEEP-C,6912142,MyGOD : Visualization and analysis interface for marine genomic observatories data,Charlotte ANDRE,"<p>Marine Genomics Observatories provide tools and protocols for long-term<br>
monitoring of marine ecosystems located in a well-defined and usually limited<br>
geographical area, in order to allow the study of their evolution over time.<br>
Hence, they yield a significant amount of heterogeneous and complex data<br>
(metabarcoding data, &ldquo;classical&rdquo; (morphology-base) biodiversity data,<br>
supplemental physico-chemical data), which needs to be organized and stored<br>
to enable interested parties to carry out downstream analyses.</p>

<p>The MyGOD project (Manipulate Your Genomic Observatory Data) aims to<br>
explore and interpret the data of genomic observatories projects, by providing<br>
an integrated and user-friendly web-based visualization tool.</p>",2022-07-27 08:06:45.604001+00:00,10.5281/zenodo.6912142,2022
Zenodo,Philippe Ciais,DEEP-C,6840951,Land-use fluxes: data from global models and national inventories,Grassi Giacomo,"<p>This file includes the&nbsp;data&nbsp;from Supplementary Table 1 of&nbsp;Grassi et al. (ESSD, submitted), for the 42 countries having a managed forest area greater than 10 Million ha. The data includes:&nbsp;</p>

<p>(i)&nbsp;areas&nbsp;of managed forest, used in this study and based on country data</p>

<p>(ii) The&nbsp;CO2 fluxes (2001-2020 average) from global models - i.e.&nbsp;bookkeeping models (BMs) and Dynamic Global Vegetation Models (DGVMs) -, and from a collection of National GHG inventories (NGHGIs) for LULUCF, forest land, deforestation, and other fluxes (organic soils, cropland, grassland etc.).&nbsp;</p>

<p>BM values are averages of three models and DGVM values are averages of 17 models, consistent with the Global Carbon Budget 2021 (<a href=""https://priv-bx-myremote.tech.ec.europa.eu/articles/14/1917/2022/,DanaInfo=.aetugDhuwm0xto76O48y,SSL+"">https://essd.copernicus.org/articles/14/1917/2022/</a>).&nbsp;Values for NGHGIs are from&nbsp;<a href=""https://priv-bx-myremote.tech.ec.europa.eu/preprints/essd-2022-104/,DanaInfo=.aetugDhuwm0xto76O48y,SSL+"">https://essd.copernicus.org/preprints/essd-2022-104/</a>&nbsp;&nbsp;</p>

<p>For further methodological details, see Grassi et al. (ESSD, submitted):</p>

<p>Giacomo Grassi, Clemens Schwingshackl, Thomas Gasser, Richard A. Houghton, Stephen Sitch, Josep G. Canadell, Alessandro Cescatti, Philippe Ciais, San1, Etsushi Kato, Daniel Kennedy, J&uuml;rgen Knauer, Anu Korosuo, Matthew J. McGrath, Julia Nabel, Benjamin Poulter, Simone Rossi, Anthony P. Walker, Wenping Yuan, Xu YueJulia Pongratz.&nbsp;Mapping land-use fluxes for 2001-2020 from global models to national inventories. ESSD (submitted)</p>",2022-07-15 16:06:47.945672+00:00,10.5281/zenodo.6840951,2022
Zenodo,"Benoit Marie ""ISEM""",CrosyeN,6592227,THE THERMAL DECOMPOSITION OF SODIUM AND POTASSIUM  NITRITES. PART I. STREAMING OF NITROGEN AND CARBON  DIOXIDE AND ACTION OF MAGNESIUM OXIDE  ON THE FUSEDS NITRITES,TRAMBAKLAL MOHANLAL OZA,"<p>Experiments have been planned to elucidate the mechanism of the reactions occurring in the de&shy;compoaition of sodium and potassium nitrites. The primary stage is<em> </em>2KNO<sub>2</sub>&nbsp;<span class=""math-tex"">\(\rightleftharpoons\)</span> K<sub>2</sub>O+NO+NO2 : this appears&nbsp;to be followed by the action of the nitrogen peroxide on the potassium oxide as (K<sub>2</sub>O+2NO<sub>2</sub><span class=""math-tex"">\(\rightarrow\)</span>KNO<sub>2</sub>+KNO<sub>3</sub>), while nitrogen production appears to result from the action of nitrio oxide on the nitrite.</p>",2022-05-30 07:02:08.219353+00:00,10.5281/zenodo.6592227,2022
Zenodo,Cédric Hubas,TROPECOS,6586787,Effect of irradiance on the metabolome of microphytobenthic biofilms,Gendre Charlène,"<p>This poster presents the results of a biostatistical analysis (boxplot, PCA, ANOVA, post hoc analysis) using RStudio software concerning extractions of metabolites from microphytobenthic biofilms obtained in the framework of Ms. Doose Caroline&#39;s research.</p>

<p>The GC-MS extractions were performed according to the procedure developed in this publication (Gaubert-Boussarie, Prado, and Hubas 2020, doi:10.3389/fmars.2020.00250).</p>

<p>The objective is to highlight the effects of irradiance of different intensities on polar and apolar metabolites extracted from microphytobenthic biofilms from the Marine Station of Concarneau (29), Brittany, France.</p>",2022-05-27 09:58:16.526566+00:00,10.5281/zenodo.6586787,2022
Zenodo,"Benoit Marie ""ISEM""",CrosyeN,6519632,The Structure of Salmalia Malabarica Gum. Part II. Structure of the Degraded Gum,S. Bose,"<p>Hydrolysis of the methylated degraded gum affords 2,4,6- and 2,3,4-tri-, 2,6-di-O-methyl-D-galactoses and 2,3,4-tri-O-methyl-1)-gelacturonic acid in equivalent amounts. The degraded gam is<em> </em>concluded to be a branched chain polysaccharide and the repeating unit consists of a framework of D-gal&shy;actpyranose residues with main chain linked 1&rarr;3 and with side chains attached by 1&rarr;4 linkages. Periodic acid oxidation experiments also confirm this view.</p>",2022-05-05 06:29:26.719025+00:00,10.5281/zenodo.6519632,2022
Zenodo,Xavier Morin,Drought for C,6425394,R Codes for some analysis of Morinetal.,Xavier Morin,<p>The codes for conducting the data integration and analysis for the study by Morinetal.</p>,2022-04-08 14:32:34.197850+00:00,10.5281/zenodo.6425394,2022
Zenodo,Xavier Morin,Drought for C,6414192,Impact des changements globaux sur la biodiversité et le fonctionnement des écosystèmes forestiers,Morin Xavier,"<p>Document thesis for the &#39;Habilitation &agrave; Diriger des Recherches&#39; diploma of&nbsp;Xavier Morin (CEFE-CNRS)</p>

<p>Document de l&#39;Habilitation &agrave; Diriger des Recherches de Xavier Morin (CEFE-CNRS)</p>",2022-04-05 09:45:47.532700+00:00,10.5281/zenodo.6414192,2022
Zenodo,Nicolas Viovy,GREENSCALE,6374203,"Impacts of Land Use Change and atmospheric CO2 on  Gross Primary Productivity (GPP), evaporation and climate in Southern Amazon (Open)","Rezende, Luiz F.C.","<p>This work was carried out in the scope and with the support of the project: Climate Services Through Knowledge Co-Production: A Euro-South American Initiative for Strengthening Societal Adaptation Response to Extreme Events (CLIMAX).</p>

<p>The project consortium includes the following institutions: Centre National de la Recherche Scientifique CNRS/Instituto Franco-Argentino sobre Estudios de Clima y sus Impactos (UMI-IFAECI) (Argentina-France); General Coordination of Earth Sciences /National Institute&nbsp; for Space Research (INPE) (Brazil); Institut de Recherche pour le D&eacute;veloppement (IRD)/ Unit&eacute; Mixte de Recherche (UMR 245) (France);&nbsp; Le Laboratoire des Sciences du Climat et de l&#39;Environnement (LSCE) (France); Potsdam Institute for Climate Impact Research (PIK) (Germany); Technical University of Munich (TUM) (Germany) and Wageningen University and Research (WUR) Netherlands). The project is sponsored by the Collaborative Research Action (CRA) on &ldquo;Climate Predictability and Inter-Regional Linkages&rdquo; of the Belmont Forum, launched in 2015.</p>

<p>Climate variability patterns linking the South American Monsoon region, including Amazonia, with southeastern South America influence climate extremes and impact several societal sectors. More than 200 million people live in the study region, which is also one of the largest agricultural production regions of the world and home to the world&rsquo;s second largest hydroelectric power plant.</p>

<p>The objectives of CLIMAX&nbsp; include&nbsp; better understanding the combined role of remote and local drivers on South American climate variability from sub-seasonal to decadal timescales, and its impact on the occurrence and intensity of extreme events. Special focus is given to an improved understanding of the effects of land use changes from the Amazon to the subtropics and their impact on climate.</p>

<ol>
	<li>
	<p><strong>EXPERIMENT DESIGN</strong></p>
	</li>
</ol>

<p>We used four models that are classified as Dynamic Global Vegetation Models (DGVMs) (Prentice et al., 2007; Rezende et al., 2015): Integrated Model of Land Surface Processes (INLAND) (Tourigny, 2014); Lund-Potsdam-Jena managed Land model version 4 (LPJmL4) (Schaphoff et al., 2018), Lund-Potsdam-Jena General Ecosystem Simulator (LPJ-GUESS) (Smith et al. 2001, Hickler et al., 2012), and Organising Carbon and Hydrology In Dynamic Ecosystems model (ORCHIDEE) (Krinner et al., 2005).</p>

<p>We used three forcings with climate data (GLDAS, GSWP3, and WATCH+WFDEI), Land Use Change (LUC) data and validation data (FLUXCOM (Remote sensor+meteorological data+artificial neural network approach), FLUXCOM (eddy covariance), MODIS (Light Use Efficiency), GLEAM, and TerraClimate (Rezende et al., 2022).</p>

<p>We conducted two sets of simulation experiments with different values of CO2: 1) increasing CO2 from the pre-industrial period to 2010 named <strong>historical CO</strong><strong>2</strong> (<strong>hist CO</strong><strong>2</strong>); 2) constant concentration of 278 ppm of (pre-industrial) atmospheric CO2 named <strong>constant CO</strong><strong>2</strong><strong> (const CO</strong><strong>2</strong><strong>)</strong>. We ran both CO2 experiments under <strong>Land Use Change</strong> (<strong>LUC</strong>) and <strong>Potential Natural Vegetation </strong>(<strong>PNV</strong>) conditions. All combinations of CO2 and land use change resulted in four sets of simulation experiments per climate input: 1. <strong>LUC historical CO</strong><strong>2</strong>; 2. <strong>LUC constant CO</strong><strong>2</strong>; 3. <strong>PNV historical CO</strong><strong>2</strong>; 4. <strong>PNV constant CO</strong><strong>2&nbsp;</strong> (Rezende et al., 2022).</p>

<p><strong>2. DATA DESCRIPTION</strong></p>

<p>The complete description of the data, including the climate forcing, LUC, the validation datasets, methodology, simulations, discussion and conclusion is in Rezende et al. (2022). This archive contains only the data description from the simulations (outputs) by the DGVMs.</p>

<p><strong>2.1 SOFTWARE </strong></p>

<p><br>
The data were manipulated, worked, standardized, converted using the software: <strong>Climate Data Operators (cdo) version 1.7.0</strong>, <strong>Grid Analysis and Display System (Grads) (</strong><a href=""https://web.archive.org/web/20150407042441/http://www.iges.org/grads/gadoc/"">Documentation of GrADS</a><strong>) version 2.0.2, and RStudio Desktop version</strong> 1.3.1093 <strong>(R Core Team, 2020)</strong>, through command lines and several scripts developed for this purpose. The figures were generated&nbsp; with <strong>Grads,</strong> and <strong>RStudio</strong>, and some images were enhanced&nbsp; with <strong>Gimp version 2.8.22</strong>. All the software used is freeware.</p>

<p><strong>&nbsp;&nbsp;&nbsp;2.2 PRIMARY DATA FROM SIMULATIONS</strong></p>

<p>Data originating from the simulations are in monthly resolution, covering South America, with all the forcings. Despite data spanning&nbsp; over 1948-2010 or 1950-2010 our study focuses on the period 1981-2010.</p>

<p><strong>Variables</strong>: Gross Primary Productivity (GPP) (kg m-2 month-1), evaporation&nbsp; (mm month-1) and transpiration (mm month-1), and Net Primary Productivity (NPP) (kg m-2 month-1) (not used in our experiment).</p>

<p>The naming of the files is according to the following rules:</p>

<p><strong>DGVM_forcing_vegetation cover_CO2 concentration_attribute</strong></p>

<p><strong>DGVMs</strong>;</p>

<p>&nbsp;&nbsp;&nbsp; InLand (INLAND)</p>

<p>&nbsp;&nbsp;&nbsp; LPJ-G (LPJ-GUESS)</p>

<p>&nbsp;&nbsp;&nbsp; LPJmL (LPJmL4)</p>

<p>&nbsp;&nbsp;&nbsp; ORCHI (ORCHIDEE)</p>

<p>forcings:&nbsp;</p>

<p>&nbsp;&nbsp;&nbsp; gld - GLDAS</p>

<p>&nbsp;&nbsp;&nbsp; gsw &ndash; GSWP3</p>

<p>&nbsp;&nbsp;&nbsp; wat &ndash; WATCH+WFDEI</p>

<p>&nbsp;</p>

<p>vegetation cover:</p>

<p>&nbsp;&nbsp;&nbsp; LU &ndash; Land Use Change</p>

<p>&nbsp;&nbsp;&nbsp; PNV &ndash; Potential Natural Vegetation</p>

<p>&nbsp;</p>

<p>CO2 concentration:</p>

<p>&nbsp;&nbsp;&nbsp; CO2 &ndash; historical CO2</p>

<p>&nbsp;&nbsp;&nbsp; noCO2 &ndash; constant CO2 = 278 ppm</p>

<p>&nbsp;</p>

<p>variables:</p>

<p>&nbsp;&nbsp;&nbsp; E &ndash; evaporation</p>

<p>&nbsp;&nbsp;&nbsp; Et &ndash; transpiration</p>

<p>&nbsp;&nbsp;&nbsp; gpp &ndash; Gross Primary Productivity</p>

<p>&nbsp;&nbsp;&nbsp; npp - Net Primary Productivity (not used in the experiment)</p>

<p>&nbsp;</p>

<p><strong>Example</strong>:</p>

<p>&nbsp;&nbsp;&nbsp; inLand_gld_LU_noCO2_E.nc</p>

<p>&nbsp;</p>

<p><strong>&nbsp;2.3 SUPPLEMENTARY DATA </strong></p>

<p>These interception loss data (mm month-1) were requested by a reviewer to complement the analysis and are available only for the LUC CO2 scenario and for the study region: southern Amazon (70S and 140S of latitude and 660W and 510W of longitude).</p>

<p>Files are named&nbsp; according to the following rules:</p>

<p>variable_season_forcing_DGVM_vegetation cover CO2 concentration_region</p>

<p>variable:</p>

<p>&nbsp;&nbsp;&nbsp; inter &ndash; loss by interception</p>

<p>&nbsp;</p>

<p>season:</p>

<p>&nbsp;&nbsp;&nbsp; D &ndash; dry season</p>

<p>&nbsp;&nbsp;&nbsp; R &ndash; rainy season</p>

<p>&nbsp;</p>

<p>forcings:&nbsp;</p>

<p>&nbsp;&nbsp;&nbsp;&nbsp;&nbsp;&nbsp;&nbsp;&nbsp;&nbsp;&nbsp;&nbsp;&nbsp;&nbsp;&nbsp;&nbsp;gl - GLDAS</p>

<p>&nbsp;&nbsp;&nbsp;&nbsp;&nbsp;&nbsp;&nbsp;&nbsp;&nbsp;&nbsp;&nbsp;&nbsp;&nbsp;&nbsp;&nbsp;gs &ndash; GSWP3</p>

<p>&nbsp;&nbsp;&nbsp;&nbsp;&nbsp;&nbsp;&nbsp;&nbsp;&nbsp;&nbsp;&nbsp;&nbsp;&nbsp;&nbsp;&nbsp;wa &ndash; WATCH+WFDEI</p>

<p>&nbsp;</p>

<p>DGVMs:</p>

<p>&nbsp;&nbsp;&nbsp; in - INLAND&nbsp;</p>

<p>&nbsp;&nbsp;&nbsp; lg - LPJ-GUESS</p>

<p>&nbsp;&nbsp;&nbsp;&nbsp;&nbsp;&nbsp;&nbsp;&nbsp;&nbsp;&nbsp;&nbsp;&nbsp;lm - LPJmL4</p>

<p>&nbsp;&nbsp;&nbsp;&nbsp;&nbsp;&nbsp;&nbsp;&nbsp;&nbsp;&nbsp;&nbsp;&nbsp;or &ndash; ORCHIDEE</p>

<p>&nbsp;</p>

<p>vegetation cover&nbsp;</p>

<p>&nbsp;&nbsp;&nbsp; L &ndash; Land Use Change</p>

<p>&nbsp;&nbsp;&nbsp; P &ndash; Potential Natural Vegetation</p>

<p>&nbsp;</p>

<p>CO2 concentration</p>

<p>&nbsp;&nbsp;&nbsp; C &ndash; historical CO2</p>

<p>&nbsp;&nbsp;&nbsp; N &ndash; constant CO2 = 278 ppm</p>

<p>&nbsp;</p>

<p>region</p>

<p>&nbsp;&nbsp;&nbsp; SA &ndash; southern Amazon</p>

<p>&nbsp;</p>

<p>Example:</p>

<p>&nbsp;&nbsp;&nbsp; inter_D_gl_in_LC_SA.nc</p>

<p><strong>2.4 PROCESSED DATA</strong></p>

<p>Processed data cover all scenarios and input data sets and are restricted to the study area: southern Amazon (70S and 140S of latitude and 660W and 510W of longitude).They are in seasonal resolution with averages for January-February-March-April (JFMA) (rainy season) and averages for June-July-August-September (JJAS). Each of the files contains the Gross Primary Productivity variables (GPP) (kg m-2 month-1), evaporation&nbsp; (mm month-1) and transpiration (mm month-1), and Net Primary Productivity (NPP) (kg m-2 month-1) (not used in our experiment).</p>

<p>&nbsp;</p>

<p>Files are named according to the following rules:</p>

<p>&nbsp;</p>

<p><strong>season_DGVM_forcing_vegetation cover CO2 concentration_region</strong></p>

<p>season</p>

<p>&nbsp;&nbsp;&nbsp; D &ndash; dry season</p>

<p>&nbsp;&nbsp;&nbsp; R &ndash; rainy season</p>

<p>&nbsp;</p>

<p>DGVMs:</p>

<p>&nbsp;&nbsp;&nbsp; in - INLAND&nbsp;</p>

<p>&nbsp;&nbsp;&nbsp; lg - LPJ-GUESS</p>

<p>&nbsp;&nbsp;&nbsp;&nbsp;&nbsp;&nbsp;&nbsp;&nbsp;&nbsp;&nbsp;&nbsp;lm - LPJmL4</p>

<p>&nbsp;&nbsp;&nbsp;&nbsp;&nbsp;&nbsp;&nbsp;&nbsp;&nbsp;&nbsp;&nbsp;or - ORCHIDEE</p>

<p>&nbsp;</p>

<p>forcings:&nbsp;</p>

<p>&nbsp;&nbsp;&nbsp;&nbsp;&nbsp;&nbsp;&nbsp;&nbsp;&nbsp;&nbsp;&nbsp;Gl - GLDAS</p>

<p>&nbsp;&nbsp;&nbsp;&nbsp;&nbsp;&nbsp;&nbsp;&nbsp;&nbsp;&nbsp;&nbsp;Gs &ndash; GSWP3</p>

<p>&nbsp;&nbsp;&nbsp;&nbsp;&nbsp;&nbsp;&nbsp;&nbsp;&nbsp;&nbsp;&nbsp;Wa &ndash; WATCH+WFDEI&nbsp;&nbsp;&nbsp;</p>

<p>&nbsp;</p>

<p>vegetation cover&nbsp;</p>

<p>&nbsp;&nbsp;&nbsp; L &ndash; Land Use Change</p>

<p>&nbsp;&nbsp;&nbsp; P &ndash; Potential Natural Vegetation</p>

<p>&nbsp;</p>

<p>CO2 concentration</p>

<p>&nbsp;&nbsp;&nbsp; C &ndash; historical CO2</p>

<p>&nbsp;&nbsp;&nbsp; N &ndash; constant CO2 = 278 ppm</p>

<p>&nbsp;</p>

<p>Example:</p>

<p>D_in_Gs_LN.nc</p>

<p><strong>2.5 DERIVED DATA</strong></p>

<p>&nbsp;</p>

<p>The variable Water Use Efficiency (WUE) (kg m-2 mm-1 month-1) results from rate: GPP / Tr (transpiration) (Eq. 1).&nbsp;</p>

<p>&nbsp;</p>

<table>
	<tbody>
		<tr>
			<td>
			<p>&nbsp; &nbsp; &nbsp; &nbsp; &nbsp; &nbsp; &nbsp; &nbsp; &nbsp; &nbsp; &nbsp; &nbsp; &nbsp; &nbsp; &nbsp; &nbsp; &nbsp; WUE = GPP / Tr</p>
			</td>
			<td>
			<p>(Eq. 1)</p>
			</td>
		</tr>
	</tbody>
</table>

<p>&nbsp;</p>

<p>These data refer to the study region: southern Amazon and apply to only one scenario:&nbsp; Land Use Change and historic CO2. Files are named&nbsp; naming of according to the following rules:</p>

<p>&nbsp;</p>

<p>Variable:</p>

<p>&nbsp;&nbsp;&nbsp; WUE &ndash; Water Use Efficiency</p>

<p>&nbsp;</p>

<p>season</p>

<p>&nbsp;&nbsp;&nbsp; D &ndash; dry season</p>

<p>&nbsp;&nbsp;&nbsp; R &ndash; rainy season</p>

<p>&nbsp;</p>

<p>DGVMs:</p>

<p>&nbsp;&nbsp;&nbsp; in - INLAND&nbsp;</p>

<p>&nbsp;&nbsp;&nbsp; lg - LPJ-GUESS</p>

<p>&nbsp;&nbsp;&nbsp;&nbsp;&nbsp;&nbsp;&nbsp;&nbsp;&nbsp;&nbsp;&nbsp;lm - LPJmL4</p>

<p>&nbsp;&nbsp;&nbsp;&nbsp;&nbsp;&nbsp;&nbsp;&nbsp;&nbsp;&nbsp;&nbsp;or - ORCHIDEE</p>

<p>&nbsp;</p>

<p>forcings:&nbsp;</p>

<p>&nbsp;&nbsp;&nbsp;&nbsp;&nbsp;&nbsp;&nbsp;&nbsp;&nbsp;&nbsp;&nbsp;&nbsp;&nbsp;&nbsp;&nbsp;Gl - GLDAS</p>

<p>&nbsp;&nbsp;&nbsp;&nbsp;&nbsp;&nbsp;&nbsp;&nbsp;&nbsp;&nbsp;&nbsp;&nbsp;&nbsp;&nbsp;&nbsp;Gs &ndash; GSWP3</p>

<p>&nbsp;&nbsp;&nbsp;&nbsp;&nbsp;&nbsp;&nbsp;&nbsp;&nbsp;&nbsp;&nbsp;&nbsp;&nbsp;&nbsp;&nbsp;Wa &ndash; WATCH+WFDEI&nbsp;&nbsp;&nbsp;</p>

<p>&nbsp;</p>

<p>vegetation cover&nbsp;</p>

<p>&nbsp;&nbsp;&nbsp; L &ndash; Land Use Change</p>

<p>&nbsp;&nbsp;&nbsp; P &ndash; Potential Natural Vegetation</p>

<p>&nbsp;</p>

<p>CO2 concentration</p>

<p>&nbsp;&nbsp;&nbsp; C &ndash; historical CO2</p>

<p>&nbsp;&nbsp;&nbsp; N &ndash; constant CO2 = 278 ppm</p>

<p>&nbsp;</p>

<p>region</p>

<p>&nbsp;&nbsp;&nbsp; SA &ndash; southern Amazon</p>

<p>&nbsp;</p>

<p>Example:</p>

<p>wue_D_lm_Gl_LC_SA.nc</p>

<p>&nbsp;</p>

<p><strong>How to cite this work</strong>:</p>

<p>Rezende, Luiz F. C., Aline Castro, Celso Von Randow, Romina Ruscica, Boris Sakschewski, Phillip Papastefanou, Nicolas Viovy, Kirsten Thonicke, Anna S&ouml;rensson, Anja Rammig, Iracema F. A. Cavalcanti. Impacts of Land Use Change and atmospheric CO2 on&nbsp; Gross Primary Productivity (GPP), evaporation and climate in Southern Amazon. Journal of Geophysical Research Atmospheres (JGRA) - doi: 10.1029/2021JD034608. 2022.</p>

<p><strong>References</strong></p>

<p><a href=""https://web.archive.org/web/20150407042441/http://www.iges.org/grads/gadoc/"">Documentation of GrADS</a>. Center for Ocean-Land-Atmosphere Studies, Institute of Global Environment and Society,<a href=""https://en.wikipedia.org/wiki/George_Mason_University""> George Mason University</a>. Archived from<a href=""http://www.iges.org/grads/gadoc/""> the original</a> on 7 April 2015. Retrieved 14 March 2015.</p>

<p>Hickler T. et al., 2012. Projecting the future distribution of European potential natural vegetation zones with a generalized, tree species based dynamic vegetation model. Glob Ecol Biogeograp 21:50&ndash;63, <a href=""https://doi.org/10.1111/j.1466-8238.2010.00613.x"">https://doi.org/10.1111/j.1466-8238.2010.00613.x</a></p>

<p>Krinner, G.et al., 2005. A dynamic global vegetation model for studies of the coupled atmosphere-biosphere system, Global Biogeochemical Cycles, 19, GB1015, doi:10.1029/2003GB002199.</p>

<p>R Core Team (2020). R: A language and environment for statistical computing. R Foundation for Statistical Computing, Vienna, Austria. URL https://www.R-project.org/.&nbsp;&nbsp; &nbsp;&nbsp;&nbsp; &nbsp;&nbsp;&nbsp; &nbsp;&nbsp;&nbsp;</p>

<p>Prentice IC (2007) Dynamic global vegetation modeling: quantifying terrestrial ecosystem responses to large-scale environmental change. In: Canadell J, Pataki D, Pitelka L (eds) Terrestrial ecosystems in a changing world. Springer, Berlin Heidelberg.</p>

<p>Rezende, Luiz F. C. et al., 2015. Evolution and challenges of dynamic global vegetation models for some aspects of plant physiology and elevated atmospheric CO2. Int J Biometeorol., 2015, doi: 10.1007/s00484-015-1087-6.</p>

<p>Rezende, Luiz F. C. et al., 2022. Impacts of Land Use Change and atmospheric CO2 on&nbsp; Gross Primary Productivity (GPP), evaporation and climate in Southern Amazon. Journal of Geophysical Research - Atmospheres (JGRA) - doi: 10.1029/2021JD034608. 2022.</p>

<p>Schaphoff, S. et al., 2018. LPJmL4 &ndash; a dynamic global vegetation model with managed land &ndash;Part 1: Model description. Geosci. Model Dev., 11, 1343&ndash;1375, 2018, <a href=""https://doi.org/10.5194/gmd-11-1343-2018"">https://doi.org/10.5194/gmd-11-1343-2018</a>.</p>

<p>Smith B. et al (2001) Representation of vegetation dynamics in the modelling of terrestrial ecosystems: comparing two contrasting approaches within European climate space. Glob Ecol Biogeograp 10:621&ndash;637</p>

<p>Tourigny, E. (2014). Multi-scale fire modeling in the neotropics: coupling a land surface model to a high resolution fire spread model, considering land cover heterogeneity. Phd dissertation, Meteorology. INPE. Retrieved from http://urlib.net/sid.inpe.br/mtc-m21b/2014/05.30.00.36</p>

<p><br>
&nbsp;</p>

<p>&nbsp;</p>",2022-03-21 20:15:06.959810+00:00,10.5281/zenodo.6374203,2022
Zenodo,Hubert Loisel,TROPECOS,6354654,PSD_PhytoC_v2021: Ocean Color Algorithm for the Retrieval of the Particle Size Distribution and Size-Partitioned Phytoplankton Carbon: Algorithm Development and Operational Code,Tihomir Sabinov Kostadinov,"<p>Accompanying manuscript: Kostadinov et al. (2023;&nbsp;<a href=""https://doi.org/10.5194/os-19-703-2023"" target=""_blank"" rel=""noopener"">https://doi.org/10.5194/os-19-703-2023</a>).&nbsp;</p>
<p>Accompanying data set: Kostadinov et al. (2022;&nbsp;<a href=""https://doi.org/10.1594/PANGAEA.939863"">https://doi.org/10.1594/PANGAEA.939863</a>).</p>
<p>Ocean color algorithm for the retrieval of the particle size distribution and absolute and fractional size-partitioned phytoplankton carbon (phyto C). The algorithm is based on Mie modeling of the backscattering coefficient due to two populations of particles - phytoplankton (modeled as coated spheres), and non-algal particles (NAP), modeled as homogeneous spheres. Two sets of code and data files are provided - model development code, used in algorithm development, and operational code, used to apply the PSD/phyto C algorithm to v5.0 (Sathyendranath et al., 2021;&nbsp;<a href=""https://doi.pangaea.de/10.5285/1dbe7a109c0244aaad713e078fd3059a"">doi:10.5285/1dbe7a109c0244aaad713e078fd3059a</a>) of the OC-CCI (Sathyendranath et al., 2019; <a href=""https://doi.pangaea.de/10.3390/s19194285"">doi:10.3390/s19194285</a>) merged ocean color data set. The code is written in MATLAB&reg;. The associated data files are binary *.mat files. More details and acknowledgments are given in ""Additional Notes"" below, and in the associated manuscript and data set linked above.&nbsp;</p>
<p>Funding: This work has been supported by USA National Aeronautics and Space Administration (NASA) grant #80NSSC19K0297.</p>",2022-03-17 04:44:24.397486+00:00,10.5281/zenodo.6354654,2022
Zenodo,Xavier Morin,Drought for C,6303305,ForCEEPS simulator 1.1,Xavier Morin,"<p>Installer for the ForCEEPS simulator 1.1, including the source code. This version corresponds to the release r15404 on the Capsis repository (http://capsis.cirad.fr/capsis/home). Java Runtime Environment 1.8.xxx is required to run the simulator.</p>

<p>ForCEEPS is an individual-based model predicting the dynamics of forest stands, either monospecific or missed. It takes climatic constraints into account and makes it possible to simulate management operations. Its purpose is to be a decision support tool for forest managers and stakeholders as well as for policy makers. It is also designed to conduct virtual experiments and help answer research questions.</p>

<p>ForCEEPS has been validated for most forest types in France and in Europe, and for the main dominant tree species of Europe.</p>

<p>ForCEEPS runs on Windows, Linux, or Mac.</p>",2022-04-08 14:19:38.556453+00:00,10.5281/zenodo.6303305,2022
Zenodo,Philippe Ciais,DEEP-C,6209591,"Code and data for ""The critical benefits of snowpack insulation and snowmelt for winter wheat productivity""",Taegon Kim,"<p>This is code and data for the manuscript: &quot;<strong>The critical benefits of snowpack insulation and snowmelt for winter wheat productivity</strong>&quot;</p>

<p>Peng Zhu, Taegon Kim, Zhenong Jin, Chenxi Lin, Xuhui Wang, Philippe Ciais, Nathaniel D. Mueller, Amir Aghakouchak, Jianxi Huang, David Mulla, David Makowski</p>",2022-02-21 19:08:13.845710+00:00,10.5281/zenodo.6209591,2022
Zenodo,Tarik Meziane,TROPECOS,6058652,Nothria edwardsi Roule 1898,"Arias, Andrés","<p><b><i>Nothria edwardsi</i> (Roule, 1898) combinatio nova</b></p><p>Figures 1 and 2</p><p><i>Hyalinecia Edwardsi</i> Roule, 1898: 193 &ndash;194.</p><p><i>Hyalinoecia edwardsi</i> Roule, 1898.&mdash; Roule 1906: 45 &ndash;51, pl. I fig. 7, pl. VI figs 40&ndash;46, pl. VIII figs 74&ndash;80; Campoy 1982: 550; Gil 2011: 538.</p><p><i>Onuphis</i> sp. Fauvel 1914: 129 &ndash;130, pl. IX, fig. 21&ndash;26 (Azores, 4020 m deep). Not Audouin &amp; Milne Edwards, 1833.</p><p><b>Material examined.</b> Two Syntypes (MNHN POLY TYPE 1305), <i>Talisman</i> station 136 located between the Azores archipelago and the Iberian Peninsula, 4255 m deep, Atlantic Ocean, coll. Mission Expedition du Talisman Navire 26 August 1883.</p><p><b>Comparative material.</b> <i>Nothria abyssia</i> Kucheruk, 1978 (AM W.42762), 2 specimens, RV <i>Franklin</i> station 69, epibenthic sled, 38&ordm;29.33&rsquo;S, 149&ordm;19.98&rsquo;E, 1840 m deep, SE Australia.</p><p><b>Diagnosis.</b> First pair of parapodia extending beyond frontal margin of prostomium, with simple uni- and bidentate hooks. Second pair of parapodia with bidentate pseudocompound hooks, limbate and pectinate chaetae. Third pair of parapodia without hooks, only limbate and pectinate chaetae present. Pectinate chaetae varying from almost flat to slightly rolled, with 17&ndash;20 teeth. Simple branchiae from chaetiger 12&ndash;15. Subacicular hooks from chaetiger 9&ndash;13. Prostomial eyes absent.</p><p><b>Description.</b> Both syntypes incomplete, consisting of anterior ends; largest specimen (Fig. 1 A) measuring 12 mm in length for 17 (?18) chaetigers, width about 2 mm; smallest specimen measuring 7 mm for 12 chaetigers, width about 1 mm (at chaetiger 10, excluding parapodia). Alcohol stored specimens overall cream-coloured, no pigment pattern (Fig. 1 A).</p><p>Prostomium anteriorly rounded; paired ovoid frontal lips almost twice as long as wide (Figs 1 A, 2A). Palps reaching chaetiger 1, lateral antennae reaching chaetiger 3&ndash;4, median antenna reaching chaetiger 6; ceratophores of antennae with 3&ndash;4 rings (Figs 1 A, 2A). Prostomial eyes absent. Nuchal grooves straight with narrow mid-dorsal separation (Fig. 2 A). Peristomium half as long as first chaetiger, peristomial cirri as long as peristomium (only right peristomial cirrus of larger syntype well preserved, left one missing; both cirri of smaller syntype missing) (Figs 1 A, 2A).</p><p>Anterior two pairs of parapodia modified; first pair greatly enlarged, extending beyond anterior margin of prostomium (Figs 1 A, 2A), with large auricular prechaetal lobes, subulate postchaetal lobes, digitiform dorsal cirri and subulate ventral cirri (Fig. 2 B). Second pair of parapodia smaller with much smaller prechaetal lobes (Fig. 2 C). Third pair of parapodia only slightly larger than subsequent parapodia with further reduced prechaetal lobes; ventral cirri conelike. From chaetigers 4 onwards parapodial structures more uniform; dorsal cirri gradually becoming thinner and shorter, prechaetal lobes becoming short and rounded, postchaetal lobes gradually decreasing, ventral cirri replaced by round glandular pads from chaetiger 4. Simple branchiae present as a short filament from chaetiger 12&ndash;15.</p><p>First pair of parapodia with two thick simple unidentate hooded hooks (Figs 2 D, E) and one thinner simple bidentate hook (Fig. 2 F). Second pair of parapodia with three pseudocompound bidentate hooded hooks (Fig. 2 G). Third pair of parapodia with two to four limbate chaetae and two to ten pectinate chaetae varying from having almost flat (Fig. 2 H) to slightly rolled lateral margins (Fig. 2 I), with 17&ndash;20 teeth. Hooks absent from chaetiger 3, limbate and pectinate chaetae present. Subacicular hooks present from chaetiger 9&ndash;13.</p><p>Mandibles with high calcareous cutting plates with three indentations (Roule 1906: pl. VI, fig. 41); maxillae not examined. Tubes (Figs 1 B, C) flattened with thin inner parchment-like layer covered with small foreign particles (up to 2 mm in diameter), i.e. agglutinated foraminifera and sand grains.</p><p><b>Remarks.</b> The species has been redefined on the basis of its syntypes, the original description and the emendation of Roule (1906). Accordingly, we have reassigned the species to the genus <i>Nothria</i>. Originally, Roule (1898) placed the species into the genus <i>Hyalinoecia</i> on the basis of its alleged absence of peristomial cirri. Nevertheless, our examination of the types has demonstrated that the species has peristomial cirri, which are missing in the smaller specimen and this may account for Roule&rsquo;s statement in this regard.</p><p>Despite the fact that the syntypes had originally been preserved in their tubes (Roule 1906) and had started &ldquo;mac&eacute;ration&rdquo; (Roule 1898), they are still in a relatively good state of preservation. Some of the antennae and peristomial cirri are broken or lost and several anterior parapodia of the larger specimen are missing as a result of previous examination (Fig. 1 A). However, we consider the types as good representatives for displaying the diagnostic features.</p><p>Descriptions of only two presently recognised <i>Nothria</i> species precede the original description of <i>N. edwardsi</i> <b>comb. nov.</b>: <i>N. conchylega</i> (M. Sars, 1835) and <i>N. hyperborea</i> (Hansen, 1878). These two species can be distinguished from <i>N. edwardsi</i> <b>comb. nov.</b> in that the former has hooks only on the first two pairs of parapodia whilst in the latter two species hooks are present on the first three pairs of parapodia.</p><p><i>Nothria edwardsi</i> <b>comb. nov.</b> resembles <i>N. abyssia</i> in many aspects. Both are deep-water species that have hooks on the first two pairs of parapodia and limbate and pectinate chaetae starting from chaetiger 3. They also share the presence of almost flat pectinate chaetae rather than the characteristic scoop-shaped pectinate chaetae of most species in the genus. However, the two species can be easily differentiated in that <i>N. edwardsi</i> <b>comb. nov.</b> has both uni - and bidentate simple hooks in the first pair of parapodia, single branchiae from chaetiger 12&ndash;15 and lacks prostomial eyespots; in contrast, <i>N. abyssia</i> only presents bidentate hooks in the first pair of parapodia, lacks branchiae and can bear prostomial eyespots (Budaeva &amp; Paxton 2013).</p><p>Specimens reported as <i>Onuphis</i> sp. from the Azores (at 4020 m deep), collected by the <i>Hirondelle</i> and the <i>Princesse Alice</i> cruises (1885&ndash;1910), by Fauvel (1914) most likely correspond to <i>N. edwardsi</i> <b>comb. nov.</b></p><p><b>Habitat and distribution.</b> <i>Nothria edwardsi</i> <b>comb. nov.</b> is known from abyssal depths (4020 to 4255 m) of the central and eastern North Atlantic, including the Azores archipelago and the area comprised between Azores and the Iberian Peninsula (Roule 1898; 1906; Fauvel 1914).</p><p>Thanks to Tarik Meziane (MNHN) for the loan of the syntypes, Jorge N&uacute;&ntilde;ez and an anonymous reviewer for their careful reading of the manuscript. This is a contribution from the Fauna Ib&eacute;rica Project, subprojects &ldquo; Polychaeta IV: Palpata-Canalipalpata I &rdquo; (ref. CGL2014-53332-C5-3-P), and the Marine Observatory of Asturias (OMA).</p>",2022-02-13 07:26:42.757051+00:00,10.5281/zenodo.6058652,2022
Zenodo,Tarik Meziane,TROPECOS,6051193,"Bradabyssa mezianei Salazar-Vallejo 2017, n. sp.","Salazar-Vallejo, Sergio I.","<p><b><i>Bradabyssa mezianei</i> n. sp.</b></p><p>Figure 38</p><p><i>Ilyphagus</i> cf <i>ilyvestis</i>: Amoureux 1982: 191, Fig. 2I.</p><p><b>Type material</b>. <b>Northeastern Atlantic Ocean.</b> Holotype (MNHN IA-Type 1793), R.V. Thalassa, Cruise 1973, Sta. 410 (47&deg;50'07&quot; N, 08&deg;09'03&quot; W), 1180 m, sand and rocks, Oct. 1973. Two paratypes (MNHN IA-Type 1794), one anterior and one median fragment, R.V. Thalassa, Cruise 1973, Sta. 410 (47&deg;50'07&quot; N, 08&deg;09'03&quot; W), 1180 m, sand and rocks, Oct. 1973 (anterior fragment severely eroded dorsally, 3.8 mm long, 1.5 mm wide, cephalic cage 0.4 mm long, 11 chaetigers). Four paratypes (MNHN IA- Type 1795), three anterior and one posterior fragments, R.V. Thalassa, Cruise 1973, Sta. 447 (48&deg;47'03&quot; N, 11&deg;12'00&quot; W &rarr; 48&deg;47'04&quot; N, 11&deg;14'03&quot; W), 1430&ndash;1550 m, soft bottom, Oct. 1973 (2.3&ndash;3.5 mm long, 0.8&ndash;1.5 mm wide, cephalic cage 0.5&ndash;0.8 mm long, 8&ndash;11 chaetigers; chaetiger 7 with 3&ndash;4 notochaetae, 3 neurochaetae; one with most papillae eroded). Two paratypes (MNHN IA-Type 1796), median and posterior fragments, R.V. Thalassa, Cruise 1973, Sta. 454 (48&deg;37'01&quot; N, 10&deg;53'04&quot; W &rarr; 48&deg;39'00&quot; N, 10&deg;55'00&quot; W), 1700&ndash;1810 m, soft bottom with stones, Oct. 1973.</p><p><b>Additional material</b>. Several fragments (MNHN IA-PNT 39), four anterior ones; all with papillae completely eroded, R.V. Thalassa, Cruise 1973, Sta. 410 (47&deg;50'07&quot; N, 08&deg;09'03&quot; W), 1180 m, mud and rocks, Oct. 1973. Four specimens (MNHN IA-PNT 40), two anterior and two median fragments, R.V. Thalassa, Cruise 1973, Sta. 429 (48 28'00&quot; N, 0 9 50'00&quot; W), 1300 m, mud and calcareous rocks, Oct. 1973. Three specimens (MNHN IA-PNT 41), two anterior and one posterior fragments, R.V. Thalassa, Cruise 1973, Sta. 438 (48&deg;33'07&quot; N, 10&deg;25'00&quot; W), 1400 m, mud and compacted particles, Oct. 1973. Two specimens (MNHN IA-PNT 42), two median fragments, damaged, R.V. Thalassa, Cruise 1973, Sta. 447 (47&deg;47'03&quot; N, 11&deg;12'00&quot; W &rarr; 48&deg;47'04&quot; N, 11&deg;14'03&quot; W), 1200&ndash;1520 m, mud, Oct. 1973. Five specimens (MNHN IA-PNT 43), two anterior and three median fragments, R.V. Thalassa, Cruise 1973, Sta. 459 (48&deg;37'03&quot; N, 09&deg;53'00&quot; W), 1180 m, sandy mud with compact pieces, Oct. 1973 (anterior fragment dissected for anterior end details). One specimen (MNHN IA-PNT 44), a median fragment, R.V. Thalassa, Cruise 1973, Sta. 451 (48&deg;39'03&quot; N, 10&deg;36'05&quot; W), 1400 m, fine sand with compact pieces, Oct. 1973.</p><p><b>Description</b>. Holotype (MNHN IA-Type 1793) an anterior fragment, yellowish, variously eroded; anterior end rounded, posteriorly incomplete (Fig. 38A). Body ovoid, with parallel sides; 3.5 mm long, 1.8 mm wide, cephalic cage 0.5 mm long, 10 chaetigers. Tunic densely papillated; papillae cirriform, basally swollen, tips rounded, slightly capitate, forming fusiform sediment tubercles, arranged in 10&ndash;12 transverse series of alternating papillae of similar size per segment, with sediment especially abundant medially; dorsal papillae as long as notochaetae, ventral ones slightly smaller (Fig. 38B).</p><p>Anterior end not exposed; details based on dissected additional specimens (MNHN IA-PNT 43). Prostomium low cone, pale. Eyes not seen (in non-type specimen, Sta. 429, frontal eyes black, posterior eyes not seen). Caruncle poorly developed, median keel and lateral ridges indistinct, continuing posteriorly, apparently reaching branchial plate posterior margin. Palps thick, about as long as branchiae, three times wider and slightly paler than branchiae; palp lobes rounded, low. Lateral lips well developed; ventral and dorsal lips reduced.</p><p>Branchiae cirriform, sessile on branchial plate, arranged as a discontinuous marginal row with four filaments per side; all filaments of similar size. Nephridial lobes in branchial plate not seen.</p><p>Cephalic cage chaetae as long as &frac14; body width. Chaetiger 1 involved in cephalic cage, 2 notochaetae and 2 neurochaetae per side.</p><p>Anterior dorsal margin of first chaetiger papillate; papillae resembling those present dorsally. Chaetigers 1&ndash;3 becoming progressively longer. Chaetal transition from cephalic cage to body chaetae abrupt; aristate neurospines present from chaetiger 2. Gonopodial lobes not seen in holotype; some paratypes missing papillae have gonopodial lobes in chaetiger 5, lobes slightly wider than any nearby papillar base digitate, darker than surrounding body wall.</p><p>Parapodia poorly developed, lateral, covered by papillae (Fig. 38C). Median neuropodia ventrolateral. Notopodia and neuropodia close to each other.</p><p>Median notochaetae arranged in short transverse series, 5&ndash;6 per bundle (3&ndash;4 in smaller specimens), as long as 1/3 body width (some with notochaetae as long as body width), with medium-sized articles basally, alternating 2&ndash;3 short with 1 long article medially, becoming 3&ndash;4 short with 1 long distally (Fig. 38D). Neurochaetae multiarticulate capillaries in chaetiger 1; aristate neurospines present from chaetiger 2, arranged in oblique series, 4&ndash;6 per ramus; each aristate neurospine with slightly subdistal swell, with short rings basally, decreasing in size subdistally, tips hyaline, aristate (Fig. 38E).</p><p>Posterior end missing in holotype; one paratype (MNHN IA-Type 1796) with posterior end rounded, pygidium with anus ventro-terminal, anal cirri absent.</p><p><b>Remarks</b>. <i>Bradabyssa mezianei</i> <b>n. sp.</b> closely resembles <i>B. ilyvestis</i> (Hartman, 1960) n. comb. as both species have very long papillae forming long, fusiform sediment tubercles. Study of the type material helped elucidate the enigmatic position of <i>B. ilyvestis</i> (see above). These two species differ in the relative number of chaetae and on the shape of neurochaetal tips: in <i>B. mezianei</i> there are 3&ndash;5 notochaetae per ramus and neurochaetal tips are slightly subdistally expanded, whereas in <i>B. ilyvestis</i> there are 8&ndash;9 notochaetae and neurochaetae are more expanded subdistally.</p><p><b>Etymology</b>. This species is named after Tarik Meziane, curator of the Polychaete Collection in the Mus&eacute;um National d&rsquo;Histoire Naturelle, Paris, in recognition of his efforts for enhancing the study of this collection, and in recognition of his support for my research visits.</p><p><b>Distribution</b>. Off Brest, France, in 1180&ndash;1810 m.</p>",2022-02-12 04:34:20.885870+00:00,10.5281/zenodo.6051193,2022
Zenodo,Nicolas Martin Stpaul,Drought for C,5878978,SurEau-Ecos v2.0.1,Julien Ruffault,<p>SurEau-Ecos v2.0.1</p>,2022-01-19 14:23:51.875687+00:00,10.5281/zenodo.5878978,2022
Zenodo,Antonello Lobianco,SLAM-B,5877892,sylvaticus/landUsePartitionByRegionAndYear: Land Use by region and country,Antonello Lobianco,<p>Added aggregation by country</p>,2022-01-19 11:39:16.901422+00:00,10.5281/zenodo.5877892,2022
Zenodo,Philippe Ciais,DEEP-C,5844488,Data for Evaluating China's role in achieving the 1.5℃ target of the Paris Agreement,Weiwei XIONG,<p>Supplementary data</p>,2022-01-15 09:04:21.363259+00:00,10.5281/zenodo.5844488,2022
Zenodo,Pascal Jouquet,CrosyeN,5769577,Dataset to manuscript: Tailor-made biochar systems: Interdisciplinary evaluations of ecosystem services and farmer livelihoods in tropical agro-ecosystems,"Bellè, Severin-Luca","<p>Raw data to the manuscript entitled &quot;Tailor-made biochar systems: Interdisciplinary evaluations of ecosystem services and farmer livelihoods in&nbsp;tropical agro-ecosystems&quot; by Severin-Luca Bell&egrave;, Jean Riotte, Norman Backhaus, Muddu Sekhar, Pascal Jouquet and Samuel Abiven.&nbsp;</p>

<p>Data files include all raw data of farmer interviews (20211209_Biochar_India_rawdata_Bell&egrave;_Abiven_farmer_interviews) and all raw data from the soil incubation study (20211209_Biochar_India_rawdata_Bell&egrave;_Abiven_soil_incubation).&nbsp;</p>

<p>File ending with var_names is the README file.&nbsp;</p>",2022-01-19 22:36:47.366909+00:00,10.5281/zenodo.5769577,2022
Zenodo,Sabine Schmidt,TROPECOS,5747939,Severe dysbiosis and specific Haemophilus and Neisseria signatures as hallmarks of the oropharyngeal microbiome in critically ill COVID-19 patients,Juliana de Castilhos,"<p>This is a pre-copyedited, author-produced PDF of an article accepted for publication in Clinical Infectious Diseases following peer review. The version of record, Juliana de Castilhos, PhD, Eli Zamir, PhD, Theresa Hippchen, MD, Roman Rohrbach, Sabine Schmidt, Silvana Hengler, Hanna Schumacher, Melanie Neubauer, Sabrina Kunz, Tonia M&uuml;ller-Esch, Andreas Hiergeist, PhD, Andr&eacute; Gessner, MD PhD, Dina Khalid, MD, Rogier Gaiser, PhD, Nyssa Cullin, PhD, Stamatia M Papagiannarou, Bettina Beuthien-Baumann, MD, Alwin Kr&auml;mer, MD, Ralf Bartenschlager, PhD, Dirk J&auml;ger, MD, Michael M&uuml;ller, MD, Felix Herth, MD, Daniel Duerschmied, MD, Jochen Schneider, MD, Roland M Schmid, MD, Johann F Eberhardt, Yascha Khodamoradi, MD, Maria J G T Vehreschild, MD, Andreas Teufel, MD, Matthias P Ebert, MD, Peter Hau, MD, Bernd Salzberger, MD, Paul Schnitzler, PhD, Hendrik Poeck, MD, Eran Elinav, MD PhD, Uta Merle, MD, Christoph K Stein-Thoeringer, MD, Severe dysbiosis and specific&nbsp;<em>Haemophilus</em>&nbsp;and&nbsp;<em>Neisseria</em>&nbsp;signatures as hallmarks of the oropharyngeal microbiome in critically ill COVID-19 patients,&nbsp;<em>Clinical Infectious Diseases</em>, 2021;, ciab902,&nbsp;<a href=""https://doi.org/10.1093/cid/ciab902"">https://doi.org/10.1093/cid/ciab902</a>, is available online at: https://doi.org/10.1093/cid/ciab902.</p>

<p>Deposited by shareyourpaper.org and openaccessbutton.org. We&#39;ve taken reasonable steps to ensure this content doesn&#39;t violate copyright. However, if you think it does you can request a takedown by emailing help@openaccessbutton.org.</p>",2021-12-01 17:44:21.769139+00:00,10.1093/cid/ciab902,2021
Zenodo,Fabienne Maignan,GREENSCALE,5741273,Tropical tall forests are more sensitive and vulnerable to drought than short forests,Liyang Liu,"<p>The main figures and corresponding plotting data of the paper titled &#39;Tropical tall forests are more sensitive and vulnerable to drought than short forests&#39;,&nbsp;which has been submitted to Global Change Biology.</p>",2021-11-30 08:44:42.988486+00:00,10.5281/zenodo.5741273,2021
Zenodo,Tarik Meziane,TROPECOS,5727420,"Nereis mezianei Salazar-Vallejo & León-González & Conde-Vela 2021, sp. nov.","Salazar-Vallejo, Sergio I.","<p><b><i>Nereis mezianei</i> sp. nov.</b></p><p>urn:lsid:zoobank.org:act: 9E0D6CE0-F754-4E19-9ACE-6C77485ADBF9</p><p>Figs 2, 18&ndash;20</p><p><i>Nereis falsa</i> &ndash; Fauvel &amp; Rullier 1959: 162 (non de Quatrefages, 1866).</p><p><b>Diagnosis</b></p><p><i>Nereis</i> with posterior eyes partially covered by anterior margin of tentacular belt; tentacular belt 1.5&times; as long as first chaetiger; tentacular cirri long, reaching chaetigers 7&ndash;8; pharyngeal areas VII&ndash;VIII with 5 large paragnaths in a single row; posterior chatigers with dorsal and median ligules of similar width.</p><p><b>Etymology</b></p><p>This species is named after Dr Tarik Meziane, curator of polychaetes at the Mus&eacute;um national d&rsquo;histoire naturelle, Paris, in recognition of his curatorial activities and especially as a means of gratitude for his long-standing support of our research activities.</p><p><b>Material examined</b></p><p><b>Holotype</b> SENEGAL &bull; atokous &female; (without posterior region); S&eacute;n&eacute;gambie, 50 km W of Abene; 12&deg;55&prime;30&Prime; N, 17&deg;33&prime;00&Prime; W; R/V <i>Calypso</i>, stn 4; depth 65&ndash;75 m; 16 May 1956; MNHN 372-4.</p><p><b>Paratypes</b> SENEGAL &bull; 2 &female;&female; (without posterior region); same collection data as for holotype; MNHN 372-4b.</p><p><b>Other material</b></p><p>EQUATORIAL GUINEA &bull; 1 spec. (complete, broken in two pieces, anterior end distorted by label, anterior fragment previously dissected, 13.5 mm long, 1.5 mm wide, 42 chaetigers; posterior fragment 5 mm long, 1.5 mm wide, 20 chaetigers, most chaetae broken; jaws with 5 accesory denticles; paragnath formula: I: 0; II: 4&ndash;5; III: destroyed; IV: 4&ndash;5; V: 0; VI: 3&ndash;6; VII&ndash;VIII: single row with 5 paragnaths); Annobon; 01&deg;24&prime;04&Prime; S, 05&deg;36&prime;45&Prime; E; R/V <i>Calypso</i>, stn 50; depth 7&ndash;10 m; 13 Jun. 1956; MNHN 372-50.</p><p>GUINEA &bull; 1 spec. (anterior end distorted by pressure of the label; 12 mm long, 0.7 mm wide at chaetiger 10 without parapodia, with 52 chaetigers, anal cirri lost; tentacular cirri slightly damaged, reaching chaetiger 5; antennae thick, as long as palps; eyes blackish, round, of similar size, posterior eyes partially covered by anterior margin of tentacular belt; used for glandular patterns in parapodial ligules); 140 km W of Kaloum; 09&deg;16&prime; N, 14&deg;50&prime; W; R/V <i>G. Trica</i>, stn 45; depth 45 m; 11 Mar. 1953; J. Forest leg.; MNHN 372-45.</p><p>GUINEA-BISSAU &bull; 1 spec. (without posterior region, 13 mm long, 1 mm wide, 61 chaetigers; anterior eyes oblique, directed anterolaterally; anteroventrally dissected, paragnaths not seen); 100 Km SSW of Uite, Ilha de Orangozinho; 10&deg;19&prime;00&Prime; N, 16&deg;33&prime;40&Prime; W; R/V <i>Calypso</i>, stn 6; depth 73&ndash; 60 m; 16 May 1956; MNHN 372-6.</p><p>S&Atilde;O TOM&Eacute; AND PR&Iacute;NCIPE &bull; 1 spec. (complete juvenile, 8 mm long, 0.8 mm wide, 57 chaetigers), 1 &female; (anterior end distorted by label); Ilha de S&atilde;o Tom&eacute;; R/V <i>Calypso</i>, stn T28; 23 Jun. 1956; low tide; MNHN 372-T28 &bull; 1 spec. (complete); S of Ba&iacute;a das Agulhas, &ldquo;Ilha Principe&rdquo; [Pr&iacute;ncipe]; 01&deg;37&prime;00&Prime; N, 07&deg;24&prime;00&Prime; E; R/V <i>Calypso</i>, stn 92; depth 4&ndash;8 m; 26 Jun. 1956; MNHN 372-92.</p><p><b>Description</b> (holotype, except where indicated)</p><p>BODY.Mature female, without posterior end (Fig. 18A). Body subcylindrical up to chaetiger 15, depressed thereafter to end of fragment; 23 mm long, 1.5 mm wide (without parapodia), with 63 chaetigers. Dorsum brownish, darker along first 10 chaetigers, progressively paler; dorsal pigmentation as a solid transverse bar, paler approaching parapodia. Venter homogeneously brownish, progressively paler medially and posteriorly. Parapodial ligules with brownish glands from chaetiger 5.</p><p>PROSTOMIUM. Slightly longer than wide; eyes blackish, of similar size, anterior eyes oval, longer than wide, about &frac16; of prostomial width, slightly more distant from each other than posterior eyes (Fig. 18B). Antennae terminal, without gap between them, tips reaching palpophore ends. Palpophores 2&times; as long as wide; palpostyles rounded, small.</p><p>TENTACULAR BELT. 1.5&times; as long as first chaetiger; anterior margin partially covering posterior eyes. Tentacular cirri corrugate to articulate, tips broken, posterior dorsal cirri lost, remaining ones reaching chaetiger 2.</p><p>PHARYNX. Barely exposed, showing paragnaths and tips of jaws, but not dissected to avoid further damage. Another specimen (MNHN 372-50) with jaws with 5 accesory denticles. Paragnath formula: I: 0; II: 4&ndash;5; III: destroyed; IV: 4&ndash;5; V: 0; VI: 3&ndash;6; VII&ndash;VIII: single row with 5 paragnaths.</p><p>PATTERN OF PARAPODIAL LIGULES. Anterior, median and posterior chaetigers with ligules tapered, slightly blunter in anterior chaetigers, progressively sharper, 3&ndash;4 &times; as long as wide. Ventral ligules progressively smaller. Ligules with contorted glandular tubules (Fig. 2).</p><p>CHAETIGERS 1&ndash;2. With neuraciculae only; with both noto- and neuraciculae thereafter.</p><p>ANTERIOR PARAPODIA (Figs 2A&ndash;C, 18C). With dorsal cirrus thicker, slightly longer than dorsal ligule and ventral cirrus. Dorsal and median ligules subequal, dorsal ligule wider than ventral one. Neuracicular ligule digitiform, blunt, 2&times; as long as wide, slightly longer than ventral ligule. Notochaetae 6 homogomph spinigers. Supracicular neurochaetae: 5 homogomph spinigers and 3 heterogomph falcigers with blades spinulose, 6&ndash;7 &times; as long as wide, distal tooth incurved, fused to blade; subacicular neurochaetae: 5 homogomph spinigers and 4 heterogomph falcigers with blades lost (in MNHN 372-T28 with blades 5&ndash;6 &times; as long as wide, spinulose, distal tooth incurved).</p><p>MEDIAN PARAPODIA (Fig. 18D). With dorsal cirrus shorter than dorsal ligule, slightly longer than ventral one in MNHN 372-T28. Both dorsal and median ligules subconical, tapered, 2&times; as long as wide, dorsal ligule slightly longer than median one, glandular areas distinct, expanded inside ligular bases. Neuracicular ligule subconical, as long as wide, shorter than ventral ligule; ventral ligule subconical, blunt, 3&times; as long as wide, as long as ventral cirrus. Notochaetae 5 homogomph spinigers. Supracicular neurochaetae: 8 homogomph spinigers and 1 heterogomph falciger with blade spinulose, 5&times; as long as wide, distal tooth incurved, fused to blade; subacicular neurochaetae: 4 heterogomph spinigers, and 7 heterogomph falcigers with blades spinulose, 3&times; as long as wide, distal tooth incurved, fused to blade. POSTERIOR PARAPODIA (Fig. 18E). With dorsal cirrus 1.3&times; as long as dorsal ligule. Dorsal and median ligules subequal, subconical, tapered, 1.5&ndash;2.5&times; as long as wide, 2&times; as long as neuracicular ligule, glandular areas distinct, expanded inside ligular bases. Neuracicular ligule subconical, as long as wide, subequal to ventral ligules; ventral ligule digitiform, slightly longer than wide, longer than ventral cirrus. Notochaetae: 4 homogomph spinigers and 1 homogomph falciger. Supracicular neurochaetae: 5 homogomph spinigers and 1 heterogomph falciger (broken); subacicular neurochaetae: 3 heterogomph spinigers and 5 heterogomph falcigers with blades spinulose, 2 &times; as long as wide, distal tooth incurved and fused to blade.</p><p>SUBTERMINAL PARAPODIA (Fig. 18F). With dorsal cirrus markedly longer than notopodial ligules. Both dorsal and median ligules subconical, 2&times; as long as wide, median ligule slightly longer than dorsal one. Neuracicular ligules subconical, as long as wide, tapered; ventral ligules digitiform, slightly longer than wide, slightly longer than neuracicular ligules, longer than ventral cirri. Notochaetae 1 homogomph spiniger, and 2 homogomph falcigers, blades spinulose, 3&ndash;4 &times; as long as wide, tip blunt, tendon well developed. Supracicular neurochaetae 4 homogomph spinigers and 1 larger heterogomph falciger, blade spinulose, 3&times; as long as wide, tip blunt, tendon well developed. Infracicular neurochaetae 3 heterogomph spinigers, and 3 heterogomph falcigers, blades spinulose, 3 &times; as long as wide, tip blunt, tendon well developed.</p><p>POSTERIOR REGION. Missing. In MNHN 372-T28, posterior end tapered into a blunt pygidium, anus terminal, anal cirri as long as last 5&ndash;6 chaetigers.</p><p>OOCYTES. Yellowish, visible from about chaetiger 30; each about 150 &mu;m in diameter (distorted, inside parapodium in Fig. 18E).</p><p><b>Variation</b></p><p>The paratypes are anterior fragments, regarded as mature females due to the presence of oocytes in their coelom (Fig. 19), as damaged as in the holotype. Body with dorsum brownish, especially along anterior third of body (Fig. 19A&ndash;B, E), and parapodial ligules with brownish glandular regions from chaetigers 3&ndash;4, often darker in posterior chaetigers. They are 12&ndash;23 mm long, 1&ndash;2 mm wide, with 61&ndash;62 chaetigers; all parapodial ligules with dark brown glands, many chaetae broken. The left posterior dorsal tentacular cirri in the largest paratype are broken, reaching chaetiger 6 (Fig. 19E). The right one is longer, but it was broken during manipulation, such that tentacular cirri might reach chaetiger 8. The tentacular belt partially covers the posterior eyes (Fig. 19B, F), and the eyes are of similar size, with the posterior eyes slightly closer to each other than the anterior ones. Both paratypes with oocytes from about chaetiger 30 (Fig. 19C), although they can appear from chaetiger 18 (MNHN 372-T28), and continue throughout most segments, even in the smallest paratype (Fig. 19D); each oocyte about 150 &mu;m in diameter.</p><p>Another mature female (MNHN 372-T28), defined as such by the presence of oocytes in its coelom, is 12 mm long, 1.2 mm wide, with 72 chaetigers, and has an almost complete histolysis such that most of the coelomic space is filled with oocytes (Fig. 20A), first visible from chaetiger 8&ndash;9, but more abundant from chaetiger 18, each about 150 &mu;m in diameter. Tentacular cirri articulate, broken. Antennae slightly longer than palps. the parapodia do not show any trace of epitokal transformation.</p><p>Chaetigers 1&ndash;2 With neuraciculae only (Fig. 20C). With dorsal cirri slightly longer than ventral ones, and dorsal and ventral ligules of similar shape and size. Neurochaetal ligule conical, blunt, as long as wide. Supracicular neurochaetae: 5 homogomph spinigers and 2 heterogomph falcigers, blades spinulose, 5&ndash;6 &times; as long as wide, tips incurved, tendons barely visible; subacicular neurochaetae: 4 heterogomph spinigers and 4 smaller heterogomph falcigers, blades spinulose, 4&ndash;6&times; as long as wide, tips incurved, tendons indistinct.</p><p>Median chaetigers (Fig. 20D) with dorsal cirri slightly longer than notopodial ligules and ventral cirri. Neuracicular ligules conical, tapered, wider than long. Ventral ligule slightly shorter than neurochaetal lobe. Notochaetae 5 homogomph spinigers. Supracicular neurochaetae: with 3 homogomph spinigers and one larger heterogomph falciger, blade spinulose, about 3&times; as long as wide, tips incurved, tendon well defined; subacicular neurochaetae: with 2 heterogomph spinigers and 5 smaller heterogomph falcigers, blades spinulose, almost 3 &times; as long as wide, tips incurved, tendons well developed. Oocytes 150 &mu;m in diameter.</p><p>Subterminal chaetigers with dorsal cirri about 2 &times; as long as parapodial ligules and ventral cirri (Fig. 20E). Notopodial ligules acute, about 2&times; as long as wide, tapered. Neurochaetal ligule conical, tapered, about 2&times; as long as wide. Notochaetae: 1 homogomph spiniger and 1 homogomph falciger (broken). Supracicular neurochaetae: 2 homogomph spinigers and 1 larger heterogomph falciger (blade lost); subacicular neurochaetae: 3 heterogomph spinigers and 3 smaller heterogomph falcigers, blades spinulose, about 2&times; as long as wide, tips incurved, tendons well defined. Ventral ligule digitate, shorter than neuracicular ligule.</p><p><b>Remarks</b></p><p><i>Nereis mezianei</i> sp. nov. has been recorded as &ldquo; <i>N. falsa</i> &rdquo; de Quatrefages, 1866 from the Gulf of Guinea, herein regarded as resembling <i>N. splendida</i> instead. However, these two species differ in relevant pharyngeal and parapodial features, and the main difference is that <i>N. mezianei</i> sp. nov. has a single row of paragnaths in areas VII&ndash;VIII, whereas <i>N. splendida</i> has 2&ndash;3 rows. Furthermore, because the posterior eyes are partially covered by the anterior margin of the tentacular belt, <i>N. mezianei</i> sp. nov. groups with <i>N. marginata</i> Grube &amp; &Ouml;rsted in Grube, 1857 from the Caribbean Sea, and with <i>N. rava</i> Ehlers, 1868 from the Mediterranean Sea. However, <i>N. mezianei</i> sp. nov. can be separated from these two other species because its tentacular cirri are longer.</p><p>Nevertheless, <i>N. mezianei</i> sp. nov. approaches <i>N. rava</i> by having dorsal and median ligules in the posterior parapodia of similar width. Although the depth of the sampling site was not given in the original description of <i>N. rava</i>, the type locality (Gulf of Quarnero) has a maximaum depth of 128 m. There are at least three different morphs regarded as belonging to <i>N. rava</i> in the Mediterranean region, and it has been reported from sediments in depths of 130&ndash;1685 m (Fauvel 1914: 169). Herein, we follow Gravina <i>et al</i>. (2015) regarding the specific features of <i>N. rava</i>. <i>Nereis mezianei</i> sp. nov. and <i>N. rava</i> have corrugate or articulate tentacular cirri. They especially differ in pigmentation pattern, in the relative size of tentacular cirri and in some parapodial features. In <i>N. mezianei</i> sp. nov., anterior segments have a solid brownish pigmentation, their longest tentacular cirri reach chaetigers 7&ndash;8, and the ventral ligule is longer than the neuracicular ligule, whereas in <i>N. rava</i>, anterior segments have two transverse brownish bands, their longest tentacular cirri reach chaetigers 2&ndash;3, and the neuracicular ligule is as long as the ventral ligule. Another important difference relies on mature females. In <i>N. mezianei</i> sp. nov., there is no metamorphosis or parapodial modification in mature females, whereas female heteronereis are known for <i>N. rava</i> (N&uacute;&ntilde;ez 2004: 374&ndash;375).</p><p><i>Nereis mezianei</i> sp. nov. also resembles <i>N. caparti</i> Fauvel, 1953 described from off Namibia, because they have the longest tentacular cirri reaching chaetiger 7&ndash;8, parapodial ligules tapered and pharynx areas VII&ndash;VIII with a single row of paragnaths. They differ, however, because in <i>N. mezianei</i> sp. nov. the posterior eyes are partially covered by the anterior margin of first segment, notopodial ligules are of similar length and width, and compound notofalcigers have spinulose blades, whereas in <i>N. caparti</i>, posterior eyes are fully exposed, dorsal ligules are progressively longer than median ones, and the blades of the notofalcigers are smooth.</p><p><b>Distribution</b></p><p>Senegal to Equatorial Guinea, Western Africa, in shallow subtidal sediments in depths up to 75 m.</p>",2021-11-25 13:48:59.118669+00:00,10.5281/zenodo.5727420,2021
Zenodo,François Lebourgeois,ALAMOD,5711706,Data from: The 2018 European heatwave led to stem dehydration but not to consistent growth reductions in forests,Roberto L. Salomón,"<p>Heatwaves exert disproportionately strong and sometimes irreversible impacts on forest ecosystems. These impacts remain poorly understood at the tree and species level and across large spatial scales. Here, we investigate the effects of the record-breaking 2018 European heatwave on tree growth and tree water status using a collection of high-temporal resolution dendrometer data from 21 species across 53 sites. Relative to the two preceding years, annual stem growth was not consistently reduced by the 2018 heatwave but stems experienced twice the temporary shrinkage due to depletion of water reserves. Conifer species were less capable of rehydrating overnight than broadleaves across gradients of soil and atmospheric drought, suggesting less resilience toward transient stress. In particular, Norway spruce and Scots pine experienced extensive stem dehydration. Our high-resolution dendrometer network was suitable to disentangle the effects of a severe heatwave on tree growth and desiccation at large-spatial scales in situ, and provided insights on which species may be more vulnerable to climate extremes.</p>",2021-11-19 07:48:52.400231+00:00,10.5281/zenodo.5711706,2021
Zenodo,Nicolas Delpierre,CANETE,5711706,Data from: The 2018 European heatwave led to stem dehydration but not to consistent growth reductions in forests,Roberto L. Salomón,"<p>Heatwaves exert disproportionately strong and sometimes irreversible impacts on forest ecosystems. These impacts remain poorly understood at the tree and species level and across large spatial scales. Here, we investigate the effects of the record-breaking 2018 European heatwave on tree growth and tree water status using a collection of high-temporal resolution dendrometer data from 21 species across 53 sites. Relative to the two preceding years, annual stem growth was not consistently reduced by the 2018 heatwave but stems experienced twice the temporary shrinkage due to depletion of water reserves. Conifer species were less capable of rehydrating overnight than broadleaves across gradients of soil and atmospheric drought, suggesting less resilience toward transient stress. In particular, Norway spruce and Scots pine experienced extensive stem dehydration. Our high-resolution dendrometer network was suitable to disentangle the effects of a severe heatwave on tree growth and desiccation at large-spatial scales in situ, and provided insights on which species may be more vulnerable to climate extremes.</p>",2021-11-19 07:48:52.400231+00:00,10.5281/zenodo.5711706,2021
Zenodo,Daniel Berveiller,Drought for C,5711706,Data from: The 2018 European heatwave led to stem dehydration but not to consistent growth reductions in forests,Roberto L. Salomón,"<p>Heatwaves exert disproportionately strong and sometimes irreversible impacts on forest ecosystems. These impacts remain poorly understood at the tree and species level and across large spatial scales. Here, we investigate the effects of the record-breaking 2018 European heatwave on tree growth and tree water status using a collection of high-temporal resolution dendrometer data from 21 species across 53 sites. Relative to the two preceding years, annual stem growth was not consistently reduced by the 2018 heatwave but stems experienced twice the temporary shrinkage due to depletion of water reserves. Conifer species were less capable of rehydrating overnight than broadleaves across gradients of soil and atmospheric drought, suggesting less resilience toward transient stress. In particular, Norway spruce and Scots pine experienced extensive stem dehydration. Our high-resolution dendrometer network was suitable to disentangle the effects of a severe heatwave on tree growth and desiccation at large-spatial scales in situ, and provided insights on which species may be more vulnerable to climate extremes.</p>",2021-11-19 07:48:52.400231+00:00,10.5281/zenodo.5711706,2021
Zenodo,Nicolas Delpierre,Drought for C,5711706,Data from: The 2018 European heatwave led to stem dehydration but not to consistent growth reductions in forests,Roberto L. Salomón,"<p>Heatwaves exert disproportionately strong and sometimes irreversible impacts on forest ecosystems. These impacts remain poorly understood at the tree and species level and across large spatial scales. Here, we investigate the effects of the record-breaking 2018 European heatwave on tree growth and tree water status using a collection of high-temporal resolution dendrometer data from 21 species across 53 sites. Relative to the two preceding years, annual stem growth was not consistently reduced by the 2018 heatwave but stems experienced twice the temporary shrinkage due to depletion of water reserves. Conifer species were less capable of rehydrating overnight than broadleaves across gradients of soil and atmospheric drought, suggesting less resilience toward transient stress. In particular, Norway spruce and Scots pine experienced extensive stem dehydration. Our high-resolution dendrometer network was suitable to disentangle the effects of a severe heatwave on tree growth and desiccation at large-spatial scales in situ, and provided insights on which species may be more vulnerable to climate extremes.</p>",2021-11-19 07:48:52.400231+00:00,10.5281/zenodo.5711706,2021
Zenodo,Philippe Ciais,DEEP-C,5710219,"P50 of tropical broadleaved evergreen forests extracted from Liu et al., 2019",Liyang Liu,"<p>P50 data&nbsp;of tropical broadleaved evergreen forests extracted from Liu et al., 2019 (Hydraulic traits are coordinated with maximum plant height at the global scale)</p>

<p>P50:&nbsp;stem water potential at 50% loss of conductivity</p>",2021-11-18 10:56:38.095632+00:00,10.5281/zenodo.5710219,2021
Zenodo,"Benoit Marie ""ISEM""",CrosyeN,5675734,"LITTLE TIGER BLUE, TARUCUS BALKANICUS (FREYER, 1845) –  A NEW BUTTERFLY SPECIES IN THE FAUNA OF SERBIA (LEPIDOPTERA: LYCAENIDAE)",Tot Ivan,"<p>The fauna of butterflies in Serbia is richer for another species - <em>Tarucus balkanicus</em> (Freyer, 1845). During the research of the Landscape of Outstanding Features of the &quot;Valley of Pčinja&quot;, on August 3rd and 4th, a total of 6 individuals of this species were recorded at the site of Čivčija. The feeding plant of this species is<em> Paliurus spina-christi</em>, on the basis of which the popular Serbian name for <em>T. balkanicus</em> &ndash; &ldquo;dračac&rdquo; was proposed.</p>",2022-01-11 13:33:17.228177+00:00,10.5281/zenodo.5675734,2022
Zenodo,Xavier Raynaud,PEACE,5524510,Soil micronutrients & grassland productivity (NutNet dataset),Dajana Radujkovic,"<p>The dataset and the R code used in the study: &#39;Soil properties as key predictors of global grassland production: have we overlooked micronutrients?&#39; The dataset contains&nbsp;information about biomass productivity, climate, soil properties, nutrients and management of 72 non-fertilized NutNet grassland&nbsp;sites.&nbsp;</p>",2021-09-23 11:26:28.568978+00:00,10.5281/zenodo.5524510,2021
Zenodo,Xavier Raynaud,CANETE,5524510,Soil micronutrients & grassland productivity (NutNet dataset),Dajana Radujkovic,"<p>The dataset and the R code used in the study: &#39;Soil properties as key predictors of global grassland production: have we overlooked micronutrients?&#39; The dataset contains&nbsp;information about biomass productivity, climate, soil properties, nutrients and management of 72 non-fertilized NutNet grassland&nbsp;sites.&nbsp;</p>",2021-09-23 11:26:28.568978+00:00,10.5281/zenodo.5524510,2021
Zenodo,"Benoit Marie ""ISEM""",CrosyeN,5407308,"Figure 5 in Species diversity in the Monodelphis brevicaudata complex (Didelphimorphia: Didelphidae) inferred from molecular and morphological data, with the description of a new species","Pavan, Silvia Eliza","Figure 5. Dorsal (top) and ventral (bottom) views of the skulls of old adult specimens of: A, Monodelphis glirina (USNM 521431, female); B, Monodelphis palliolata (USNM 371285, female); C, Monodelphis brevicaudata (USNM 385005, female); D, Monodelphis arlindoi sp. nov. (MPEG 38052, holotype, male); E, Monodelphis touan (ISEM V-1563, male). Scale bar = 10 mm.",2021-09-03 06:15:46.564428+00:00,10.5281/zenodo.5407308,2021
Zenodo,"Benoit Marie ""ISEM""",CrosyeN,5383907,"Text-fig. 3. Front views of hemi-maxillaries from Prémontré (Paris Basin, MP 10), showing the large infraorbitary foramen of a) SLP29PR-1312, stored in the Montpellier University collections (ISE-M), Hartenbergeromys hautefeuillei; b) SLP29PR-960, Pantrogna marandati. Scale bar 1 mm. in A Reevaluation Of The Taxonomic Status Of The Rodent Masillamys Tobien, 1954 From Messel (Germany, Late Early To Early Middle Eocene, 48-47 M.Y.)","Vianey-Liaud, Monique","Text-fig. 3. Front views of hemi-maxillaries from Prémontré (Paris Basin, MP 10), showing the large infraorbitary foramen of a) SLP29PR-1312, stored in the Montpellier University collections (ISE-M), Hartenbergeromys hautefeuillei; b) SLP29PR-960, Pantrogna marandati. Scale bar 1 mm.",2021-09-02 12:26:37.086511+00:00,10.5281/zenodo.5383907,2021
Zenodo,"Benoit Marie ""ISEM""",CrosyeN,5377279,"FIG. 3 in Discovery of Fallomus ladakhensis Nanda & Sahni, 1998 (Mammalia, Rodentia, Diatomyidae) in the lignites of Nong Ya Plong (Phetchaburi Province, Thailand): systematic, biochronological and paleoenvironmental implications","Marivaux, Laurent","FIG. 3. — Fallomus ladakhensis Nanda &amp; Sahni, 1998 from Nong Ya Plong, Thailand; A, SHM-CP 250, left mandible with p4-m3; B, TF 6181, left m1; C, SHM-CP 353, left mandible with p4-m2 (m3 broken); D, labial view of SHM-CP 250. Scale bars: 1 mm. Drawings by Laurence Meslin (ISEM).",2021-09-02 08:37:38.398964+00:00,10.5281/zenodo.5377279,2021
Zenodo,Jean-Philippe Jenny,DEEP-C,5360710,Global acceleration of lake sediment accumulation rates associated with recent human population growth and landuse changes,Alexandre Baud,"<p>These datasets include the spatial coordinates and the digitized temporal rates of lake sedimentation expressed as Sediment Accumulation Rates (SAR; mm/year) and Mass Accumulation Rate (MAR; g/cm<sup>2</sup>/year) presented in Baud et al. (2021).</p>

<p>Baud, A., Jenny, JP., Francus, P. and Gregory-Eaves, I.&nbsp;Global acceleration of lake sediment accumulation rates associated with recent human population growth and land-use changes.&nbsp;<em>J Paleolimnol</em>&nbsp;(2021). https://doi.org/10.1007/s10933-021-00217-6&nbsp;</p>",2021-09-01 13:35:14.663790+00:00,10.1007/s10933-021-00217-6,2021
Zenodo,Tarik Meziane,TROPECOS,5258924,"Semiodera mezianei Salazar-Vallejo 2012, n. sp.","Salazar-Vallejo, Sergio I.","<i>Semiodera mezianei</i> n. sp.   <p>Figure 10</p>  <p> <i>Pherusa parmata</i>: Rullier &amp; Amoureux 1979:182 (<i>non</i> Grube, 1878).</p>   <p> <b>Type material. Southwestern Atlantic Ocean.</b>  <b>Argentina</b>. Holotype (MNHN-1550), and paratype (MNHN-889) complete, body wall slightly broken, apparently by compression, RV Calypso 1961 Expedition, Stat. 181, Golfo Nuevo, Punta Cracker, 18 m, 2 Jan. 1962 (paratype 17 mm long, 1.8 mm wide, cephalic cage 7 mm long, 58 chaetigers). <b>Brazil.</b> One paratype (MNHN-889 a), mature female, partially dried-out, with a midventral, anterior dissection, dorsal shield lost, RV Calypso 1961 Expedition, Stat. 94 (20&deg;53' N, 40&deg;41' W), off Vila Velha, 13 m, 30 Nov. 1961 (14 mm long, 1.5 mm wide, cephalic cage broken, 4 mm long, 69 chaetigers).</p>   <p> <b>Additional materials</b>: <b>Southwestern Atlantic Ocean.</b> <b>Brazil</b>. Two specimens (MNHN-889 b), anterior fragment and the other without posterior end, breaking in two pieces by dissection, dorsal shields removed, body wall eroded, RV Calypso 1961 Expedition, Stat. 129 (23&deg;40' S, 45&deg;01' W), E off Caraguatatuba, 37 m, 10 Dec. 1961. Five specimens (MNHN-889 c), separated in two lots, anterior fragment and four complete including two mature females, body wall variously broken, RV Calypso 1961 Expedition, Stat. 136 (24&deg;06' S, 45&deg;29' W), off Ilha de S&atilde;o Sebasti&atilde;o, 48 m, 11 Dec. 1961 (13.5&ndash;20.0 mm long, 1.5&ndash;2.0 mm wide, cephalic cage 6&ndash;7 mm long, 51&ndash;70 chaetigers; oocytes 100 &micro;m, pale dark with darker nuclei).</p>   <p> <b>Description.</b> Holotype (MNHN-1550) complete, slightly contracted, body wall broken medially, some parapodia removed (Fig. 10A); paratype contracted, without pygidium. Body swollen anteriorly, tapering posteriorly; 15.5 mm long, 2 mm wide, cephalic cage 7 mm long, 60 chaetigers. Tunic thin, areolated, almost without sediment particles; body papillae large, arranged in single rows (Fig. 10B, C), additional papillae appear by median chaetigers; dorsal papillae larger, bottle-shaped, ventral papillae smaller, bottle-shaped or digitate.</p>   <p>Anterior end not exposed. Not dissected to avoid further damage. Cephalic cage chaetae 3.5 times longer than body width. Chaetigers 1&ndash;2 forming cephalic cage; chaetae arranged in transverse rows in chaetiger 1, become more lateral in chaetiger 2. Chaetiger 1 with 10 noto- and 12 neurochaetae; chaetiger 2 with 6 noto- and 8 neurochaetae per bundle.</p>  <p>Anterior dorsal margin of first chaetiger with a projected, trifid dorsal lappet, each lobe with a distal papilla. Three other papillae by notochaetal insertion, other papillae not seen, probably eroded. Chaetigers 1&ndash;2 of about the same size, chaetiger 3 slightly longer. Sand cemented anterior shield dorsal, over chaetigers 1&ndash;4, slightly expanded over chaetiger 5 (in other paratypes, posteriorly elevated, with some anterior tapering papillae, Fig. 10C). Chaetal transition from cephalic cage to body chaetae gradual; neurochaetae multiarticulate capillaries in chaetigers 1&ndash;2, pseudocompound hooks from chaetiger 3, decreasing in size progressively. Slightly falcate, anchylosed neurohooks from chaetiger 7. Gonopodial slits not seen.</p>  <p>Parapodia better developed in chaetigers 1&ndash;3; thereafter low chaetal lobes, with two long bottle-shaped interramal papillae per parapodia. Notochaetal lobes with three postchaetal papillae. Neuropodial lobes with three postchaetal papillae. Large papillae in single transverse series in anterior and median chaetigers, anterior chaetigers with most papillae large, median chaetigers with alternating sizes. Posterior segments with fewer papillae, more or less forming transverse series. Noto- and neuropodia lateral, close to each other.</p>  <p>Median notochaetae arranged in short transverse rows; all multiarticulate capillaries, articles very long (Fig. 10E, F). Neurochaetae multiarticulate capillaries in chaetigers 1&ndash;2, pseudocompound hooks in chaetigers 3&ndash;6 (Fig. 10D), progressively decreasing in size, anchylosed falcate hooks from chaetiger 7. First 2&ndash;3 per bundle, up to 6 in chaetigers 9&ndash;18 (Fig. 10E), decreasing to 4 by chaetigers 19&ndash;28, then three per bundle up to chaetiger 40 (Fig. 10F), thereafter two per bundle, decreasing to one in far posterior chaetigers.</p>  <p>Posterior region tapering to a blunt cone, pygidium conical, anus terminal; no anal cirri.</p>  <p> <b>Etymology.</b> The species name is a modest homage to Dr. Tarik Meziane, curator of the polychaete collection in the Museum National d&rsquo;Histoire Naturelle, Paris. While he is really an ecophysiologist rather than a taxonomist, he has found the means to support taxonomical studies of many people, including myself.</p>   <p> <b>Type locality.</b> Punta Cracker, Golfo Nuevo, Argentina, 18 m depth.</p>   <p> <b>Variation</b>: The specimens were 14&ndash;20 mm long, 1.5&ndash;2.0 mm wide, cephalic cage 6&ndash;7 mm long, and 51&ndash;70 chaetigers.</p>   <p> <b>Remarks.</b> <i>Semiodera mezianei</i> <b>n. sp.</b>, is very similar to <i>S. inflata</i>; but differs by having papillae of almost the same size, larger than in <i>S. inflata</i>, and the papillae present under chaetal lobes are much larger too.</p>   <p> There is another species described from Brazil. Grube (1877:67, 71) included <i>Stylarioides cingulatum</i> Grube &amp; Kr&oslash;yer <i>in</i> Grube, 1877. The species was diagnosed as having &ldquo;Papillen auf Segment 3&ndash;11 einen G&uuml;rtel, auf den andern Segmenten blos eine Querreihe auf dem R&uuml;cken bildend&ldquo; (translation: Dorsal papillae on chaetigers 3&ndash;11 arranged in a belt, on the other segments only as a transverse row). The type material was not found in Copenhagen, Berlin or Wroclaw, and is presumed lost. The species is herein regarded as indeterminable.</p>   <p> <b>Distribution</b>. There are some records for the Brazilian materials including from the Rocas island to Golfo Nuevo, Argentina, but there might be more than one species involved. The other specimens were collected in Southeastern Brazil, in mixed bottoms, 13&ndash;48 m depth.</p>",2021-08-25 17:35:27.780743+00:00,10.5281/zenodo.5258924,2021
Zenodo,Isabelle Domaizon,DEEP-C,5233527,Metabarcoding protocol – Analysis of protists using the 18S rRNA gene and a DADA2 pipeline,Nico Salmaso,"<p>This protocol has been prepared as part of the Interreg Alpine Space project Eco-AlpsWater (ASP569) - <em>Innovative Ecological Assessment and Water Management Strategy for the Protection of Ecosystem Services in Alpine Lakes and Rivers</em>,&nbsp; Activity A.T1.3, Deliverable D.T1.3.2 &ndash; 2, <a href=""https://www.alpine-space.eu/projects/eco-alpswater/en/home"">https://www.alpine-space.eu/projects/eco-alpswater/en/home</a></p>",2021-08-30 12:39:21.301611+00:00,10.5281/zenodo.5233527,2021
Zenodo,Isabelle Domaizon,DEEP-C,5232772,Metabarcoding protocol – Analysis of Bacteria (including Cyanobacteria) using the 16S rRNA gene and a DADA2 pipeline,Nico Salmaso,"<p>This protocol has been prepared as part of the Interreg Alpine Space project Eco-AlpsWater (ASP569) - <em>Innovative Ecological Assessment and Water Management Strategy for the Protection of Ecosystem Services in Alpine Lakes and Rivers</em>,&nbsp; Activity A.T1.3, Deliverable D.T1.3.2 &ndash; 1, <a href=""https://www.alpine-space.eu/projects/eco-alpswater/en/home"">https://www.alpine-space.eu/projects/eco-alpswater/en/home</a></p>

<p>&nbsp;</p>",2021-08-30 12:35:44.687930+00:00,10.5281/zenodo.5232772,2021
Zenodo,Laurent Kergoat,RIFT,5172311,Chariotheca cuprina,"Soldati, Laurent","<p><b><i>Chariotheca cuprina</i> (Fairmaire, 1849)</b></p><p><i>Olisthaena cuprina</i> Fairmaire, 1849: 451.</p><p>MATERIAL EXAMINED. &mdash; <b>Vanuatu.</b> Espiritu Santo Isl., Luganville, CETRAV in Saraoutou, ecotone between dense rainforest and coffee tree plantation, under bark, 2-10.X.2006, leg. L. Soldati, 2 &male;&male; (MNHN), 1 &male; (coll. LS).</p><p>DISTRIBUTION. &mdash; Originally described from Wallis Island and known from the Fiji Islands (Kaszab 1955), this species also occurs in Vanikoro (Solomon Islands) and in Santo (Vanuatu).</p>",2021-08-09 15:22:16.157111+00:00,10.5281/zenodo.5172311,2021
Zenodo,Laurent Kergoat,RIFT,5172309,Bradymerus lobicollis Gebien 1920,"Soldati, Laurent","<p><b><i>Bradymerus lobicollis</i> Gebien, 1920</b></p><p><i>Bradymerus lobicollis</i> Gebien, 1920: 240, figs 14, 15.</p><p>MATERIAL EXAMINED. &mdash; <b>Vanuatu.</b> Espiritu Santo Isl., Luganville, CETRAV in Saraoutou, ecotone between dense rainforest and coffee tree plantation, beating dead branches, 2-10.X.2006, leg. L. Soldati, 2 &male;&male;, 1 &female; (MNHN), 1 &male;, 1&female; (coll. LS).</p><p>DISTRIBUTION. &mdash; New Guinea and Samoa Islands (Kaszab 1955), this species also occurs in the Solomon Islands. First record for Vanuatu.</p>",2021-08-09 15:21:52.092820+00:00,10.5281/zenodo.5172309,2021
Zenodo,Laurent Kergoat,RIFT,5171538,Bradymerus costatus,"Soldati, Laurent","<p><b><i>Bradymerus costatus</i> (Fairmaire, 1849)</b></p><p><i>Bolitophagus costatus</i> Fairmaire, 1849: 421, pl. 11, figs 1, 2.</p><p>MATERIAL EXAMINED. &mdash; <b>Vanuatu.</b> Espiritu Santo Isl., Luganville, CETRAV in Saraoutou, 1-11.X.2006, at night with a headlamp, on decaying trunk of an old mango tree (<i>Mangifera indica</i>), leg. L. Soldati, 2 &male;&male;, 1 &female; (MNHN), 2 &male;&male;, 1 &female; (coll. LS); same data, but 18-20.X.2006, 2 &male;&male;, 2 &female;&female; (MNHN), 2 &male;&male;, 2 &female;&female; (coll. LS).</p><p>DISTRIBUTION. &mdash; Originally described from Wallis Island, this species is also present in the Fiji Islands (Kaszab 1955). First record for Vanuatu.</p>",2021-08-09 02:41:12.150322+00:00,10.5281/zenodo.5171538,2021
Zenodo,Laurent Kergoat,RIFT,5171536,Toxicum quadricorne,"Soldati, Laurent","<p><b><i>Toxicum quadricorne</i> (Fabricius, 1801)</b></p><p><i>Trogosita quadricornis</i> Fabricius, 1801: 153.</p><p>MATERIAL EXAMINED. &mdash; <b>Vanuatu.</b> Espiritu Santo Isl., Luganville, CETRAV in Saraoutou, ecotone between dense rainforest and coffee tree plantation, at night on dead trunks, 2-10.X.2006, leg. L. Soldati, 1 &male; (coll. LS); Luganville, CETRAV in Saraoutou, 1-11.X.2006, at night with a headlamp, on the decaying trunk of an old mango tree (<i>Mangifera indica</i> L.), leg. L. Soldati, 2 &male;&male; (MNHN), 1 &female; (coll. LS); same data, but 18-20.X.2006, 1 &male; (MNHN), 1 &male; (coll. LS).</p><p>DISTRIBUTION. &mdash; Indomalayan realm: Indochina, Sunda Islands, Andaman Islands, Sulawesi; Micronesia: Palau, Truk, Marshall Islands, Ponape; Melanesia: New Guinea (Irian Jaya and Papua New Guinea), Solomon Islands and Vanuatu (Merkl 1989).</p>",2021-08-09 02:40:52.322340+00:00,10.5281/zenodo.5171536,2021
Zenodo,Laurent Kergoat,RIFT,5171482,Diphyrrhynchus halorageos,"Soldati, Laurent","<p><b><i>Diphyrrhynchus halorageos</i> (Montrouzier, 1860)</b></p><p><i>Acanthosternus halorageos</i> Montrouzier, 1860: 290.</p><p>MATERIAL EXAMINED. &mdash; <b>Vanuatu.</b> Espiritu Santo Isl., Luganville, Surunda beach, seashore, 8.X.2006, leg. L. Soldati, 10 &male;&male;, 24 &female;&female; (MNHN), 2 &male;&male;, 2 &female;&female; (coll. LS). &mdash; Espiritu Santo Isl., Big Bay, Matantas, Vatthe Area Conservation, 12-17.X.2006, leg. L. Soldati, 2 &male;&male;, 3 &female;&female; (MNHN).</p><p>DISTRIBUTION. &mdash; New Caledonia, Loyalty Islands, &icirc;le des Pins, Vanuatu and Australia (Kaszab 1982b).</p><p>REMARKS</p><p>As its specific epithet suggests, this little nocturnal darkling beetle lives in the coastal sand and hides during the day at the base of <i>Haloragis prostrata</i> J. R. Forst. &amp; G. Forst.</p>",2021-08-09 02:00:28.380379+00:00,10.5281/zenodo.5171482,2021
Zenodo,Laurent Kergoat,RIFT,5171478,Amarygmus hydrophiloides Fairmaire 1849,"Soldati, Laurent","<p><b><i>Amarygmus hydrophiloides</i> Fairmaire, 1849</b></p><p><i>Amarygmus hydrophiloides</i> Fairmaire, 1849: 450.</p><p>MATERIAL EXAMINED. &mdash; <b>Vanuatu.</b> Espiritu Santo Isl., CETRAV Arboretum, beating shrubs, 5.X.2006, leg. L. Soldati 1 &male; and 3 other ex.(sex unknown) (MNHN). &mdash; Espiritu Santo Isl., littoral forest of Saraoutou, 9.X.2006, on a dead trunk, leg. L. Soldati, 3 ex. (MNHN), 2ex. (coll. LS) (sex unknown).</p><p>DISTRIBUTION. &mdash; One of the most common species of <i>Amarygmus</i> in the Papuan and Polynesian regions, it was first described by Fairmaire (1849) from Wallis and the Tonga-Tabou islands.</p>",2021-08-09 02:00:20.918796+00:00,10.5281/zenodo.5171478,2021
Zenodo,Laurent Kergoat,RIFT,5171476,Platydema simbangense Kaszab 1939,"Soldati, Laurent","<p><b><i>Platydema simbangense</i> Kaszab, 1939</b></p><p><i>Platydema simbangense</i> Kaszab, 1939: 197.</p><p>MATERIAL EXAMINED. &mdash; <b>Vanuatu.</b> Espiritu Santo Isl., Luganville, CETRAV in Saraoutou, ecotone between dense rainforest and coffee tree plantation, beating dead branches covered with fungi, 2-10.X.2006, leg. L. Soldati, 4 &male;&male; (MNHN), 4 &male;&male; (coll. LS). &mdash; Espiritu Santo Isl., Butmas, rainforest, 21.X.2006, leg. L. Soldati, 1 &male; (MNHN), 1 &female; (coll. LS).</p><p>DISTRIBUTION. &mdash; New Guinea (type locality Simbang), Solomon Island (Schawaller 2008) and Vanuatu (new record).</p>",2021-08-09 01:59:58.489581+00:00,10.5281/zenodo.5171476,2021
Zenodo,Laurent Kergoat,RIFT,5165437,"FIG. 3. — Uloma vanuatensis L. Soldati n in Preliminary report on the Tenebrionidae (Insecta, Coleoptera) collected during the SANTO 2006 expedition to Vanuatu, with description of a new species of the genus Uloma Dejean, 1821","Soldati, Laurent","FIG. 3. — Uloma vanuatensis L. Soldati n. sp. holotype ♂ (MNHN EC2280): A, anterior tibia (upper face);B, metathorax and abdomen (ventral view).Scale bars:A,0,.5 mm;B, 1 mm.Photographs:L.Soldati.",2021-08-06 01:26:13.562002+00:00,10.5281/zenodo.5165437,2021
Zenodo,Laurent Kergoat,RIFT,5165435,"FIG. 2. — Uloma vanuatensis L. Soldati n in Preliminary report on the Tenebrionidae (Insecta, Coleoptera) collected during the SANTO 2006 expedition to Vanuatu, with description of a new species of the genus Uloma Dejean, 1821","Soldati, Laurent","FIG. 2. — Uloma vanuatensis L. Soldati n. sp. holotype ♂ (MNHN EC2280): A, head (ventral view); B, head (dorsal view). Abbreviations: tub, conical tubercle; st, arc-shaped strip. Scale bars: A, 1.5 mm; B, 1 mm. Photographs L. Soldati.",2021-08-06 01:26:04.174361+00:00,10.5281/zenodo.5165435,2021
Zenodo,Laurent Kergoat,RIFT,5165433,"FIG. 1. — Uloma vanuatensis L. Soldati n in Preliminary report on the Tenebrionidae (Insecta, Coleoptera) collected during the SANTO 2006 expedition to Vanuatu, with description of a new species of the genus Uloma Dejean, 1821","Soldati, Laurent","FIG. 1. — Uloma vanuatensis L. Soldati n. sp. holotype ♂ (MNHN EC2280): A, habitus (dorsal view); B, habitus (lateral view); C, habitus (ventral view); D, forebody (lateral view); E, aedeagus (lateral view); F, aedeagus (tergal face). Scale bars: A-C, 10 mm; D-F, 1 mm. Photographs: L. Soldati.",2021-08-06 01:25:58.605545+00:00,10.5281/zenodo.5165433,2021
Zenodo,Laurent Kergoat,RIFT,5165431,"Preliminary report on the Tenebrionidae (Insecta, Coleoptera) collected during the SANTO 2006 expedition to Vanuatu, with description of a new species of the genus Uloma Dejean, 1821","Soldati, Laurent","Soldati, Laurent, Kergoat, Gael J., Condamine, Fabien L. (2012): Preliminary report on the Tenebrionidae (Insecta, Coleoptera) collected during the SANTO 2006 expedition to Vanuatu, with description of a new species of the genus Uloma Dejean, 1821. Zoosystema 34 (2): 305-317, DOI: 10.5252/z2012n2a8, URL: http://dx.doi.org/10.5252/z2012n2a8",2021-08-06 01:25:50.175190+00:00,10.5252/z2012n2a8,2021
Zenodo,Xavier Morin,Drought for C,5145755,Functionally distinct tree species support long-term productivity in extreme environments,Léo Delalandre,"<p>Dataset used for the article &quot;Functionally distinct tree species support long-term productivity in extreme environments&quot;, submitted to <em>Proceedings of the Royal society B</em>. Contains raw output of simulations performed with the ForCEEPS forest gap model (http://capsis.cirad.fr/capsis/help_en/forceeps). For a description of the simulations performed and the dataset, see the associated GitHub (https://github.com/LDelalandre/Project-1_Distinct-sp_BEF) and the article.</p>

<p>Simulations are grouped in 11 folders corresponding to the 11 environmental conditions used for simulating community dynamics. Subfolders group outputs by species richness gradients (30 random orders, plus &quot;decreasing&quot; order, which is from the most functionally distinct to the least functioonally distinct species, and &quot;increasing, which is the other way around, and monocultures).</p>

<p>For each species richness level (from 1: all the species, to 30, the last species of the richness gradient), four different files were generated:</p>

<p>- biomass data: &#39;complete&#39; (every individual); &#39;mean&#39; (aggregated at the community level each year);</p>

<p>- productivity data: productivity (every individual); productitity_scene (aggregated at the species level each year).</p>",2021-07-29 13:11:44.169609+00:00,10.5281/zenodo.5145755,2021
Zenodo,Ali Faraj,CANETE,5112313,The Impact of Idea of Confiance Legitime on Knowledge Economy,Luma Ali Faraj Al Dhaheri,"<p><em>In fact, the idea of Confiance Legitime aims to stabilize the legal positions of individuals and protect their acquired rights, because the idea is one of the most important foundations on which to build the stateof low.The idea of Confiance Legitimealso means the commitment of the public authorities to achieve stability and reassurance as a result of the actions of the country, otherwise it would lead to destabilizing this tranquility or storming this stability. The idea of Confiance Legitimeis based on the quality and normality of the law, and the extent of its stability. Therefore, constitutional systems provide political and legal mechanisms to ensure the standardization and integrity of the law before its issuance, whether through committees or through its presentation to competent authorities because the integrity of the law before its issuance is a guarantee of the idea of Confiance Legitime, This matter would guarantee the rights of individuals and the state as well, as the individual can only obtain his legitimate rights in light of a legally stable system in all fields, as the existence of a kind of stability in legal relations, which sends the stability of legal centers, and works to spread peace and tranquility.</em></p>",2021-07-18 16:47:07.403498+00:00,10.5281/zenodo.5112313,2021
Zenodo,David Etienne,DEEP-C,5092309,Global Wheat Head Dataset 2021,DAVID Etienne,"<p>This is the full Global Wheat Head Dataset 2021. Labels are included in csv.</p>

<p>Tutorials available here: https://www.aicrowd.com/challenges/global-wheat-challenge-2021</p>

<p>&nbsp;</p>

<p>🕵️ Introduction</p>

<p>Wheat is the basis of the diet of a large part of humanity. Therefore, this cereal is widely studied by scientists to ensure food security. A tedious, yet important part of this&nbsp;research is the measurement of different characteristics of the plants, also known as&nbsp;Plant Phenotyping. Monitoring plant architectural characteristics allow the breeders to grow better varieties and the farmers to make better decisions, but this critical step is still done manually. The emergence of UAV, camera and smartphone makes in-field RGB images more available and could be a solution to manual measurement. For instance, the counting of the wheat head can be done with Deep Learning.&nbsp; However, this task can be visually challenging. There is often an overlap of dense wheat plants, and the wind can blur the photographs, making identify single heads difficult. Additionally, appearances vary due to maturity, colour, genotype, and head orientation. Finally, because wheat is grown worldwide, different varieties, planting densities, patterns, and field conditions must be considered. To end manual counting, a robust algorithm must be created to address all these issues.&nbsp;</p>

<p>💾 Dataset</p>

<p>The dataset&nbsp;is composed of more than 6000 images of 1024x1024 pixels containing 300k+ unique wheat heads, with the corresponding bounding boxes. The images come from 11 countries and covers 44 unique measurement sessions. A measurement session is a set of images acquired at the same location, during a coherent timestamp (usually a few hours), with a specific sensor. In comparison to the 2020 competition on Kaggle, it represents 4 new countries, 22 new measurements sessions, 1200 new images and 120k new wheat heads. This amount of new situations will help to reinforce the quality of the test dataset. The 2020 dataset was labelled by researchers and students from 9 institutions across 7 countries. The additional data have been labelled by Human in the Loop, an ethical AI labelling company. We hope these changes will help in&nbsp;finding the most robust algorithms possible!</p>

<p>The task is to localize the wheat head contained in each image. The goal is to obtain a model which is robust to variation in shape, illumination, sensor and locations. A set of boxes coordinates is provided for each image.</p>

<p>The training dataset will be the images acquired in Europe and Canada, which cover approximately 4000 images and the test dataset will be composed of the images from North America (except Canada), Asia, Oceania and Africa and covers approximately 2000 images. It represents 7 new measurements sessions available for training but 17 new measurements sessions for the test!</p>

<p>📁 Files</p>

<p>Following files are available in the <code>resources</code> section:</p>

<ul>
	<li>
	<p><code>images: the folder contains all images</code></p>
	</li>
	<li>
	<p><code>competition_train.csv , competition_val.csv, competition_test.csv : contains the splits used for the 2021 Global Wheat Challenge</code></p>

	<ul>
		<li>
		<p><code>Val contains the &quot;public test&quot;, which is the test set of Global Wheat Head 2020</code></p>
		</li>
		<li>
		<p><code>Test contains the &quot;private test&quot;.</code></p>
		</li>
	</ul>
	</li>
	<li>
	<p><code>Metadata.csv : contains additional metadatas for each domain</code></p>
	</li>
</ul>

<p>💻&nbsp;Labels</p>

<ul>
	<li>All boxes are contained in a csv with three columns <code>image_name</code>, BoxesString&nbsp;and domain</li>
	<li><code>image_name</code>&nbsp;is the name of the image, without the suffix. All images have a .png extension</li>
	<li>BoxesString&nbsp;is a string containing all predicted boxes with the format [x_min,y_min, x_max,y_max]. To concatenate a list of boxes into a PredString, please concatenate all list of coordinates with one space (&quot; &quot;) and all boxes with one semi-column &quot;;&quot;. If there is no box, BoxesString is equal to &quot;no_box&quot;.</li>
	<li>domain give the domain for each image</li>
</ul>

<p>&nbsp;</p>

<p>If you use the dataset for your research, please do not forget to quote:</p>

<pre>@article{david2020global,
  title={Global Wheat Head Detection (GWHD) dataset: a large and diverse dataset of high-resolution RGB-labelled images to develop and benchmark wheat head detection methods},
  author={David, Etienne and Madec, Simon and Sadeghi-Tehran, Pouria and Aasen, Helge and Zheng, Bangyou and Liu, Shouyang and Kirchgessner, Norbert and Ishikawa, Goro and Nagasawa, Koichi and Badhon, Minhajul A and others},
  journal={Plant Phenomics},
  volume={2020},
  year={2020},
  publisher={Science Partner Journal}
}
</pre>

<p>@misc{david2021global,<br>
&nbsp;&nbsp;&nbsp;&nbsp;&nbsp; title={Global Wheat Head Dataset 2021: more diversity to improve the benchmarking of wheat head localization methods},<br>
&nbsp;&nbsp;&nbsp;&nbsp;&nbsp; author={Etienne David and Mario Serouart and Daniel Smith and Simon Madec and Kaaviya Velumani and Shouyang Liu and Xu Wang and Francisco Pinto Espinosa and Shahameh Shafiee and Izzat S. A. Tahir and Hisashi Tsujimoto and Shuhei Nasuda and Bangyou Zheng and Norbert Kichgessner and Helge Aasen and Andreas Hund and Pouria Sadhegi-Tehran and Koichi Nagasawa and Goro Ishikawa and S&eacute;bastien Dandrifosse and Alexis Carlier and Benoit Mercatoris and Ken Kuroki and Haozhou Wang and Masanori Ishii and Minhajul A. Badhon and Curtis Pozniak and David Shaner LeBauer and Morten Lilimo and Jesse Poland and Scott Chapman and Benoit de Solan and Fr&eacute;d&eacute;ric Baret and Ian Stavness and Wei Guo},<br>
&nbsp;&nbsp;&nbsp;&nbsp;&nbsp; year={2021},<br>
&nbsp;&nbsp;&nbsp;&nbsp;&nbsp; eprint={2105.07660},<br>
&nbsp;&nbsp;&nbsp;&nbsp;&nbsp; archivePrefix={arXiv},<br>
&nbsp;&nbsp;&nbsp;&nbsp;&nbsp; primaryClass={cs.CV}<br>
}</p>",2021-07-12 15:14:08.044906+00:00,10.5281/zenodo.5092309,2021
Zenodo,Katia Beauchene,GREENSCALE,5079742,Does root plasticity contribute to crop tolerance to abiotic stresses?,Clothilde Collet,"<p>Plants have evolved arrays of responses to abiotic constraints, many of which involve the root&nbsp;phenome. Presumably, these responses were shaped by natural selection to maximise&nbsp;adaptation and reproductive success. However, it is generally unclear whether this plasticity&nbsp;also contributes to improved agronomic performance of cultivated species under abiotic stress.&nbsp;In the context of the SolACE EU project, we monitored root growth and architecture of 250&nbsp;bread wheat and 250 durum wheat genotypes in the 4PMI platform (rhizotubes) under&nbsp;combined low N and water and in the RootPhAir platform (aeroponics) under unconstrained&nbsp;conditions. Phenotypic plasticity in response to low N and water was estimated by comparing&nbsp;data from the two platforms. In parallel, conventional phenological and yield component&nbsp;variables were recorded for the same genotypes in replicated field trials involving control&nbsp;conditions vs combined low N and water. AMF colonisation data were also recorded on roots&nbsp;sampled in control conditions from one of the durum wheat trials.&nbsp;The genotypic effect (within each species) was significant for many variables and experiments.&nbsp;Root plasticity was predominant in the architectural data, as indicated by extremely low&nbsp;correlations between analogous variables in the two platforms. The root:shoot ratio was higher&nbsp;in 4PMI than in RootPhAir, which is consistent with the abiotic constraint present in the former.&nbsp;However, the genotypic variance for the root:shoot ratio was larger in RootPhAir than in 4PMI,&nbsp;as if the constraint in the latter was reducing the genotypic variability in root:shoot allocation.&nbsp;Field data were summarized by computing the rank of genotype responses to combined water&nbsp;and N deficits across the different trials, low ranks being assigned to generally sensitive&nbsp;genotypes. After assembling field and platform data, the sensitive genotypes in field trials&nbsp;tended to be those which have a low root allocation in RootPhAir (compared to 4PMI), while&nbsp;the tolerant genotypes in the field were those for which the root allocation in RootPhAir was&nbsp;close to that of 4PMI. Our interpretation is that the sensitive genotypes are able to reduce their&nbsp;root allocation when the root constraints are small, which makes them sensitive to soil-related&nbsp;constraints that would develop later during the crop cycle. Interestingly, the AMF data also&nbsp;points that the same genotypes are less keen to support the symbiotic association. Our results&nbsp;suggest that the ability to achieve a large root:shoot ratio is an important component of field&nbsp;crop tolerance to abiotic stress and call for reconsidering the value of architectural variables&nbsp;estimated in phenotyping platforms as direct predictors of crop tolerance.</p>",2021-07-07 14:45:35.068159+00:00,10.5281/zenodo.5079742,2021
Zenodo,Philippe Rosa,CarboNium,5045995,Earth-observation based products from the CoastObs project,Lazaros Spaias,"<p>The Earth-observation based products are in the CoastObs portal: https://coastobs.lizard.net. Login details to the portal will be provided after finalising the CoastObs training materials: https://coastobs.eu/e-training</p>

<p>Products in the portal include demonstration products of the following parameters:</p>

<p>Basic products:</p>

<ul>
	<li>Chl-a</li>
	<li>Suspended matter</li>
	<li>Turbidity</li>
	<li>Sea surface temperature</li>
</ul>

<p>Innovative and higher level products:</p>

<ul>
	<li>Sea grass percentage coverage</li>
	<li>Phytoplankton size classes</li>
	<li>Harmful algae bloom (HAB) indicators for Pseudonitzschia and Alexandrium</li>
	<li>(Mean) food quality for shell fish</li>
	<li>Mussel growth potential</li>
	<li>Relative growth rate (of mussels)</li>
</ul>

<p>There are products for the following areas:</p>

<ul>
	<li>Loire Estuary (France)</li>
	<li>Bourgneuf Bay (France)</li>
	<li>Eastern Scheldt + Voordelta (Netherlands)</li>
	<li>Wadden Sea (Netherlands)</li>
	<li>Venice Lagoon (Italy)</li>
	<li>Galician coast (Spain)</li>
	<li>Rias Baixas (Spain)</li>
</ul>

<p>In the portfolio are more products, such as:</p>

<ul>
	<li>Primary production</li>
	<li>WFD indicators</li>
	<li>HAB forecasts</li>
	<li>Plume morphology</li>
	<li>Phytoplankton bloom morphology</li>
</ul>",2021-06-30 14:02:37.912987+00:00,10.5281/zenodo.5045995,2021
Zenodo,Pierre Sabatier,DEEP-C,5018241,TPP statistics data for: Plurifaceted proteomics method identifies a key regulator of translation during stem cells maintenance and differentiation,Pierre Sabatier,<p>Statistics data from TPP package.</p>,2021-06-23 13:49:02.943295+00:00,10.5281/zenodo.5018241,2021
Zenodo,Tarik Meziane,TROPECOS,4948582,Polycirrus denticulatus de Saint-Joseph 1894,"Glasby, Christopher J.","<p><b><i>Polycirrus denticulatus</i> de Saint-Joseph, 1894</b></p><p>Fig. 22a, b</p><p><i>Polycirrus denticulatus</i> de Saint-Joseph, 1894: 242&ndash;243, pl. X, figs 271&ndash;274.</p><p><b>Type locality.</b> Brittany, France.</p><p><b>Material examined.</b>? HOLOTYPE MNHN 1547 (formerly Jar A 229), Concarneau, Brittany, France, coll. M le Baron de St. Joseph no. 20.</p><p><b>Description.</b> Type specimen incomplete (broken at segment 12/13), slightly yellow, especially tentacles.</p><p>Dorsum anteriorly tessellated (Fig. 22a). Venter with mid-ventral groove from segment 4 (Fig. 22b) and 10 pairs of discrete ventro-lateral pads, incised, extending from segment 3 to at least segment 12.</p><p>Buccal tentacles of two types all detached: (1) leaf-shaped, deeply furrowed and (2) cylindrical, thickened distally, distinctly grooved, both arising at junction between prostomium and upper lip. Prostomial ridge distinctly curved, extending laterally along anterodorsal base of upper lip. Upper lip comprising single (medial) lobe only, margin of lobe thickened and overturned; oral surface glandular and ciliated. Outer lower lip flat, shield-like, subtriangular and pointing toward mouth, ridged and grooved, extending posteriorly to segment 3. Achaetous segments visible entirely as distinct rings.</p><p>Notochaetigerous segments, 10, extending to at least segment 12 (type specimen broken). Notopodia more-orless rectangular, lobes triangular (slightly rounded), equally long. Notochaetae within a chaetiger one type (chaetiger 5 examined), two distinct lengths, smooth, narrowly winged, subdistally expanded. Neuropodia and neurochaetae not observed.</p><p>Nephridial papillae present, cylindrical. Pre-gular membrane nephridial papillae present on segments 3&ndash;4. Post-gular membrane nephridial papillae present, extending from segment 5 to 8; situated at ventral base of notopodia.</p><p><b>Comments.</b> The above description is a composite based on the type description and a specimen identified on the label as the type of <i>P. denticulatus</i> (MNHN Type 1547) from Concarneau, Brittany, collected by M le Baron de St. Joseph. This specimen does not fit exactly the type description in that there are no neurochaetae on segments 9&ndash;10, which are stated to be present in the type description. Further, the type locality is reported by Saint-Joseph (1894) to be the coast of Dinard, Britanny, NW France (48&ring;37.36&rsquo;N 2&ring;03.06&rsquo;W), whereas the information on the label of the MNHN Type 1547 says Concarneau, Brittany. According to Solis Weiss <i>et al</i> (2004) the types of <i>P. denticulatus</i> are registered at the MNHN under POLY TYPE 970&ndash;973. These specimens were recorded as having been collected in 1894 from Dinard, Brittany, France, which corresponds to the locality given in the type description. However, according to the current polychaete collection manager at MNHN, Tarik Meziane, 970&ndash;973 are actually parts of Type 1547 mounted on slides. Therefore, Type 1547 is tentatively regarded as the holotype, but the matter warrants further investigation considering the conflicting information on specimen versus description and on the type locality.</p><p>According to the type description there are 13&ndash;17 notochaetigerous segments and the notochaetae are finely hirsute on one side only (the flexed, convex side). This condition suggests that the hirsuteness is a result of wear of a normal winged-type chaeta, and does not represent a true hirsute chaeta, which has hairs on both sides. The following additional character data for the posterior body are taken from the type description: neurochaetae begin on segment 9&ndash;10 before last notochaetigerous segment; there are 25&ndash;40 uncini per row; uncini have a short neck and straight to convex base (Type 1); teeth above the main fang are arranged in a double transverse series, there is an enlarged median tooth present above the main fang and the subrostral process is absent.</p>",2021-06-14 20:24:32.138704+00:00,10.5281/zenodo.4948582,2021
Zenodo,Isabelle Domaizon,DEEP-C,4906221,Fish eDNA metabarcoding from aquatic biofilm samples: methodological aspects,RIVERA Sinziana F.,"<p>These data supplement the article &ldquo;Fish eDNA metabarcoding from aquatic biofilm samples: methodological aspects&rdquo; Sinziana F. Rivera, Fr&eacute;d&eacute;ric Rimet, Valentin Vasselon, Marine Vautier, Isabelle Domaizon, &amp; Agn&egrave;s Bouchez</p>

<p>The directory is composed of: &ldquo;542_samples_fastq:files&rdquo; wich contains raw demultiplexed fastq files (R1. fastq and R2. fastq) for each of the 542 samples used in this study to produce fish taxonomic inventories using DADA2.</p>

<p>&ldquo;Raw data description.xlsx&rdquo;: contains the samples ID and description of each of the samples used in this study</p>",2021-11-26 11:03:38.077404+00:00,10.5281/zenodo.4906221,2021
Zenodo,Bertrand Guenet,ALAMOD,4900670,Priming in aquatic ecosystems database,Lúcia Fernandes Sanches,"<p>Priming-Meta-analysis</p>

<p>This database has been created by Lucia Fernandes Sanches in 2020 and is associated to a paper submitted to JGR: Biogeosciences called &quot;Exploring the drivers controlling the priming effect and its magnitude in aquatic systems&quot; by L&uacute;cia Fernandes Sanches, Bertrand Guenet, Nicholas dos Anjos Cristiano Marino and Francisco de Assis Esteves.</p>

<p>Requests have to be send to sanches1983(@)gmail.com and bertrand.guenet(@)ens.fr</p>",2021-06-04 19:03:19.970528+00:00,10.5281/zenodo.4900670,2021
Zenodo,Bertrand Guenet,CANETE,4900670,Priming in aquatic ecosystems database,Lúcia Fernandes Sanches,"<p>Priming-Meta-analysis</p>

<p>This database has been created by Lucia Fernandes Sanches in 2020 and is associated to a paper submitted to JGR: Biogeosciences called &quot;Exploring the drivers controlling the priming effect and its magnitude in aquatic systems&quot; by L&uacute;cia Fernandes Sanches, Bertrand Guenet, Nicholas dos Anjos Cristiano Marino and Francisco de Assis Esteves.</p>

<p>Requests have to be send to sanches1983(@)gmail.com and bertrand.guenet(@)ens.fr</p>",2021-06-04 19:03:19.970528+00:00,10.5281/zenodo.4900670,2021
Zenodo,Bertrand Guenet,CLIM-FAS,4900670,Priming in aquatic ecosystems database,Lúcia Fernandes Sanches,"<p>Priming-Meta-analysis</p>

<p>This database has been created by Lucia Fernandes Sanches in 2020 and is associated to a paper submitted to JGR: Biogeosciences called &quot;Exploring the drivers controlling the priming effect and its magnitude in aquatic systems&quot; by L&uacute;cia Fernandes Sanches, Bertrand Guenet, Nicholas dos Anjos Cristiano Marino and Francisco de Assis Esteves.</p>

<p>Requests have to be send to sanches1983(@)gmail.com and bertrand.guenet(@)ens.fr</p>",2021-06-04 19:03:19.970528+00:00,10.5281/zenodo.4900670,2021
Zenodo,Nicolas Vuichard,GREENSCALE,4899742,Source codes for gmd-2020-29,Jina Jeong,<p>This repository contains source codes to process output and datasets in gmd-2020-29 (Using the International Tree-Ring Data Bank (ITRDB) records as century-long benchmarks for global land-surface models). Please refer to the READ.me file for details.</p>,2021-06-04 13:34:45.054564+00:00,10.5281/zenodo.4899742,2021
Zenodo,Philippe Peylin,ALAMOD,4899742,Source codes for gmd-2020-29,Jina Jeong,<p>This repository contains source codes to process output and datasets in gmd-2020-29 (Using the International Tree-Ring Data Bank (ITRDB) records as century-long benchmarks for global land-surface models). Please refer to the READ.me file for details.</p>,2021-06-04 13:34:45.054564+00:00,10.5281/zenodo.4899742,2021
Zenodo,David Etienne,DEEP-C,4890370,"Plant detection and counting from high-resolution RGB images acquired from UAVs: comparison between deep-learning and handcrafted methods with application to maize, sugar beet, and sunflower crops","DAVID, Etienne","<p>Dataset for the paper: Plant detection and counting from high-resolution RGB images acquired from UAVs: comparison between deep-learning and handcrafted methods with application to maize, sugar beet, and sunflower crops</p>",2021-06-01 14:08:13.913900+00:00,10.1101/2021.04.27.441631,2021
Zenodo,Jérôme Gaillardet,DEEP-C,4779121,"Numerical code for solving the geochemical mixing model and making diagrams in Nevers et al., to be published in E-surf (""""Landslides as geological hotspots of CO2 to the atmosphere: clues from the instrumented Séchilienne landslide, Western European Alps"")",Julien Bouchez,"<p>This archive contains the material needed to solve the geochemical mixing model and to produce some of the plots of the publication of Nevers et al. entitled &quot;Landslides as geological hotspots of CO2 to the atmosphere: clues from the instrumented S&eacute;chilienne landslide, Western European Alps&quot; published in E-surf Discussions (doi:10.5194/esurf-2020-42) and accepted for publication in E-surf with minor revisions as of Mar. 15, 2021.</p>

<p>The archive contains:</p>

<p>- A python code: &quot;Nevers_et_al_2021_Esurf_code.py&quot;</p>

<p>- Data files that are used as inputs to the code: one for spring water composition (&quot;Nevers_et_al_springs.csv&quot;) and six for the local rock compositional array (&quot;Nevers_et_al_rocks_fcalc_X.csv&quot;, with X = 0,20,40,60,80,100), each corresponding to a particular scenario regarding the composition of the carbonate end member (role of calcite vs. dolomite).</p>",2021-06-01 18:16:53.149026+00:00,10.5281/zenodo.4779121,2021
Zenodo,Julien Bouchez,CarboNium,4779121,"Numerical code for solving the geochemical mixing model and making diagrams in Nevers et al., to be published in E-surf (""""Landslides as geological hotspots of CO2 to the atmosphere: clues from the instrumented Séchilienne landslide, Western European Alps"")",Julien Bouchez,"<p>This archive contains the material needed to solve the geochemical mixing model and to produce some of the plots of the publication of Nevers et al. entitled &quot;Landslides as geological hotspots of CO2 to the atmosphere: clues from the instrumented S&eacute;chilienne landslide, Western European Alps&quot; published in E-surf Discussions (doi:10.5194/esurf-2020-42) and accepted for publication in E-surf with minor revisions as of Mar. 15, 2021.</p>

<p>The archive contains:</p>

<p>- A python code: &quot;Nevers_et_al_2021_Esurf_code.py&quot;</p>

<p>- Data files that are used as inputs to the code: one for spring water composition (&quot;Nevers_et_al_springs.csv&quot;) and six for the local rock compositional array (&quot;Nevers_et_al_rocks_fcalc_X.csv&quot;, with X = 0,20,40,60,80,100), each corresponding to a particular scenario regarding the composition of the carbonate end member (role of calcite vs. dolomite).</p>",2021-06-01 18:16:53.149026+00:00,10.5281/zenodo.4779121,2021
Zenodo,Samuel Abiven,PEACE,4775921,Biochar and biochar-based fertilizer amendments reduce rhizodeposition and below-ground C input of young rice plants,Ursina Morgenthaler,<p>Rhizodeposition from rice with or without biochar application</p>,2021-05-20 13:19:59.227952+00:00,10.5281/zenodo.4775921,2021
Zenodo,Samuel Abiven,RhizoSeqC,4775921,Biochar and biochar-based fertilizer amendments reduce rhizodeposition and below-ground C input of young rice plants,Ursina Morgenthaler,<p>Rhizodeposition from rice with or without biochar application</p>,2021-05-20 13:19:59.227952+00:00,10.5281/zenodo.4775921,2021
Zenodo,Bertrand Guenet,CLIM-FAS,4745479,Soil carbon loss in warmed subarctic grasslands is rapid and restricted to topsoil,Niel Verbrigghe,"<p>This file includes the variable description of the data files published on Zenodo for the manuscript submitted to Biogeosciences titled &#39;Soil carbon loss in warmed subarctic grasslands is rapid and restricted to topsoil&#39;</p>

<p>&#39;stocks_data.csv&#39;; includes the C stock data<br>
grassland: medium-term warmed (MTW) or long-term warmed (LTW) grassland<br>
sampling_year: year in which the soil samples were taken (2013 or 2018)<br>
SOC_stock_corr: Mass-corrected soil organic carbon stock<br>
SOC_stock: Uncorrected soil organic carbon stock<br>
C_perc: soil C % of the soil sample<br>
warming: degrees of soil warming (&deg;C)<br>
ID: plot soil ID<br>
soil_layer: layer of soil sampled (0-10cm or 10-30cm)<br>
BD: bulk density (g cm-3)<br>
YOW: Years of warming; years the soil was warmed before sampling</p>

<p><br>
&#39;C_input_data.csv&#39;; includes the C input data<br>
ID: plot soil ID<br>
grassland: medium-term warmed (MTW) or long-term warmed (LTW) grassland<br>
AMF_Cnew: C sequestered by AMF (ton C ha-1); data from Zhang et al., 2020<br>
fine_root_C: fine root C in soil (ton C ha-1)<br>
AGB_C: aboveground biomass C on top of soil (ton C ha-1)<br>
warming: degrees of soil warming (&deg;C)</p>

<p>&#39;agg_data.csv&#39;; includes the aggregate fractionation data<br>
ID: plot soil ID<br>
grassland: medium-term warmed (MTW) or long-term warmed (LTW) grassland<br>
warming: degrees of soil warming (&deg;C)<br>
rel_mass: Relative aggregate fraction (%)<br>
C_perc: C amount in the aggregate fraction (%)<br>
abs_C_mass: absolute amount of C per fraction (g C 100 g-1 dw soil)</p>

<p>&#39;DOC_data.csv&#39;; includes the dissolved organic carbon leachate data (data from Edlinger, 2016)<br>
year: sampling year of the leachates<br>
grassland: medium-term warmed (MTW) or long-term warmed (LTW) grassland<br>
ID: plot soil ID<br>
warming: degrees of soil warming (&deg;C)<br>
DOC: dissolved organic carbon (ppm)</p>

<p>&#39;T_profile_LTW.csv&#39;; includes temperature profile data from the long-term warmed grassland<br>
grassland: long-term warmed (LTW) grassland<br>
ID: plot soil ID<br>
depth: depth (cm) at which the the temperature was measured<br>
T_diff_from_10cm: temperature difference compared to 10cm depth (&deg;C)</p>

<p>&#39;fine_root_LTW.csv&#39;; includes fine root density data from the long-term warmed grassland<br>
warming: degrees of soil warming (&deg;C)<br>
fine_root_density: fine root density (mg roots cm-3)<br>
soil_layer: layer of soil sampled (0-10cm or 10-30cm)<br>
grassland: long-term warmed (LTW) grassland<br>
ID: plot soil ID</p>",2021-05-10 10:51:18.517273+00:00,10.5281/zenodo.4745479,2021
Zenodo,Bertrand Guenet,CANETE,4745479,Soil carbon loss in warmed subarctic grasslands is rapid and restricted to topsoil,Niel Verbrigghe,"<p>This file includes the variable description of the data files published on Zenodo for the manuscript submitted to Biogeosciences titled &#39;Soil carbon loss in warmed subarctic grasslands is rapid and restricted to topsoil&#39;</p>

<p>&#39;stocks_data.csv&#39;; includes the C stock data<br>
grassland: medium-term warmed (MTW) or long-term warmed (LTW) grassland<br>
sampling_year: year in which the soil samples were taken (2013 or 2018)<br>
SOC_stock_corr: Mass-corrected soil organic carbon stock<br>
SOC_stock: Uncorrected soil organic carbon stock<br>
C_perc: soil C % of the soil sample<br>
warming: degrees of soil warming (&deg;C)<br>
ID: plot soil ID<br>
soil_layer: layer of soil sampled (0-10cm or 10-30cm)<br>
BD: bulk density (g cm-3)<br>
YOW: Years of warming; years the soil was warmed before sampling</p>

<p><br>
&#39;C_input_data.csv&#39;; includes the C input data<br>
ID: plot soil ID<br>
grassland: medium-term warmed (MTW) or long-term warmed (LTW) grassland<br>
AMF_Cnew: C sequestered by AMF (ton C ha-1); data from Zhang et al., 2020<br>
fine_root_C: fine root C in soil (ton C ha-1)<br>
AGB_C: aboveground biomass C on top of soil (ton C ha-1)<br>
warming: degrees of soil warming (&deg;C)</p>

<p>&#39;agg_data.csv&#39;; includes the aggregate fractionation data<br>
ID: plot soil ID<br>
grassland: medium-term warmed (MTW) or long-term warmed (LTW) grassland<br>
warming: degrees of soil warming (&deg;C)<br>
rel_mass: Relative aggregate fraction (%)<br>
C_perc: C amount in the aggregate fraction (%)<br>
abs_C_mass: absolute amount of C per fraction (g C 100 g-1 dw soil)</p>

<p>&#39;DOC_data.csv&#39;; includes the dissolved organic carbon leachate data (data from Edlinger, 2016)<br>
year: sampling year of the leachates<br>
grassland: medium-term warmed (MTW) or long-term warmed (LTW) grassland<br>
ID: plot soil ID<br>
warming: degrees of soil warming (&deg;C)<br>
DOC: dissolved organic carbon (ppm)</p>

<p>&#39;T_profile_LTW.csv&#39;; includes temperature profile data from the long-term warmed grassland<br>
grassland: long-term warmed (LTW) grassland<br>
ID: plot soil ID<br>
depth: depth (cm) at which the the temperature was measured<br>
T_diff_from_10cm: temperature difference compared to 10cm depth (&deg;C)</p>

<p>&#39;fine_root_LTW.csv&#39;; includes fine root density data from the long-term warmed grassland<br>
warming: degrees of soil warming (&deg;C)<br>
fine_root_density: fine root density (mg roots cm-3)<br>
soil_layer: layer of soil sampled (0-10cm or 10-30cm)<br>
grassland: long-term warmed (LTW) grassland<br>
ID: plot soil ID</p>",2021-05-10 10:51:18.517273+00:00,10.5281/zenodo.4745479,2021
Zenodo,Bertrand Guenet,ALAMOD,4745479,Soil carbon loss in warmed subarctic grasslands is rapid and restricted to topsoil,Niel Verbrigghe,"<p>This file includes the variable description of the data files published on Zenodo for the manuscript submitted to Biogeosciences titled &#39;Soil carbon loss in warmed subarctic grasslands is rapid and restricted to topsoil&#39;</p>

<p>&#39;stocks_data.csv&#39;; includes the C stock data<br>
grassland: medium-term warmed (MTW) or long-term warmed (LTW) grassland<br>
sampling_year: year in which the soil samples were taken (2013 or 2018)<br>
SOC_stock_corr: Mass-corrected soil organic carbon stock<br>
SOC_stock: Uncorrected soil organic carbon stock<br>
C_perc: soil C % of the soil sample<br>
warming: degrees of soil warming (&deg;C)<br>
ID: plot soil ID<br>
soil_layer: layer of soil sampled (0-10cm or 10-30cm)<br>
BD: bulk density (g cm-3)<br>
YOW: Years of warming; years the soil was warmed before sampling</p>

<p><br>
&#39;C_input_data.csv&#39;; includes the C input data<br>
ID: plot soil ID<br>
grassland: medium-term warmed (MTW) or long-term warmed (LTW) grassland<br>
AMF_Cnew: C sequestered by AMF (ton C ha-1); data from Zhang et al., 2020<br>
fine_root_C: fine root C in soil (ton C ha-1)<br>
AGB_C: aboveground biomass C on top of soil (ton C ha-1)<br>
warming: degrees of soil warming (&deg;C)</p>

<p>&#39;agg_data.csv&#39;; includes the aggregate fractionation data<br>
ID: plot soil ID<br>
grassland: medium-term warmed (MTW) or long-term warmed (LTW) grassland<br>
warming: degrees of soil warming (&deg;C)<br>
rel_mass: Relative aggregate fraction (%)<br>
C_perc: C amount in the aggregate fraction (%)<br>
abs_C_mass: absolute amount of C per fraction (g C 100 g-1 dw soil)</p>

<p>&#39;DOC_data.csv&#39;; includes the dissolved organic carbon leachate data (data from Edlinger, 2016)<br>
year: sampling year of the leachates<br>
grassland: medium-term warmed (MTW) or long-term warmed (LTW) grassland<br>
ID: plot soil ID<br>
warming: degrees of soil warming (&deg;C)<br>
DOC: dissolved organic carbon (ppm)</p>

<p>&#39;T_profile_LTW.csv&#39;; includes temperature profile data from the long-term warmed grassland<br>
grassland: long-term warmed (LTW) grassland<br>
ID: plot soil ID<br>
depth: depth (cm) at which the the temperature was measured<br>
T_diff_from_10cm: temperature difference compared to 10cm depth (&deg;C)</p>

<p>&#39;fine_root_LTW.csv&#39;; includes fine root density data from the long-term warmed grassland<br>
warming: degrees of soil warming (&deg;C)<br>
fine_root_density: fine root density (mg roots cm-3)<br>
soil_layer: layer of soil sampled (0-10cm or 10-30cm)<br>
grassland: long-term warmed (LTW) grassland<br>
ID: plot soil ID</p>",2021-05-10 10:51:18.517273+00:00,10.5281/zenodo.4745479,2021
Zenodo,Fabienne Maignan,GREENSCALE,4743415,Vapor pressure deficits and sunlight explain seasonality of leaf phenology and photosynthesis across Amazonian evergreen broadleaved forest,Xiuzhi Chen,"<p>This dataset contains all of the figures and corresponding data of paper&nbsp;&#39;Vapor pressure deficits and sunlight explain seasonality of leaf phenology and photosynthesis across Amazonian evergreen broadleaved forest&#39;.</p>

<p>Data is organized with&nbsp;geotiff, matlab and tables (.xlsx) etc.</p>

<p><br>
If you want to know more detail please contact:&nbsp;chenxzh73@mail.sysu.edu.cn</p>",2021-05-08 07:46:07.952271+00:00,10.5281/zenodo.4743415,2021
Zenodo,Philippe Ciais,DEEP-C,4743415,Vapor pressure deficits and sunlight explain seasonality of leaf phenology and photosynthesis across Amazonian evergreen broadleaved forest,Xiuzhi Chen,"<p>This dataset contains all of the figures and corresponding data of paper&nbsp;&#39;Vapor pressure deficits and sunlight explain seasonality of leaf phenology and photosynthesis across Amazonian evergreen broadleaved forest&#39;.</p>

<p>Data is organized with&nbsp;geotiff, matlab and tables (.xlsx) etc.</p>

<p><br>
If you want to know more detail please contact:&nbsp;chenxzh73@mail.sysu.edu.cn</p>",2021-05-08 07:46:07.952271+00:00,10.5281/zenodo.4743415,2021
Zenodo,Cédric Hubas,TROPECOS,4651460,Hubas-prog/BC-MFA: BC-MFA,Cédric Hubas,<p>In house R script that performs a BC-MFA. This new release uses ggplot2 based graphics and fix minor errors of the previous version such as X and Y labels. A better control of row and columns colors is also provided.</p>,2021-03-31 15:45:15.679184+00:00,10.5281/zenodo.4651460,2021
Zenodo,Jérôme Gaillardet,DEEP-C,4606732,"Dataset of Nevers et al. in E-surf Discussions: ""Landslides as geological hotspots of CO2 to the atmosphere: clues from the instrumented Séchilienne landslide, Western European Alps""",Pierre Nevers,"<p>This file contains the dataset used in the publication of Nevers et al. entitled &quot;Landslides as geological hotspots of CO2 to the atmosphere: clues from the instrumented S&eacute;chilienne landslide, Western European Alps&quot; published in E-surf Discussions (doi:10.5194/esurf-2020-42) and accepted for publication in E-surf with minor revisions as of Mar. 15, 2021. The dataset remains the same between the two publications.</p>

<p>The file is made of three spreadsheets, each corresponding to a particular data table.</p>

<p>Tab 1: Major and trace elements concentrations and strontium isotopic composition of rock samples from the S&eacute;chilienne slope</p>

<p>Tab. 2: Sulfur isotopic composition of bedrock samples from the S&eacute;chilienne slope</p>

<p>Tab. 3: Chemical and isotopic composition of waters samples of the S&eacute;chilienne slope</p>",2021-03-15 21:17:19.364909+00:00,10.5281/zenodo.4606732,2021
Zenodo,Julien Bouchez,CarboNium,4606732,"Dataset of Nevers et al. in E-surf Discussions: ""Landslides as geological hotspots of CO2 to the atmosphere: clues from the instrumented Séchilienne landslide, Western European Alps""",Pierre Nevers,"<p>This file contains the dataset used in the publication of Nevers et al. entitled &quot;Landslides as geological hotspots of CO2 to the atmosphere: clues from the instrumented S&eacute;chilienne landslide, Western European Alps&quot; published in E-surf Discussions (doi:10.5194/esurf-2020-42) and accepted for publication in E-surf with minor revisions as of Mar. 15, 2021. The dataset remains the same between the two publications.</p>

<p>The file is made of three spreadsheets, each corresponding to a particular data table.</p>

<p>Tab 1: Major and trace elements concentrations and strontium isotopic composition of rock samples from the S&eacute;chilienne slope</p>

<p>Tab. 2: Sulfur isotopic composition of bedrock samples from the S&eacute;chilienne slope</p>

<p>Tab. 3: Chemical and isotopic composition of waters samples of the S&eacute;chilienne slope</p>",2021-03-15 21:17:19.364909+00:00,10.5281/zenodo.4606732,2021
Zenodo,"Benoit Marie ""ISEM""",CrosyeN,4570303,Mullus surmuletus environmental DNA intraspecific metabarcoding Next-Generation Sequencing data,"Macé, Bastien","<p>Four 250-liter aquariums were bleached clean one day prior to be used (filled with seawater; fish transfer) in Montpellier (France). Seawater collected by the French Research Institute for Exploitation of the Sea at Palavas-les-Flots (France) was first stored in a 1,000 L tank for two weeks, under UV treatment to avoid any contamination. The aquariums were then filled with 120 L of this water. Each aquarium had a closed-circuit water circulation and was equipped with an air bubbles exhauster in a tube that brought up the water on a neutral synthetic foam filter. The aquariums were thus oxygenated and the coarsest suspended matter was filtered out. The remaining seawater in the tank was used as a negative control (Aquarium 1). Nine to eleven fish were added to each of the four aquariums (Fig. 1). The aquarium water was sampled six hours after introducing the fish into the aquariums using an Athena peristaltic pump (SPYGEN, Le Bourget-du-Lac, France) with a nominal flow of 1.0 L/min to filter 30 L, and VigiDNA 0.22 &mu;m crossflow filtration capsules (SPYGEN) with disposable sterile tubing. After filtration, 80 mL of CL1 conservation buffer (SPYGEN) was added before storing the samples at ambient temperature.</p>

<p>&nbsp;</p>

<p>We reanalyzed here two eDNA samples of 30 L replicate each, collected in &nbsp;the Mediterranean Sea, at Banyuls (France, coordinates: 42.41568, 3.17110) and Calvi (France, coordinates: 42.62964, 8.89161) published in a previous metabarcoding analysis and known to contain <em>M. surmuletus</em> sequences (detected with the metabarcode teleo 12S) (Boulanger <em>et al.</em> 2021). These two Mediterranean eDNA samples were amplified and sequenced using the primers developed for this study and then analyzed using the best-performing pipeline as determined by our evaluation. These two samples were used as proof of concept of the possibility to estimate within site variability in real conditions.</p>

<p>&nbsp;</p>

<p>&nbsp;</p>

<p>DNA extraction and amplification from eDNA samples were performed by the company SPYGEN (Le Bourget du Lac, France) in separate, dedicated rooms following the protocol described by Polanco Fern&aacute;ndez <em>et al.</em> (2020). The amplification was performed in a final volume of 25 &mu;L including 1 U of AmpliTaq Gold DNA Polymerase (Applied Biosystems, Foster City, CA, USA), 10 mM of Tris-HCl, 50 mM of KCl, 2.5 mM of MgCl2, 0.2 mM of each dNTP, 0.2 &mu;M of each primer, 0.2 &mu;g/&mu;L of bovine serum albumin (Roche Diagnostics, Basel, Switzerland) and 3 &mu;L of DNA template. The PCR mixture was denatured at 95&deg;C for 10 min, followed by 50 cycles of 30 s at 95&deg;C, 30 s at 47&deg;C and 1 min at 72&deg;C and a final elongation step at 72&deg;C for 7 min.&nbsp; The primers were 5&rsquo;-labelled with an eight-nucleotide tag unique to each DNA sample, allowing each sequence to be assigned to the corresponding sample during the sequence analysis. Twelve replicate PCRs were run per sample. Two libraries were prepared using the MetaFast protocol (Fasteris 2020, <a href=""https://www.fasteris.com/dna/"">https://www.fasteris.com/dna/</a>) and the sequencing was performed by Fasteris (Geneva, Switzerland) on two separate runs on an Illumina MiSeq (2x250 bp) (Illumina, San Diego, CA, USA) and the Miseq Kit v3 (Illumina) following the manufacturer&rsquo;s instructions. Two negative extraction controls and one negative PCR control (12 replicates of ultrapure water) were amplified and sequenced to monitor for possible contaminants (Polanco Fern&aacute;ndez <em>et al.</em>, 2020).</p>

<p>&nbsp;</p>

<p>&nbsp;</p>

<p>&nbsp;</p>",2021-11-05 07:16:33.053602+00:00,10.5281/zenodo.4570303,2021
Zenodo,David Etienne,DEEP-C,4298502,Global Wheat Head Dataset - 2020 challenge version,"DAVID, Etienne","<p>The latest version is V4.</p>

<p>This is the only official version of the Global Wheat Head Dataset presented in David et al. (2020) . It&#39;s a corrected version of the dataset published on Kaggle, and the one used for the Codalab challenge.</p>

<p>Test labels are available on request by filling the form <a href=""https://docs.google.com/forms/d/e/1FAIpQLSciaWUwQDNFP199Xb0Iqt2fY67tQI0hAZBJCCfvwd5OuIVQ3A/viewform?usp=sf_link"">here </a>&nbsp;or contacting <strong>etienne.david@outlook.com</strong></p>

<p>If you use the dataset for your paper, please cite:&nbsp;<a href=""https://doi.org/10.34133/2020/3521852"">https://doi.org/10.34133/2020/3521852</a></p>

<p>If you want to benchmark your solution and get localization and counting metrics, please submit to the codalab challenge:&nbsp;</p>",2020-11-30 14:21:49.654980+00:00,10.5281/zenodo.4298502,2020
Zenodo,Laurent Augusto,CANETE,4279307,Dataset of 'Search for top-down and bottom-up drivers of latitudinal trends in insect herbivory in oak trees in Europe',Elena Valdés-Correcher,<p>This file correspond to the dataset that has being used in the article &lsquo;Search for top-down and bottom-up drivers of latitudinal trends in insect herbivory in oak trees in Europe&rsquo; by Elena Vald&eacute;s-Correcher et al. in Global Ecology and Biogeography.</p>,2020-11-18 12:39:44.119120+00:00,10.5281/zenodo.4279307,2020
Zenodo,Julien Bouchez,CarboNium,4050339,"Dataset for the manuscript ""Barium stable isotopes as a fingerprint of biological cycling in the Amazon River Basin"" published in Biogeosciences",Quentin Charbonnier,"<p>This file contains the dataset of the manuscript accepted for publication in Biogeosciences entitled &quot;Barium stable isotopes as a fingerprint of biological cycling in the Amazon River Basin&quot; by Charbonnier et al. It consists in three spreadsheets: (1) dissolved species concentration and dissolved Ba isotope data on river dissolved load; (2) main characteristics and Ba isotope data of river sediments; (3) compilation of major element and Ba and Li concentration in rocks (compilation made from the GEOROC database) and in the dissolved load of river draining single rock types (compilation made from previously published data and new data).</p>

<p>&nbsp;</p>",2020-11-23 16:35:05.274877+00:00,10.5281/zenodo.4050339,2020
Zenodo,Jérôme Gaillardet,DEEP-C,4050339,"Dataset for the manuscript ""Barium stable isotopes as a fingerprint of biological cycling in the Amazon River Basin"" published in Biogeosciences",Quentin Charbonnier,"<p>This file contains the dataset of the manuscript accepted for publication in Biogeosciences entitled &quot;Barium stable isotopes as a fingerprint of biological cycling in the Amazon River Basin&quot; by Charbonnier et al. It consists in three spreadsheets: (1) dissolved species concentration and dissolved Ba isotope data on river dissolved load; (2) main characteristics and Ba isotope data of river sediments; (3) compilation of major element and Ba and Li concentration in rocks (compilation made from the GEOROC database) and in the dissolved load of river draining single rock types (compilation made from previously published data and new data).</p>

<p>&nbsp;</p>",2020-11-23 16:35:05.274877+00:00,10.5281/zenodo.4050339,2020
Zenodo,Philippe Ciais,DEEP-C,4030237,Forest production efficiency increases with growth temperature - dataset,Alessio Collalti,"<p>The present dataset belongs the manuscript ""Forest production efficiency increases with growth temperature"" published in Nature Communications: Collalti, A., Ibrom, A., Stockmarr, A.&nbsp;<em>et al.</em>&nbsp;Forest production efficiency increases with growth temperature.&nbsp;<em>Nat Commun</em>&nbsp;<strong>11</strong>, 5322 (2020). https://doi.org/10.1038/s41467-020-19187-w&nbsp;</p>
<p>&nbsp;</p>
<p>The data are freely available upon request to Alessio Collalti: alessio.collalti@cnr.it</p>
<p>Alessio Collalti</p>",2024-02-08 10:28:56.838164+00:00,10.5281/zenodo.4030237,2024
Zenodo,Cédric Hubas,TROPECOS,3938532,Hubas-prog/Paradendryphiella_traject: Initial release,Cédric Hubas,Supplementary materials for paper entitled: Laminariales host does impact lipid temperature trajectories of the fungal endophyte Paradendryphiella salina (G.K. Sutherl.) by  Vallet_et_al.,2020-07-10 09:19:49.056880+00:00,10.5281/zenodo.3938532,2020
Zenodo,Cédric Hubas,TROPECOS,3862691,Hubas-prog/ASSEMBLE-MICROBE: Second release,James E.V. Rimmer,"<p>This is the second release of the Supp. Mat. of article entitled &quot;Identity and sequence: The effect of multiple stressors on microphytobenthos assemblages&quot; by James E V Rimmer, C&eacute;dric Hubas, Adam Wyness, Bruno Jesus, Morgan Hartley, Andrew J Blight, Antoine Prins, David M Paterson. This new release includes a readme file with indications about R scripts and Script correspondance to help the reader.</p>",2020-05-28 14:26:51.956929+00:00,10.5281/zenodo.3862691,2020
Zenodo,Julien Bouchez,CarboNium,3698299,"Dataset for the manuscript ""Barium stable isotopes as a fingerprint of biological cycling in the Amazon River Basin"" submitted to Biogeosciences Discussions",Charbonnier Quentin,<p>This file contains the dataset of the manuscript submitted to Biogeosciences Discussions entitled &quot;Barium stable isotopes as a fingerprint of biological cycling in the Amazon River Basin&quot; by Charbonnier et al. It consists in three spreadsheets: (1) dissolved species concentration and dissolved Ba isotope data on river dissolved load; (2) main characteristics and Ba isotope data of river sediments; (3) compilation of major element and Ba and Li concentration in rocks (compilation made from the GEOROC database) and in the dissolved load of river draining single rock types (compilation made from previously published data and new data).</p>,2020-03-05 21:58:18.229113+00:00,10.5281/zenodo.3698299,2020
Zenodo,Jérôme Gaillardet,DEEP-C,3698299,"Dataset for the manuscript ""Barium stable isotopes as a fingerprint of biological cycling in the Amazon River Basin"" submitted to Biogeosciences Discussions",Charbonnier Quentin,<p>This file contains the dataset of the manuscript submitted to Biogeosciences Discussions entitled &quot;Barium stable isotopes as a fingerprint of biological cycling in the Amazon River Basin&quot; by Charbonnier et al. It consists in three spreadsheets: (1) dissolved species concentration and dissolved Ba isotope data on river dissolved load; (2) main characteristics and Ba isotope data of river sediments; (3) compilation of major element and Ba and Li concentration in rocks (compilation made from the GEOROC database) and in the dissolved load of river draining single rock types (compilation made from previously published data and new data).</p>,2020-03-05 21:58:18.229113+00:00,10.5281/zenodo.3698299,2020
Zenodo,Sabine Schmidt,TROPECOS,3661493,Climate variability of the last ~2700 years in the Southern Adriatic Sea: Coccolithophore evidences,Antonio Cascella,"<p>New information on palaeoenvironmental conditions over the past ~2700 years in the Central Mediterranean Sea have been acquired through the high-resolution study of calcareous nannofossils preserved in the sediment core SW104-ND14Q recovered in the Southern Adriatic Sea (SAS) at 1013-m water depth. The surface water properties at this open SAS site are sensitive to atmospheric forcing (acting both at local and regional scale) and the North Ionian Sea driven inflowing waters. Our data show a relationship between reworked coccolith abundances, flood frequency across the Southern Alps and the North Atlantic Oscillation (NAO) confirming their value as indicator of runoff/precipitation. Changes in the abundance of the opportunistic (r-strategist) species&nbsp;<em>Emiliania huxleyi</em>&nbsp;and deep dweller taxa&nbsp;<em>Florisphaera profunda</em>&nbsp;were used to reconstruct the upper water column stratification and associated changes in coccolithophorid productivity. The negative correlation between reworked coccoliths and the N-Ratio (<em>r</em>&nbsp;= &minus;0.44;&nbsp;<em>p</em>&nbsp;= 6<sup>&minus;7</sup>) suggest that fresh water induced stratification is a controlling factor of the SAS coccolithophorid production. High coccolithophorid productivity levels occurred during dry periods and/or time intervals of inflowing salty and nutrient-rich Levantine Intermediate Waters favouring convection while lower levels took place during high freshwater discharge, mainly during the &lsquo;Little Ice Age&rsquo; and two centennial scale intervals of weakest NAO around 200 BCE and 500 CE.</p>",2020-02-10 22:14:29.697192+00:00,10.1177/0959683619865600,2020
Zenodo,Thomas Houet,SLAM-B,3611240,Hyperspectral imagery Research Products - Toulouse urban area 2015 (French ANR HYEP project),"Weber, Christiane","<p>The HYEP project (ANR 14-CE22-0016-01) main goal was to propose a panel of methods and processes designed for hyperspectral imaging, which specificity makes a weighty auxiliary for the monitoring of the elements of the urban area.&nbsp; The main results of the project can be found at</p>

<ul>
	<li><a href=""http://doi.org/10.1080/01431161.2017.1410247"">G. Roussel, C. Weber, X. Briottet and X. Ceamanos, &quot;Comparison of two atmospheric correction methods for the classification of spaceborne urban hyperspectral data depending on the spatial resolution&quot;, International Journal of Remote Sensing, vol. 39(5), pp. 1593-1614, 2018.</a></li>
	<li><a href=""http://doi.org/10.1109/ECMSM.2017.7945884"">F. Z. Benhalouche, M. S. Karoui, Y. Deville, I. Boukerch, A. Ouamri, ``Multi-sharpening hyperspectral remote sensing data by multiplicative joint-criterion linear-quadratic nonnegative matrix factorization&#39;&#39;, Proceedings of the 2017 IEEE International Workshop on Electronics, Control, Measurement, Signals and their application to Mechatronics (ECMSM 2017), May 24-26, 2017, Donostia - San Sebastian</a></li>
	<li><a href=""https://hal-amu.archives-ouvertes.fr/hal-01903469"">Gintautas Mozgeris, Vytaut ̇e Juodkien ̇e, Donatas Jonikaviˇcius, Lina Straigyt ̇e, S ́ebastien Gadal, and Walid Ouerghemmi. Ultra-Light Aircraft-Based Hyperspectral and Colour-Infrared Imaging to Identify Deciduous Tree Species in an Urban Environment. Remote Sensing, 10(10), October 2018.</a></li>
	<li><a href=""https://hal.archives-ouvertes.fr/hal-02281003"">Christiane Weber, Thomas Houet, S ́ebastien Gadal, Rahim Aguejdad, Grzegorz Skupinski, Yannick Deville, Jocelyn Chanussot, Mauro Dalla Mura, Xavier Briottet, Cl ́ement Mallet, and Arnaud Le Bris. HYEP HYperspectral imagery for Environmental urban Planning : principaux r&eacute;sultats. In 7&egrave;me colloque scientifique du groupe SFPT-GH, Toulouse, France, July 2019. ONERA - SFTP.</a></li>
	<li><a href=""https://hal-amu.archives-ouvertes.fr/hal-01852844"">Christiane Weber, Rahim Aguejdad, Xavier Briottet, Josselin Aval, Sophie Fabre, Jean Demuynck, Emmanuel Zenou, Yannick Deville, Moussa Sofiane Karoui, Fatima Zohra, S&eacute;bastien Gadal, Walid Ouerghemmi, Cl&eacute;ment Mallet, Arnaud Le Bris, and Nesrine CHEHATA. Hyperspectral Imagery for Environmental Urban Planning. In IEEE International Geoscience and Remote Sensing Symposium (IGARSS) 2018, pages 1628&ndash;1631, Valencia, Spain, July 2018a. IEEE.</a></li>
	<li><a href=""https://hal.archives-ouvertes.fr/hal-01854904"">Christiane Weber, Rahim Aguejdad, X Briottet, J Avala, S. Fabre, J Demuynck, E Zenou, Y. Deville, M. Karoui, F Z Benhalouche, S Gadal, W Ourghemmi, C. Mallet, A. Le Bris, and N. Chehata. HYPERSPECTRAL IMAGERY FOR ENVIRONMENTAL URBAN PLANNING. In IGARSS 2018, Valencia, Spain, 2018b. </a></li>
	<li><a href=""http://doi.org/10.5194/isprs-archives-XLII-1-W1-167-201"">W. Ouerghemmi, A. Le Bris, Nesrine CHEHATA, and Cl&eacute;ment Mallet. A two-step decision fusion strategy: application to hyperspectral and multispectral images for urban classification. In International Archives of the Photogrammetry, Remote Sensing and Spatial Information Sciences, volume XLII-1/W1, pages 167&ndash;174, Hanover, Germany, May 2017. Copernicus GmbH (Copernicus Publications).</a></li>
	<li><a href=""https://hal.inria.fr/hal-02384455"">Christiane Weber, S&eacute;bastien GADAL, Xavier Briottet, and Cl&eacute;ment Mallet. Apport de l&rsquo;imagerie hyperspectrale pour la planification urbaine. In Karine Emsellem, Diego Moreno, Christine Voiron-Canicio, and Didier Josselin, editors, SAGEO 2016 - Spatial Analysis and Geomatics, Actes de la conf&eacute;rence SAGEO&rsquo;2016 - Spatial Analysis and GEOmatics, pages 454&ndash;462, Nice, France, December 2016. </a></li>
	<li><a href=""https://hal-amu.archives-ouvertes.fr/hal-01359643"">Gintautas Mozgeris, S ́ebastien Gadal, Donatas Jonikaviˇcius, Lina Straigyte, Walid Ouerghemmi, and Vytaut ̇e Juodkiene. Hyperspectral and color-infrared imaging from ultra-light aircraft: Potential to recognize tree species in urban environments. In University of California Los Angeles, editor, 8th Workshop in Hyperspectral Image and Signal Processing: Evolution in Remote Sensing, pages 542&ndash;546, Los Angeles, United States, August 2016.</a></li>
	<li><a href=""https://hal.inria.fr/hal-02384458"">Alexandre Hervieu, Arnaud Le Bris, and Cl ́ement Mallet. Fusion of hyperspectral and VHR multispectral image classifications in urban &alpha;&ndash;areas. In ISPRS Annals of Photogrammetry, Remote Sensing and Spatial Information Sciences, volume III-3, pages 457&ndash;464, Prague, Czech Republic, July 2016.</a></li>
	<li><a href=""https://hal.archives-ouvertes.fr/hal-01888126"">Christiane Weber, Thomas Houet, Sebastien GADAL, Rahim Aguejdad, Grzegorz Skupinski, Aziz Serradj, Yannick Deville, Jocelyn Chanussot, Mauro Dalla Mura, Xavier Briottet, Cl&eacute;ment Mallet, and Arnaud Le Bris. ANR HYEP ANR 14-CE22-0016-01Hyperspectral imagery for Environmental urban Planning HyepProgramme Mobilit&eacute; et syst&egrave;mes urbains 2014. Research report, CNRS UMR TETIS, ESPACE, LETG ; ONERA ; GIPSA-lab ; IRAP ; IGN, October 2018c. </a></li>
	<li><a href=""https://doi.org/10.1080/01431161.2019.1579937"">Josselin Aval, Sophie Fabre, Emmanuel Zenou, David Sheeren, Mathieu Fauvel &amp; Xavier Briottet (2019) Object-based fusion for urban tree species classification from hyperspectral, panchromatic and nDSM data, International Journal of Remote Sensing, 40:14, 5339-5365, DOI: 10.1080/01431161.2019.1579937 </a></li>
	<li><a href=""https://doi.org/10.3390/rs11111269"">Charlotte Brabant, Emilien Alvarez-Vanhard, Achour Laribi, Gwena&euml;l Morin, Kim Thanh Nguyen et al. Comparison of Hyperspectral Techniques for Urban Tree Diversity Classification Remote Sensing, MDPI, 2019, 11 (11), pp.1269. &lang;10.3390/rs11111269&rang; hal-02191084v1 </a></li>
	<li><a href=""https://hal.archives-ouvertes.fr/halshs-02191363v1"">C. Brabant, Emilien Alvarez-Vanhard, Gwena&euml;l Morin, Thanh Ngoc Nguyen, Achour Laribi et al. Evaluation of dimensional reduction methods on urban vegetation classification performance using hyperspectral data IGARSS 2018, Jul 2018, Valencia, Spain halshs-02191363v1</a></li>
	<li><a href=""https://hal.archives-ouvertes.fr/halshs-02191097v1"">Charlotte Brabant, Emilien Alvarez-Vanhard, Thomas Houet. Improving the classification of urban tree diversity from Very High Spatial Resolution hyperspectral images: comparison of multiples techniques Joint Urban Remote Sensing Event (JURSE 2019), May 2019, Vannes, France halshs-02191097v1</a></li>
</ul>

<p>This Dataset contains five research outputs of this project that were produced on the basis of Hyperspectral data obtained during an acquisition campaign led on Toulouse (France) urban area on July 2015 using Hyspex instrument which provides 408 spectral bands spread over 0.4 &ndash; 2.5 &mu;. Flight altitude lead to 2 m spatial resolution images.</p>

<ul>
	<li><strong>Fields_samples.7z:&nbsp;</strong> ESRI Shape Format.&nbsp; Supervised SVN classification results for 600 urban trees according to a 3 level nomenclature: leaf type (5 classes), family (12 &amp; 19 classes) and species (14 &amp; 27 classes). The number of classes differ for the two latter as they depend on the minimum number of individuals considered (4 and 10 individuals per class respectively). Trees positions have been acquired using differential GPS and are given with centimetric to decimetric precision. A randomly selected subset of these trees has been used to train machine SVM and Random Forest classification algorithms. Those algorithms were applied to hyperspectral images using a number of classes for family (12 &amp; 19 classes) and species (14 &amp; 27 classes) levels defined according to the minimum number of individuals considered during training/validation process (4 and 10 individuals per class, respectively). Global classification precision for several training subsets is given by Brabant et al, 2019 (<a href=""https://www.mdpi.com/470202"">https://www.mdpi.com/470202</a>) in terms of averaged overall accuracy (AOA) and averaged kappa index of agreement (AKIA).</li>
	<li><strong>HySPex-2m.7z: </strong>full hyperspectral VNIR-SWIR ENVI standard image obtained from the coregistration of both VNIR and SWIR ones through a signal aggregation process that allowed to obtain a synthetic VNIR 1.6 m spatial resolution image, with pixels exactly corresponding to natif SWIR image ones. First, a spatially resampled 1.6 m VNIR image was built, where output pixel values were calculated as the average of the VNIR 0.8 m pixel values that spatially contribute to it. Then, ground control points (GCP) were selected over both images and SWIR one was tied to the VNIR 1.6 m image using a bilinear resampling method using ENVI tool. This lead to a 1.6 m spatial resolution full VNIR-SWIR image.</li>
	<li><strong>HYPXIM-4m.7z,&nbsp; HYPXIM-8m.7z,&nbsp; Sentinel2-10m.7z</strong>: hyperspectral ENVI standard simulated images. Spatial and spectral configurations generated correspond to ESA SENTINEL-2 instrument that was lunched on 2015, and HYPXIM sensor which was under study at that time.&nbsp;</li>
</ul>",2022-03-10 10:56:38.351049+00:00,10.5281/zenodo.3611240,2022
Zenodo,Isabelle Domaizon,DEEP-C,3541479,Assessing pollution of aquatic environments with diatoms' DNA metabarcoding: experience and developments from France Water Framework Directive networks,"Valentin, Vasselon","<p>Ecological status assessment of watercourses is based on the calculation of quality indices using pollution sensitivity of targeted biological groups, including diatoms. The determination and quantification of diatom species is generally based on microscopic morphological identification, which requires expertise and is time-consuming and costly. In Europe, this morphological approach is legally imposed by standards and regulatory decrees by the Water Framework Directive (WFD). Over the past decade, a DNA-based molecular biology approach has newly been developed to identify species based on genetic criteria rather than morphological ones (i.e. DNA metabarcoding). In combination with high throughput sequencing technologies, metabarcoding makes it possible both to identify all species present in an environmental sample and to process several hundred samples in parallel. This article presents the results of two recent studies carried out on the WFD networks of rivers of Mayotte (2013–2018) and metropolitan France (2016–2018). These studies aimed at testing the potential application of metabarcoding for biomonitoring in the context of the WFD. We discuss the various methodological developments and optimisations that have been made to make the taxonomic inventories of diatoms produced by metabarcoding more reliable, particularly in terms of species quantification. We present the results of the application of this DNA approach on more than 500 river sites, comparing them with those obtained using the standardised morphological method. Finally, we discuss the potential of metabarcoding for routine application, its limits of application and propose some recommendations for future implementation in WFD.</p>",2019-11-14 05:31:32.243929+00:00,10.3897/mbmg.3.39646,2019
Zenodo,Fabienne Maignan,GREENSCALE,3529310,Novel representation of leaf phenology improves simulation of Amazonian evergreen forest photosynthesis in a land surface model,Xiuzhi Chen,"<p>This dataset contains the LAI, Litterfall and GPP etc. of the four Amazon FLUX sites (BR-Sa1, BR-Sa3, BR-Ma2 and GF-Guy) simulated using the improved ORCHIDEE model and the corresponding FLUXNET eddy-covariance or ground-measured&nbsp;data.&nbsp;The more detial please the ReadMe.pdf in the zip.</p>

<p>Data is organized with netCDF4(.nc).</p>

<p><br>
If you want to know more detail please contact:&nbsp;chenxzh73@mail.sysu.edu.cn</p>",2019-11-05 11:36:39.249209+00:00,10.5281/zenodo.3529310,2019
Zenodo,Xavier Raynaud,PEACE,3524330,xraynaud/DivSpaceFunct: first release,Xavier Raynaud,Model files for 2D bacteria environment interactions,2019-10-31 15:08:39.742418+00:00,10.5281/zenodo.3524330,2019
Zenodo,Xavier Raynaud,CANETE,3524330,xraynaud/DivSpaceFunct: first release,Xavier Raynaud,Model files for 2D bacteria environment interactions,2019-10-31 15:08:39.742418+00:00,10.5281/zenodo.3524330,2019
Zenodo,Rémi Cardinael,CrosyeN,3515301,Carbon sequestration and organic matter dynamic in the soil in agroforestry systems,Rémi Cardinael,"Augmenter les stocks de carbone organique du sol a un effet positif à la fois sur la fertilité des sols, mais aussi sur l'atténuation du changement climatique par stockage du CO2 de l'atmosphère. La production de matières organiques aériennes et souterraines par les arbres agroforestiers pourrait avoir un impact sur les stocks de carbone organique du sol et sur les vers de terre.",2019-10-21 15:16:05.923017+00:00,10.5281/zenodo.3515301,2019
Zenodo,Rémi Cardinael,ALAMOD,3515301,Carbon sequestration and organic matter dynamic in the soil in agroforestry systems,Rémi Cardinael,"Augmenter les stocks de carbone organique du sol a un effet positif à la fois sur la fertilité des sols, mais aussi sur l'atténuation du changement climatique par stockage du CO2 de l'atmosphère. La production de matières organiques aériennes et souterraines par les arbres agroforestiers pourrait avoir un impact sur les stocks de carbone organique du sol et sur les vers de terre.",2019-10-21 15:16:05.923017+00:00,10.5281/zenodo.3515301,2019
Zenodo,Tarik Meziane,TROPECOS,3513799,Paradiopatra calliopae Arvanitidis & Koukouras 1997,"Paxton, Hannelore","<p><b><i>Paradiopatra calliopae</i> Arvanitidis &amp; Koukouras, 1997</b></p><p><i>Paradiopatra calliopae</i> Arvanitidis &amp; Koukouras, 1997: 53 &ndash;58, figs 1, 2, table 1; Mart&iacute;nez &amp; Adarraga 2001: 143 &ndash;145, fig. 5 (Basque Country, Spain).</p><p><i>Onuphis lepta&mdash;</i> Amoureux 1970 (Taranto, Italy). Not Chamberlin, 1919.</p><p><i>Nothria lepta&mdash;</i> Amoureux 1972: 13 &ndash;14 (Galicia, Spain Atlantic); Desbruy&egrave;res <i>et al.</i> 1972 (Catalonia, Spain, Mediterranean); Campoy 1982: 555. Not Chamberlin, 1919.</p><p><i>Paradiopatra bihanica&mdash;</i>? Budaeva &amp; Fauchald 2011: 350 &ndash;353, fig. 19 (in part); Arias &amp; Paxton 2015: 151 &ndash;155, figs 1&ndash;3; Santelli <i>et al.</i> 2015: 269 &ndash;274, fig. 2. Not Intes &amp; LeLoeuff, 1975.</p><p><b>Material examined.</b> Three specimens (AM W.47762), COCACE station C1 (43.74&deg;N &ndash; 05.69&deg;W), 150 m depth, 80.04% sand, 8.28% silt, 11.68% clay, Cantabrian Sea, Bay of Biscay, 0 1 Mar 1987; 13 specimens (AM W.47763), COCACE station D2 (43.81&deg;N &ndash; 05.75&deg;W), 161 m depth, 90.88% sand, 3.46% silt, 5.66% clay, Cantabrian Sea, Bay of Biscay, 29 Jun 1987; 6 specimens (MNCN 16.01/16628), COCACE station D2 (43.81&deg;N &ndash; 05.75&deg;W), 161 m depth, 90.88% sand, 3.46% silt, 5.66% clay, Cantabrian Sea, Bay of Biscay, 29 Jun 1987; Several from the same locality for SEM studies; 4 specimens (MNCN 16.01/16629), N of San Sebasti&aacute;n (Basque Country), 43&ordm; 22.59&rsquo; N &ndash; 02&ordm; 03.70&rsquo; W &ndash;43&ordm; 22.16 N &ndash; 02&ordm; 05.76&rsquo; W, 104&ndash;107 m depth, Cantabrian Sea, Bay of Biscay, 24 Jun 1991, coll. Fauna Ib&eacute;rica II.</p><p><b>Diagnosis.</b> Based on specimens wider than 0.3 mm at chaetiger 10 excluding parapodia. Eyes present; palps reaching peristomium to chaetiger 1, lateral antennae reaching chaetigers 4&ndash;11, median antenna reaching chaetigers 3&ndash;7; ceratophores with 3&ndash;5 rings, without lateral projections. Peristomial cirri present. Anterior three pairs of parapodia modified; ventral cirri on first three chaetigers. Modified parapodia with bidentate pseudocompound hooks with moderately long pointed hoods; from chaetiger 4 replaced by limbate chaetae; lower limbate chaetae replaced from chaetiger 9 by subacicular hooks and pectinate chaetae with slightly oblique combs with 15&ndash;20 teeth, rarely as few as 10&ndash;14. Branchiae pectinate, starting as single filaments from chaetigers 10&ndash;14, with up to three filaments; absent from chaetiger 35&ndash;40. Tubes cylindrical with inner parchment-like layer and thick outer layer of mud particles, sometimes with some shell fragments incorporated.</p><p><b>Remarks.</b> The redefinition of <i>P. bihanica</i> based on its holotype and original description indicated that the synonymisation of <i>P. calliopae</i> with the former species was unwarranted. Hence, the latter is here reinstated as the correct name for this common Mediterranean and eastern North Atlantic species.</p><p>The specimens reported by Arias and Paxton (2015) from the Bay of Biscay were re-examined and the median antenna was found to be consistently shorter than the lateral ones, as had been reported by Mart&iacute;nez &amp; Adarraga (2001) from Iberia. The collections reported by Budaeva &amp; Fauchald (2011) from West Africa may represent a variant of <i>P. calliopae</i> or an undescribed species.</p><p><b>Distribution.</b> Eastern Atlantic, Iberia, and the Mediterranean Sea; questionably West Africa.</p><p>Thanks to Tarik Meziane (MNHN) for the loan of the holotype and two referees for their careful reading of the manuscript. This is a contribution from the Fauna Ib&eacute;rica Project, subprojects &ldquo;Polychaeta IV&rdquo; (ref. CGL2007-66786- CO8-02/BOS) and &ldquo;Polychaeta V&rdquo; (ref. CGL2010-22267-CO7-03/BOS), and the Marine Observatory of Asturias (OMA).</p>",2019-10-20 07:13:01.697675+00:00,10.5281/zenodo.3513799,2019
Zenodo,Cornélia Rumpel,TROPECOS,3255319,Impact of land-use changes on soil health and greenhouse gases emissions,"Nataliya Bilyera, Evgenia Blagodatskaya, Cornelia Rumpel, Yakov Kuzyakov, Abad Chabbi",<p>Report on EnvriPlus Project&nbsp; &nbsp;</p>,2019-06-25 07:46:53.578215+00:00,10.5281/zenodo.3255319,2019
Zenodo,Laure Gandois,CarboNium,3245335,"CO2 emissions, water table and temperature time series from an undrained tropical peatland",Alison M. Hoyt,"<p>Supplement to: Hoyt, A. M., Gandois, L. , Eri, J. , Kai, F. M., Harvey, C. F. and Cobb, A. R. (2019),&nbsp;CO2 emissions from an undrained tropical peatland: Interacting influences of temperature, shading and water table depth.&nbsp;<em>Global Change Biology</em>.&nbsp;https://doi.org/10.1111/gcb.14702</p>",2019-06-13 18:54:06.839637+00:00,10.5281/zenodo.3245335,2019
Zenodo,Laure Gandois,PEACE,3245335,"CO2 emissions, water table and temperature time series from an undrained tropical peatland",Alison M. Hoyt,"<p>Supplement to: Hoyt, A. M., Gandois, L. , Eri, J. , Kai, F. M., Harvey, C. F. and Cobb, A. R. (2019),&nbsp;CO2 emissions from an undrained tropical peatland: Interacting influences of temperature, shading and water table depth.&nbsp;<em>Global Change Biology</em>.&nbsp;https://doi.org/10.1111/gcb.14702</p>",2019-06-13 18:54:06.839637+00:00,10.5281/zenodo.3245335,2019
Zenodo,Laure Gandois,SLAM-B,3245335,"CO2 emissions, water table and temperature time series from an undrained tropical peatland",Alison M. Hoyt,"<p>Supplement to: Hoyt, A. M., Gandois, L. , Eri, J. , Kai, F. M., Harvey, C. F. and Cobb, A. R. (2019),&nbsp;CO2 emissions from an undrained tropical peatland: Interacting influences of temperature, shading and water table depth.&nbsp;<em>Global Change Biology</em>.&nbsp;https://doi.org/10.1111/gcb.14702</p>",2019-06-13 18:54:06.839637+00:00,10.5281/zenodo.3245335,2019
Zenodo,Laure Gandois,CarboNium,3245335,"CO2 emissions, water table and temperature time series from an undrained tropical peatland",Alison M. Hoyt,"<p>Supplement to: Hoyt, A. M., Gandois, L. , Eri, J. , Kai, F. M., Harvey, C. F. and Cobb, A. R. (2019),&nbsp;CO2 emissions from an undrained tropical peatland: Interacting influences of temperature, shading and water table depth.&nbsp;<em>Global Change Biology</em>.&nbsp;https://doi.org/10.1111/gcb.14702</p>",2019-06-13 18:54:06.839637+00:00,10.5281/zenodo.3245335,2019
Zenodo,Olivier Roupsard,RIFT,3243257,Sensitivity of the landslide model LAPSUS_LS to vegetation and soil parameters,Lorenzo MW Rossi,"<p>The influence of vegetation on slope stability is well understood at the slope level but scaling up to the catchment<br>
level is still a challenge, partially because of a lack of suitable data to validate models. We tested the physical<br>
landslide model, LAPSUS_LS, which models slope stability at the catchment scale. LAPSUS_LS combines a hydrological<br>
model with a Limit Equilibrium Method model, and calculates the factor of safety of individual cells<br>
based on their hydrological and geomorphological characteristics. We tested two types of vegetation on slope<br>
stability: (i) coffee monoculture (Coffea arabica) and (ii) a mixed plantation of coffee and deep rooting Erythrina<br>
(Erythrina poeppigiana) trees. Using soil and root data from Costa Rica, we performed simulations to test the<br>
response of LAPSUS_LS to root reinforcement, soil bulk density, transmissivity, internal friction angle and depth<br>
of shear plane. Furthermore, we modified the model to include biomass surcharge effect in the calculations.<br>
Results show that LAPSUS_LS was most sensitive to changes in additional cohesion from roots. When the depth of<br>
the shear plane was fixed at 1.0 m, slopes were not unstable. However, when the shear plane was fixed to 1.5 m,<br>
the mixed plantation of coffee and trees stabilized slopes, but the coffee monoculture was highly unstable,<br>
because root reinforcement was low at a depth of 1.5 m. Soil transmissivity had a limited impact on the results<br>
compared to bulk density and internal friction angle. Biomass surcharge did not have any significant effect on<br>
the simulations. In conclusion, LAPSUS_LS responded well to the soil and vegetation input data, and is a suitable<br>
candidate for modeling the stability of vegetated slopes at the catchment level.</p>",2019-06-11 09:56:27.694069+00:00,10.1016/j.ecoleng.2017.08.010,2019
Zenodo,Thierry Dutoit,Drought for C,2784581,UMONS-TAICHI: A multimodal motion capture dataset of expertise in Taijiquan gestures,Mickaël Tits,"<p><strong>Presentation</strong></p>

<p>UMONS-TAICHI is a large 3D motion capture dataset of Taijiquan martial art gestures (n = 2200 samples) that includes 13 classes (relative to Taijiquan techniques) executed by 12 participants of various skill levels. Participants levels were ranked by three experts on a [0-10] scale. The dataset was captured using two motion capture systems simultaneously: 1) Qualisys, a sophisticated motion capture system of 11 Oqus cameras that tracked 68 retroreflective markers at 179 Hz, and 2) Microsoft Kinect V2, a low-cost markerless sensor that tracked 25 locations of a person&rsquo;s skeleton at 30 Hz. Data from both systems were synchronized manually. Qualisys data were manually corrected, and then processed to complete any missing data. Data were also manually annotated for segmentation. Both segmented and unsegmented data are provided in this database. The data were initially recorded for gesture recognition and skill evaluation, but they are also suited for research on synthesis, segmentation, multi-sensor data comparison and fusion, sports science or more general research on human science or motion capture. A preliminary analysis has been conducted by Tits et al. (2017) on a part of the dataset to extract morphology-independent motion features for gesture skill evaluation and presented in: &ldquo;Morphology Independent Feature Engineering in Motion Capture Database for Gesture Evaluation&rdquo; (<a href=""https://doi.org/10.1145/3077981.3078037"">https://doi.org/10.1145/3077981.3078037</a>).</p>

<p><strong>Processing</strong></p>

<p><em><strong>Qualisys</strong></em></p>

<p>Qualisys data were processed manually with&nbsp;<a href=""http://www.qualisys.com/software/qualisys-track-manager/"">Qualisys Track Manager</a>.</p>

<p>Missing data (occluded markers) were then recovered with an automatic recovery method:&nbsp;<a href=""https://github.com/titsitits/MocapRecovery"">MocapRecovery</a>.</p>

<p>Data were annotated for gesture segmentation, using the&nbsp;<a href=""https://github.com/numediart/ofxMotionMachine"">MotionMachine</a>&nbsp;framework (C++&nbsp;<a href=""http://openframeworks.cc/"">openFrameworks</a>&nbsp;addon). The code for annotation can be found&nbsp;<a href=""https://github.com/numediart/ofxMotionMachine/tree/master/mmTutorial_4_Annotation"">here</a>. Annotations were saved as &quot;.lab&quot; files (see Download section).</p>

<p><em><strong>Kinect</strong></em></p>

<p>The Kinect data were recorded with&nbsp;<a href=""https://msdn.microsoft.com/en-us/library/hh855389.aspx"">Kinect Studio</a>. Skeleton data were then extracted with&nbsp;<a href=""https://www.microsoft.com/en-us/download/details.aspx?id=44561"">Kinect SDK</a>&nbsp;and saved into &ldquo;.txt&rdquo; files which contain several lines corresponding to each captured frame. Each line contains one integer number (ms), relative to the moment when the frame was captured, followed by 3 x 25 float numbers corresponding to the 3-dimentional locations of the 25 body joints.</p>

<p>For more information please visit&nbsp;<a href=""https://github.com/numediart/UMONS-TAICHI"">https://github.com/numediart/UMONS-TAICHI</a></p>

<p>PS: All files can be used with the&nbsp;<a href=""https://github.com/numediart/ofxMotionMachine"">MotionMachine</a>&nbsp;framework. Please use the parser provided in this github repository for kinect (.txt) data.</p>

<p>&nbsp;</p>",2019-05-14 11:30:56.735787+00:00,10.1016/j.dib.2018.05.088,2019
Zenodo,Thierry Dutoit,Drought for C,2650142,The DREAMS Databases and Assessment Algorithm,Stephanie Devuyst,"<p><strong>The DREAMS Databases and Assessment algorithm</strong></p>

<p>During the DREAMS project funded by R&eacute;gion Wallonne (Be), we collected a large amount of polysomnographic recordings (PSG) to tune, train and test our automatic detection algorithms.</p>

<p>These recordings were annotated in microevents or in sleep stages by several experts. They were acquired in a sleep laboratory of a belgium hospital using a digital 32-channel polygraph (BrainnetTM System of MEDATEC, Brussels, Belgium). The standard European Data Format (EDF) was used for storing.</p>

<p>In order to facilitate future research and performance comparision, we decided to publish these data on Internet. Therefore, eight DREAMS databases are available according to the annotation carried out (click on the link to open):</p>

<p>&bull;&nbsp;&nbsp; &nbsp;The DREAMS Subjects Database: 20 whole-night PSG recordings coming from healthy subjects, annoted in sleep stages according to both the Rechtschaffen and Kales criteria and the new standard of the American Academy of Sleep Medicine;</p>

<p>&bull;&nbsp;&nbsp; &nbsp;The DREAMS Patients Database: 27 whole-night PSG recordings coming from patients with various pathologies, annoted in sleep stages according to both the Rechtschaffen and Kales criteria and the new standard of the American Academy of Sleep Medicine;</p>

<p>&bull;&nbsp;&nbsp; &nbsp;The DREAMS Artifacts Database: 20 excerpts of 15 minutes of PSG recordings annoted in artifacts (cardiac interference, slow ondulations, muscle artifacts, failing electrode, 50/60Hz main interference, saturations, abrupt transitions, EOG interferences and artifacts in EOG) by an expert;</p>

<p>&bull;&nbsp;&nbsp; &nbsp;The DREAMS Sleep Spindles Database: 8 excerpts of 30 minutes of central EEG channel (extracted from whole-night PSG recordings), annotated independently by two experts in sleep spindles; PLEASE NOTICE THAT EXPERT 1&#39;s SCORED SPINDLE COUNTS WERE CUT OFF AFTER 1000 SECONDS. THIS MAKES IT DIFFICULT TO USE COUNTS FOR COMPARISON.</p>

<p>&bull;&nbsp;&nbsp; &nbsp;The DREAMS K-complexes Database: 5 excerpts of 30 minutes of central EEG channel (extracted from whole-night PSG recordings), annotated independently by two experts in K-complexes;</p>

<p>&bull;&nbsp;&nbsp; &nbsp;The DREAMS REMs Database: 9 excerpts of 30 minutes of PSG recordings in which rapid eye movements were annotated by an expert;</p>

<p>&bull;&nbsp;&nbsp; &nbsp;The DREAMS PLMs Database: 10 whole-night PSG recordings coming from patients in which one of the two tibialis EMG was annoted in periodic limb movements by an expert;</p>

<p>&bull;&nbsp;&nbsp; &nbsp;The DREAMS Apnea Database: 12 whole-night PSG recordings coming from patients annoted in respiratory events (central, obstructive and mixed apnea and hypopnea) by an expert.</p>

<p>We also developped and tested several automatic procedures to detect micro-events such as sleep spindles, K-complexes, REMS, etc. and provide the source codes for them in the DREAMS Assessment Algorithm package.</p>

<p>(MORE INFORMATION ON EACH DBA CAN BE FOUND in pdf file in this repository)</p>

<p>All our publications on this subject can be found in : https://www.researchgate.net/scientific-contributions/35338616_S_Devuyst</p>",2019-05-03 16:10:30.889575+00:00,10.5281/zenodo.2650142,2019
Zenodo,Lucas Auer,CANETE,2594581,Uncovering the Potential of Termite Gut Microbiome for Lignocellulose Bioconversion in Anaerobic Batch Bioreactors,Lucas Auer,"<p>Termites are xylophages, being able to digest a wide variety of lignocellulosic biomass including wood with high lignin content. This ability to feed on recalcitrant plant material is the result of complex symbiotic relationships, which involve termite-specific gut microbiomes. Therefore, these represent a potential source of microorganisms for the bioconversion of lignocellulose in bioprocesses targeting the production of carboxylates. In this study, gut microbiomes of four termite species were studied for their capacity to degrade wheat straw and produce carboxylates in controlled bioreactors. All of the gut microbiomes successfully degraded lignocellulose and up to 45% w/w of wheat straw degradation was observed, with the&nbsp;<em>Nasutitermes ephratae</em>&nbsp;gut-microbiome displaying the highest levels of wheat straw degradation, carboxylate production and enzymatic activity. Comparing the 16S rRNA gene diversity of the initial gut inocula to the bacterial communities in lignocellulose degradation bioreactors revealed important changes in community diversity. In particular, taxa such as Spirochaetes and Fibrobacteres that were highly abundant in the initial gut inocula were replaced by Firmicutes and Proteobacteria at the end of incubation in wheat straw bioreactors. Overall, this study demonstrates that termite-gut microbiomes constitute a reservoir of lignocellulose-degrading bacteria that can be harnessed in artificial conditions for biomass conversion processes that lead to the production of useful molecules.</p>",2019-03-15 09:01:40.156849+00:00,10.3389/fmicb.2017.02623,2019
Zenodo,"Benoit Marie ""ISEM""",CrosyeN,2581252,A PRELIMINARY STUDY OF THE SUMMER ASPECT OF WEEVIL (COLEOPTERA: CURCULIONOIDEA) FAUNA  OF THE OVČAR-KABLAR GORGE (WESTERN SERBIA),Pešić Snežana,"<p>The first preliminary overview of the weevil (Colеoptera: Curculionoidea) fauna registered in the Ovčar-Kablar Gorge (western Serbia) is given. The field research was conducted in June and July 2016 at seven localities. Among a total of 62 identified species and 7 subspecies, 14 are recorded for the first time for the Republic of Serbia, including one Balkan endemic species (<em>Cleopomiarus medius</em>). One of the registered species (<em>Sciaphobus caesius</em>) is<em> </em>protected by the national regulations of the Republic of Serbia.</p>",2019-03-19 13:41:58.457719+00:00,10.5281/zenodo.2581252,2019
Zenodo,Marc Fleurbaey,PREFALIM,2578431,RICE+Aerosol Impacts and Responses Model (RICE+AIR) Version 1.0,Noah Scovronick,"<p>Source code for the RICE+AIR model presented in&nbsp;<em>The Impact of Human Health Co-benefits on Evaluations of Global Climate Policy, (Scovronick et al., Nature Communications, 2019)</em>. RICE+AIR is written in the&nbsp;<a href=""https://github.com/Environment-Research/AIR/blob/master/www.julialang.org"">Julia</a>&nbsp;programming language and uses the&nbsp;<a href=""https://github.com/anthofflab/Mimi.jl"">Mimi framework</a>&nbsp;for integrated assessment model development.</p>",2019-02-27 00:53:01.567192+00:00,10.5281/zenodo.2578431,2019
Zenodo,Carole Dalin,PREFALIM,2552523,Water Debt,Marta Tuninetti,"<p>Gridded data of water debt for year 2000. The water debt expresses the number of years required by the hydrological cycle to replenish the water source (soil moisture, surface water, ground water) that have beet used to accomplish the annual production of nine major crops. The considered crops are: wheat, maize, rice, soybean, sugar cane, sugar beet, cotton, barley, sorghum.</p>

<p>&nbsp;</p>",2019-01-29 17:47:00.547699+00:00,10.5281/zenodo.2552523,2019
Zenodo,Xavier Raynaud,PEACE,2414184,xraynaud/microbial-cell-detection: release 1.0,"Schmidt, Hannes","<p>Fiji and R codes to extract microbial cell distribution as described in Schmidt, H., Nunan, N., H&ouml;ck, A., Eickhorst, T., Kaiser, C., Woebken, D., Raynaud, X., 2018. Recognizing patterns: spatial analysis of observed microbial colonization on root surfaces. Frontiers in Environmental Science 6. <a href=""https://doi.org/10.3389/fenvs.2018.00061"">https://doi.org/10.3389/fenvs.2018.00061</a></p>",2018-12-19 09:18:44.544381+00:00,10.5281/zenodo.2414184,2018
Zenodo,Xavier Raynaud,CANETE,2414184,xraynaud/microbial-cell-detection: release 1.0,"Schmidt, Hannes","<p>Fiji and R codes to extract microbial cell distribution as described in Schmidt, H., Nunan, N., H&ouml;ck, A., Eickhorst, T., Kaiser, C., Woebken, D., Raynaud, X., 2018. Recognizing patterns: spatial analysis of observed microbial colonization on root surfaces. Frontiers in Environmental Science 6. <a href=""https://doi.org/10.3389/fenvs.2018.00061"">https://doi.org/10.3389/fenvs.2018.00061</a></p>",2018-12-19 09:18:44.544381+00:00,10.5281/zenodo.2414184,2018
Zenodo,"Benoit Marie ""ISEM""",CrosyeN,2069945,TAdeJong/plasma-analysis: Reference release for citation,Tobias A. de Jong,"<p>This release is of the code used to produced the data in Smiet et al. <em>as is</em>, for proper reference purposes.</p>",2018-12-08 12:01:44.655409+00:00,10.5281/zenodo.2069945,2018
Zenodo,"Benoit Marie ""ISEM""",CrosyeN,1631768,Comparative evaluation of drought resistant of mesophanerophytes of genus Juniperus L. under the Forest-Steppe of Ukraine,T.I. Kolodjazhenska,"<p>Plants of the genus <em>Juniperus </em>L. are more sensitive to drought during active shoot growth. The opinion of a lower drought resistant of species of subgenus <em>Juniperus </em>is confirmed, among them the least sustainable is <em>J. rigida</em> Siebold et Zucc., but most resistant is<em> J. scopulorum</em> Sarg. (<em>Sabina </em>Spach subgenus).</p>",2018-11-28 13:24:07.744513+00:00,10.5281/zenodo.1631768,2018
Zenodo,Mark Bakker,Drought for C,1436300,Estimation of the variation in specific discharge over large depth using Distributed Temperature Sensing (DTS) measurements of the heat pulse response,Bas des Tombe,"<p>The data contains measurements and derived values that are used for the manuscript &quot;Estimation of the variation in specific discharge over large depth using Distributed Temperature Sensing (DTS) measurements of the heat pulse response, [Paper # 2018WR024171]&quot; Currently under review at the Water Resources Research journal.</p>

<p>The data is stored in netCDF files with xarray (Python), and should be readable with any other netCDF reader.&nbsp;</p>

<ul>
	<li>TEMP is the measured temperature in degrees Celsius relative to the background temperature</li>
	<li>tempinfty is one of the calibration parameters. Represents the steady state temperature increase</li>
	<li>A&nbsp;is one of the calibration parameters. Represents the timescale in days</li>
	<li>b&nbsp;is one of the calibration parameters. Represents the scaled distance to the heat source</li>
	<li>err_alpha&nbsp;is one of the calibration parameters. Represents the autoregressive parameter</li>
	<li>TEMPmodel is the best fit temperature response in degrees Celsius relative to the background temperature</li>
	<li>Innovation is termed the noise in the article, in degrees Celsius.</li>
	<li>q is the estimated specific discharge in meters per day</li>
	<li>q_MC_XX are the confidence intervals of the estimated specific discharge calculated with Monte Carlo as presented in the article</li>
	<li>q_lmfit_XX are the confidence intervals of the estimated specific discharge calculated with LMFIT. Is a rough estimate for&nbsp;q_MC_XX calculated by lmfit (Python package).</li>
</ul>

<p>Time is measured in days with respect to when the heating cable is turned on.</p>

<p>Additionally, a Jupyter notebook is supplemented to the article. It demonstrates the calibration routine and the calculation of the confidence interval for the temperature response at a single depth.</p>",2018-09-27 08:00:44.118176+00:00,10.5281/zenodo.1436300,2018
Zenodo,Thierry Dutoit,Drought for C,1417245,A Proximity Grid Optimization Method to Improve Audio Search for Sound Design.,Christian Frisson,[TODO] Add abstract here.,2018-09-13 13:55:03.930218+00:00,10.5281/zenodo.1417245,2018
Zenodo,Thomas Houet,SLAM-B,1315913,Sustainability Impact Assessment of Construction Ecology to Engineering Systems and Climate Change,Moustafa Osman Mohammed,"<p>Construction industry, as one of the main contributor in depletion of natural resources, influences climate change. This paper discusses incremental and evolutionary development of the proposed models for optimization of a life-cycle analysis to explicit strategy for evaluation systems. The main categories are virtually irresistible for introducing uncertainties, uptake composite structure model (CSM) as environmental management systems (EMSs) in a practice science of evaluation small and medium-sized enterprises (SMEs). The model simplified complex systems to reflect nature systems&rsquo; input, output and outcomes mode influence &ldquo;framework measures&rdquo; and give a maximum likelihood estimation of how elements are simulated over the composite structure. The traditional knowledge of modeling is based on physical dynamic and static patterns regarding parameters influence environment. It unified methods to demonstrate how construction systems ecology interrelated from management prospective in procedure reflects the effect of the effects of engineering systems to ecology as ultimately unified technologies in extensive range beyond constructions impact so as, - energy systems. Sustainability broadens socioeconomic parameters to practice science that meets recovery performance, engineering reflects the generic control of protective systems. When the environmental model employed properly, management decision process in governments or corporations could address policy for accomplishment strategic plans precisely. The management and engineering limitation focuses on autocatalytic control as a close cellular system to naturally balance anthropogenic insertions or aggregation structure systems to pound equilibrium as steady stable conditions. Thereby, construction systems ecology incorporates engineering and management scheme, as a midpoint stage between biotic and abiotic components to predict constructions impact. The later outcomes&rsquo; theory of environmental obligation suggests either a procedures of method or technique that is achieved in sustainability impact of construction system ecology (SICSE), as a relative mitigation measure of deviation control, ultimately.</p>",2018-07-19 17:27:48.735530+00:00,10.5281/zenodo.1315913,2018
Zenodo,Jean-Christophe Domec,Drought for C,1204709,phenoCDM: Continuous Development Models for Incremental Time-Series Analysis,Bijan Seyednasrollah,"<p>Using the Bayesian state-space approach, we developed a continuous development model to quantify dynamic incremental changes in the response variable. While the model was originally developed for daily changes in forest green-up, the model can be used to predict any similar process. The CDM can capture both timing and rate of nonlinear processes. Unlike statics methods, which aggregate variations into a single metric, our dynamic model tracks the changing impacts over time. The CDM accommodates nonlinear responses to variation in predictors, which changes throughout development.</p>",2018-03-21 02:00:11.749146+00:00,10.5281/zenodo.1204709,2018
Zenodo,Xavier Raynaud,PEACE,1194640,xraynaud/svg2psp: v1.0,Xavier Raynaud,"<p>R package to convert svg vector images to spatstat line segment patterns.&nbsp;</p>
<p>First release</p>",2018-03-09 09:33:32.804457+00:00,10.5281/zenodo.1194640,2018
Zenodo,Xavier Raynaud,CANETE,1194640,xraynaud/svg2psp: v1.0,Xavier Raynaud,"<p>R package to convert svg vector images to spatstat line segment patterns.&nbsp;</p>
<p>First release</p>",2018-03-09 09:33:32.804457+00:00,10.5281/zenodo.1194640,2018
Zenodo,Philippe Ciais,DEEP-C,1182145,Biophysical effects of vegetation cover change from satellite and models,Gregory Duveiller,"<p>Vegetation cover changes associated with land use and land cover change (LULCC) can perturb the local surface energy balance, which in turn can affect the local climate. Land surface models (LSMs) can be used to simulate such land-climate interactions, but their capacity to model these biophysical effects accurately across the globe remain unclear due to the complexity of the phenomena. This dataset provides idealized simulations from four LSMs (JULES, ORCHIDEE, JSBACH and CLM) that are harmonized with estimations obtained from satellite observations, enabling the inter-comparison and benchmarking of LSM performances and which can serve to identify model limitations and prioritize efforts in model development. The dataset provides the change in latent heat flux, in combined sensible and ground heat flux and in net radiation caused by 15 specific vegetation cover transitions on a 1&deg; by 1&deg; grid at monthly time scale for a synthetic year based on data from 2008 until 2012. The dataset was generated from a collaborative effort lead by JRC within the FP7 LUC4C project (luc4c.eu).</p>",2018-02-21 11:26:14.852494+00:00,10.5281/zenodo.1182145,2018
Zenodo,Mathieu Santonja,Drought for C,1165521,Data for litter-mixture decomposition explained by properties of plant neighborhood,Lou Barbe,<p>Dataset used in the scientific article entitled &quot;Functionally or phylogenetically distinct neighbors turn antagonism among decomposing litter species into synergy&quot; written by Barbe <em>et al. </em>(2018) in Journal of Ecology</p>,2018-02-05 05:09:54.673426+00:00,10.5281/zenodo.1165521,2018
Zenodo,Christophe Gouel,PREFALIM,1136096,christophe-gouel/RECS: Version 0.7,Christophe Gouel,"<p>RECS is a MATLAB solver for dynamic, stochastic, rational expectations equilibrium models. RECS stands for &quot;Rational Expectations Complementarity Solver&quot;. This name emphasizes that RECS has been developed specifically to solve models that include complementarity equations, also known as models with occasionally binding constraints.</p>

<p>RECS is designed to solve small-scale nonlinear and complementarity models, but not large-scale models.</p>",2018-01-05 18:41:51.103380+00:00,10.5281/zenodo.1136096,2018
Zenodo,Thierry Dutoit,Drought for C,1058371,Hybrid Method Using Wavelets and Predictive Method for Compression of Speech Signal,Karima Siham Aoubid,"The development of the signal compression
algorithms is having compressive progress. These algorithms are
continuously improved by new tools and aim to reduce, an average,
the number of bits necessary to the signal representation by means of
minimizing the reconstruction error. The following article proposes
the compression of Arabic speech signal by a hybrid method
combining the wavelet transform and the linear prediction. The
adopted approach rests, on one hand, on the original signal
decomposition by ways of analysis filters, which is followed by the
compression stage, and on the other hand, on the application of the
order 5, as well as, the compression signal coefficients. The aim of
this approach is the estimation of the predicted error, which will be
coded and transmitted. The decoding operation is then used to
reconstitute the original signal. Thus, the adequate choice of the
bench of filters is useful to the transform in necessary to increase the
compression rate and induce an impercevable distortion from an
auditive point of view.",2018-02-01 14:08:29.771999+00:00,10.5281/zenodo.1058371,2018
Zenodo,Alassane Bah,SLAM-B,822733,TAILORING AND INSTANTIATION OF MDE PROCESS MODELS: A Y MODEL-BASED APPROACH,Samba DIAW,"<p>The adoption of MDE in software development has drastically changed the way of developing software products. It gives a way of automating software development while reducing production time. While software companies need continually to improve and customize their software processes, a quick approach to do so is still lacking. Most of those companies have an organizational process that is used whenever they have an upcoming development project. Reusing the same process for any development project is somehow inadequate. So, tailoring of such a process is necessary to fit projects specificities. However, even if that tailored process can be used for a specific project, it still lacks information about resources needed for execution. In this article, we propose a Y model-based approach that allows tailoring a MDE process model and instantiating it for a specific project in the context of an organization. This approach is made possible by using models transformations. We defined metamodels to express the context and resources of a project. It results in a more optimal use of stakeholder’s roles and a better way of producing software. We illustrate our approach with the UWE Process in a context of a maintenance project with J2EE</p>",2017-07-04 12:43:26.390144+00:00,10.5281/zenodo.822733,2017
