HAL ID;Titre;Auteurs;Type de document;Date de dépôt;Date de production;Date de publication;Mots-clés;Domaines;Financement;Acronyme projet ANR;Référence projet ANR;Titre projet ANR;Projet européen;Revue;Conférence;Langue;Accès ouvert;Résumé;Lien HAL
hal-05663153;Effects of tree diversity and mycorrhizal type on the spatio‐temporal variability of leaf litter production and quality in temperate forests;Elisabeth Bönisch | Benjamin M Delory | Šárka Angst | Gerrit Angst | Abderrahim Diane | Peter Dietrich | Olga Ferlian | Andreas Fichtner | Rahel Gormanns | Claudia R Guimarães‐steinicke | Stephan Hättenschwiler | Julius Quosh | Tama Ray | Anika Walter | Nico Eisenhauer | Rémy Beugnon;ART;2026-06-19;2026-04-28;2026-04-28;Tree diversity | Stoichiometry | Spatio-temporal dynamics | MyDiv | Litterfall | Elemental fluxes | Ectomycorrhiza | Arbuscular mycorrhiza;0.sde | 1.sde.be | 0.sdv | 1.sdv.sa | 2.sdv.sa.sf;;Pilotage et gouvernance du programme FairCarboN | CeMEB;ANR-22-PEXF-0001 | ANR-10-LABX-0004;Pilotage et gouvernance du programme FairCarboN | Mediterranean Center for Environment and Biodiversity;;Journal of Ecology;;en;Oui;Forest ecosystem productivity is affected by tree species richness and may be further modulated by different mycorrhizal fungal types, for example, arbuscular mycorrhizal (AM) and ectomycorrhizal (EM) fungi, which strongly affect soil processes. Productivity and soil processes are linked through leaf litterfall, a major pathway for carbon and nutrient input to soils. Higher tree diversity and contrasting mycorrhizal strategies may enhance the variability and heterogeneity of litterfall quantity and quality, yet the combined effects of tree species richness and mycorrhizal type mixtures on the temporal dynamics and spatial distribution of litterfall remain underexplored. We investigated leaf litterfall dynamics over 1 year in the 8‐year‐old MyDiv tree diversity experiment, spanning a gradient of tree species richness (one, two, four species) and mycorrhizal treatments (AM, EM, AM+EM). Monthly litterfall production and nutrient concentrations were measured, and annual wood production (i.e. wood biomass increment) was assessed to quantify aboveground biomass allocation to wood and litter. Tree species richness did not affect annual production of wood or leaf litter. In contrast, annual wood production varied with mycorrhizal types, being highest in EM tree communities, whereas mycorrhizal type did not affect annual leaf litterfall. However, litterfall dynamics were influenced by both tree species richness and mycorrhizal type. Specifically, higher tree diversity extended the litterfall period and increased spatial variability (CV) of litterfall at the meter scale, while temporal variability remained unaffected. Phosphorus concentration in leaf litter differed among mycorrhizal types, with the highest values observed in AM communities. Species‐rich stands exhibited lower C:P and N:P ratios in leaf litter and greater phosphorus fluxes. Contrary to expectations, mixed mycorrhizal communities did not produce more leaf litter than monotypic combinations (AM or EM tree species). Synthesis: Our findings show that leaf litterfall dynamics are modified by tree species richness and mycorrhizal type. The increased spatial variability of litterfall at the meter scale and the extended litterfall period associated with higher tree species richness could create a wider range of resource niches for soil organisms in time and space. This may promote the diversity and activity of the decomposer community, ultimately strengthening overall forest nutrient cycling. | Zusammenfassung Die Produktivität von Waldökosystemen wird durch den Baumartenreichtum beeinflusst und kann zusätzlich durch unterschiedliche Mykorrhiza‐Typen, z. B. arbuskuläre Mykorrhiza (AM) und Ektomykorrhiza (EM), moduliert werden, da diese Bodenprozesse stark beeinflussen. Produktivität und Bodenprozesse sind über den Streufall (hier: Blattstreu) eng verknüpft, der einen wesentlichen Eintragspfad für Kohlenstoff und Nährstoffe in den Boden darstellt. Eine höhere Baumdiversität sowie kontrastierende Mykorrhiza‐Strategien könnten die Variabilität und Heterogenität der Menge und Qualität des Streufalls erhöhen. Die kombinierten Effekte von Baumartenreichtum und Mischungen von Mykorrhiza‐Typen auf die zeitliche Dynamik und räumliche Verteilung des Streufalls sind jedoch bislang unzureichend untersucht. Wir haben die Dynamik des Blattstreufalls über die Dauer eines Jahres im achtjährigen MyDiv‐Baumdiversitätsexperiment untersucht. Dieses kombiniert Baumgemeinschaften mit unterschiedlichem Artenreichtum (eine, zwei, vier Arten) und verschiedenen Mykorrhiza‐Typen (AM, EM, AM+EM). Monatlich wurden Blattstreumengen und Nährstoffkonzentrationen erfasst. Zusätzlich wurde die jährliche Holzproduktion (Zuwachs an Holzbiomasse) bestimmt, um die oberirdische Biomasseallokation in Holz und Streu zu quantifizieren. Der Baumartenreichtum beeinflusste weder die jährliche Holzproduktion noch die Gesamtmenge des Blattstreufalls. Dagegen variierte die jährliche Holzproduktion mit dem Mykorrhiza‐Typ und war in EM‐Baumgemeinschaften am höchsten. Auf den jährlichen Streufall hatte der Mykorrhiza‐Typ jedoch keinen Einfluss. Allerdings wurden die Dynamiken des Streufalls sowohl durch Baumartenreichtum als auch durch den Mykorrhiza‐Typ verändert. Höhere Baumdiversität verlängerte die Streufallperiode und erhöhte die räumliche Variabilität (CV) des Streufalls im Meterbereich innerhalb der Bestände. Die zeitliche Variabilität blieb unverändert. Die Phosphorkonzentration im Blattstreu unterschied sich zwischen den Mykorrhiza‐Typen und war in AM‐Gemeinschaften am höchsten. Artenreiche Bestände wiesen niedrigere C:P‐ und N:P‐Verhältnisse sowie erhöhte Phosphorflüsse auf. Entgegen unseren Erwartungen produzierten gemischte Mykorrhiza‐Gemeinschaften nicht mehr Blattstreu als monotypische Bestände (d.h. AM‐ oder EM‐Baumarten allein). Synthese: Unsere Ergebnisse zeigen, dass Baumartenreichtum und den Mykorrhiza‐Typ die Dynamik des Streufalls verändern. Die erhöhte räumliche Variabilität sowie die verlängerte Streufallperiode bei artenreichen Beständen könnten ein breiteres Spektrum an Ressourcen‐Nischen für Bodenorganismen in Raum und Zeit schaffen. Dies könnte die Diversität und Aktivität von Destruenten fördern und somit langfristig den Nährstoffkreislauf in Waldökosystemen stärken.;https://hal.science/hal-05663153v1
hal-05655499;Integrative Digital Platform to Enhance the Value of Data, Knowledge and Scientific Expertise for Biorefinery Platforms;Amaya Saint-Bois | Jean-Pierre Belaud | Rachid Ouaret | Claire Vialle | Caroline Sablayrolles | Patrice Buche | Claire Mayer-Laigle;ART;2026-06-15;2025;2025;;0.spi | 1.spi.gproc | 0.spi;Carnot 3BCAR ICAM;Pilotage et gouvernance du programme FairCarboN;ANR-22-PEXF-0001;Pilotage et gouvernance du programme FairCarboN;;Chemical Engineering Transactions;;en;Oui;"<div><p>The French 3BCAR ICAM 2024-2026 project aims at leveraging digitalization tools and sustainability principles to obtain an integrated digital platform for bioeconomy actors. ICAM, in French, stands for Knowledge Engineering and Multidimensional Analysis. The project's goal is to develop an ontology based integrative digital platform that enhances data, knowledge, and scientific expertise around bio-refinery platforms. This paper introduces PowderLib, an instantiation of ICAM's integrative digital platform for vegetable powders. The platform stores data and knowledge on the production and valorisation of plant powders. It connects four modules: PO2, an experimental database, Makebook, a tool to store and manage electronic knowledge books, CAPEX, a decision tree-reasoning engine and AdCVcalc&amp;visu, an environmental assessment and visualization tool. The modules are interoperable because they adopt the same vocabulary from the domain ontology PO2/TransformON, designed to describe transformation processes and observations of associated characterization experiments. A use case shows how the platform assists users in the discovery of vegetal powders that match given end-product functional specifications in a reverse engineering approach.</p></div>";https://hal.inrae.fr/hal-05655499v1
hal-05644247;Task No. 1.6a – Modèle d'optimisation des filières de valorisation de biomasse;Jeremy Pantet | Pierre Thiriet | Ludovic Montastruc;REPORT;2026-06-04;2026-04-16;2026-04-16;Biomass supply chain design Optimization Operational research Mixed integer linear programming Scénario Lab | Biomass supply chain design | Optimization | Operational research | Mixed integer linear programming | Scénario Lab;0.info | 1.info.info-ro | 0.sdv | 1.sdv.sa | 2.sdv.sa.aep;;SLAM-B;ANR-22-PEXF-0003;Scenario labs to design and evaluate trajectories toward C neutrality;;;;fr;Oui;<div><p>This report is part of Task 1.6a of the SLAM-B</p></div>;https://hal.inrae.fr/hal-05644247v1
hal-05644147;Effet du prix d’import en dual sourcing, conception de filières robustes aux conditions de marché;Jeremy Pantet;POSTER;2026-06-04;2025-11-03;2025-11-03;Mixed integer linear programming | Operational research | Optimization | Biomass supply chain design | Biomass supply chain design Optimization Operational research Mixed integer linear programming Scénario Lab | Scénario Lab;0.info | 1.info.info-ro;;SLAM-B;ANR-22-PEXF-0003;Scenario labs to design and evaluate trajectories toward C neutrality;;;Journées Annuelles FairCarboN 2025;en;Oui;<div><p>This report is part of Task 1.6a of the SLAM-B</p></div>;https://hal.science/hal-05644147v1
hal-05644061;What’s new in biomass supply chain optimization? current trends and insights;Jeremy Pantet | Ludovic Montastruc | Pierre Thiriet;ART;2026-06-04;2026-04;2026-04;;0.info | 1.info.info-ro | 0.sdv | 1.sdv.sa | 0.spi | 1.spi.gproc;;SLAM-B;ANR-22-PEXF-0003;Scenario labs to design and evaluate trajectories toward C neutrality;;Computers & Chemical Engineering;;en;Oui;Biomass has emerged as a pivotal new resource that could alleviate dependence on fossil resources and support the ecological transition by benefiting local communities. There has been an expanding literature on the subject for the past two decades. The focus of this literature is primarily on the organization and optimization of the biomass supply chain (BSC), which is the key component in providing profitable and sustainable valorized goods from biomass. The aim of this paper is to evaluate the present state of known research gaps, identify research gaps in BSC design by including economic considerations, and propose new research orientations on the subject that rely on more multidisciplinary approaches. We found three main understudied gaps. The majority of papers still only consider the strategic and tactical decision levels, excluding the operational decision level. Therefore, there are still opportunities to improve the currently accepted BSC design. The demand, as part of the supply chain, appears to be understudied. In the reviewed literature, the demand is treated as a parameter, and is perfectly met by the production, without consideration for pricing, surplus, or shortage. The other gap found is that most of the models considered in this review describe a BSC in autarky, and few take into account importations either of additional biomass or of bioproduct in their studied case, or the potential exportation of surplus. Consequently, closing these gaps in biomass supply design and optimization would facilitate the integration of BSC modeling into broader economic models.;https://hal.science/hal-05644061v1
hal-05409782;Enhancing territorial life cycle assessment with integrated assessment modeling of agricultural landscapes: Insights from a French cropping region;Wafa Malik | Julie Auberger | Manon Dardonville | Nirina Ratsimba | Olivier Therond | Eléonore Loiseau;ART;2026-06-03;2025-12;2025-12;Eco-efficiency | Environmental assessment | Spatial and temporal variability | MAELIA multi-agent platform;0.sdv;This study is part of the SLAM-B project of the exploratory research program FairCarboN and received government funding from the Agence Nationale de la Recherche under the France 2030 program (reference ANR-22-PEXF-0003).;SLAM-B;ANR-22-PEXF-0003;Scenario labs to design and evaluate trajectories toward C neutrality;;Science of the Total Environment;;en;Non;Environmental assessment of agricultural regions is complex due to their dynamic nature and spatial heterogeneity. While Territorial Life Cycle Assessment (T-LCA) provides a holistic view of territorial performance, it is static and ignores spatial and temporal variability. To address these limitations, this study coupled T-LCA with the MAELIA multi-agent platform, which integrates high-resolution spatial and temporal and data and simulates interactions between socio-technical practices and biophysical processes at the field level. This innovative framework was applied to a 345 km2 agricultural territory in northeastern France. The main objectives were to assess (i) dynamics in eco-efficiency indicators (over a 10-year period) and (ii) the spatial and temporal variability in environmental impacts at the field and crop levels. Results revealed high interannual variability in environmental performance, which demonstrates that relying on single-year means can mislead policy design and highlights the need for long-term monitoring. Performance trends differed among the impact categories: the eco-efficiency of climate change peaked in 2008 (higher than 120 %), but that of acidification and eutrophication did not. These contrasting patterns highlight trade-offs between impact categories and indicate the need for integrated strategies that address multiple environmental challenges. At the field level, impacts varied greatly among crops and locations. This spatio-temporal accuracy can provide operational guidance for targeted interventions at the field level, while also providing strategic insights at the territorial level to help policymakers and stakeholders decrease environmental impacts.;https://hal.inrae.fr/hal-05409782v1
hal-05636138;RMQS Forest Data Collection Guide for the ALAMOD Project (INRAE Orléans/DSF);Renaud Pouységur | Line Boulonne | Kenji Fujisaki | François-Xavier Saintonge;UNDEFINED;2026-05-28;2026-05-21;2026-05-21;RMQS | Forest | Inventory | Guide | ALAMOD | France | Above Ground Biomass | RSSDF;0.sdv | 1.sdv.ee | 2.sdv.ee.eco;;ALAMOD;ANR-22-PEXF-0002;Shared, accurate models and open datasets;;;;en;Oui;As part of the PEPR FairCarboN programme, the ALAMOD project aims, amongst other things, to make comprehensive datasets available to a broad scientific community. These datasets are derived from sites and monitoring networks tracking changes in carbon stocks (soil and biomass) managed by the French research community. The French Soil Quality Monitoring Network (RMQS) lacks forest data (stand management and structure) at the site level. Most of the RMQS’s forest sites are adjacent to those of the Forest Damage Monitoring Network (RSSDF). This document is a simplified inventory protocol, adapted to the time constraints of the observer correspondents. It is carried out using a smartphone app. The procedure is explained in detail. | En el marco del programa PEPR FairCarboN, el proyecto ALAMOD tiene como objetivo, entre otras cosas, poner a disposición de una amplia comunidad científica conjuntos de datos completos procedentes de emplazamientos y redes de seguimiento de la evolución de las reservas de carbono (suelo y biomasa) gestionados por la comunidad investigadora francesa. La Red Francesa de Vigilancia de la Calidad del Suelo (RMQS) carece de datos forestales (gestión y estructura de las masas forestales) a nivel de los sitios. La mayoría de los sitios forestales de la RMQS son adyacentes a los de la Red de Vigilancia de Daños Forestales (RSSDF). Este documento es un protocolo de inventario simplificado, adaptado a las limitaciones de tiempo de los observadores corresponsales. Se lleva a cabo mediante una aplicación para teléfonos inteligentes. El procedimiento se explica en detalle. | Dans le cadre du programme PEPR FairCarboN, le projet ALAMOD vise, entre autres, à mettre à la disposition d’une large communauté scientifique des ensembles de données complets issus de sites et de réseaux de suivi de l’évolution des stocks de carbone (sol et biomasse) gérés par la communauté de recherche française. Le Réseau français de surveillance de la qualité des sols (RMQS) manque de données forestières (gestion et structure des peuplements) au niveau des sites. Les sites forestiers du RMQS sont pour la plupart adjacents à ceux du Réseau de surveillance des dommages forestiers (RSSDF). Ce document est donc un protocole d'inventaire simplifié, adapté aux contraintes de temps des correspondants observateurs sur le terrain. Il se fait à l'aide d'une application sur smartphone. La procédure est expliqué dans le détail.;https://hal.inrae.fr/hal-05636138v1
hal-05628619;Drivers and vertical CO2 flux balances in a Sahelian agroforestry system: Insights from high frequency measurements;Seydina Ba | Olivier Roupsard | Lydie Chapuis-Lardy | Frédéric Bouvery | Yélognissè Frédi Agbohessou | Maxime Duthoit | Aleksander Wieckowski | Torbern Tagesson | Mohamed Habibou Assouma | Espoir Koudjo Gaglo | Claire Delon | Bienvenu Sambou | Dominique Serça;ART;2026-05-21;2026;2026;Sénégal | Sahel | Agroforesterie | Séquestration du carbone | Changement climatique | Photosynthèse | Dioxyde de carbone | Systèmes agroforestiers | Système de culture | Faidherbia albida | Écosystème | Cycle du carbone | Carbone;0.sdu | 1.sdu.envi | 0.sdv | 1.sdv.sa | 2.sdv.sa.sds;"European Commission;EC;UE;http://dx.doi.org/10.13039/501100000780 | Agence Nationale de la Recherche;ANR;FRA;http://dx.doi.org/10.13039/501100001665";RIFT;ANR-22-PEXF-0004;Support to experimental infrastrucure (flux towers);SustainSAHEL;Soil;;en;Oui;Agroforestry systems – combining trees with crops and/or livestock – are increasingly promoted as sustainable and climate-resilient land-use strategies. Despite their widespread presence in the Sahel, experimental data on their potential as carbon sinks are scarce. This study presents a full-year, high-frequency dataset of CO2 fluxes in a Sahelian agro-silvo-pastoral parkland dominated by Faidherbia albida, located in Senegal's groundnut basin. CO2 fluxes were continuously measured using automated dynamic chambers, allowing the quantification of soil and crop respiration (Rch), gross primary production (GPPch), and net carbon exchange (FCO2ch) under both full sun and shaded (under tree canopies) environments. Seasonal patterns of CO2 fluxes were similar in both environments, with peaks during the rainy season. Rch and GPPch were significantly higher under tree canopies, indicating a “fertile island” effect. CO2 flux variability was primarily driven by soil moisture and leaf area index. Chamber-based GPP estimates closely matched those from Eddy Covariance measurements. On an annual scale, F. albida trees contributed approximately 23 % of total ecosystem GPP, with a carbon use efficiency of 0.48. Net annual vertical CO2 exchange was estimated at −1.4 ± 0.46 and −1.8 ± 0.17 Mg C-CO2 ha−1 using chamber and Eddy Covariance methods, respectively. These findings underscore the role of F. albida-based agroforestry systems as effective carbon sinks in Sahelian landscapes, supporting their potential contribution to climate change mitigation.;https://hal.science/hal-05628619v1
hal-05614714;Impact of UAV Flight Parameters and Acquisition Context for Canopy Height and Trunk Circumference Measurement Using LiDAR;Clément Battista | Frédéric Frappart | Martin Schwartz | Frédéric Baup;ART;2026-05-06;2026;2026;UAV Lidar | Canopy height | Tree-level metrics | Trunk circumference | Flight configuration | Plantation forestry;0.sde;;ALAMOD;ANR-22-PEXF-0002;Shared, accurate models and open datasets;;Research Square - Preprint;;en;Oui;"UAV-borne LiDAR has emerged as a promising tool for tree-level forest inventory, yet the influence of flight parameters and acquisition context on the accuracy of structural metrics remains insufficiently documented. This study evaluates how UAV flight altitude, speed, area margins, number of returns, flight plan geometry, and seasonal conditions affect the estimation of canopy height and trunk circumference in a managed 0.23-ha poplar plantation in southwestern France. Twenty-two UAV flights were conducted between 2024 and 2025 using a DJI Matrice 300 equipped with a Zenmuse L1 LiDAR sensor, with systematically varied acquisition parameters. Tree-level metrics derived from point clouds were compared with field measurements, terrestrial LiDAR scans, airborne LiDAR (IGN LiDAR HD), and satellite-derived canopy height maps (FORMS-T). Canopy height estimation proved highly robust across UAV flights, showing close agreement with terrestrial LiDAR (R² = 0.99, RMSE = 0.33 m) and consistency with expected poplar growth rates (0.9–1.4 m·yr⁻¹). Reliable height retrieval required a minimum point density of approximately 1,000 pts·m⁻², and flight altitudes below about 60 m above the canopy. In contrast, trunk circumference estimation was more sensitive to acquisition parameters and environmental conditions. Accurate retrieval was achieved only under leaf-off conditions, with optimal performance obtained using low flight altitudes (≤ 80 m), triple-return acquisition, high margins, and flight paths aligned with plantation rows (R² = 0.76–0.90; RMSE = 12–35 cm, or 4–11 cm for DBH). Leaf-on acquisitions and understory regrowth substantially reduced accuracy. This study provides practical guidelines for optimizing UAV flight planning in plantation forests and improves the reproducibility of UAV-based forest structural monitoring.";https://hal.science/hal-05614714v1
hal-05611809;Fast net carbon balance recovery after clear-cutting but uncertain long-term carbon accumulation in Eucalyptus plantations;Joannes Guillemot | Guerric Le Maire | Otávio Camargo Campoe | Jean-Paul Laclau | Jose Luiz Stape | Ivan Cornut | Juan Sinforiano Delgado Rojas | Clayton Alcarde Alvares | Geovanni Malatesta Barros | Jean-Marc Bonnefond | Jean-Pierre Bouillet | Raul Chaves | Marco Aurélio Figura | Gabriela Gonçalves Moreira | Rildo Moreira E Moreira | Agnès Robin | Daniel Poultney | Yann Nouvellon;ART;2026-05-05;2026;2026;Eucalyptus grandis | Fertilisation | Carbone | Écosystème forestier | Brésil | Séquestration du carbone | Eucalyptus | Plantation forestière | Coupe rase | Biomasse | Indice de surface foliaire | Écosystème | Biométrie | Production forestière;0.sdv;"Instituto de Pesquisas e Estudos Florestais;IPEF;BRA; | Centre de Coopération Internationale en Recherche Agronomique pour le Développement;CIRAD;FRA;http://dx.doi.org/10.13039/501100007204 | Agence Nationale de la Recherche;ANR;FRA;http://dx.doi.org/10.13039/501100001665";MACACC | RIFT;ANR-13-AGRO-0005 | ANR-22-PEXF-0004;Modélisation pour l'accompagnement des ACteurs, vers l'Adaptation des Couverts pérennes ou agroforestiers aux Changements globaux | Support to experimental infrastrucure (flux towers);;Global Change Biology - Bioenergy;;en;Non;"Forest plantations cover large areas globally, but their climate benefits remain unclear, hampering projections of the future land carbon (C) sink. Here, we combined an unprecedented 14-years series of eddy-covariance CO2 fluxes (net ecosystem productivity, NEP) with biometric measurements to explore C balance in a commercial Eucalyptus plantation in Brazil across three rotations. The plantation exhibited a 14-year average and maximum annual NEP of 9.8 and 20.2 MgC ha−1 y−1, respectively, which ranks among the highest documented forest productivity. The amount of time before the forest recaptures as much C as was emitted after harvest was substantially shorter than previously published values: 20 and 27 months, for first and second harvest, respectively. Time series of leaf area index, but not trunk biomass growth, were strongly related to NEP dynamics (&gt; 75% of explained variance at annual and monthly scales) suggesting possible amenability to remote-sensing assessment in Eucalyptus plantations. Estimates of C accumulation in litter and below-ground stocks varied from positive to negative depending on the methodology used, and showed substantial differences across rotations. This indicates that long-term C accumulation in commercial Eucalyptus plantations is not guaranteed, despite their high productivity.";https://hal.science/hal-05611809v1
hal-05607973;Rethinking tillage as a strategic practice in agroecological farming systems with carbon, climate, and pest management trade-offs;Fabien Ferchaud | Gwenaëlle Lashermes | Nicolas Munier-Jolain | Lionel Alletto;ART;2026-04-30;2026-04-30;2026-04-30;Cover crops | Carbon inputs | N2O | Greenhouse Gas | Soil organic carbon | Tillage;0.sdv | 1.sdv.sa | 2.sdv.sa.agro | 0.sdv | 1.sdv.sa | 2.sdv.sa.sds;;CrosyeN | CANETE;ANR-22-PEXF-0005 | ANR-22-PEXF-0008;Support to experimental infrastructure (field trial network) | Soil microbial Carbon And Nutrient use Efficiency under managed Terrestrial Ecosystems;;Communications Earth & Environment;;en;Oui;Agroecological transitions face a dual imperative: reducing pesticide reliance and minimising soil disturbance for climate mitigation. However, the blanket promotion of no-till practices may hinder ecological innovation by overlooking real-world trade-offs. This article re-examines tillage as a strategic practice in pesticide-free systems, especially for weed and pest control and cover crop management. We synthesise recent findings on soil organic carbon (SOC) dynamics and greenhouse gas emissions, showing that tillage impacts SOC distribution in the soil profile more than stock, and that nitrous oxide (N₂O) emissions can offset potential SOC gains under no-till. SOC stocks are mostly controlled by the quantity and diversity of carbon inputs. We argue for an integrated, systems-based agroecological approach that assesses tillage within the broader framework of carbon inputs, ecological functions, and greenhouse gas balances. Reframing tillage is essential to design resilient, low-input, climate-positive farming systems.;https://hal.science/hal-05607973v1
hal-05599688;Cooking Arrangements and Consumption of Ultraprocessed Foods | Organisation kulinarischer Arbeit und Konsum ultraverarbeiteter Produkte | Organización del trabajo culinario y consumo de productos ultraprocesados | Organisation du travail culinaire et consommation de produits ultratransformés;Séverine Gojard | Marie Plessz;ART;2026-04-22;2026;2026;Geschlecht | Ultraverarbeitete Lebensmittel | Ernährung | Budget-de-famille-Erhebung | Soziale Klassen | Konsum | Küche | Küchenarbeit | Ultraprocessed foods | Social classes | Household Budget survey | Cooking | Consumption | Diet | Gender | Alimentación | Clases sociales | Consumo | Cocina | Encuesta Budget de famille | Género | Productos ultraprocesados | Trabajo culinario | Cuisine | Travail culinaire | Produits ultratransformés | Genre | Enquête Budget de famille | Consommation | Classes sociales | Alimentation;0.shs | 1.shs.socio;;PREFALIM | DynAPol;ANR-23-PEXF-0004 | ANR-24-PESA-0009;Transition vers des systèmes ALIMentaires durables : PREFerences, revenus et bien-être des consomateurs | Dynamics of food consumption and sustainability policies: analysing the interactions between prices, preferences and population structure;;Biens Symboliques = Symbolic Goods;;en;Oui;In both expert and lay discourse, home cooking is seen as a rampart against unhealthy eating, as epitomized by ultraprocessed “industrial” foods. Culinary discourse of this kind contributes to the creation of symbolic frontiers of class and gender. In this article, we test the assumption upon which this discourse is based, i.e. that more time spent in the kitchen, by women in particular, is associated with lower ultraprocessed food consumption. Drawing on INSEE’s 2017 Household Budget survey (enquête Budget de famille), we focus on a sample of 3,210 couple households and use the NOVA nutritional definition of ultraprocessed foods. Our findings run counter to received ideas. Couples with the lowest incomes or educational levels are not the largest consumers of these products, and spending on ultraprocessed foods does not decrease when couples eat more home-cooked meals. While the youngest couples spend more on these foods, households with children, identified in the literature as the most receptive to messaging about healthy eating, are also large ultraprocessed food consumers. | In laienhaften wie fachlichen Diskursen wird das Kochen von Mahlzeiten als Bollwerk gegen schlechte Ernährung dargestellt, deren Inbegriff „industrielle“, ultraverarbeitete Lebensmittel seien. Dieser Diskurs trägt zur Konstruktion symbolischer Klassen- und Geschlechtergrenzen bei. In diesem Artikel testen wir die dahinterstehende Hypothese: Geht ein stärkeres Engagement – insbesondere von Frauen – in der Küchenarbeit tatsächlich mit einem geringeren Konsum ultraverarbeiteter Produkte einher? Wir nutzen die Insee-Erhebung Budget de famille 2017, konzentrieren uns auf 3.210 Paarhaushalte und auf die Nova-Definition ultraverarbeiteter Lebensmittel. Unsere Ergebnisse widersprechen den gängigen Annahmen: Paare mit niedrigstem Lebensstandard oder Bildungsniveau sind nicht die größten Konsumenten ultraverarbeiteter Produkte. Die Ausgaben für ultraverarbeitete Produkte sinken nicht, wenn Paare häufiger kochen. Zwar geben jüngere Haushalte mehr für ultraverarbeitete Lebensmittel aus, aber dies gilt ebenso für Haushalte mit Kindern – die laut Literatur besonders sensibel für die Kochinjonktionen „guter Mahlzeiten“ sind. | Tanto en los discursos no especializados como en los de los expertos, el hecho de cocinar las comidas se presenta como una defensa contra la mala alimentación, cuyo ejemplo paradigmático serían los productos alimenticios “industriales” ultraprocesados. Este discurso sobre la cocina contribuye a construir fronteras simbólicas de clase y género. En este artículo, ponemos a prueba la hipótesis en la que se fundamenta este discurso: ¿una mayor implicación en las labores culinarias, especialmente de las mujeres, conlleva un menor consumo de productos ultraprocesados? Tomamos como referencia la encuesta Budgdet de famille 2017 de INSEE, centrándonos en 3210 hogares constituidos por parejas y en la clasificación nutricional NOVA que evalúa los productos ultraprocesados. Nuestros resultados contradicen las ideas establecidas. Las parejas con un nivel de vida o un índice de estudios menos elevados no son las mayores consumidoras de productos ultraprocesados. El gasto en este tipo de productos no disminuye cuando la pareja cocina más a menudo. Aunque los hogares más jóvenes dedican un mayor porcentaje de sus ingresos a los alimentos ultraprocesados, lo mismo ocurre con los hogares con hijos, que según la literatura son los más sensibles a la exigencia de cocinar buena comida. | Dans les discours profanes et experts, cuisiner les repas est présenté comme un rempart à une mauvaise alimentation, dont les produits alimentaires « industriels », ultratransformés, seraient le parangon. Ce discours sur la cuisine contribue à construire des frontières symboliques de classe et de genre. Dans cet article, nous testons l’hypothèse sur laquelle repose ce discours : est-ce qu’une plus grande implication, en particulier des femmes, dans le travail culinaire, va de pair avec une moindre consommation de produits ultratransformés ? Nous mobilisons l’enquête Budget de famille 2017 de l’Insee, en nous concentrant sur 3 210 ménages en couple et sur la définition nutritionnelle Nova des produits ultratransformés. Nos résultats contredisent les idées reçues. Les couples dont le niveau de vie ou le diplôme sont les plus faibles ne sont pas les plus gros consommateurs d’ultratransformés. Les dépenses en produits ultratransformés ne diminuent pas quand le couple cuisine plus souvent. Si les ménages plus jeunes consacrent plus de revenus aux ultratransformés, c’est aussi le cas des ménages avec enfants, identifiés par la littérature comme les plus sensibles aux injonctions à cuisiner de bons repas.;https://hal.inrae.fr/hal-05599688v1
hal-05599671;Organisation du travail culinaire et consommation de produits ultratransformés | Organisation kulinarischer Arbeit und Konsum ultraverarbeiteter Produkte | Cooking Arrangements and Consumption of Ultraprocessed Foods | Organización del trabajo culinario y consumo de productos ultraprocesados;Séverine Gojard | Marie Plessz;ART;2026-04-22;2026;2026;Soziale Klassen | Budget-de-famille-Erhebung | Ernährung | Geschlecht | Konsum | Küche | Küchenarbeit | Ultraverarbeitete Lebensmittel | Ultraprocessed foods | Social classes | Household Budget survey | Gender | Diet | Cooking | Consumption | Trabajo culinario | Productos ultraprocesados | Género | Encuesta Budget de famille | Cocina | Consumo | Clases sociales | Alimentación | Travail culinaire | Alimentation | Classes sociales | Consommation | Cuisine | Enquête Budget de famille | Genre | Produits ultratransformés;0.shs | 1.shs.socio;INRAE metaprogramme did'it | INRAE metaprogramme Syalsa;PREFALIM | DynAPol;ANR-23-PEXF-0004 | ANR-24-PESA-0009;Transition vers des systèmes ALIMentaires durables : PREFerences, revenus et bien-être des consomateurs | Dynamics of food consumption and sustainability policies: analysing the interactions between prices, preferences and population structure;;Biens Symboliques = Symbolic Goods;;fr;Oui;Dans les discours profanes et experts, cuisiner les repas est présenté comme un rempart à une mauvaise alimentation, dont les produits alimentaires « industriels », ultratransformés, seraient le parangon. Ce discours sur la cuisine contribue à construire des frontières symboliques de classe et de genre. Dans cet article, nous testons l’hypothèse sur laquelle repose ce discours : est-ce qu’une plus grande implication, en particulier des femmes, dans le travail culinaire, va de pair avec une moindre consommation de produits ultratransformés ? Nous mobilisons l’enquête Budget de famille 2017 de l’Insee, en nous concentrant sur 3 210 ménages en couple et sur la définition nutritionnelle Nova des produits ultratransformés. Nos résultats contredisent les idées reçues. Les couples dont le niveau de vie ou le diplôme sont les plus faibles ne sont pas les plus gros consommateurs d’ultratransformés. Les dépenses en produits ultratransformés ne diminuent pas quand le couple cuisine plus souvent. Si les ménages plus jeunes consacrent plus de revenus aux ultratransformés, c’est aussi le cas des ménages avec enfants, identifiés par la littérature comme les plus sensibles aux injonctions à cuisiner de bons repas. | In laienhaften wie fachlichen Diskursen wird das Kochen von Mahlzeiten als Bollwerk gegen schlechte Ernährung dargestellt, deren Inbegriff „industrielle“, ultraverarbeitete Lebensmittel seien. Dieser Diskurs trägt zur Konstruktion symbolischer Klassen- und Geschlechtergrenzen bei. In diesem Artikel testen wir die dahinterstehende Hypothese: Geht ein stärkeres Engagement – insbesondere von Frauen – in der Küchenarbeit tatsächlich mit einem geringeren Konsum ultraverarbeiteter Produkte einher? Wir nutzen die Insee-Erhebung Budget de famille 2017, konzentrieren uns auf 3.210 Paarhaushalte und auf die Nova-Definition ultraverarbeiteter Lebensmittel. Unsere Ergebnisse widersprechen den gängigen Annahmen: Paare mit niedrigstem Lebensstandard oder Bildungsniveau sind nicht die größten Konsumenten ultraverarbeiteter Produkte. Die Ausgaben für ultraverarbeitete Produkte sinken nicht, wenn Paare häufiger kochen. Zwar geben jüngere Haushalte mehr für ultraverarbeitete Lebensmittel aus, aber dies gilt ebenso für Haushalte mit Kindern – die laut Literatur besonders sensibel für die Kochinjonktionen „guter Mahlzeiten“ sind. | In both expert and lay discourse, home cooking is seen as a rampart against unhealthy eating, as epitomized by ultraprocessed “industrial” foods. Culinary discourse of this kind contributes to the creation of symbolic frontiers of class and gender. In this article, we test the assumption upon which this discourse is based, i.e. that more time spent in the kitchen, by women in particular, is associated with lower ultraprocessed food consumption. Drawing on INSEE’s 2017 Household Budget survey (enquête Budget de famille), we focus on a sample of 3,210 couple households and use the NOVA nutritional definition of ultraprocessed foods. Our findings run counter to received ideas. Couples with the lowest incomes or educational levels are not the largest consumers of these products, and spending on ultraprocessed foods does not decrease when couples eat more home-cooked meals. While the youngest couples spend more on these foods, households with children, identified in the literature as the most receptive to messaging about healthy eating, are also large ultraprocessed food consumers. | Tanto en los discursos no especializados como en los de los expertos, el hecho de cocinar las comidas se presenta como una defensa contra la mala alimentación, cuyo ejemplo paradigmático serían los productos alimenticios “industriales” ultraprocesados. Este discurso sobre la cocina contribuye a construir fronteras simbólicas de clase y género. En este artículo, ponemos a prueba la hipótesis en la que se fundamenta este discurso: ¿una mayor implicación en las labores culinarias, especialmente de las mujeres, conlleva un menor consumo de productos ultraprocesados? Tomamos como referencia la encuesta Budgdet de famille 2017 de INSEE, centrándonos en 3210 hogares constituidos por parejas y en la clasificación nutricional NOVA que evalúa los productos ultraprocesados. Nuestros resultados contradicen las ideas establecidas. Las parejas con un nivel de vida o un índice de estudios menos elevados no son las mayores consumidoras de productos ultraprocesados. El gasto en este tipo de productos no disminuye cuando la pareja cocina más a menudo. Aunque los hogares más jóvenes dedican un mayor porcentaje de sus ingresos a los alimentos ultraprocesados, lo mismo ocurre con los hogares con hijos, que según la literatura son los más sensibles a la exigencia de cocinar buena comida.;https://hal.inrae.fr/hal-05599671v1
hal-05546924;Data from long-term experiments in temperate croplands to evaluate soil organic carbon models;Kenji Fujisaki | Fabien Ferchaud | Hugues Clivot | Elisa Bruni | Christian Pichot | Bertrand Guenet | Antoine Versini | Antonio Bispo | Manuel P. Martin | Philippe Peylin | Johannes L. Jensen | Jørgen Eriksen | Claire Chenu | Andrew S. Gregory | Margaret J. Glendining | Inès Merbach | Nicolas Beaudoin | Bruno Mary | Alain Mollier | Gilles Tison | Christophe Montagnier | Abad Chabbi | Françoise Vertès | Alice Cadéro | Anne-Isabelle Graux | Sylvain Pellerin | Florent Levavasseur | Manon Gilles | Thierry Morvan | Camille Resseguier | Luis Milesi | Alicia Irizar | Adriàn Andriulo | Marie-Noël Mistou | Arnaud Butier | Michel Bertrand | Bénédicte Autret | Marie-Hélène Jeuffroy | Gilles Grandeau | Thierry Doré | Vincent Cellier | Alain Berthier | Sébastien Darras | Guillaume Audebert | Ludovic Pasquier | Fabien Ecalle | Antoine Savoie | Marcus Schiedung | Christopher Poeplau | Nadia Maaroufi | Thomas Kätterer | Thomas Bolinder | Jonathan Sanderman | Pierre Barré;ART;2026-04-21;2026;2026;Carbon cycle;0.sde;;ALAMOD | ANAEE-FR;ANR-22-PEXF-0002 | ANR-11-INBS-0001;Shared, accurate models and open datasets | ANAEE-Services;;Scientific Data;;en;Oui;Soil organic carbon (SOC) models need independent evaluation against field measurements, but those latter are rarely publicly available and harmonized. In this study, we collected and shared data from 167 agronomic treatments in 34 agronomic long-term experiments (LTEs) located in temperate croplands, allowing the evaluation of several soil organic C models such as RothC, Century, AMG, MIMICS, ICBM, Millenial, and CTOOL. The dataset includes climate data, soil properties, C inputs from crops (n = 4588 records) and organic amendments, irrigation data, monthly soil cover, as well as SOC stock measurements in the topsoil layer (n = 1328 records). Climate, soil moisture, and soil temperature data were extracted from daily climate databases. Carbon inputs from crops were calculated from observed yields and harvest index, with some harvest index values estimated, combined with crop allometric coefficients from the literature. Descriptions of LTE, agronomic treatments, methodological metadata, and a part of the code, accompanies the dataset. The dataset can be reused to evaluate single SOC models, or to evaluate an ensemble of models.;https://hal.inrae.fr/hal-05546924v1
hal-05595199;Harmonizing data from different soil organic matter fractionation protocols;Tchodjowiè P.I. Kpemoua | Marija Stojanova | Claire Chenu | Denis Angers | Amicie Delahaie | Jussi Heinonsalo | Kristiina Karhu | Marine Landrieux | Sam Mcnally | Cédric Plessis | Christopher Poeplau | Valérie Pouteau | Pierre Roudier | Eva Rabot | Juliette Roussia | Marcus Schiedung | Iñigo Virto | Pierre Barré;ART;2026-04-17;2026-04;2026-04;Sodiumhexametaphosphate | Soil carbon | Ultrasounds | Transfer functions | Physical fractionation;0.sde | 0.sdv | 1.sdv.sa | 2.sdv.sa.sds;This work was funded by the New Zealand Government to support the objectives of the Global Research Alliance on Agricultural Greenhouse Gases;FREACS | ALAMOD;ANR-22-SOIL-0001 | ANR-22-PEXF-0002;FRactionating soil organic carbon to quantify, map and undErstAnd its persistenCe and Storage | Shared, accurate models and open datasets;EJP SOIL;Geoderma;;en;Oui;"Physical fractionation is a prevailing tool for studying the biogeochemical stability of soil organic carbon (SOC). Fractionation methods are straightforward to implement in the laboratory, and allow for the separation of SOC into at least two distinct fractions, either by size (OCfine vs. OCcoarse) or density (light vs. heavy fraction), and make it possible to distinguish fractions with contrasting average biogeochemical stability. Methods tend to differ in the protocol for soil dispersion (shaking in water and/or sodium hexametaphosphate (SHMP), shaking with glass beads, or using ultrasonic dispersion), and in the fraction separation (through different sieve/mesh sizes or using chemical density). Several meta-analyses combining results obtained using different physical fractionation methods are emerging. In this context, it is important to determine whether the results obtained using different methods are directly comparable or, at a minimum, whether correction functions can be developed to harmonize the results obtained with different methods. In this study, we compared the results obtained by fractionating 61 wide-ranging soil samples using five methods: dispersion in water with glass beads and sieving at 50 µm (M1) or 63 µm (M2); dispersion in SHMP with glass beads and sieving at 50 µm (M3); ultrasonic dispersion (USD) in water and sieving at 50 µm (M4); and USD in sodium polytungstate and separation by density at 1.6 g cm−3 (M5). Our results show that the five methods provide significantly different results and that these differences depend on common soil characteristics: pH, SOC, and texture. For instance, SHMP is the most effective dispersion method for acidic soils, but less effective in alkaline soils. We successfully developed functions that harmonize the data obtained using the different size fractionation methods (M1 to M4). However, results obtained by density fractionation are significantly different from those obtained by size fractionation and therefore cannot be harmonized effectively at this stage. Nevertheless, when excluding samples with high sand content (&gt;70%), the difference between size and density fractionation measurements remains relatively high, but falls within a more acceptable range. Ultimately, our work shows that combining fractionation results is not a straightforward task and several considerations should be kept in mind. When combining density- and size-based results, sandy soils need to be excluded from the datasets, allowing for a significant reduction in the bias between the two measurements. Furthermore, prior to performing any (meta-)analyses, we therefore strongly recommend the harmonization of results obtained using different size-based fractionation methods, and we urge caution when interpreting results from meta-analyses that combine different fractionation methods.";https://hal.inrae.fr/hal-05595199v1
hal-05593319;Using rainfall exclusion systems to simulate crop responses to drought;Abderrahim Bouhenache;ART;2026-04-16;2026-04-10;2026-04-10;;0.sdv | 1.sdv.sa;"DSCATT project (https://dscatt.net/) ""Agricultural Intensification and Dynamics of Soil Carbon Sequestration in Tropical and Temperate Farming Systems"" (N◦ AF 1802–001, N◦ FT C002181), supported by the Agropolis Foundation (""Programme d′Investissement d′Avenir"" Labex Agro, ANR-10-LABX0001–01) and by the TOTAL Foundation within a patronage agreement | CLIMAZOTE-15N project funded by the TSARA ""Transforming Food Systems and Agriculture through Research in Partnership with Africa"" initiative | CLIMAZOTE project funded by the Université de Reims Champagne-Ardenne (URCA)";CrosyeN;ANR-22-PEXF-0005;Support to experimental infrastructure (field trial network);RAIZ | IntercropValuES;Nature Reviews Earth & Environment;;en;Non;Abderrahim Bouhenache describes the use of a field-scale rainfall exclusion system to quantify the response of crops to changes in water availability under real-world conditions in Africa.;https://hal.science/hal-05593319v1
hal-05591710;Cover crops and intercropping help reduce nitrate and pesticide leaching in low-input systems;Gaëtan Seimandi-Corda | Eric Justes | Benoit Gleizes | Eric Lecloux | Eric Bazerthe | Lionel Alletto;ART;2026-04-14;2026-05;2026-05;Cover crop | Agroecology | Intercropping | Crop diversification | Long-term cropping system experiment;0.sdv | 1.sdv.sa | 2.sdv.sa.agro;Mixes (Agence de l'eau Adour-Garonne);MicMac Design | CrosyeN;ANR-09-STRA-0006 | ANR-22-PEXF-0005;Conception et évaluation par expérimentation et modélisation de prototypes de systèmes de culture intégrés à bas niveaux d'intrants | Support to experimental infrastructure (field trial network);ReMIX;Agricultural Systems;;en;Oui;Context: The agroecological transition offer opportunities to reduce agriculture's environmental impacts by reducing reliance on synthetic fertilisers and pesticides. Crop diversification, in both time and space, is a key strategy including extended crop rotations, intercropping, and cover crops. Yet, relationships between reduced input use and associated environmental impacts remain insufficiently quantified. Objective: We assessed the environmental performance of six innovative low-input cropping systems that used cover crops, cultivar mixture and intercropping in term of nitrogen fertiliser and pesticide use, as well as nitrate and pesticide losses. Methods: From 2010 to 2016, cropping systems were monitored for input use and drainage water was collected with tension plate lysimeters at 1 m depth. Nitrate and up to 44 pesticide compounds were analysed annually. Results and Conclusions: Nitrogen fertiliser application varied across systems, with more diversified systems applying less thanks to legumes. Pesticide use remained similar among systems but reduced by over 50% compared to conventional rates. Cover crops played a key role in reducing pollution. Nitrate leaching reduced by 42–56% in systems with cover crops. More originally, pesticide leaching decreased by 53–82% for these systems with S-metolachlor representing more than 50% of the quantity of pesticide losses. Significance: These results demonstrate that diversifying cropping systems, particularly through cover cropping, can reduce agriculture's environmental footprint greatly. When combined with reducing input use, such strategies provide a promising pathway towards more sustainable and resilient farming systems, with clear benefits for water quality and agroecosystem functioning.;https://hal.inrae.fr/hal-05591710v1
hal-05589159;Long-term organic matter additions increase soil health and rice yield in a tropical paddy soil by enhancing carbon transformation functions;Thang Do Trong | Cornelia Rumpel | Tien Minh Tran | Pascal Jouquet | Alexis Thoumazeau | Trang Thi Thu Tran | Nicolas Bottinelli;ART;2026-04-13;2026;2026;Propriété physicochimique du sol | Viet Nam | Rendement des cultures | Matière organique du sol | Cycle du carbone | Riz pluvial | Flooded agroecosystems | Fertilisation | Fertilité du sol | Rotation culturale | Diversification | Soil multifunctionality | Soil fauna | Hydromorphic soils;0.sdv;"Agence Nationale de la Recherche;ANR;FRA;http://dx.doi.org/10.13039/501100001665";CrosyeN;ANR-22-PEXF-0005;Support to experimental infrastructure (field trial network);;Soil Use and Management;;en;Non;Although the importance of organic matter management for sustainable rice production is well established in upland soils, its role in lowland paddy systems with gleyed soils remains less understood. To address this gap, we used a 24-year field experiment in northern Vietnam to examine how organic matter inputs in rice–soybean rotations influenced soil health indicators and crop yield. Topsoil was collected from six treatments: no fertiliser, mineral fertiliser and mineral fertiliser plus cow manure, each with or without crop residue retention. Carbon transformation, nutrient cycling and soil structure maintenance were evaluated using Biofunctool, which integrates eight indicators into a soil health index. Soil macrofauna communities were also assessed. Labile organic carbon was the most sensitive indicator of carbon transformation, increasing more than threefold with organic matter additions compared to the unfertilised control. Organic matter additions also significantly improved macroporosity and water infiltration. The highest nitrate availability occurred under mineral fertilisation combined with residue retention. Overall, organic matter inputs increased the soil health index by 22%, exceeding the effect of mineral fertilisation alone, while residue retention increased the index by 8%. Rice yield increased from 1.8 to 3.4 t ha−1 corresponding to gains of 67% under mineral fertilisation, 90% with manure addition and 10% with residue retention. In contrast, soil macrofauna communities were unaffected by management practices and showed few relationships with soil functions. Rice yield was positively related to the soil health index (ρ = 0.80), carbon transformation (ρ = 0.75) and structure maintenance (ρ = 0.68), whereas its relationship with nutrient cycling was not significant. Together, these results highlight the importance of long-term organic matter inputs for soil health and rice productivity in gleyed paddy soils, with yield being most strongly associated with carbon transformation.;https://hal.science/hal-05589159v1
hal-05588124;Wood density variation in European forest species: drivers and implications for multiscale biomass and carbon assessment in France;Henri Cuny | Jean-Daniel Bontemps | Nikola Besic | Antoine Colin | Lionel Hertzog | Amaël Le Squin | William Marchand | Cédric Vega | Jean-Michel Leban;ART;2026-04-10;2026-04-10;2026-04-10;Models | Forest biomass | Wood density;0.sde | 0.spi;;ALAMOD;ANR-22-PEXF-0002;Shared, accurate models and open datasets;;Biogeosciences;;en;Oui;Wood density is a key parameter for estimating forest biomass and carbon stocks. However, the magnitude and the drivers of wood density variation in temperate forests, and the implications of this variation for biomass and carbon assessments, are not well understood. This study provides a comprehensive analysis of wood density variation in trees of western temperate Europe and evaluates its impacts on forest aboveground biomass (AGB) estimates at multiple spatial scales. From an initial dataset comprising wood density measurements from 110 763 individual trees, representing 156 species across mainland France, we analysed a subset of 44 species accounting for 97 % of the growing stock and providing sufficient observations for modelling. We developed linear models of wood density based on tree, stand, site, and climatic variables, and successively examined the contributions of taxonomic identity, environmental factors and their interactions. We also constructed a model using variables potentially accessible through spatial layers (i.e., GIS-based data) at broad scales and fine resolutions, to assess their predictive capacity. Models were applied to French National Forest Inventory (NFI) data to estimate AGB across four spatial scales: the national level, biogeographical regions and subregions (both delineated through biophysical partitioning of the territory) and individual NFI plots. Our analysis revealed that variation in wood density stemmed primarily from interspecific differences (78.6 % of the total variance), with the remaining 21.4 % attributable to intraspecific variability. Our best performing model – combining variables on species identity, tree dimensions (such as diameter at breast height and total height), stand structure, site conditions and climate – explained 82 % of total wood density variation. It captured only a modest portion of intraspecific variability of wood density, which was found to be mainly driven by tree dimensions and mean annual temperature. In contrast, the model relying solely on environmental factors and the one based on GIS-layer variables accounted for 17 % and 31 % of the variation in wood density, respectively. While accounting for wood density variation had minimal impact on national-scale AGB estimates, it caused deviations of up to 30 % at finer scales, such as biogeographical subregions and individual NFI plots. These findings highlight the importance of incorporating wood density variation into forest biomass and carbon assessment, especially at regional to local scales. Given its dominant role, we recommend integrating species identity as much as possible to enhance the accuracy of forest biomass and carbon stock assessment across spatial scales.;https://hal.science/hal-05588124v1
hal-05537930;Adoption of carbon farming schemes: risk matters | Adoption des programmes d'agriculture carbone : les risques comptent;Roxane Photinodellis | Elisa Bruni | Laure Bamière | Claire Chenu | Bertrand Guenet | Thomas Kätterer | Stéphane De Cara;ART;2026-03-30;2026;2026;Agricultural economics | Soil carbon sequestration | Monitoring | Result-based incentive | Carbon sequestration uncertainty | Farmer's risk aversion | Carbon farming scheme | Activity-based scheme;0.shs | 1.shs.eco | 0.sdv | 1.sdv.sa | 2.sdv.sa.sta;Svenska Forskningsrådet Formas (Grant 2022-00214);CLAND | Pilotage et gouvernance du programme FairCarboN | CLIM-FAS;ANR-16-CONV-0003 | ANR-22-PEXF-0001 | ANR-23-PEXF-0001;CLAND : Changement climatique et usage des terres | Pilotage et gouvernance du programme FairCarboN | CLimate change Mitigation potential of the French Agricultural Sector;EJP SOIL | MRV4SOC;Climate Policy;;en;Non;Ensuring that carbon farming credits accurately reflect actual carbon sequestration is a major challenge. Although activity-based schemes are the most common design in voluntary carbon farming schemes, the economic literature has shown that result-based schemes are more cost-effective. However, the risk induced by result-based schemes when carbon sequestration is not known with certainty ex ante is often overlooked. We propose a stylized economic framework that integrates soil science data and models to investigate how carbon accrual uncertainty affects farmers' adoption of carbon farming schemes. This framework is illustrated with a data set combining observations from a long-term experimental site (Ultuna, Sweden), multi-model ensemble simulations of soil organic carbon dynamics, and a wide range of economic assumptions. We investigate both analytically and quantitatively the conditions under which a farmer chooses to participate in a voluntary carbon farming scheme when the quantity of carbon eventually stored is uncertain. Various carbon farming schemes are explored, differing in monitoring costs and accuracy, with contrasting risk implications for the farmer. In particular, hybrid schemes that are based on the expected SOC accrual, but include an uncertainty discount are examined. It is shown that the incentives to participate in a result-based scheme may decrease with increasing carbon prices, and that hybrid schemes may foster adoption by farmers. | Veiller à ce que les crédits de carbone agricole reflètent fidèlement la séquestration réelle du carbone représente un défi majeur. Bien que les programmes basés sur les activités soient les plus courants dans les programmes volontaires de carbone agricole, la littérature économique a montré que les programmes basés sur les résultats sont plus rentables. Cependant, le risque induit par les programmes basés sur les résultats lorsque la séquestration du carbone n'est pas connue avec certitude ex ante est souvent négligé. Nous proposons un cadre économique stylisé qui intègre des données et des modèles de science du sol afin d'étudier comment l'incertitude liée à l'accumulation de carbone affecte l'adoption des programmes de culture carbone par les agriculteurs. Ce cadre est illustré à l'aide d'un ensemble de données combinant des observations provenant d'un site expérimental à long terme (Ultuna, Suède), des simulations multi-modèles de la dynamique du carbone organique du sol et un large éventail d'hypothèses économiques. Nous étudions de manière analytique et quantitative les conditions dans lesquelles un agriculteur choisit de participer à un programme volontaire de culture carbone lorsque la quantité de carbone finalement stockée est incertaine. Divers programmes de carbone sont explorés, avec des coûts de surveillance et des niveaux de précision variables, et des implications contrastées en termes de risque pour l'agriculteur. En particulier, les programmes hybrides basés sur l'accumulation prévue de carbone organique dans le sol, mais incluant une décote pour incertitude, sont examinés. Il est démontré que les incitations à participer à un programme basé sur les résultats peuvent diminuer avec l'augmentation des prix du carbone, et que les programmes hybrides peuvent favoriser l'adoption par les agriculteurs;https://hal.inrae.fr/hal-05537930v1
hal-05571841;A priming nudge targeting innovative farmers: A large-scale survey experiment;Douadia Bougherara | Léa Gosset | Raphaële Préget | Sophie Thoyer;ART;2026-03-30;2026-03-26;2026-03-26;;0.shs | 0.shs | 1.shs.eco;Agropolis Foundation Flagship project: Dynamics of Soil Carbon Sequestration in Tropical and Temperate Agricultural systems (DSCATT), Grant number: 1802-001;CLIM-FAS;ANR-23-PEXF-0001;CLimate change Mitigation potential of the French Agricultural Sector;;PLoS ONE;;en;Oui;"<div><p>This article measures farmers' innovativeness and the effectiveness of a priming nudge on their (stated) intention to adopt an innovation, namely the French ""Low-carbon label"" (LCL). The LCL is an innovative certification framework that provides farmers with a potential new ""green business model,"" enabling them to generate income through the sale of certified carbon credits earned by reducing their own greenhouse gas (GHG) emissions. Using 6,005 responses to an online survey with French farmers, we validate an original scale designed to measure farmers' capacity to innovate and find that innovativeness is positively correlated with stated intention to adopt the LCL. We then evaluate with a randomized experiment included in the questionnaire the net impact of a priming nudge, defined as exposure to a lexical field designed to unconsciously activate psychological factors, and implemented here with references to innovation in order to target the most innovative farmers. We show that the nudge has no detectable impact on the surveyed sample: it neither increases adoption intentions among the most innovative farmers nor discourages the less innovative ones. This absence of effect leads us to discuss the effectiveness of nudges when trying to influence farmers' high-stakes decisions.";https://hal.inrae.fr/hal-05571841v1
hal-05527871;Transformation of dissolved organic matter and associated metals in boreal mire and river waters: Effects of biota and sunlight;Olga Yu. Drozdova | Alisa Aleshina | Sergey Lapitskiy | Oleg Pokrovsky;ART;2026-03-26;2025-08;2025-08;;0.sde;;PEACE;ANR-22-PEXF-0011;Permafrost Ecosystem changes across the Arctic: Carbon and nutrients cycling in terrestrial-aquatic Environments;;Water Research;;en;Oui;;https://hal.science/hal-05527871v1
hal-05567113;Impact des pratiques culturales sur la variabilité spatiale du carbone organique de la parcelle au bassin versant à l’aide d’images satellitaires Sentinel-2 | Impact des pratiques culturales sur la variabilité spatiale du carbone organique de la parcelle au bassin versant à l'aide d'images satellitaires Sentinel-2;Simon Charrière | Dominique Courault | Claude Doussan | Céline Pelosi | Guillaume Pouget | Fabrice Flamain | Annette Bérard;POSTER;2026-03-25;2025-11-03;2025-11-03;Phenology | Crop coefficient | Spectral Analysis | Territorial Approach | Carbon;0.info | 1.info.info-mo | 0.phys | 0.sdv | 1.sdv.sa | 2.sdv.sa.agro;;SLAM-B;ANR-22-PEXF-0003;Scenario labs to design and evaluate trajectories toward C neutrality;;;Journées annuelles de FairCarboN;en;Oui;;https://hal.inrae.fr/hal-05567113v1
hal-05566897;Webinaire de sensibilisation à l'Intelligence Artificielle et à la science des données #1;Jérôme Dutroncy;COMM;2026-03-25;2026-03-09;2026-03-25;Histoire de l'informatique | Intelligence Artificielle | Science des données;0.info;;Pilotage et gouvernance du programme FairCarboN;ANR-22-PEXF-0001;Pilotage et gouvernance du programme FairCarboN;;;Animation transverse Données du PEPR FairCarboN;fr;Oui;Sixième webinaire sur les données de recherche organisé dans le cadre du PEPR FairCarboN. Les webinaires ont pour objectifs de : - faire progresser la culture générale sur les enjeux relatifs aux données, et à la transformation numérique, - former aux bonnes pratiques en matière de gestion des données - sensibiliser à la Science Ouverte, et l'ouverture des données en particulier. Ce webinaire est une introduction générale au nouveau paradigme de traitement et de sciences des données. Le webinaire est à retrouver sur ce lien : https://www.youtube.com/watch?v=K0NZ2aIgqBY;https://hal.science/hal-05566897v1
hal-05566880;Webinaire de sensibilisation aux impacts environnementaux et sociaux du Numérique;Jérôme Dutroncy;COMM;2026-03-25;2026-02-05;2026-03-25;Numérique durable | Impacts sociaux et écologiques | Impacts Environnementaux;0.info;;Pilotage et gouvernance du programme FairCarboN;ANR-22-PEXF-0001;Pilotage et gouvernance du programme FairCarboN;;;Animation transverse Données du PEPR FairCarboN;fr;Oui;Cinquième webinaire sur les données de recherche organisé dans le cadre du PEPR FairCarboN. Les webinaires ont pour objectifs de : - faire progresser la culture générale sur les enjeux relatifs aux données, et à la transformation numérique, - former aux bonnes pratiques en matière de gestion des données - sensibiliser à la Science Ouverte, et l'ouverture des données en particulier. Ce webinaire prend de la hauteur en proposant un tour d’horizon des impacts environnementaux et sociaux du Numérique. Le webinaire est à retrouver sur ce lien : https://www.youtube.com/watch?v=-MoXXSWdDvc;https://hal.science/hal-05566880v1
hal-05566862;Webinaire de sensibilisation aux Data Papers;Jérôme Dutroncy;COMM;2026-03-25;2025-10-10;2026-03-25;Données ouvertes | Article de données | Data Papers;0.sde;;Pilotage et gouvernance du programme FairCarboN;ANR-22-PEXF-0001;Pilotage et gouvernance du programme FairCarboN;;;Animation transverse Données du PEPR FairCarboN;fr;Oui;Quatrième webinaire sur les données de recherche organisé dans le cadre du PEPR FairCarboN. Les webinaires ont pour objectifs de : - faire progresser la culture générale sur les enjeux relatifs aux données, et à la transformation numérique, - former aux bonnes pratiques en matière de gestion des données - sensibiliser à la Science Ouverte, et l'ouverture des données en particulier. Ce webinaire focalise sur les nouveaux articles destinés à décrire des jeux de données acquises, agrégés, consolidés et ouverts : les data papers. Le webinaire est à retrouver sur ce lien : https://www.youtube.com/watch?v=Ivsp8b6ikGk;https://hal.science/hal-05566862v1
hal-05563979;Impacts of long-term cassava-based conservation agriculture systems on soil greenhouse gas emissions in Cambodia;Vira Leng | Laurent Thuriès | Vang Seng | Florent Tivet | Phearum Mark | Chhay Ngin | Try Yorn | Titouan Filloux | Pascal Lienhard | Johan Six | Lyda Hok | Stéphane Boulakia | Manuel Reyes | P. V. Vara Prasad | Rémi Cardinael;ART;2026-03-24;2026-07-01;2026-07-01;No-tillage | Yield-scaled emissions | Nitrous oxide | Methane | Greenhouse gas balance | Cover crops;0.sdv | 1.sdv.sa | 2.sdv.sa.sta | 0.sde | 0.sde | 1.sde.mcg | 0.sdv | 1.sdv.ee | 2.sdv.ee.eco;"European Commission;EC;UE;http://dx.doi.org/10.13039/501100000780 | Directorate-General for the Environment;DG Environment;UE;http://dx.doi.org/10.13039/501100000802 | Agence Française de Développement;AFD;FRA;http://dx.doi.org/10.13039/501100011061 | Fonds Français pour l'Environnement Mondial;FFEM;FRA;http://dx.doi.org/10.13039/501100019724 | United States Agency for International Development;USAID;USA;http://dx.doi.org/10.13039/100000200 | Agence Nationale de la Recherche;ANR;FRA;http://dx.doi.org/10.13039/501100001665 | This research was supported by the Agroecology and Safe Food System Transitions in Southeast Asia (ASSET) project. The project is co-funded by the Agence Française de Développement (grant no. CZZ2453 01B); the European Commission, Directorate-General for the Environment (grant no. CZZ2453 02C); and the Fonds Français pour l’Environnement Mondial (grant no. CZZ2868 01M), with a financial contribution on soil mineral N sampling and analysis by the Centre of Excellence on Agricultural Intensification and Nutrition (CESAIN/RUA) funded by the United States Agency for International Development (USAID) Bureau for Resilience and Food Security/Center for Agriculture-led Growth under the Cooperative Agreement #AID-OAA-L-14–00006 as part of Feed the Future Innovation Lab for Collaborative Research on Sustainable Intensification (SIIL). This work was also supported by French funding managed by the Agence Nationale de la Recherche (ANR) as part of the France 2030 programme (reference ANR-22-PEXF-0005).";CrosyeN;ANR-22-PEXF-0005;Support to experimental infrastructure (field trial network);;Agriculture, Ecosystems & Environment;;en;Oui;"Highlights: • CH₄ and N₂O emissions differed under long-term CT and NT cassava-based systems. • CH₄ emissions were minimal and varied across cropping systems and seasons. • N₂O peaked after fertilization in cassava and cover crop termination in maize. • Diversified NT increased cassava yield and had similar yield-scaled emissions than CT. • NT sequestered 2.5–3.5 Mg CO₂-eq ha⁻¹ yr⁻¹ , contributing to climate change mitigation. Abstract: Although cassava (Manihot esculenta Crantz) is regarded as an important food and energy crop, the effects of its cultivation on greenhouse gas (GHG) emissions remain poorly documented. This study, conducted in a tropical red Oxisol in Cambodia, quantified the effects of long-term cassava-based cropping systems on soil methane (CH4) and nitrous oxide (N2O) emissions using static chambers over two years (2022–24). Also accounting for measured change in soil organic carbon (SOC) stocks, the greenhouse gas balance (in CO2-eq) of the systems was determined. Established in 2009, the replicated treatments included: (1) conventional tillage mono-cropping cassava (CTM-Cs), (2) no-till mono-cropping cassava with biomass retention (NTM-Cs), and (3) no-till bi-annual cassava-maize rotation with cover crops (NTR), where cassava (Cs) and maize (Mz) are grown in two separate plots: NTR1 and NTR2. CH4-C emissions ranged from –123 to +141 µg CH4-C m–2 hr–1, with negligible cumulative emissions (–1.76 to +0.94 kg CH4-C ha–1 yr–1), depending on cropping systems and season. In cassava treatments, N2O-N emissions peaked after mineral fertilizer application (up to +141 µg N2O-N m–2 hr–1), while maize treatment showed the higher peaks (up to +437.18 µg N2O-N m–2 hr–1) after cover crop termination under NTR. Cassava treatments had lower (p &lt; 0.05) average cumulative N2O-N emissions (0.74–0.87 kg N2O-N ha–1 yr–1) than maize (1.42 kg N2O-N ha–1 yr–1). With similar yield-scaled CH4 and N2O emissions, cassava yield under NTR-Cs was 20–30% higher (p &gt; 0.05) than CTM-Cs and NTM-Cs, respectively. Accounting for CH4 and N2O emissions and annual SOC accumulation, NTM-Cs, NTR1 and NTR2 systems (2022–24) resulted in a net climate mitigation benefit by sequestering –3.52, –1.93 and –3.16 Mg CO2-eq ha–1 yr–1, respectively. Our results showed that while N2O emissions were consistently higher in the treatment characterized by greater cover crop residue quantity and quality, they only slightly offset the climate benefits due to increased SOC stocks. Overall, the findings underscore the potential of NT systems for sustainable cassava production and climate change mitigation.";https://hal.science/hal-05563979v1
hal-05563096;Modeling and assessment of the sustainability of bioeconomy scenarios in contrasting large-scale territories in France and Europe;Hugues Clivot | Helene Raynal | Hugo Senges | Olivier Therond | Julie Constantin;POSTER;2026-03-23;2026-03-17;2026-03-17;N autonomy | Agro-environmental impacts | Modeling framework | Bioeconomy scenarios;0.sdv | 1.sdv.sa;;SLAM-B;ANR-22-PEXF-0003;Scenario labs to design and evaluate trajectories toward C neutrality;;;XIVth STICS seminar;en;Oui;The objective of this work will be to apply STICS to evaluate different bioeconomy scenarios in contrasting regions of France and Europe by 2050. To this aim, we are (i) developing a generic high resolution modeling framework at the European scale based on data on climate, soils, crop rotations and agricultural practices, and (ii) planning to simulate and evaluate the sustainability of different prospective bioeconomy scenarios. For the multi-criteria assessment of baseline and prospective scenarios, the considered criteria will relate to (i) food and energy biomass production, (ii) agro-environmental performances: soil C storage and soil fertility, nitrogen losses and GHG balance, and (iii) nitrogen self-sufficiency of the investigated territories. We expect to quantify, using a detailed modeling approach applied at the European level, different production potentials and their short- and long-term impacts, and to evaluate and identify scenarios and associated trade-offs that would enable the agricultural sector to cope with various food, energy, and environmental production issues. We also hope to provide a generic information system and a modeling framework that could be reused or adapted for further research or decision support projects.;https://univ-reims.hal.science/hal-05563096v1
hal-05562385;Modeling Sub‐Grid Peatland Vegetation Dynamics in the ORCHIDEE‐PEAT Land Surface Model;Chunjing Qiu | Philippe Ciais | Chenyu Bian | Liyang Liu | Bertrand Guenet | Dan Zhu | Xinyu Chen | Chengliuhui Fang | Jianyang Xia | Anna M Peregon | Natalia P Kosykh | Jiří Dušek | Efrén López‐blanco | Jingfeng Xiao | Xing Li | Ankur R Desai | Eugénie Euskirchen | Colin Edgar | Joshua Ratcliffe | Matthias Peichl | Koffi Dodji Noumonvi | Krzysztof Fortuniak | Włodzimierz Pawlak | Annalea Lohila | Mika Korkiakoski | Mika Aurela | Aram Kalhori;ART;2026-03-23;2026-03;2026-03;;0.sdv | 1.sdv.ee | 2.sdv.ee.eco;;ALAMOD;ANR-22-PEXF-0002;Shared, accurate models and open datasets;WET HORIZONS | HoliSoils | GreenFeedBack;Journal of Advances in Modeling Earth Systems;;en;Oui;Peatlands store about one-third of total global soil carbon. Vegetation composition strongly regulates peatland carbon dynamics. Global warming and climate-driven ecohydrological changes are expected to alter peatland vegetation composition, necessitating accurate simulation of vegetation dynamics to predict future fate of peatland carbon. We incorporated six plant functional types (PFTs) into the ORCHIDEE-PEAT model to represent bryophytes (mosses), C3 graminoids (sedges and grasses), boreal broadleaf deciduous shrubs, boreal needleleaf evergreen trees, tropical evergreen and raingreen (water-driven deciduous) trees growing in peatlands. The introduction and elimination of each PFT in response to bioclimatic conditions, as well as sapling establishment, growth, mortality, and competition among PFTs, are explicitly modeled. Simulated vegetation distributions align well with site-level observations from West Siberian wetlands, where extensive vegetation composition measurements are available for model evaluation. The model slightly overestimated gross primary productivity (GPP) across 60 sites. Evaluation using global satellite-derived land cover, leaf area index and GPP data was encouraging, though challenges lie in the lack of observational data specific to peatlands. From 1901 to 2020, simulated tropical peatland vegetation composition remains relatively stable. In northern peatlands, as a result of warming and declining water table, bryophyte and C3 graminoid cover decrease by 0.2 (13%) and 0.1 (13%) million km 2 , respectively, while shrub and tree cover increase by 0.3 (75%) and 0.03 (2%) million km 2 , respectively. The impacts of these vegetation shift on peatland carbon balance can be explored in future studies using the model, which integrates peatland vegetation dynamics with peatlandspecific hydrology and carbon cycling.;https://hal.science/hal-05562385v1
hal-05562372;Reduced carbon outflow from a Floridian mangrove estuary up to two years after a hurricane;Annemiek I Stegehuis | David T Ho | Laurent Bopp | Bertrand Guenet;ART;2026-03-23;2026;2026;;0.sdv | 1.sdv.ee | 2.sdv.ee.eco;;ALAMOD;ANR-22-PEXF-0002;Shared, accurate models and open datasets;;Communications Earth & Environment;;en;Oui;Mangrove ecosystems are our most carbon rich forests. They play a vital role in regulating carbon fluxes to the ocean (outwelling). These ecosystems are increasingly threatened by degradation. Here we present a 5-year long timeseries from 2014 to 2019 of dissolved organic and inorganic carbon outwelling from the Everglades National Park (Florida, US). The data includes a category 3-4 hurricane in 2017. Our results reveal a substantial and sustained decrease in both organic and inorganic carbon outwelling. Both remain low for up to two years following the hurricane. The mangrove estuarine contribution decreases compared to that of the marsh upstream. The proposed mechanisms are increased outwelling during the hurricane and extreme tree mortality limiting root respiration. With more intense hurricanes in the future, carbon outwelling risks being permanently lowered, which could alter the buffering capacity of coastal ocean acidification depending on the ratio of carbon dioxide within dissolved inorganic carbon.;https://hal.science/hal-05562372v1
hal-05557169;Accounting for vertical leaf heterogeneity, sun-view geometry, and foliage traits to retrieve biophysical variables of Eucalyptus plantations using Sentinel 2 images;Vitoria Barbosa Ferreira | Jean Baptiste Feret | Joannès Guillemot | Otavio Campoe | Guerric Le Maire;ART;2026-03-18;2026;2026;Surface foliaire | Réflectance | Brésil | Télédétection | Eucalyptus | Indice de surface foliaire | Modèle mathématique | Développement biologique | Couvert | Plantations | Biophysical parameter estimation | Génotype | Leaf chlorophyll content | Feuille | Aménagement forestier | Plantation forestière | Vertical heterogeneity | Sun-sensor geometry | Vegetation indices | Sentinel-2 | Leaf area index | Leaf water content | Leaf mass per area;0.shs | 1.shs.stat | 0.sdv | 1.sdv.sa | 2.sdv.sa.sta | 0.sdv | 1.sdv.bv | 0.sdv | 1.sdv.bv | 2.sdv.bv.bot;"Agence Nationale de la Recherche;ANR;FRA;http://dx.doi.org/10.13039/501100001665 | Centre National d'Etudes Spatiales;CNES;FRA;http://dx.doi.org/10.13039/501100002830";RIFT;ANR-22-PEXF-0004;Support to experimental infrastrucure (flux towers);;European Journal of Remote Sensing;;en;Oui;Estimating biophysical forest features from optical reflectance is a key approach for enhancing large-scale forest management. The present study estimates Leaf Area Index (LAI), leaf chlorophyll content (Cab), Leaf Mass per Area (LMA) and Equivalent Water Thickness (EWT) in different Eucalyptus sp. plantations using Sentinel-2 images and multiple linear regression models applicable to various Eucalyptus species and genotypes. This study investigates how canopy vertical heterogeneity, sun–sensor geometry, genotype, and related foliage traits influence the accuracy of biophysical variable retrieval. The key findings show that using a weighted average that gives greater importance to lower canopy leaves improved the accuracy of estimating Cab, LMA and EWT by approximately 35%, 22% and 28%, respectively, compared to relying solely on the upper canopy layer. These results indicate that the sensor's reflectance is substantially influenced by contributions from lower canopy layers. Additionally, incorporating sun–sensor geometry information alongside vegetation indices increased the accuracy of empirical model estimates by 13% for LAI and 41% for LMA. Furthermore, including either genotype information or related biophysical variables further improved model accuracy compared to other tested models, with gains of up to 21% for LAI, 11% for Cab, 44% for LMA and 4% for EWT.;https://hal.science/hal-05557169v1
hal-05552179;Technical note: Further adjustments to the Rock-Eval® thermal analysis for soil organic and inorganic carbon quantification to avoid post-hoc corrections;Joséphine Hazera | David Sebag | Isabelle Kowalewski | Herman Ravelojaona | Eric Verrecchia | Gergely Jakab | Dóra Zacháry | Florian Schneider | Luca Trombino | Raphaël J Manlay | Julien Fouché | Tiphaine Chevallier;ART;2026-03-13;2026-03-04;2026-03-04;;0.sde;The analyses of the Hungarian samples have been supported by the project no. 2019-2.14-ERA-NET-2022-00037 implemented with the support provided by the Ministry of Culture and Innovation of Hungary from the National Research, Development and Innovation Fund, financed under the ERA-NET COFUND/EJP COFUND funding scheme with co-funding from the European Union Horizon 2020 research and innovation program.;ALAMOD;ANR-22-PEXF-0002;Shared, accurate models and open datasets;EJP SOIL;Biogeosciences;;en;Oui;Accurate quantifications of soil organic (SOC) and inorganic (SIC) carbon are essential for a better understanding of the global carbon cycle. The procedures usually used to quantify SOC and SIC (e.g., elemental analysis (EA) after pretreatment) rely on various approximations and can lead to analytical errors. Ramped thermal analyses are increasingly investigated to quantify SOC and SIC by heating a single aliquot and continuously measuring the carbonaceous compounds emitted. The Rock-Eval® thermal analysis (RE) has been standardized to estimate organic and inorganic C contents of oil-bearing rocks through two parameters named TOC and MINC, respectively. Moreover, its pyrolysis phase before the oxidation provides the basis for calculating indices to characterize soil organic matter (OM). However, statistical post-hoc corrections of TOC and MINC are needed to adjust their estimations of SOC and SIC contents because SOC and SIC decomposition signals overlap at the end of the pyrolysis. A new cycle with a final pyrolysis temperature of 520 °C (PYRO520) instead of 650 °C is investigated to avoid SIC decomposition while preserving OM characterization during pyrolysis. The results are compared to the quantifications obtained with the standard analysis cycle (PYRO650) and by EA after pretreatments. The PYRO520 cycle corrects the misallocation of the end-of-pyrolysis signals between the TOC and MINC parameters and thus accurately and repeatably estimated SOC and SIC contents measured by EA after pretreatments without needing post-hoc corrections. Moreover, the values and interpretations of the indices characterizing OM are not drastically modified by the pyrolysis modification.;https://hal.science/hal-05552179v1
hal-05551626;Soil Moisture Reduction Accelerates CO 2 Emissions in Near‐Saturated Cold and Wet Ecosystems;Shaobo Sun | Tao Che | Chaoyang Wu | Xin Li | Stephen Sitch | Baozhang Chen | Lichun Wang | Wenping Yuan | Yuanhe Yang | Shushi Peng | Bin He | Bertrand Guenet | Qing Sun | Akihiko Ito | Bertrand Decharme | Stefanie Falk | Etsushi Kato | Lukas van Zwieten | Iain Hartley | Xiaolei Yang | Hailong Wang | Cong‐qiang Liu | Zhaoliang Song;ART;2026-03-13;2026-03-13;2026-03-13;;0.sde;;ALAMOD;ANR-22-PEXF-0002;Shared, accurate models and open datasets;;Global Biogeochemical Cycles;;en;Non;Abstract Global cold and wet ecosystems, such as permafrost, northern peatlands, Arctic tundra, boreal wetlands, and alpine swamp meadows, store large amounts of soil organic carbon (SOC) and are typically water‐rich. While it is well recognized that these ecosystems are highly vulnerable to climate warming as it accelerates SOC decomposition, how soil water levels regulate SOC decomposition and CO 2 emissions specifically by constraining oxygen (O 2 ) availability during the growing season remains poorly understood at large spatial scales. Here, we integrate field observations, global data sets, and process‐based models to quantify how soil water dynamics influence CO 2 emissions by regulating O 2 diffusion across these ecosystems. Results from 107 field sites consistently reveal a protective effect of high soil water levels against SOC decomposition and CO 2 release during the peak growing season (representing one‐third of the year), suggesting that, beyond warming, the loss of this protection due to soil moisture reduction under near‐saturated conditions is a critical driver of increased CO 2 emissions. However, global data‐driven data sets and process‐based model simulations show divergent correlations between soil CO 2 emissions and soil water levels. Many models, which rely on simplified soil moisture scalars or empirical functions to represent soil water level effects, inadequately reproduce the effects of soil water levels on SOC decomposition and CO 2 emissions in cold and wet ecosystems. Our study underscores the urgent need to incorporate more mechanistic representations of soil water‐mediated SOC decomposition into models and to improve spatially explicit hydraulic parameters, thereby enhancing projections of soil carbon‐climate feedback.;https://hal.inrae.fr/hal-05551626v1
hal-05551344;Linking energy service access and human capabilities to assess energy justice in the rural Sahel;Moussa Ka | Théo Chamarande | Maud Loireau | Ababacar Ndiaye | Benjamin Pillot;ART;2026-03-13;2026-01-28;2026-01-28;Energy access | Rural areas | Human well-being | Energy services | Energy justice | Sahel;0.shs;;NZEMIX | SLAM-B;ANR-23-CE05-0003 | ANR-22-PEXF-0003;Trajectoires de mix énergétique décarboné dans une Afrique de l'Ouest impactée par le changement climatique | Scenario labs to design and evaluate trajectories toward C neutrality;;Scientific Reports;;en;Oui;"The Sahel covers more than 3 M km² across eleven countries and accounts for only one-tenth of the world’s per capita energy consumption, yet it remains largely unexplored in the energy justice literature. Energy justice offers a suitable analytical framework for studying disparities in energy access and assessing corresponding public policies. However, apprehending the real benefits of energy related infrastructures (e.g., electric grid, roads, telecommunications network) requires to go beyond access to new energy carriers. We thus propose to enrich the energy justice framework by considering (1) access to energy services and (2) the capability-based theory of human well-being. Drawing on field observations and interviews in rural Senegal, we show that (1) benefits from new infrastructures still remain unevenly distributed: though opening up rural areas and providing local populations with new energy services, specific communities (e.g., semi-nomadic, low-income) are often left aside; (2) social tensions may arise locally due to resource management, as new or more productive energy services become available. We conclude that energy policies should not only focus on infrastructures (regional energy access), but also consider the corresponding end-use equipment (local energy service access), the heterogeneity of populations’ practices and lifestyles, and the potential side effects of energy policies on other sectors.";https://hal.science/hal-05551344v1
hal-05548567;Organic carbon composition and preservation in macrotidal coastal wetland sediment: insights from biomarkers and isotopic signatures | Composition et préservation du carbone organique dans les sédiments de zones humides côtières macrotidales : apports des biomarqueurs et des signatures isotopiques;Benjamin Amann | Bénédicte Dubillot | Eric Chaumillon | Cornelia Rumpel | Marie-France Dignac | Axel Felbacq | Sabine Schmidt | Maël Destampes | Marie Arnaud | Edouard Metzger | Thomas Lacoue-Labarthe | Christine Dupuy;ART;2026-03-12;2026;2026;Lignin phenols | Blue carbon | Fatty acids | Wave tide-dominated estuary | Salt-marsh and mudflat | Carbon accumulation rates | Stable carbon isotopes;0.sde | 0.chim | 1.chim.othe;Caisse des Dépôts - Projet La Rochelle Territoire Zero Carbone (PIA TIGA #25875420) | Région Nouvelle-Aquitaine - Projet La Rochelle Territoire Zero Carbone (PIA TIGA #25875420);CarboNium | CABESTAN;ANR-22-PEXF-0006 | ANR-22-PEXF-0007;Support to instrumentation land–coastal zone continuum | The carbon cycle at the land-sea interface in the context of tidal zones and wetlands of the Atlantic and Channel coasts;;Science of the Total Environment;;en;Oui;"Coastal wetlands store high amounts of organic carbon (OC) in their sediments, but long-term preservation of this carbon depends on habitat type, sediment depth, and the molecular characteristics of organic matter (OM). This study explores the dynamics of OC deposition and preservation across vertical profiles (0–30 cm) in two adjacent coastal habitats—mudflat, and salt-marsh—within the macrotidal system of the Aiguillon Bay (France). A multi-tracer approach was applied, combining stable isotopes δ13C, C/N ratios, lignin phenols, and fatty acids. Sediment OC content ranged from 13.4 to 23.2 mgC g−1, with the highest concentrations found in the salt-marsh. δ13C and C/N signatures revealed dominant marine source in the mudflat, with a secondary contribution from microphytobenthos, and mixed marine–C₃ plant inputs in the salt-marsh. Fatty acids and lignin compositions supported this partitioning, with surface mudflat layers enriched in labile microbial and algal-derived compounds, whereas deeper salt-marsh sediments retained more resistant, C3 plant-derived signatures resembling those of terrestrial OM source. OM degradation rates were closely linked to source composition and depth. Degradation was concentrated within the top 5 cm of salt-marsh and the top 10 cm of mudflat. Below these depths, biomarker profiles changed minimally, delineating a transition to longer-term preservation. First-order degradation constants were three times higher in mudflat (0.53 yr−1) than in salt-marsh (0.17 yr−1), despite similarly high sedimentation rates (1.8 and 2.2 cm yr−1, respectively). This reflects differences in OM lability, with even minor contributions from microphytobenthos enhancing reactivity in mudflats. Salt-marshes, with their intermediate OM reactivity and high sedimentation rates, emerged as hotspots of carbon accumulation (366 gC m−2 yr −1), while mudflats also contributed substantially to coastal carbon sequestration (239 gC m−2 yr −1). These results highlight the value of depth-resolved, biomarker-based approaches to identify habitat-specific degradation dynamics; ultimately better understanding carbon accumulation in coastal ecosystems.";https://cnrs.hal.science/hal-05548567v1
hal-05359386;Tidal Pumping, Alkalinity Production and Export: An Overlooked Carbon Sequestration Process in Salt Marshes;Paul Kanfer | Pierre Anschutz | Céline Charbonnier | Dominique Poirier | Bruno Deflandre | Martin Danilo | Charlene Steinmetz | Jimmy Desnues | Sabine Schmidt;COMM;2026-03-10;2025-07-06;2025;Alkalinity | Tidal pumping | FairCarboN | Coastal zone | Carbon;0.sde;;CABESTAN;ANR-22-PEXF-0007;The carbon cycle at the land-sea interface in the context of tidal zones and wetlands of the Atlantic and Channel coasts;;;Goldschmidt2025;en;Oui;;https://hal.science/hal-05359386v1
hal-05544325;Carbon sequestration as alkalinity and associated biogeochemical processes in the Arcachon Lagoon;Paul Kanfer | Céline Charbonnier | Pierre Anschutz;COMM;2026-03-09;2024-06-05;2024-06-05;FairCarboN;0.sde;;CABESTAN;ANR-22-PEXF-0007;The carbon cycle at the land-sea interface in the context of tidal zones and wetlands of the Atlantic and Channel coasts;;;ISOBAY 18 – XVIIIe International Symposium on Oceanography of the Bay of Biscay;en;Non;Abstract: Coastal wetlands are widely represented on the French Channel and the Atlantic coast. As Blue Carbon ecosystems, they can capture and sequester carbon sustainably. Local carbon density, net CO2 sequestration, CH4 emission, alkalinity production, and its transfer to the ocean are regulated by a wide variety of factors, including salinity, nutrient loads, tide, and seasonality. This study focuses on carbon sequestration as alkalinity in the intertidal zone of the Arcachon lagoon. More specifically, we studied the hydrology and chemical composition of the waters draining the salt marshes at low tide by sampling these waters along a tidal creek fed largely by seepage of pore water from the salt marsh sediments. We also measured the discharge rates. These measurements were taken at different tidal amplitudes and during spring tide cycles. Our results show that the brackish waters are systematically enriched in alkalinity and depleted in sulfate compared with the calculation of the mixture of high tide water and freshwater. This indicates that sulfate reduction in sediments and the precipitation of sulfides in sediments are important processes in alkalinity generation. Measured fluxes show that approximately 2,000 moles of C are sequestered and transferred to the open Arcachon lagoon as alkalinity per tide for a drained salt marsh area of 30 hectares (or 560 kg C/ha/yr). This indicates that salt marshes are efficient at sequestering carbon and that tidal pumping is an important and generally overlooked process in this sequestration.;https://hal.science/hal-05544325v1
hal-05544036;Carbon Fluxes in a Temperate Tidal Marsh Subject to Green Tides;Paul Kanfer | Pierre Anschutz | Céline Charbonnier | Bruno Deflandre | Martin Danilo | Sabine Schmidt | Aline Migné | Laura Noel;COMM;2026-03-09;2026-02-22;2026-02-22;FairCarboN;0.sde;;CABESTAN;ANR-22-PEXF-0007;The carbon cycle at the land-sea interface in the context of tidal zones and wetlands of the Atlantic and Channel coasts;;;Ocean Sciences Meeting;en;Non;Green tides and eutrophication alter biogeochemical processes, endangering coastal ecosystems. Tidal marshes are particularly susceptible to these changes. Changes in the turnover of organic matter and in redox conditions are characteristic of green tide habitats. However, the critical role of green tides in coastal carbon budgets is not well understood. This study focuses on CO2 sequestration and blue carbon in an Ulva spp.-affected tidal marsh in French Brittany. Furthermore, the aim was to compare classical blue carbon capacity and lateral carbon fluxes. To this end, two sampling periods were chosen: one with green tides in August and one without in March. To determine fluxes from tidal pumping, water discharge, concentrations of nutrients and carbon (DIC, DOC and CH4), and d-13DIC were measured at low tide in waters sampled from tidal creeks during spring and neap tides. Benthic diffusive fluxes were measured during immersion at high tide, and , CO2 and CH4 fluxes were measured at low tide, organic carbon burial rates were assessed. Our results show that green tides enhance benthic mineralization processes, leading to higher DIC, DOC, and CH4 in waters draining out of the marsh. These waters are enriched in alkalinity and depleted in sulfate and nitrate compared to the mixture of local seawater and freshwater endmembers, which suggests that denitrification and sulfate reduction are involved in alkalinity production. Calcium and d-13DIC measurements also demonstrate the role of CaCO3 dissolution in alkalinity production. The measured fluxes demonstrate that the quantity of carbon sequestered as alkalinity exceeds the quantity of organic carbon buried. Tidal pumping plays an important yet often overlooked role in alkalinity export. This indicates that the blue carbon capacity of eutrophic tidal marshes is constrained by the high rate of organic matter mineralization, which results in alkalinity production.;https://hal.science/hal-05544036v1
hal-05543943;Benthic fluxes at the scale of a tidal sandy bay : diffusive versus advective (tidal pumping) contribution;Pierre Anschutz | Céline Charbonnier;COMM;2026-03-09;2024-06-05;2024-06-05;FairCarboN;0.sde;Conseil Régional BretagneAgence de l'eau Loire-Bretagne;CABESTAN;ANR-22-PEXF-0007;The carbon cycle at the land-sea interface in the context of tidal zones and wetlands of the Atlantic and Channel coasts;;;ISOBAY XVIII;en;Non;Elemental cycling in tidal ecosystems is particularly non-stationary due to the simultaneous influence of tidal and seasonal forcing, combined with the freshwater-saltwater transition. The determination of nutrient fluxes from sediments requires original approaches in order not to miss a significant part of the total fluxes in this context. Thus, in addition to benthic flux measurements, it is necessary to estimate fluxes due to hydraulic pumping associated with the tides (tidal pumping). This is even more true for foreshores composed of permeable sediments, where the hydraulic component plays a major role in the dynamics of biogeochemical fluxes, such as the Bay of Lancieux (Brittany), a 6 km2 macrotidal bay composed of sandy sediments. Sediment cores were taken each season in this bay to assess benthic fluxes. The waters of the rivers feeding the bay were sampled. In their extension, the channels draining the bay were sampled at low tide to quantify the contribution of tidal pumping to the flux of biogenic compounds. Extrapolated to the bay scale, the diffusive fluxes correspond to an annual source of about 1,430 kg nitrogen and 40 kg phosphorus. In addition to these fluxes occurring at high tide, fluxes associated with the tidal pump at low tide show annual N and P fluxes of 3824 kg and 383 kg respectively. Phosphate fluxes are highest in summer, while nitrogen fluxes are highest in autumn and winter. Rivers remain the main source of nutrients on an annual scale with 53 tonnes of nitrogen and 1.3 tonnes of phosphorus. Sediment input is small but proportionally dominant in summer when rivers have low discharge. The sandy sediments of the bay are a relatively important source of phosphorus, with a contribution of about 0.4 tonnes per year, mainly linked to the summer fluxes of the tidal pump.;https://hal.science/hal-05543943v1
hal-04929065;Arctic soil carbon insulation averts large spring cooling from surface–atmosphere feedbacks;Rémi Gaillard | Philippe Peylin | Patricia Cadule | Vladislav Bastrikov | Frédérique Chéruy | Amélie Cuynet | Josefine Ghattas | Dan Zhu | Bertrand Guenet;ART;2026-03-08;2025-01-13;2025-01-13;FairCarboN;0.sde;;ALAMOD | IMPRESSION-ESM;ANR-22-PEXF-0002 | ANR-22-EXTR-0008;Shared, accurate models and open datasets | TRansformative Advances in Climate modelling for Climate Services - Projet Ciblé 7 - IMproving the physical PRocESS representatION in Earth System Models;;Proceedings of the National Academy of Sciences of the United States of America;;en;Oui;The insulative properties of soil organic carbon (SOC) and surface organic layers (moss, lichens, litter) regulate surface–atmosphere energy exchanges in the Arctic through a coupling with soil temperatures. However, a physical description of this process is lacking in many climate models, potentially biasing their high-latitude climate predictions. Using a coupled surface–atmosphere model, we identified a strong feedback loop between soil insulation, surface air temperature, and snowfall. Without insulation, the latent heat needed for soil ice thawing leads to a late spring and summer cold bias in surface air temperature (above 2 °C) over Arctic regions. The integration of soil insulation eliminates this bias and significantly improves the simulation of permafrost dynamics. Our findings, including the potential consequences of large perturbations (e.g., fires), highlight the importance of combining soil water freezing with a physical representation of SOC and surface organic layer insulation in Earth system models, to improve Arctic climate predictions.;https://hal.science/hal-04929065v1
hal-05249521;Carbon farming: The foundation for carbon farming schemes – lessons learned from 160 European schemes | Agriculture carbone : les fondements des programmes d'agriculture carbone – enseignements tirés de 160 programmes européens;Martin Hvarregaard Thorsøe | Ennio Facq | Irene Criscuoli | Laura Martínez-García | Claudia Heidecke | Leonardo Amthauer Gallardo | Andrea Martelli | Nikolas Hagemann | Bert Smit | Jennie van Der Kolk | Francesco Galioto | Stephane de Cara | Jana Poláková | Morten Graversgaard;ART;2026-03-06;2025-11;2025-11;Carbon farming | MRV | Carbon sinks | Agri-environmental schemes | Green deal;0.qfin;;CLIM-FAS;ANR-23-PEXF-0001;CLimate change Mitigation potential of the French Agricultural Sector;EJP SOIL;Land Use Policy;;en;Oui;Enhancing carbon sequestration while maintaining and improving the soil ecosystem services of agricultural soils, including managed peatland, is an important lever for mitigating climate change in the Land-Use, Land-Use Change and Forestry sector. This can be achieved through the application of a mix of agricultural practices that may reward farmers in a green business model, often referred to as carbon farming (CF). To ensure the credibility of CF and acceptance among farmers, investors, and policymakers, there is a need to design CF schemes that enable the effective implementation of such practices across Europe. The objective of this study is to explore the design of existing CF schemes in relation to quantifying carbon removal, ensuring additionality, long-term storage, and sustainability. Further, to discuss the implications for the design and implementation of CF schemes in Europe, including the basis and potential for developing results-based CF schemes. Our analysis is based on an inventory of 160 CF schemes implemented across Europe, and an in-depth assessment of 40 of them. A majority of the schemes we identify are found in Northwestern Europe and are activity-based schemes funded by public expenditure. Further, across schemes, we observe substantial differences in the quality of the carbon removal due to different measures supported, documentation requirements, and years of carbon storage. While result-based schemes provide farmers with a direct incentive to increase carbon sequestration and are emphasized as an important policy objective, our analysis documents that currently, most existing CF schemes in Europe use activity-based incentives. | Améliorer la séquestration du carbone tout en préservant et en améliorant les services écosystémiques des sols agricoles, y compris les tourbières gérées, est un levier important pour atténuer le changement climatique dans le secteur de l'utilisation des terres, du changement d'affectation des terres et de la foresterie. Cet objectif peut être atteint grâce à la mise en œuvre d'un ensemble de pratiques agricoles qui peuvent récompenser les agriculteurs dans le cadre d'un modèle commercial vert, souvent appelé « agriculture carbone » (CF). Afin de garantir la crédibilité de l'agriculture carbone et son acceptation par les agriculteurs, les investisseurs et les décideurs politiques, il est nécessaire de concevoir des programmes d'agriculture carbone qui permettent la mise en œuvre efficace de ces pratiques dans toute l'Europe. L'objectif de cette étude est d'examiner la conception des programmes d'agriculture carbone existants en termes de quantification de l'élimination du carbone, de garantie de l'additionnalité, de stockage à long terme et de durabilité. Elle vise également à discuter des implications pour la conception et la mise en œuvre de programmes d'agriculture carbone en Europe, y compris les bases et le potentiel pour le développement de programmes d'agriculture carbone basés sur les résultats. Notre analyse repose sur un inventaire de 160 programmes de CF mis en œuvre à travers l'Europe et sur une évaluation approfondie de 40 d'entre eux. La majorité des programmes que nous avons recensés se trouvent en Europe du Nord-Ouest et sont des programmes basés sur les activités et financés par des dépenses publiques. En outre, nous observons des différences substantielles entre les programmes en termes de qualité de l'élimination du carbone, en raison des différentes mesures soutenues, des exigences en matière de documentation et des années de stockage du carbone. Alors que les programmes basés sur les résultats incitent directement les agriculteurs à augmenter la séquestration du carbone et sont présentés comme un objectif politique important, notre analyse montre qu'à l'heure actuelle, la plupart des programmes de CF existants en Europe utilisent des incitations basées sur les activités.;https://hal.inrae.fr/hal-05249521v1
hal-05534288;Thirty years of nitrogen dynamics in European agri-food systems: a territorial metabolic perspective;Ludovic Harter | Rasmus Einarsson | Jean-Christophe Lata | Julia Le Noë;ART;2026-03-03;2026-02-20;2026-02-20;Agri-food systems | Nitrogen budget | Specialization trajectories | Agro-environmental indicators | Socio-ecological metabolism | Europe | GRAFS | Agri-food systems | Nitrogen budget | Specialization trajectories | Socio-ecological metabolism;0.sde | 1.sde.es;;SLAM-B;ANR-22-PEXF-0003;Scenario labs to design and evaluate trajectories toward C neutrality;;Environmental Research Letters;;en;Oui;European agri-food systems face the dual challenge of reducing their environmental footprint, particularly nitrogen losses, while meeting the demands for both food and non-food biomass. Because future responses will have to build on the legacy of past trajectories, addressing this challenge requires a sound, fine-grained understanding of those trajectories. In the present study, we address this challenge by compiling a dataset (1990–2019) quantifying nitrogen flows across the agri-food systems of 120 European territories. Using this dataset, we apply the generalized representation of agri-food systems framework to classify agri-food systems into six types representing different degrees of specialization. Our results show that agricultural systems became increasingly specialized, rising from 22% of specialized territories in 1990 to 36% in 2019, indicating a growing reliance on external feed and fertilizer inputs. Most of these transitions occurred in eastern Europe, predominantly toward stockless cropping systems. Although these evolutions unfolded within broader processes of market liberalization, transition patterns also displayed clear path-dependency effects rooted in the material configuration of agri-food systems. This is evidenced by the analysis of transition frequencies, which shows that some transitions occurred repeatedly while others never occurred, pointing to the influence of initial system configurations on subsequent trajectories. By contrast, changes in agro-environmental performance were only weakly linked to system transitions. The increases in nitrogen use efficiency (from 0.57 to 0.70) and declines in nitrogen surplus (from 68 to 49 kg N ha −1 ) rather coincided with higher yields and increased nitrogen input application rates, pointing to the dominant role of factors not explicitly captured here, such as shifts in agronomic practices and pedo-climatic conditions. Taken together, these findings provide both a critical dataset and a robust understanding of recent territorial agri-food trajectories, thereby offering a solid empirical basis for anticipating future transitions and developing scenario-based analyses.;https://hal.science/hal-05534288v1
hal-05527876;Organic matter, nutrients, and colloidal trace elements in pore waters, dispersed ice and aqueous leachates from mineral soils of the permafrost region;Artem Lim | Sergey Loiko | Oleg Pokrovsky;ART;2026-02-26;2025-11;2025-11;Porewater | Ice | Carbon | Nutrients | Trace elements | Colloids;0.sde;;PEACE;ANR-22-PEXF-0011;Permafrost Ecosystem changes across the Arctic: Carbon and nutrients cycling in terrestrial-aquatic Environments;;Geoderma;;en;Oui;"Under all considered climate warming scenarios, currently frozen mineral soils in permafrost regions may become a tipping point in the overall balance between land and coastal zone ecosystems. The thawing of dispersed ice in these soils is likely to liberate substantial amounts of organic carbon (OC), along with organic and inorganic macro- and micronutrients and trace elements. On one hand, this represents a potentially important feedback mechanism to climate warming, as the mobilized OC and nutrients may be exported to large rivers and ultimately to the Arctic Ocean’s coastal zone. On the other hand, toxic metals stored in the ice may also be leached into aquatic environments, posing ecological risks. To quantify the potential for solute mobilization from frozen soils to adjacent aquatic ecosystems, we sampled mineral soil cores from the continuous permafrost zone in the Western Siberian Lowland. In interstitial porewater, dispersed ice, and aqueous leachates, we analyzed 77 solutes—including organic and inorganic nutrients and trace metals—in both the dissolved (&lt;0.22 µm) and low molecular weight (&lt;3 kDa) fractions. In the porewaters and dispersed ice, maximum concentrations of aromatic OC, Fe, Al, and several insoluble elements were observed at depths of 40–90 cm, within the active layer. This accumulation may be linked to bidirectional freezing concentration processes, leading to the buildup of organo-Fe and Al colloids—carrying these insoluble elements—just above the active layer boundary. In addition to colloids, we also detected substantial quantities of sub-colloidal inorganic particles (0.22–3 µm), with Al–Si–Fe aggregates being the dominant components. We found comparable storage of nutrients (N, Si) and biologically important trace elements (Fe, Mn, Se) in the fluids of both peat and mineral soils. In contrast, most other major and trace organic and inorganic solutes were significantly enriched in peat porewater and dispersed ice compared to the interstitial aqueous phase of mineral soils. The concentrations of major and trace solutes in aqueous leachates of mineral soils (1:5) were 2 to 30 times lower than those in native porewater from the active layer. This discrepancy can be attributed to the periodic leaching of solutes from the active layer during the unfrozen period of the year. The global significance of these findings is that the initial thawing of permanently frozen mineral soils—those located below the current active layer—will have the greatest impact on solute removal from soil to aquatic systems. Overall, the dispersed ice within mineral horizons below the active layer serves as a highly labile reservoir of organic and inorganic nutrients. These solutes can be readily exported to adjacent surface waters as permafrost thaw and climate warming continue.";https://hal.science/hal-05527876v1
hal-05527886;Assessing Relationships Between Land Cover and Summer Local Climates in the Abisko Region, Northern Sweden;Romain Carry | Yves Auda | Dominique Remy | Oleg S Pokrovsky | Erik Lundin | Alexandre Bouvet | Laurent Orgogozo;ART;2026-02-25;2026-01-29;2026-01-29;Subarctic regions | Abisko | Land cover mapping | Remote sensing | Random forest;0.sde;CALMIP (project p.12166);PEACE | HiPerBorea;ANR-22-PEXF-0011 | ANR-19-CE46-0003;Permafrost Ecosystem changes across the Arctic: Carbon and nutrients cycling in terrestrial-aquatic Environments | Calcul haute performance pour la quantification des impacts du changement climatique sur les régions boréales;;Applied Sciences;;en;Oui;Climate warming impacts arctic and subarctic lands, subjecting it to a generalized rise in soil temperature and causing changes in the surface cover. Land cover is a key control parameter for soil hydrothermal states, and its study by satellite imagery is necessary for monitoring boreal surface changes over time at large scales. Understanding the links between land cover and environmental conditions is also crucial to anticipate the impacts of atmospheric changes on continental surfaces. Sentinel-1 and Sentinel-2 data combined with a field campaign in July 2024 were used to produce a 10 m spatial resolution land cover map in the Abisko region, northern Sweden, covering 2180 km2 and including three watersheds with an overall accuracy exceeding 94%. In parallel, temperature and precipitation fields were statistically downscaled at 100 m spatial resolution using topography, ordinary kriging based on weather stations and reanalysis. The relationships between surface areas and average summer temperature–precipitation clusters reveal that the vegetation distribution closely reflects the recent atmospheric conditions with the treeline following the 10.2 °C July–August isotherm in the considered area. This study provides a spatial basis for investigating the complex atmosphere–surface interactions and for assessing the sensitivity of boreal landscapes to ongoing climate warming.;https://hal.science/hal-05527886v1
hal-05527878;Hydrological continuums across climate and permafrost gradients: Spatial patterns of organic carbon, greenhouse gases, and major and trace elements;Ivan Krickov | Sergey Loiko | Artem Lim | Darya Kuzmina | Georgy Istigechev | Liudmila Shirokova | Yuri Pupyshev | Oleg Pokrovsky;ART;2026-02-25;2026-04;2026-04;;0.sde;;PEACE;ANR-22-PEXF-0011;Permafrost Ecosystem changes across the Arctic: Carbon and nutrients cycling in terrestrial-aquatic Environments;;Water Research;;en;Oui;;https://hal.science/hal-05527878v1
hal-05527860;"Greenhouse gases, organic carbon, major and trace elements in ultra-small water bodies (&lt;100 m2) of permafrost peatlands: Assessment across seasons and permafrost gradient";Artem G Lim | Rinat M Manasypov | Ivan V Krickov | Liudmila S Shirokova | Sergey N Vorobyev | Oleg S Pokrovsky;ART;2026-02-25;2025-04-18;2025-04-18;Permafrost | CO2 CH4 peatland | Surface water | Trace metals | Thermokarst;0.sde;Main support for this work was from the RSF project 24-17-00300 “Role of lakes in carbon balance of the boreal zone, western Siberia”. Partial support by TSU Programme “Priority-2030” and project PEACE of PEPR FairCarboN ANR-22-PEXF-0011 is also acknowledged.;PEACE;ANR-22-PEXF-0011;Permafrost Ecosystem changes across the Arctic: Carbon and nutrients cycling in terrestrial-aquatic Environments;;Journal of Hydrology;;en;Oui;"Thawing permafrost releases substantial amounts of greenhouse gases (GHGs), organic carbon (OC), nutrients, and trace metals into surface waters including rivers and, eventually, the Arctic Ocean. However, intermediate components linking soil and surface waters—specifically, small and ultra-small puddles and depressions (&lt;10–100 m2) formed after snowmelt in spring and through permafrost thaw in summer—have largely remained outside the scope of research. In this study, we investigated 206 surface waters from small depressions and puddles (1–100 m2) in spring, summer, and autumn across a permafrost gradient, spanning from sporadic to continuous permafrost zones in the Western Siberian Lowlands (WSL). Our findings showed the highest concentrations of carbon dioxide (CO2) and methane (CH4) in the sporadic/discontinuous permafrost zones during summer and autumn, likely due to intensive mobilization of organic carbon from peat and GHG generation at the active permafrost thawing front. Across all permafrost zones, the highest concentrations of major and trace solutes were observed during summer and autumn, with the lowest concentrations in spring. This trend likely reflects a progressive increase in connectivity between surface and subsurface waters, which are enriched in GHGs, organic matter (OM) and inorganic components due to leaching from peat and soil minerals. For the two main size ranges of studied small water bodies (SWBs) in the WSL — &lt;10 m2 and 10–100 m2 — no significant seasonal or spatial differences were observed in CO2, CH4, DOC, macro- and micronutrient or metal concentrations. When averaged across all seasons and permafrost zones, SWBs showed concentrations of CH4 and CO2 approximately 10 times higher and levels of certain macro- (Si and P) and micronutrients (Fe, Co, Rb and Mn) 3 to 7 times higher when compared to thermokarst lakes. Thus, despite their limited surface area, SWBs may serve as crucial regulators of GHG dynamics and nutrient storage, especially during the understudied transitional seasons of spring and autumn.";https://hal.science/hal-05527860v1
hal-05527848;Contrasting soil temperature regimes in peatlands of the discontinuous permafrost zone (Western Siberia);Tatiana Raudina | Sergey Loiko | Georgyi Istigechev | Sergey Kulizhskiy | Laurent Orgogozo | Oleg Pokrovsky;ART;2026-02-25;2025-05;2025-05;;0.sde;;PEACE;ANR-22-PEXF-0011;Permafrost Ecosystem changes across the Arctic: Carbon and nutrients cycling in terrestrial-aquatic Environments;;Geoderma;;en;Oui;;https://hal.science/hal-05527848v1
hal-05527842;Export fluxes of dissolved, colloidal and particulate organic carbon, major and trace elements from the Ob River and its tributaries across seasons | Exportations des flux de carbone organique dissous, colloïdal et particulaire, ainsi que des éléments majeurs et traces, du fleuve Ob et de ses affluents au fil des saisons;Ivan V Krickov | Sergey N Vorobyev | Larisa G Kolesnichenko | Yuri Kolesnichenko | Dmitri Zinchenko | Liudmila S Shirokova | Oleg S Pokrovsky;ART;2026-02-25;2025-01-30;2025-01-30;Element | Fluxes | River | Organic carbon | Trace element | Colloid;0.sde;Financial support for this work was from TSU Programme Priority-2030 and Russian Science Foundation for support (project No 23–17–00281). OP was partially supported by project PEACE of PEPR FairCarboN ANR-22-PEXF-0011. OP and LS were also supported by State Task (project № 122011800149–3) of the FCIARctic UB of RAS. We are grateful to two anonymous reviewers for very pertinent and constructive remarks.;PEACE;ANR-22-PEXF-0011;Permafrost Ecosystem changes across the Arctic: Carbon and nutrients cycling in terrestrial-aquatic Environments;;Water Research;;en;Oui;"Riverine export fluxes of organic carbon (OC), major and trace elements remain at the forefront of environmental research in Arctic and subarctic regions, due mostly to high sensitivity of river hydrochemical parameters to climate warming and, at the same time, global importance of OC, nutrients and toxicants delivered by rivers to the Arctic Ocean. In contrast to reliable information on export fluxes of carbon and metals from the mainland to the Arctic Ocean by large and mid-size Arctic rivers, the majority of these studies quantify either dissolved (&lt; 0.45 µm) or particulate suspended matter (PSM) fluxes, without mechanistic analyses of element speciation in most labile, low molecular weight (LMW) or colloidal form. Here we assessed colloidal versus LMW (&lt; 3 kDa) and suspended (&gt; 0.45 µm) export of OC, major and trace elements in a large Siberian river (Ob) and its smaller tributaries, situated within a boreal taiga / wetland zone. The main differences between Ob and its small tributaries are (i) higher dissolved OC and dissolved and particulate Fe concentrations in tributaries, due to input from surrounding bogs, (ii) much higher PSM load (clays) in the large river (Ob) compared to smaller tributaries; and (iii) strong underground water input for the Ob River, especially during baseflow, which is less pronounced for its tributaries. These major environmental factors were largely responsible for specific features of colloidal vs particulate export for the Ob River and its tributaries.<p>Annual export fluxes normalized to the watershed area (yields) were similar for most elements in dissolved (&lt; 0.45 µm) fraction between the Ob and the tributaries, exempting Fe, Mn, Co and Zn which were higher in tributaries essentially due to input from wetlands. Export of Mo, V, W and U was higher in the Ob River due to pronounced groundwater influence. Colloidal (3 kDa -0.45 µm) yields were also generally higher in the tributary compared to Ob, except for those soluble elements of groundwater input (Sr, Mo, W, U). The particulate suspended (&gt; 0.45 µm) yield of all elements, except Mn, was much higher in the Ob River when compared to its smaller tributaries. Overall, elemental fluxes of small wetland-draining tributaries of the Ob River can be considered analogous to the small rivers of the permafrost-free portion of the Arctic coast. Such small rivers are more sensitive to processes occurring at the watershed level, hence being an efficient potential sentinel for environmental changes. Fluxes in large Arctic coast rivers are more conservative and are strongly controlled by the effects of PSM interaction with river water at high flow and groundwater loading at base flow. Global significance of our findings is that elemental dissolved (&lt; 0.45 µm) yields of small Artic rivers draining coastal wetlands and boreal forests can be adequately (within a factor of 2 to 3, comparable to inter-annul variations and uncertainties) approximated by those currently available for mid-sized and large rivers.</p>";https://hal.science/hal-05527842v1
hal-05527681;Rapport technique : Définition d'un plan de simulation STICS à échelle européenne, dans le cadre du projet SLAM-B et identification des unités pédoclimatiques pertinentes | Technical report: Definition of a STICS-oriented, european-wide, simulation plan, within the SLAM-B project, and identification of relevant pedoclimatic units;Hugo Senges | Helene Raynal | Julie Constantin | Hugues Clivot;REPORT;2026-02-25;2026-01-26;2026-01-26;Simulation | Pédo-climat | Climat | Système d'information Géographique | Données | Modélisation | FairCarboN | Sol;0.sdv | 1.sdv.sa | 0.info | 1.info.info-mo;;SLAM-B;ANR-22-PEXF-0003;Scenario labs to design and evaluate trajectories toward C neutrality;;;;fr;Oui;Ce travail s'inscrit dans le projet SLAM-B qui vise à concevoir et évaluer les trajectoires de bioéconomie des territoires vers la neutralité carbone. Ce rapport propose une méthode robuste de construction d’unités spatiales homogènes pour la simulation agro-environnementale à l’échelle européenne. Il vise à concilier la diversité et l’hétérogénéité des sources de données (sol, climat, occupation des sols) avec les contraintes d'homogénéité spatial et d'efficacité computationnelle pour alimenter modèle de culture STICS. Plusieurs jeux de données sont mobilisés, dont SoilGrids, ESDB, LUCAS et les données climatiques associées à la grille Agri4Cast. Une classification non supervisée (k-moyennes) est ensuite mobilisée afin d’identifier des groupes homogènes de contextes pédo-climatiques, réduisant ainsi le nombre d’unités à simuler tout en limitant la perte d’information. L’ensemble de la démarche est évalué à travers des analyses zonales et azonales permettant de quantifier les effets des choix méthodologiques sur la distribution des surfaces et la représentativité des sols agricoles. Une attention particulière est portée aux arbitrages entre précision locale et soutenabilité computationnelle, ainsi qu’aux conséquences des opérations de rognage spatial et de filtrage des occurrences minoritaires. | This work is part of the SLAM-B project which aims to design and evaluate the bioeconomy trajectories of territories towards carbon neutrality. This report proposes a robust method for constructing homogeneous spatial units for agri-environmental simulation at the European scale. It aims to reconcile the diversity and heterogeneity of data sources (soil, climate, land use) with the constraints of spatial homogeneity and computational efficiency to feed STICS crop model. Several datasets are mobilized, including SoilGrids, ESDB, LUCAS and climate data associated with the Agri4Cast grid.;https://hal.inrae.fr/hal-05527681v1
hal-04920051;Rapport technique sur la constitution d’un système d’information géographique à l’échelle de l’Europe, dans le cadre du projet SLAM-B : Volet donnés climatiques | Technical report on the establishment of a geographic information system at the scale of Europe, within the framework of the SLAM-B project: Climate data component;Hugo Senges | Helene Raynal | Hugues Clivot | Julie Constantin;REPORT;2026-02-25;2025-01-29;2025-01-29;Climate | Modélisation | FairCarboN | Système d'information | Data | Climat;0.sdu | 1.sdu.stu | 2.sdu.stu.cl | 0.info | 1.info.info-db;;SLAM-B;ANR-22-PEXF-0003;Scenario labs to design and evaluate trajectories toward C neutrality;;;;fr;Oui;Ce rapport analyse les données climatologiques grillées à l’échelle européenne pour la simulation du modèle STICS sur la période 1990-2050. Il s’inscrit dans le projet SLAM-B du programme FairCarboN et vise à structurer une base de données climatiques adaptées aux simulations agroécologiques. L’étude compare différentes sources de données climatiques actuelles (E-Obs, ISIMIP, ERA5, Agri4Cast, AgEra5) aux données de référence Climatik issues des stations INRAE. Les variables analysées incluent température, radiation, pression de vapeur, vitesse du vent et précipitations. Le protocole de comparaison repose sur une approche longitudinale (évolution des écarts dans le temps) et transversale (distribution des écarts par mois et par station). Des biais méthodologiques sont identifiés, notamment liés à l’interpolation spatiale des données grillées. Les résultats montrent qu’Agri4Cast et E-Obs sont les plus proches des données de contrôle pour la plupart des variables. ISIMIP et AgEra5 surestiment la pluviométrie, tandis qu’E-Obs sous-estime la radiation. Le vent est systématiquement plus élevé dans les jeux de données grillés que dans les mesures ponctuelles. L’analyse des jours de pluie indique qu’E-Obs est le plus réaliste, tandis qu’Agri4Cast surestime les températures maximales et les épisodes de chaleur extrême. En revanche, Agri4Cast sous-estime les jours de gel. Le rapport recommande d’utiliser une combinaison d’Agri4Cast et d’E-Obs pour alimenter STICS, tout en prenant en compte les risques de discontinuité avec les modèles climatiques futurs. Une validation plus poussée est nécessaire pour affiner ces choix. | This report analyzes the gridded climatological data at the European scale for the simulation of the STICS model over the period 1990-2050. It is part of the SLAM-B project of the FairCarboN program and aims to structure a climate database adapted to agroecological simulations. The study compares different sources of state of the art climate data (E-Obs, ISIMIP, ERA5, Agri4Cast, AgEra5) to Climatik reference data from INRAE stations. The variables analyzed include temperature, radiation, vapour pressure, wind speed and precipitation.;https://hal.inrae.fr/hal-04920051v1
hal-04920044;Rapport technique sur la constitution d’un système d’information géographique à l’échelle de l’Europe, dans le cadre du projet SLAM-B : Volet donnés sol | Technical report on the establishment of a geographic information system at the scale of Europe, within the framework of the SLAM-B project: Soil data component;Hugo Senges | Helene Raynal | Hugues Clivot | Julie Constantin;REPORT;2026-02-25;2025-01-29;2025-01-29;Soil | Données | Système d'information | FairCarboN | Modelisation | Sol;0.sde | 0.info | 1.info.info-mo;;SLAM-B;ANR-22-PEXF-0003;Scenario labs to design and evaluate trajectories toward C neutrality;;;;fr;Oui;Ce travail s’inscrit dans le projet SLAM-B qui vise à concevoir et évaluer les trajectoires de bioéconomie des territoires vers la neutralité carbone. Ce rapport synthétise les travaux menés pour constituer un système d’information géographique permettant la création des jeux de données nécessaires pour la simulation du modèle de culture STICS à l’échelle européenne avec une résolution fine. Le volet « données sol » se concentre sur les données sol qui seront intégrées dans le système. Plusieurs bases de données sont mobilisées et comparées, dont la BDAT, RMQS, BDGSF, ESDB, LUCAS et SoilGrid. Chacune offre des informations variées sur les caractéristiques physico-chimiques et structurelles des sols. La France sert de cas d’étude avant une extension européenne. Le territoire étudié couvre les zones agricoles, en excluant forêts et cultures pérennes. Le rapport conclut sur une proposition de construction des jeux de données pour la simulation du modèle STICS à partir des données issues de SoilGrid et de LUCAS. | This work is part of the SLAM-B project which aims to design and evaluate the bioeconomy trajectories of territories towards carbon neutrality. This report summarises the work carried out to set up a geographical information system enabling the creation of datasets necessary for the STICS crop model's simulation at European level with fine resolution.;https://hal.inrae.fr/hal-04920044v1
hal-04943948;The Great Vasyugan Mire of western Siberia: Hydrochemistry and greenhouse gas dynamics of peatland pools of the world’s largest mire;Sergey Vorobyev | Yuri Kolesnichenko | Ivan Krickov | Alexander Berezin | Sergey Kirpotin | Oleg Pokrovsky;ART;2026-02-24;2025-01;2025-01;Wetland | Lake | Carbon | Nutrient | Metal Emission;0.sde | 0.chim | 1.chim.othe | 0.sdu | 1.sdu.envi;;PEACE;ANR-22-PEXF-0011;Permafrost Ecosystem changes across the Arctic: Carbon and nutrients cycling in terrestrial-aquatic Environments;;Ecological Indicators;;en;Oui;"Siberian peatlands act as the primary regulator for carbon (C) exchange between land and atmosphere; however, the aquatic component of this ecosystem, peatland pools, remains virtually unknown with respect to biogeochemical parameters and C fluxes. Here we report results from a ‘snapshot’ (end of spring period) study investigating hydrochemical parameters and greenhouse gas (CO2 and CH4) concentrations and emissions from shallow peatland pools of the Great Vasyugan Mire (GVM) in western Siberia. The pools were highly oligotrophic, acidic, humic, iron-rich, poor in chloride and sulfate, and emitted 0.15 g C-CO2 m−2 d-1 as measured by floating chambers. There was significant dependence between the pool area and various hydrochemical parameters across wide range of pool sizes (from 700 to 1,380,000 m2). Concentrations of CO2, CH4, dissolved organic carbon (DOC), some organic nutrients and lithogenic trace elements increased with decreasing pool size, likely reflecting organic matter delivery from peat and shallow subsurface waters. In contrast, with increasing pool size, there was a decrease in DOC aromaticity and an increase in pH and concentration of labile elements (anions, alkaline and alkaline-earth metals). This was consistent with an increase in autochthonous production and degree of connection to groundwater reservoirs. Annual emissions of C from peatland pools and lakes of the GVM are comparable to peat growth rate in the territory and exceed the lateral export of DOC by rivers. Future studies should address the seasonal aspects of C biogeochemistry, including the ice cover period";https://hal.science/hal-04943948v2
hal-05525102;Vertical and tidal variability of dissolved organic matter in mangrove soils: influence on dissolved trace metal dynamics;Naïna Mouras | Cyril Marchand | Maximilien Mathian | Chloé Factou | Stéphane Mounier | Hugues Lemonnier;ART;2026-02-24;2026-06;2026-06;Humic substances HIGHLIGHTS | Rhizophora stylosa | Fluorescence spectroscopy | Photochemistry | Porewater;0.chim | 1.chim.anal | 0.sdu | 1.sdu.stu | 2.sdu.stu.gc;;TROPECOS;ANR-22-PEXF-0012;Carbon budgets of TROPical coastal ECOSystems in the Anthropocene;;Estuarine, Coastal and Shelf Science;;en;Oui;<div><p>Mangrove ecosystems are dynamic ecotones that play a key role in organic carbon and trace metals (TM) cycling along tropical coastlines. Tidal pumping is a key process that allows dissolved organic matter (DOM) and dissolved trace metals export towards adjacent ecosystems. While this process is well characterized, DOM-TM relationships and variability within mangrove soils remain poorly studied. In the present study, we investigated the vertical distribution of DOM and TM in a Rhizophora stylosa mangrove stand in New Caledonia over 12hour tidal cycles during both spring and neap tides. DOM quantity and quality were assessed through UV-visible absorbance, fluorescence spectroscopy, total and dissolved organic carbon analysis, and physicochemical measurements. Dissolved TM were quantified using ICP-MS. Our results show a vertical gradient in DOM, with deeper layers concentrated in aromatic and humified compounds, attributed to vertical migration through potential convection process. This gradient (DOM and salinity) is accentuated during neap tide due to lower hydrodynamics. Dissolved TM exhibited distinct vertical trends with depth: Cr and Mn followed DOM trends, suggesting either common vertical transport mechanisms or complexation with humic substances. In contrast, Mo and Ni decreased with depth, suggesting stronger control by physicochemical or mineralogical conditions, and potential precipitation within pyrite in the most anoxic layers. This study highlights the combined effect of vertical soil gradients and tidal fluctuations on DOM-TM interactions, contributing to a better understanding of the role of mangroves as biogeochemical filters and as both sources and sinks of trace elements at the land-ocean interface.</p></div>;https://hal.science/hal-05525102v1
hal-05518453;Modelling karstic mediterranean forest environments: quantifying groundwater recharge while controlling surface water and energy transfers;Brune Raynaud--Schell | Jérôme Demarty | Jordi Etchanchu | Chloé Ollivier | Jean-Marc Limousin | Marloie Olivier | Albert Olioso | Jean-Marc Ourcival | Guillaume Simioni | Véronique Léonardi;COMM;2026-02-19;2025-09-29;2025-09-29;Hydrology | Mediterranenan climate | Drought | Modelling | Energy | Water stress | Evapotranspiration | Karst | Forest;0.sde;;K3 | RIFT;ANR-22-PEXO-0012 | ANR-22-PEXF-0004;Impact des changements globaux sur la ressource en eau des socio-hydrosystèmes karstiques : Vulnérabilité, Sensibilité et Gestion | Support to experimental infrastrucure (flux towers);;;Advancing Critical Zone science: 3rd OZCAR TERENO International Conference, September 29th to October 2nd, 2025, Paris (France);en;Non;In Mediterranean environments, droughts are identified as a major factor of vulnerability, in particular for forestry ecosystems which are exposed to increasingly frequent and intense droughts induced by climatic changes. Moreover, these ecosystems are mainly located in karstic environments, with a crucial importance of groundwater resources for both anthropic and vegetation uses, but also with complex and heterogeneous surface and hydrogeological processes. For instance, recent ecophysiological and isotopic studies have shown that tree roots are able to extract water deep enough in the epikarst to sustain transpiration during water stress periods. However, the quantification of water stocks, aquifer recharge and their dynamics are not yet fully established in such a context. This calls for using models suited to the complexity of the environment, able to improve knowledge of both groundwater recharge and forests hydric processes. The challenges require to adapt models to karstic environment constraints, in order to : i) jointly simulate diffuse infiltration into the superficial part of the root zone and fast preferential infiltration into a network of karstic fractures, and ii) simulate the transpiratory and water extraction processes throughout the root zone. Toward this objective, we improved a detailed and physics-based SVAT model (SiSPAT, by Braud et al., 1995) devoted to simulate energy and water exchanges into the epikarst, by including a new groundwater module, with a simple configuration, able to allocate generated surface runoff into the network of fractures. This new version was implemented, and then evaluated for the first time on two mediterranean forest sites included in the ICOS network, namely the forest sites of Font-Blanche (Bouches-du-Rhône, P.I. URFM) and Puéchabon (Hérault, P.I. CEFE). Performances obtained between observed and modeled soil water content, soil temperature and energy fluxes were particularly good. These results highlighted the necessity of representing both diffuse and preferential flows in SVAT modelling for karstic areas, to correctly replicate surface flux dynamics. Moreover, it was also shown that preferential infiltration builds up deep water storage throughout the year, and considerably improves transpiration processes during water stress periods. This newly integrated process also significantly affected the other hydrological balance components simulated, largely reducing runoff and water storage into the shallow soil, through introducing a groundwater recharge flow, as is the case in this zone without streams. A sensitivity analysis and multi-criteria statistical analysis was also performed on some key parameters controlling karst fractures and water uptake, rather difficult to estimate through observation or bibliography, in order to get an optimal range of simulations with the best performances. Finally, all these results allowed us to reduce uncertainties in quantitative estimates of groundwater recharge, through a better control of evapotranspiration at the surface. Our modelling approach shows new promising results, both in terms of performances obtained on two karstic forest sites and of the knowledge of processes at the surface-groundwater interface. This study opens further perspectives on the integrated functioning of the critical zone in karstic environments from mechanistic models. Next steps will concern the coupling between water and carbon cycles, through the development of a new module devoted to photosynthesis and improved stomatal conductance. This step is under progress, and will allow us to study the impacts of future droughts in a context of climatic changes.;https://hal.science/hal-05518453v1
hal-05502555;Beyond Climate Change: The Role of Integrated Soil Fertility Management for Sustaining Future Maize Yield in Sub‐Saharan Africa;Antoine Couëdel | Gatien N. Falconnier | Myriam Adam | Rémi Cardinael | Johan Six | Moritz Laub | Alex C. Ruane | Kenneth Boote | Eric Justes | Ward N. Smith | Anthony M. Whitbread | François Affholder | Folorunso M. Akinseye | Juraj Balkovic | Bruno Basso | Arti Bhatia | Bidisha Chakrabarti | Regis Chikowo | Mathias Christina | Babacar Faye | Fabien Ferchaud | Christian Folberth | Thomas Gaiser | Marcelo Galdos | Sebastian Gayler | Aram Gorooei | Brian Grant | Hervé Guibert | Gerrit Hoogenboom | Bahareh Kamali | Fidel Maureira | Fasil Mequanint | Claas Nendel | Cheryl H. Porter | Dominique Ripoche | Leonard Rusinamhodzi | Shikha Sharma | Upendra Singh | Amit Srivastava | Bernard Vanlauwe | Antoine Versini | Murilo Vianna | Heidi Webber | Tobias Weber | Congmu Zhang | Marc Corbeels;ART;2026-02-18;2026-02-03;2026-02-03;Integrated soil fertility management | Mineral fertilizers | Model ensemble | Organic amendment | Soil organic carbon | Soil-crop models;0.sdv | 1.sdv.sa | 0.info | 1.info.info-mo | 0.sde | 1.sde.mcg | 0.sdv | 1.sdv.sa | 2.sdv.sa.sds;"We are grateful to the support provided by the Agricultural Model Intercomparison and Improvement Project (AgMIP) leadership team and those who participated as part of the AgMIP Low Input Farming Systems Activity. Part of the study was funded by the DSCATT project ""Agricultural Intensification and Dynamics of Soil Carbon Sequestration in Tropical and Temperate Farming Systems"" (N degrees AF 1802-001, N degrees FT C002181), supported by the Agropolis Foundation (""Programme d' Investissement d' Avenir"" Labex Agro, ANR-10-LABX-0001) and by the TOTAL Foundation within a patronage agreement. This study was also supported by the RAIZ ""Promoting agroecological intensification for resilience building"" project FOOD/2021/424-933 (https://raiz.org.zw) funded by the European Union, and from the ALAMOD project (https://www.pepr-faircarbon.fr/eng) of the exploratory research program FairCarboN and received government funding managed by the Agence Nationale de la Recherche under the France 2030 program, reference ANR-22-PEXF-0002. A.C.R. participation was made possible by NASA Earth Science Division support to the NASA GISS Climate Impacts Group. We thank the CGIAR Sustainable Farming Program for their support to this research.";ALAMOD | AGRO;ANR-22-PEXF-0002 | ANR-10-LABX-0001;Shared, accurate models and open datasets | Agricultural Sciences for sustainable Development;RAIZ;Global Change Biology;;en;Non;Climate change is projected to exacerbate food insecurity in sub‐Saharan Africa (SSA) by reducing crop yields and soil fertility. Many climate change impact studies in SSA have overlooked long‐term effects of soil fertility on crop yield. We evaluated maize yields under different scenarios of soil fertility (using soil organic carbon as a proxy) and climate change (considering changes in temperature, rainfall, and CO2) at four sites in SSA. Using an ensemble of 15 calibrated soil‐crop models, we found a strong consensus that, without fertilization, soil fertility declines over time, impacting maize yields more strongly than changes in temperature, rainfall, or CO2. The model ensemble indicated that when accounting for soil fertility changes, the yield benefits of combined application of organic and mineral inputs increase over time, even under climate change. These findings highlight the importance of considering long‐term change in soil fertility when assessing impacts of climate change and integrated nutrient management on crop production in SSA.;https://hal.science/hal-05502555v1
hal-05513494;Modeling power and workforce demand in French field agriculture highlights variability, fleet redundancy, and magnitude comparable to renewable electricity generation;Cyprien Drommi | Petros Chatzimpiros;ART;2026-02-16;2026-03;2026-03;Agroecology | Electrification | Mechanization | Power demand | Energy transition | Field cropping | Agriculture;0.sdv | 1.sdv.sa | 2.sdv.sa.sta | 0.info | 1.info.info-mo;;SLAM-B;ANR-22-PEXF-0003;Scenario labs to design and evaluate trajectories toward C neutrality;;Energy Nexus;;en;Oui;Mechanized agriculture relies heavily on fossil fuels for field operations, while facing decarbonization and environmental sustainability challenges. Phasing out fossil fuels requires alternative energy supply that can provide sufficient power to perform field tasks. However, the variability of agricultural power demand remains unexplored, yet it is crucial for anticipating energy transition to renewable flows. Here, we fill this gap by modeling on-field power demand distribution over a full cropping season based on production practices from public surveys and using national-scale French agriculture as a case study. Results show high variability in power demand, ranging from below 5 to above 12 GW during autumn tillage. Compared to total installed engine power, the load factor of tractors and combine-harvesters peaks at about 18 % and 23 % respectively. This indicates substantial fleet redundancy, which is in part necessary to accommodate unpredictability in field working conditions. By assessing scenarios of agroecological practices, we show that no-till practices help reduce peak power demand, whereas organic practices result in a marginal power demand increase. In parallel, we assess workforce requirement for field driving of machinery. This requirement peaks simultaneously with power demand at one-third of total workers and accounts for 12 % of annual working time in agriculture. Our findings highlight trade-offs between farming system organization, practices and on-field power demand, revealing that the latter is currently comparable in scale to renewable (wind and solar) power generation in France. The results underscore the need to integrate power demand analysis of fossil-fueled activities into energy transition policies and planning.;https://hal.science/hal-05513494v1
hal-05513170;Bioeconomy is local and requires tailor-made performance indicators for informed decision making : A review of existing indicators and insights from stakeholders consultations.;Kévin Bertin | Lorie Hamelin;COMM;2026-02-16;2025-06-02;2025-06-02;Bioeconomy | Indicators | Territorial sustainability | Ex-ante assessment;0.sde;This work is part of the project SLAM-B of the exploratory research program FairCarboN and received government funding managed by the Agence Nationale de la Recherche under the France 2030 program, reference ANR-22-PEXF-0003;SLAM-B;ANR-22-PEXF-0003;Scenario labs to design and evaluate trajectories toward C neutrality;;;Bioeco² : Towards an Ecological Bioeconomy Interrogating Concepts and Practices from the Human and Social Sciences;en;Oui;"Life Cycle Assessment (LCA) has been widely adopted and has proved its relevance for informing on potential environmental impacts (eLCA) of products, services and/or massive investments. This is particularity true for decisions to be taken with regards to bioeconomy investments, confronted with the challenge of sustainably mobilizing additional biomass and eventually energy resources for products and services demanded in the economy. However, LCA extension to Life Cycle Sustainability Assessment (LCSA), which integrates economic (Life Cycle Cost) and social (Social Life Cycle Assessment) aspects, has yet to gain equally widespread acceptance. Mobilizing eLCA alone then limits the possibilities of correctly reporting on the three dimensions of sustainable development with the aim of supporting relevant bioeconomy policy making. Moreover, due to a lack of understanding of some LCA indicators, decision makers and stakeholders in the bioeconomy sometimes find it difficult to exploit the results of these assessments. This is a shortcoming to overcome in order to ensure and accelerate the investments needed to launch a strong and sustainable bioeconomy in Europe. The research presented herein aims to overcome this limitation. It builds on the premise that bioeconomy, unlike petro-economy, is local and happens on territories with different realities across Europe. The aim is twofold: (i) establishing a conceptual framework providing bioeconomy stakeholders with key performance indicators (KPI) that they understand, need and that are operational, for informed decision-making towards sustainable and resilient bioeconomy and (ii) enabling stakeholders to play an active role in selecting and developing these KPI. This work is part of an ongoing study, of which the 3 first phases are performed; the results of these will be presented herein. First, we reviewed the literature reporting such indicators for the wide sectors covered by the bioeconomy concept, relying in particular on the work of the European Union and the Food and Agriculture Organization (FAO) of the United Nations. It led to a set of more than 700 indicators, that we assembled and organized within a common, flexible referential framework, making it possible to account for territorial and sectoral particularities (agricultural, forestry, fishery, food and agroindustry, bio-based construction material and furniture, pulp and paper, bio-based textiles, bio-based chemicals and polymers, healthcare and bio-pharmaceutical and bioenergy). Second, around 20 interviews were conducted with selected European experts in the field of bioeconomy monitoring, indicator definition and consultation techniques. These were 1-hour semi directive online interview, the purpose of which was, among other things, to capture the concerns of various stakeholders in the bioeconomy; to identify relevant indicators, methodologies or conceptual frameworks with regards to bioeconomy decision-making; and to confront our initial working hypotheses with the opinions of experts. These interviews and the initial set of 700 indicators were used to propose and conduct a collective intelligence workshop. During this workshop, the participants first established the specific characteristics of the territory under study. These characteristics were organized around the triptych of vulnerability, opportunity, and territorial strategy, which was then used to define a limited list of tailor-made indicators that were ranked by the stakeholders.";https://hal.science/hal-05513170v1
hal-04500734;Modelling decomposition of crop residue mulches and the associated N2O emissions in a no-till system in southern Brazil;Bruno Chaves | Joël Léonard | Fabien Ferchaud | Raquel Schmatz | Sylvie Recous | Sandro José Giacomini;ART;2026-02-12;2024;2024;CO2 flux | Wheat | Vetch | STICS model | Residue decomposition | N2O emissions | FairCarboN | Carbon dynamics;0.sde;Program CAPES-PRINT – Programa Institucional de Internacionalizaç˜ ao, Process Number 88887.373791/ 2019–00;;;;;Soil and Tillage Research;;en;Oui;"In no-tillage systems, crop residues are left on the soil surface and form a mulch, which can result in the stimulation of N2O emissions through various processes. As a consequence, the accurate description of mulch decomposition and the associated N2O emissions by soil-crop models is essential to help manage the potential impacts of mulches on the environmental performances of these agroecosystems. Here, we combined the use of a soil-crop model (STICS) and published experimental data to develop a new model representation of mulches (with various masses and qualities) and their decomposition, the carbon (C) and nitrogen (N) dynamics, and effects on N2O emissions. We used a published dataset from southern Brazil combining two residues with distinct chemical characteristics (vetch, Vicia sativa L., and wheat Triticum aestivum L.) and four rates of mulch addition (0, 3, 6 and 9 Mg dry matter (DM) ha 1) decomposing over one year. The STICS model with its default parameterization overestimated the remaining mulch masses, particularly at high DM inputs, and underestimated the N2O emissions. The evolution of the STICS soil and decomposition modules led to two major results: i) we modified the mulch module parameterization, by representing that the whole mulch is accessible to decomposers, whatever its initial mass and thickness; ii) a new potential denitrification function was proposed, which uses simulated CO2 fluxes associated from both soil humus and residue decomposition as proxy for C readily available to denitrifiers. With these new representation and parameterization, the model then accurately reproduced the very large range of magnitudes and the temporal variability of C and N fluxes observed for the two residues and the four mulch masses. These results are promising and the conceptual formalisms generic enough to be potentially developed in other soil-crop models. The next step is now to extend and generalize them to other conditions.";https://hal.inrae.fr/hal-04500734v1
hal-05502755;Rhizosheath formation is positively correlated with retention of water in the rhizosphere and water deficit stress tolerance in pearl millet;Marcel Nahim Diouf | Princia Nakombo-Gbassault | Youssoupha Sané | Papa Mamadou Sitor Ndour | Alexandre Grondin | Komi Assigbetse | Prakash I Gangashetty | Yves Vigouroux | Thierry Heulin | Laurent Laplaze | Abdala Gamby Diedhiou | Laurent Cournac;ART;2026-02-10;2025-12;2025-12;Rhizosphere moisture retention | Root system traits | Drought stress | Millet breeding;0.sdv | 1.sdv.sa | 2.sdv.sa.sds | 0.sdv | 1.sdv.sa;French National Research Institute for Sustainable Development (IRD) under ARTS PhD scholarship | French Embassy in Bangui;RootAdapt | RhizoSeqC;ANR-17-CE20-0022 | ANR-23-PEXF-0005;Traits racinaires pour l'adaptation du mil au climat futur en Afrique de l'Ouest | Optimizing rhizodeposition to increase carbon sequestration in agrosystems;;Scientific African;;en;Oui;"<div><p>Plants have evolved adaptive strategies to enhance hydromineral uptake, with rhizosheath formation emerging as a key mechanism improving water deficit tolerance. In pearl millet (Cenchrus americanus syn Pennisetum glaucum), intraspecific genetic diversity exists in rhizosheath formation and root traits, differences in rhizosheath size correlating with shifts in rhizosphere bacterial composition and diversity. However, the role of rhizosheath size in pearl millet response to abiotic stresses remains unclear. Determining whether rhizosheath size improves drought tolerance would help identifying root-soil interactions characteristics that enhance pearl millet resilience. To investigate this, we conducted a study using four pairs of closely pearl millet lines contrasting in rhizosheath size. Plants were grown in an arenosol under greenhouse conditions. After three weeks of irrigation, they were subjected to two water stress regimes (partial and severe deficit) for two weeks, alongside a wellwatered control. Under water stress, rhizosheath mass was positively correlated with soil moisture, plant biomass, leaf water potential (Ψl), and several root traits (length, diameter, area, volume; p &lt; 0.001). Under moderate water stress, high-rhizosheath lines (HRL) maintained higher Ψl (-2.07 MPa vs. -2.63 MPa) and exhibited less shoot biomass reduction (14 % vs. 25 %) than low-rhizosheath lines (LRL). Under severe stress, HRL showed greater resilience, with a smaller root biomass reduction (54 % vs. 71 %). These results suggest that lines with more developed rhizosheath tend to maintain root system development and sustain plant growth under moderate water deficit, likely by improving rhizosphere water retention. Our work supports incorporating rhizosheath traits in pearl millet breeding programs to enhance drought tolerance.</p></div>";https://hal.inrae.fr/hal-05502755v1
hal-05501615;Variability of the optical signatures of dissolved organic matter in soils of different mangrove stands (Ouvéa, New Caledonia);Naïna Mouras | Hugues Lemonnier | Thomas Crossay | Kapeliele Gututauava | Maximilien Mathian | Sarah Louise Robin | Océane Tardivel | Cyril Marchand;ART;2026-02-09;2025-04-23;2025-04-23;Mangrove | Porewater | Carbon cycle | CDOM | Photochemistry | Fluorescence spectroscopy;0.sde | 1.sde.mcg | 0.chim | 1.chim.othe | 0.sdv | 1.sdv.ee | 2.sdv.ee.eco;This work was supported by the French National program EC2CO (Ecosphère Continentale et Côtière) (project MODIcarb) and TROPECOS of the exploratory research program FairCarboN (ANR- 22-PEXF- 00012). This work was also undertaken within the PRESENCE (PRESsures on coral Ecosystems of New CalEdonia) scientific project, sponsored by the New Caledonia institutions (Government, South Province, North Province).;TROPECOS;ANR-22-PEXF-0012;Carbon budgets of TROPical coastal ECOSystems in the Anthropocene;;Environmental Science and Pollution Research;;en;Oui;Mangrove ecosystems are known to play a key role in the global carbon cycle, due to their productivity and their ability for carbon sequestration both in the biomass and in the soil. In the latter, various geochemical processes lead to the production of dissolved organic matter (DOM) that can be exported through tidal pumping and then constitute an important source of organic carbon for adjacent ecosystems. DOM characteristics, and their variabilities, within mangrove soils depend on several factors, including the mangrove species, yet these variations and their origin still need to be precisely constrained. This study examined DOM sources in soils of a carbonate atoll mangrove (Ouvéa, New Caledonia), focusing on two tree species, Rhizophora apiculata and Bruguiera gymnorhiza , at different growth stages. We analysed porewater properties and DOM optical characteristics through spectroscopic and EEM-PARAFAC methods. Our results indicate distinct TOC and DOC concentrations across species, with mature B. gymnorhiza soils showing the highest TOC content (~ 30%) but the lowest DOC content (32 mg L −1 ). These differences seem not to be directly related to site physicochemical conditions (redox, pH, salinity) but may rather reflect differences in DOM sources and production, notably due to different symbiotic relationships with mycorrhizal fungi, which influence microbial activity and organic matter diagenesis. DOM absorbance patterns also varied significantly between species: Beneath R. apiculata , DOM had higher protein-like and fulvic-like fluorescence, indicating fresher organic matter, while beneath B. gymnorhiza , especially in mature stands, DOM was more humified, suggesting older OM because of a possible long-term accumulation due to the basin-like morphology of this site.;https://hal.science/hal-05501615v1
hal-05484909;Impact of CP12 deletion on inorganic carbon acquisition and Rubisco partitioning in Chlamydomonas reinhardtii | Impact de la délétion de CP12 sur l'acquisition du carbone inorganique et la partition de Rubisco chez Chlamydomonas reinhardtii;Cassy Gérard | Régine Lebrun | Christophe Verthuy | Hugo Le Guenno | Artemis Kosta | Deborah Byrne | Yizhi Zhang | Florence Guérard | Kwang Suk Chang | Achille Marchand | Luisana Avilan | Bertrand Gakière | Eonseon Jin | Stephen C Maberly | Brigitte Gontero | Hélène Launay;ART;2026-01-30;2026-01-29;2026-01-29;Phosphoribulokinase | Photosynthesis regulation | Pyrenoid | Rubisco biogenesis | CP12 | CO₂ concentrating mechanism | Chloroplast proteome | Chlamydomonas reinhardtii;0.sdv;;PhotOxIN | AlgAdvance | CO2_CMPhi;ANR-22-CE44-0031 | ANR-22-PEBB-0002 | ANR-23-PEXF-0002;Régulation redox de la photosynthèse dans une cellule de microalgue révélée par la Résonance Magnétique Nucléaire en temps réel | Novel strategies for the development of microalgae as renewable biofuel resource | CO2 concentration mechanisms of photosynthetic microorganisms;;Journal of Experimental Botany;;en;Non;The small chloroplastic protein CP12 has multiple functions, including the regulation of enzymes in the Calvin-Benson-Bassham cycle. Here, we investigated its role in the acclimation of Chlamydomonas reinhardtii to varying CO2 availability. We showed that phosphoribulokinase can interact with CP12 in conditions where the Calvin-Benson-Bassham cycle is active. Compared to the wild type, at high CO2, C. reinhardtii CP12 deletion mutants, or partially complemented mutants, have less phosphoribulokinase and ribulose-1,5-bisphosphate (RuBP), indicating that the regeneration of RuBP is regulated, in part, by CP12. C. reinhardtii has a CO2 concentrating mechanism that increases the supply of CO2 to ribulose-1,5-bisphosphate carboxylase/oxygenase (Rubisco) and involves, among other features, the condensation of Rubisco within the pyrenoid via its interaction with a scaffold protein named Essential Pyrenoid Component 1 (EPYC1). In CP12 deletion mutants, the expected relocation of Rubisco towards the pyrenoid was not observed upon transition from high to very low CO2, contrary to WT cells. The CP12 deletion mutants are a unique example where the induction of CO2 concentrating mechanism at very low CO2 was not accompanied by Rubisco relocation. Altogether, these results suggest that CP12 contributes to the coordination between RuBP regeneration, Rubisco location, and CO2 acquisition.;https://hal.science/hal-05484909v1
hal-05477650;Crop residues moderately influence cumulative N2O emissions through their carbon to nitrogen ratio in a 12-year experiment in northern France;Paul Belleville | Frida Keuper | Fabien Ferchaud | Bruno Mary | Bernard Heinesch | Benjamin Dumont | Joël Léonard;ART;2026-01-26;2026-01-07;2026-01-07;Denitrification | Greenhouse gas | Climate change | Nitrogen cycle | Machine learning | Nitrification | Cropping system;0.sde;;CrosyeN | Pilotage et gouvernance du programme FairCarboN | AnaEE (JVCE);ANR-22-PEXF-0005 | ANR-22-PEXF-0001 | ANR-24-INBS-0001;Support to experimental infrastructure (field trial network) | Pilotage et gouvernance du programme FairCarboN | National Infrastructure;EJP SOIL;Agronomy for Sustainable Development;;en;Oui;"Crop residues and their management are central to the performance of cropping systems. However, we lack information on the extent to which crop residues influence their N₂O emissions, especially over the long term. This knowledge is key as it determines if benefits from crop residue management such as increased carbon storage or soil and water preservation should be weighed against potential stimulation of N 2 O emissions. To lessen this gap, we investigated the effect of crop residue quantity (dry matter yield ranging from 0.29 to 11 t•ha -1 ) and quality (C:N ranging from 8 to 157) on N 2 O emissions and compared it to the effects of other key drivers related to environmental conditions and management practices, such as soil moisture, temperature, and fertilization. We relied on a 12-year dataset of N 2 O emissions from an arable cropping experiment in northern France and implemented an original approach combining definition of ""restitution cycles"" and use of both linear regression and machine learning algorithms to predict N 2 O emissions at that scale. This allowed to assess the contribution of the various drivers of these emissions, among which crop residue and their management. Our results show that the main drivers of cumulative N 2 O emissions were the amount of mineral nitrogen fertilizer and restitution cycle length. Crop residue characteristics had a relatively minor effect. Among the residue quality indicators, only crop residue C:N ratio affected N 2 O emissions. Tillage, temperature, and water-filled pore space had no detectable or systematic impact. These findings, which are original in terms of the cropping system scale considered, suggest that crop-residue management is not likely to significantly affect N 2 O emissions from arable cropping systems in northern France. They open up opportunities for agricultural decision-making without concern for increased N 2 O emissions as an unwanted trade-off.";https://hal.inrae.fr/hal-05477650v1
hal-05472031;Diagnostic des connaissances, perceptions et pratiques des ménages en matière de gestion des biodéchets;Suzon Garnier | Célestine Guillou | Jean-Marc Blazy | François Causeret | Carla Barlagne;UNDEFINED;2026-01-22;2026-01-22;2026-01-22;FairCarboN  Best-School  Métaprogramme BETTER;0.sde | 1.sde.es;;;;;;;;fr;Oui;;https://hal.science/hal-05472031v1
hal-05471447;Unpacking the quantitative assessment of bioeconomy system sustainability: gaps, insights, and future pathways;S. Gerbel | O. Therond | Julie Wohlfahrt;UNDEFINED;2026-01-22;2025-12-04;2025-12-04;Bioeconomy systems | Sustainability assessment | Spatiotemporal dynamics | Integrated assessment and modelling | Circularity | Review;0.sde;TETRAE | Région Grand Est | Région Pays de la Loire | INRAE département ACT;SLAM-B;ANR-22-PEXF-0003;Scenario labs to design and evaluate trajectories toward C neutrality;;;;en;Oui;Assessing the sustainability of bioeconomy systems is essential to ensure that bioeconomy development is aligned with its strategic goals. Effective assessments must account for the full spectrum of bioeconomy systems considered as a socio-ecological system. Bioeconomy systems are composed of several activities, present specific spatiotemporal dynamics, and are multifunctional by nature. This study presents a systematic literature review of quantitative bioeconomy system sustainability assessments. We selected 93 articles dealing explicitly with bioeconomy systems. Most of the studies concentrated on bioenergy and use life cycle assessment (LCA) methods. However, none evaluated the entire value chain of activities, and downstream processes such as recycling were often overlooked. In addition, few studies considered the detailed practices and processes that critically shape sustainability outcomes. Spatiotemporal dynamics, which are key to understanding system functioning, were rarely addressed. The scope of assessed sustainability criteria was also limited: environmental dimensions were well covered, but economic and social aspects were underexplored. Crucial systemic properties like circularity and resilience were largely absent. These findings reveal significant gaps in current sustainability assessments of bioeconomy systems. Advancing integrated assessment and modelling approaches appears necessary to capture system complexity and support more informed, goal-oriented bioeconomy strategies.;https://hal.science/hal-05471447v1
hal-05242682;Generic crop rotation pattern-matching algorithm revealed dominant rotational systems for France;Ugo Javourez | Baptiste Girault | Philippe Martin | Marie-Sophie Dedieu | Olivier Therond;ART;2026-01-21;2026-03-15;2026-03-15;Rotation flexibility | Organic farming | Cropping systems | Crop rotations | Crop sequences | Temporal crop diversity | Cropping patterns;0.sdv | 1.sdv.sa | 2.sdv.sa.agro;;SLAM-B;ANR-22-PEXF-0003;Scenario labs to design and evaluate trajectories toward C neutrality;TRANSFORM;Computers and Electronics in Agriculture;;en;Oui;Crop rotations remain poorly documented at large spatial scale, despite their central role in agroecosystem sustainability. We present a generic pattern-matching algorithm to infer crop rotations from annual crop sequence datasets, such as those derived from the European Land Parcel Identification System, with minimal crop aggregation. This method identifies field-level rotations, quantifies their flexibility, and enables spatially-explicit assessment of dominant crop and grasslands rotational systems at various spatial and thematic levels. Applied to mainland France, the approach identified crop rotations on 90% of arable area, with four-year rotations -typically including two to three years of flexible crops-being the most common. Nationally, the top 20 rotations accounted for 30% of arable land, while the top 52 covered 50%. At the agricultural district scale, we distinguished 25 dominant rotational systems grouped into eight categories, including (i) maize grain monocropping, (ii) maize grain -winter wheat rotations, (iii) sunflower -winter wheat rotations, (iv) grass-based systems, (v) maize silage -winter wheat rotations, (vi) winter wheat -barley -rapeseed rotations, (vii) root crop-based rotations, and (viii) specialized production. At national scale, organic rotations were longer and more flexible than conventional ones. Rotations of larger farms were longer and temporally more diverse than smaller ones, but showed lower spatial diversity. This scalable, data-driven approach offers new insights into crop rotation patterns and their spatial variability. It can support the large-scale assessment of agroecosystems with quantitative evidences on dominant rotations, but also help at tracking and characterizing localized rotational innovations.;https://hal.science/hal-05242682v2
hal-05466960;Organisation du travail culinaire et consommation de produits ultratransformés;Marie Plessz | Séverine Gojard;COMM;2026-01-20;2026-01-20;2026-01-20;Couple | Insee | Cuisine | Alimentation;0.shs | 1.shs.socio;INRAE metaprogramme did'it | INRAE metaprogramme Syalsa;PREFALIM | DynAPol;ANR-23-PEXF-0004 | ANR-24-PESA-0009;Transition vers des systèmes ALIMentaires durables : PREFerences, revenus et bien-être des consomateurs | Dynamics of food consumption and sustainability policies: analysing the interactions between prices, preferences and population structure;;;séminaire de l'axe Imbrication des rapports sociaux du CMH;fr;Oui;Contexte de la recherche Papier à paraître dans Biens Symboliques en 2026, réponse à un appel à propositions pour un numéro spécial sur le thème « Cuisiner » Travail à partir des données de l'enquête INSEE Budget de famille La part des aliments ultratransformés dans les dépenses pour l'alimentation à domicile des couples est de 33%. Dépend-elle de leur position sociale et de la fréquence et la division sexuée du travail culinaire? oui pour la position sociale (mais ce ne sont pas les ménages les plus pauvres qui en achètent le plus) et non pour la cuisine, qui n'est pas associée à la part des AUT dans les dépenses alimentaires après prise en compte de la position sociale et de la tranche d'âge, premier facteur explicatif. Les couples ayant des enfants consacrent aussi une part plus importante du budget aux AUT. L'opposition entre cuisine et consommation d'AUT n'est donc pas supportée par l'analyse empirique.;https://hal.inrae.fr/hal-05466960v1
hal-05466454;Sensitivity of a Sahelian groundwater-based agroforestry system to tree density and water availability using the land surface model ORCHIDEE (r7949);Espoir Koudjo Gaglo | Emeline Chaste | Sebastiaan Luyssaert | Olivier Roupsard | Christophe Jourdan | Sidy Sow | Nadeige Vandewalle | Frederic C. Do | Daouda Ngom | Aude Valade;ART;2026-01-19;2025-12-04;2025-12-04;;0.sde;"This work was publicly funded by the DMTropAFS project through ANR (the French National ResearchAgency) under the “Investissements d’avenir” programme withthe reference ANR-10-LABX-001-01 Labex Agro and coordinatedby Agropolis Fondation. This work was performed using HighPerformance Computing (HPC) resources provided by the GrandÉquipement National de Calcul Intensif – Très Grand Centre de Calcul (GENCi–TGCC) under grant 2024-06328. Espoir Gaglo gratefully thanks the German Academic Exchange Service (DAAD) forfinancial support through a scholarship (In Region Scholarship Programme – CERAAS Senegal/57504744) and CIRAD for providingadditional resources to support visits to Eco&Sols through the Action Incitative (AI) Fellowship.Several other projects also contributed to supporting theFaidherbia-Flux platform and the PhD of Espoir Koudjo Gaglo,namely: EU Eranet LEAP Agri-215 RAMSES II (EU) grant no.215; EU DeSIRA CASSECS (grant no. FOOD/2019/410-169); EUH2020 SUSTAIN-SAHEL (grant No. 861974); EU HORIZON EUROPE GALILEO (grant agreement no. 101181623); ANR andFrance 2030 program PEPR FairCarboN RIFT project (ANR-22-PEXF-0004).";RIFT;ANR-22-PEXF-0004;Support to experimental infrastrucure (flux towers);GALILEO | SustainSAHEL | RAMSES II | CASSECS;Geoscientific Model Development;;en;Oui;Abstract. The Sahel region is characterized by its semi-arid climate and open-canopy agroforestry systems, which play an important role in global carbon dynamics. Parkland agroforestry has the potential to sequester carbon at an average rate of 0.4 tC ha−1 yr−1, which, if expanded to its maximum potential extent, would correspond to an additional carbon stock of approximately 558 TgC compared to treeless croplands. However, land surface models (LSM) used in global climate modeling struggle to represent carbon dynamics in these ecosystems due to the inadequate representation of deep-roots tapping groundwater during dry periods, key environmental control for many agroforestry systems such as the widespread parklands based on the phreatophytic species Faidherbia albida. This study explores the sensitivity of Faidherbia albida parklands to tree density and water availability (rainfall and soil water content in the capillary fringe of the groundwater table) using a new configuration of the ORCHIDEE LSM. To this aim, the ORCHIDEE LSM was modified to simulate the growth of Faidherbia albida by simulating its inverted phenology based on forced temporal series of soil water content of soil layers between 4 and 5 m and water saturation below 5 m and by adjusting the photosynthesis and carbon allocation parameters for Faidherbia albida and associated crops. The model was evaluated against independent eddy covariance and meteorological data from the Niakhar agroforestry site in Senegal. Simulation outputs were analyzed in terms of leaf area index (LAI), gross primary productivity (GPP), latent heat (LE), sensible heat (H) and net radiation (Rn). The model simulated tree GPP of 4.08 ± 0.21 tC ha−1 yr−1 compared to observed GPP of 5.06 ± 0.49 tC ha−1 yr−1. For croplands, the model produced GPP of 7.97 ± 0.89 tC ha−1 yr−1 compared to observed values of 7.78 ± 1.75 tC ha−1 yr−1. Simulations revealed that tree density positively influenced annual carbon uptake but reduced crop harvest at highest tree densities, indicating a trade-off between carbon sequestration and crop yield. Sensitivity analyses showed that interannual variability in soil water content in the capillary fringe of the groundwater table and rainfall influenced differently crop, tree and ecosystem carbon and energy fluxes. Despite its strengths, the model exhibited limited responsiveness of tree productivity to soil water content variability in the capillary fringe of the groundwater table, highlighting the need for enhanced representation of water uptake by tree roots in the model. These findings emphasize the importance of accurately modeling both surface soil water and groundwater dynamics and phenology to predict the responses of semi-arid agroforestry systems to climate variability. This study enhances our understanding of carbon and energy flux partitioning in complex, water-stressed and groundwater dependent agroforestry systems.;https://hal.science/hal-05466454v1
hal-05451268;Contrasting roles of ground, trees, ponds and grazing in carbon dioxide, methane and nitrous oxide fluxes of an African semi-arid savanna;Aleksander Wieckowski | Patrik Vestin | Jonas Ardö | Olivier Roupsard | Ousmane Ndiaye | Seydina Ba | Claire Delon | Dominique Serça | Torbern Tagesson;ART;2026-01-09;2026-01;2026-01;;0.sde;This work is part of project RIFT of the exploratory research program FairCarboN and received government funding managed by the Agence Nationale de la Recherche under the France 2030 program, reference ANR-22-PEXF-0004;RIFT;ANR-22-PEXF-0004;Support to experimental infrastrucure (flux towers);GALILEO | CASSECS;Agriculture, Ecosystems & Environment;;en;Oui;Understanding greenhouse gas fluxes in semi-arid ecosystems is critical for improving our understanding ofbiogeochemical cycles, particularly in underrepresented regions like the African Sahel. In these landscapes,greenhouse gas exchange arises from ground, trees, and water ponds, and is further shaped by environmentalconditions and grazing. The carbon dioxide, methane, and nitrous oxide fluxes were quantified from thesecomponents in a Sahelian savanna in Senegal, while also assessing grazing impacts and environmental drivers(soil water content, temperature, vapor pressure deficit, photosynthetically active radiation). The ground was anet carbon dioxide sink during the rainy season but shifted toward neutrality or weak emission in the dry season,consistently acted as a methane sink, and was a year-round nitrous oxide source. Seasonal ponds were strongmethane and nitrous oxide emission hotspots, with methane emissions being high enough to offset the sink of theoverall savanna landscape. Trees contributed to carbon dioxide and methane uptake via branches, whereas stemswere net methane and carbon dioxide emitters. Both stems and branches emitted nitrous oxide, and the presenceof trees enhanced carbon dioxide, methane and nitrous oxide fluxes from soils beneath their canopies. Grazingenhanced ground gross primary production, reduced methane uptake, while no effect was seen on nitrous oxidefluxes. Temporal variability of carbon dioxide and nitrous oxide fluxes was strongly linked to soil water contentand temperature, whereas methane fluxes showed no correlations with any of the measured drivers. These resultsdemonstrate that tree- and pond-mediated fluxes, together with grazing, substantially alter the greenhouse gasfluxes of savanna ecosystems and incorporating these effects is essential for accurately representing semi-aridsavannas in global greenhouse gas budgets.;https://hal.science/hal-05451268v1
hal-05443352;Long-term nitrogen fertilization alters microbial respiration sensitivity to temperature and moisture, potentially enhancing soil carbon retention in a boreal Scots pine forest;Boris Ťupek | Aleksi Lehtonen | Stefano Manzoni | Elisa Bruni | Petr Baldrian | Etienne Richy | Bartosz Adamczyk | Bertrand Guenet | Raisa Mäkipää;ART;2026-01-06;2025-10-10;2025-10-10;;0.sde;;ALAMOD;ANR-22-PEXF-0002;Shared, accurate models and open datasets;HoliSoils;Biogeosciences;;en;Oui;"Nutrient availability affects microbial respiration kinetics; their sensitivities to environmental conditions; and, thus, the soil organic carbon (SOC) stocks. We examined long-term nitrogen (N) addition effects on soil heterotrophic respiration (Rh), methane (CH4) oxidation, and nitrous oxide (N2O) emissions in an N-limited boreal Scots pine (Pinus sylvestris) forest in central Finland. Measurements included the following (in both control and N-fertilized plots): long-term tree biomass monitoring (1960–2020); soil organic carbon (SOC) monitoring in 2023; monthly aboveground litterfall monitoring (2021–2023); biweekly CO2, CH4, and N2O fluxes during the 2021–2023 growing seasons; and quarter-hourly recordings of soil temperature (T) and soil water content (SWC). We assessed mean greenhouse gas (GHG) flux differences and Rh dependence on T and SWC using polynomial and nonlinear regression models. Tree biomass, litterfall, and SOC increased with long-term N fertilization. However, N fertilization also significantly increased mean Rh, reduced CH4 oxidation slightly, and modestly raised N2O emissions. SOC-normalized Rh (Rh/SOC) did not significantly differ between treatments, yet relationships between Rh/SOC and T and SWC diverged with fertilization. In control plots, Rh/SOC peaked at 15.8 °C, whereas it peaked at 16.8 °C in N-fertilized plots. Under N fertilization conditions, Rh/SOC was weakly SWC-dependent, contrasting with a distinct humped SWC response enhancing annual Rh/SOC in control plots. Annually, N-fertilized plots respired 10.3 % of SOC (±0.3 SE, standard error), compared to 12.2 % (±0.5 SE) in control plots, suggesting that N fertilization promoted SOC retention. Consequently, N fertilization reduced average annual net CO2 emissions by 345.4 (±73.6 SE) gCO2m-2yr-1, while the combined effects on CH4 and N2O fluxes and the production energy of N fertilizer contributed a minor CO2-equivalent increase of 17.7 (±0.5 SE) gCO2eq.m-2yr-1. In conclusion, long-term N fertilization in boreal forests could reduce the global warming potential of soil GHG emissions, mainly by slowing Rh/SOC and altering its responses to T and SWC, thereby enhancing SOC sequestration in addition to the increased tree biomass carbon sink.";https://cnrs.hal.science/hal-05443352v1
hal-04672421;Evaluation of the Hg Contamination from Gold Mining in French Guiana at the Watershed Scale Using Hg Isotopic Composition in River Sediments;Naomi Nitschke | Stéphane Guédron | Emmanuel Tessier | Delphine Tisserand | Sylvain Campillo | David Amouroux;ART;2026-01-04;2024-07-16;2024-07-16;River sediment | Mercury stable isotopes | Geochemistry | Artisanal and small-scale gold mining | Amazon | Sources apportionment;0.chim | 1.chim.mate | 0.chim | 1.chim.anal | 0.chim | 1.chim.poly | 0.chim | 1.chim.theo;;CarboNium | E2S | Pilotage et gouvernance du programme FairCarboN | ECLAT;ANR-22-PEXF-0006 | ANR-16-IDEX-0002 | ANR-22-PEXF-0001 | ANR-23-CE01-0029;Support to instrumentation land–coastal zone continuum | E2S | Pilotage et gouvernance du programme FairCarboN | Processus contrôlant la dynamique environnementale et les impacts sociétaux des contaminants géogéniques et anthropiques des métaux traces en Guyane française;;ACS ES&T Water;;en;Non;"Artisanal and small-scale gold mining (ASGM) is a major source of mercury (Hg) contamination in Amazonian ecosystems, due to remobilization of geogenic Hg from mined soil, and anthropogenic Hg used for gold amalgamation. To assess these two relative contributions, Hg stable isotope composition together with geochemical variables were determined in sediment samples collected in the early 2000s across the main watersheds of French Guiana. Mercury in sediment was found associated with organic matter and Fe/Al oxides. Total Hg concentrations were correlated (p &lt; 0.001) to both mass-dependent (δ202Hg) and odd-mass-independent fractionation (Δ199Hg) indicating that the Hg isotopic composition of river sediments reflects the extent of contamination, with two isotopic end-members for pristine or geogenic (δ202Hg = −2.53 ± 0.23‰, Δ199Hg = −0.62 ± 0.10‰) and for ASGM contaminated (δ202Hg = −0.42 ± 0.20‰, Δ199Hg = −0.01 ± 0.07‰) sediments. A binary mixing model showed that the contribution of anthropogenic Hg in river sediments varied widely (ca. 0 to 100%) and reflected the geographical and historical monitoring of ASGM activities in French Guiana. These results highlight that Hg isotopic measurements in archived sediments allow retrospective assessment of Hg pollution in ASGM-impacted regions and evaluation of its temporal evolution.";https://univ-pau.hal.science/hal-04672421v1
hal-05436208;Mineral and microbial controls of soil organic matter stabilization in agroecosystems;Pierre Verjans | Julien Fouché | Guillaume Humbert | Gwenaelle Lashermes;POSTER;2025-12-31;2025-11-03;2025-11-03;Soil organic matter SOM | Fractionation;0.sdv | 1.sdv.sa | 2.sdv.sa.sds;;Pilotage et gouvernance du programme FairCarboN;ANR-22-PEXF-0001;Pilotage et gouvernance du programme FairCarboN;;;Journées Annuelles FairCarboN 2025;en;Oui;;https://hal.science/hal-05436208v1
hal-05426125;Support d'enseignement sur la dynamique du carbone dans les terres cultivées | Teaching material : Carbon Dynamics in Croplands;Anita Van Quynh | Pierre Barré;LECTURE;2025-12-19;2025-12-19;2025-12-19;Pratiques culturales | Sequestration de carbone | Changement climatique | Ecosysteme;0.sde;;Pilotage et gouvernance du programme FairCarboN;ANR-22-PEXF-0001;Pilotage et gouvernance du programme FairCarboN;;;;fr;Oui;Support de cours produit par le programme de recherche FairCarboN : comment les écosystèmes continentaux (ici, les terres cultivées) peuvent-ils contribuer à l'atténuation du changement climatique ? Ce document synthétise les connaissances actuelles sur les stocks, flux et dynamiques du carbone dans les terres cultivées. | Teaching material produced by research program FairCarboN : how can continental ecosystems - here, croplands - contribute to mitigate climate change ? This document synthesises current knowledge about carbon stocks, fluxes and dynamics in cultivated lands.;https://hal.science/hal-05426125v1
hal-05421681;High-resolution mapping of the carbonate system in mangrove porewaters;João Barreira | Aurelia Mouret | Edouard Metzger | Matheus Cavalcante | Wilson Machado | Pierre Gaudin | Christiene Matos | Cleuza Trevisan | Murilo Kurita | Gwenaël Abril;POSTER;2025-12-17;2025-07-06;2025-07-06;Alkalinity | PH | DET gel | Mangrove sediments | FairCarboN;0.sde | 1.sde.mcg | 0.sde;;TROPECOS;ANR-22-PEXF-0012;Carbon budgets of TROPical coastal ECOSystems in the Anthropocene;;;Goldschmidt2025;en;Oui;Mangrove ecosystems sequester blue carbon at exceptionally high rates, primarily within sediments. However, the extent and variability of carbon stocks and fluxes remain insufficiently addressed. Organic matter degradation governs dissolved inorganic carbon (DIC) production, while the proton balance of diagenetic reactions determines the proportions of CO₂, HCO₃⁻, and CO₃²⁻, influencing CO₂ flux and long-term carbon sequestration. Alkalinity, mainly controlled by HCO₃⁻, buffers pH fluctuations. Conventional techniques lack the spatial resolution to capture fine-scale geochemical gradients, where biologically driven perturbations and redox stratification create strong variability. This study introduces two-dimensional Diffusive Equilibrium in Thin-films (2D-DET) gels for high-resolution mapping of pH and alkalinity in mangrove porewaters. By combining in situ equilibration with colorimetric analysis, this approach provides sub-millimeter-scale insights into carbonate system dynamics. We applied this method to contrasting mangrove ecosystems along the Brazilian coast: Marapanim (MAR, Pará), a macrotidal coastal plain influenced by seasonal Amazonian rainfall, and Mamanguá (MAM, Rio de Janeiro), a sheltered bay with narrow shorelines and moderate tidal dynamics. Our results reveal substantial microscale and regional heterogeneity in pH and alkalinity. In MAM, sediments exhibit an acidic zone (pH ~5.5–6.0) transitioning to neutral conditions (pH ~7.5–8.0) towards the water column, with bioturbation enhancing mixing. Weaker hydrodynamics contribute to sharp pH gradients.;https://hal.science/hal-05421681v1
hal-05373542;The green algae CO2 concentrating mechanism and photorespiration jointly operate during acclimation to low CO2;Ousmane Dao | Marie Bertrand | Saleh Alseekh | Florian Veillet | Pascaline Auroy | Phuong-Chi Nguyen | Bertrand Légeret | Virginie Epting | Amélie Morin | Stephan Cuiné | Caroline Monteil | Luke Mackinder | Adrien Burlacot | Anja Krieger-Liszkay | Andreas Weber | Alisdair Fernie | Gilles Peltier | Yonghua Li-Beisson;ART;2025-12-10;2025-06-17;2025-06-17;Rubisco | Plant physiology | Metabolomics;0.sdv;the French Ministry of Research and the CEA for funding the HelioBiotec platform | the INRAE MIGALE bioinformatics facility (MIGALE, INRAE, 2020);AlgalCCM | CO2_CMPhi | SPS | FRISBI;ANR-22-CE44-0023 | ANR-23-PEXF-0002 | ANR-10-LABX-0040 | ANR-10-INBS-0005;Les réseaux d'énergie photosynthétique pour le fonctionnement et la régulation du CCM | CO2 concentration mechanisms of photosynthetic microorganisms | Saclay Plant Sciences | Infrastructure Française pour la Biologie Structurale Intégrée;GAIN4CROPS | BEST-CROP | PlantaSYST;Nature Communications;;en;Oui;Due to low availability of CO 2 in aquatic environment, microalgae have evolved a CO 2 concentrating mechanism (CCM). It has long been thought that operation of CCM would suppress photorespiration by increasing the CO 2 concentration at the Rubisco active site, but experimental evidence is scarce. To better explore the function of photorespiration in algae, we first characterized a Chlamydomonas reinhardtii mutant defected in low-CO 2 inducible 20 (LCI20) and show that LCI20 is a chloroplast-envelope glutamate/malate transporter playing a role in photorespiration. By monitoring growth and glycolate excretion in mutants deficient in either CCM or photorespiration, we conclude that: ( i. ) CCM induction does not depend on photorespiration, ( ii. ) glycolate excretion together with glycolate dehydrogenase down-regulation prevents the toxic accumulation of non-metabolized photorespiratory metabolites, and ( iii .) photorespiration is active at low CO 2 when the CCM is operational. This work provides a foundation for a better understanding of the carbon cycle in the ocean where significant glycolate concentrations have been found.;https://hal.science/hal-05373542v1
hal-05407520;Assessing the sustainability of energy and bioeconomic transition pathways for an urban territory;Agathe Souiry | Bernard Kurek | Julie Wohlfahrt;POSTER;2025-12-09;2025-11-03;2025-11-03;Integrated assessment and modeling | Bioeconomy | Energy mix;0.sde;;SLAM-B;ANR-22-PEXF-0003;Scenario labs to design and evaluate trajectories toward C neutrality;;;Journées annuelles FairCarboN;en;Non;;https://hal.inrae.fr/hal-05407520v1
hal-05110502;Carbon dioxide emissions from coastal waters and mangrove sediments in a microtidal bay under tropical monsoon climate (Martinique, Lesser Antilles);Gwenaël Abril | Mélissa Narayaninsamy | Frank David | Raisa Chielle | Pierre Le Moal | Tarik Meziane;ART;2025-12-09;2025-05-17;2025-05-17;Lesser Antilles | Carbon dioxide | Land-sea interface;0.sdu | 1.sdu.stu;This research was funded by Citadelle SA Company, Lamentin, Martinique, France.;Pilotage et gouvernance du programme FairCarboN | TROPECOS;ANR-22-PEXF-0001 | ANR-22-PEXF-0012;Pilotage et gouvernance du programme FairCarboN | Carbon budgets of TROPical coastal ECOSystems in the Anthropocene;;Estuarine, Coastal and Shelf Science;;en;Oui;We report seasonal data of carbonate chemistry, partial pressure of CO2 and air-sea CO2 fluxes in coastal waters of the bay of Fort-de-France, where tidal amplitude was 20 cm. Sampling included the open bay, two small river mouths, a mangrove margin, and a mangrove channel and creek. To achieve a more complete carbon budget of the bay, CO2 sediment-air fluxes were also measured with static chambers inside the mangrove at low tide. All water masses and sediments were a net source of CO2 to the atmosphere. Microtidal conditions apparently resulted in little enrichment of bay's waters with dissolved CO2, except in channels and creeks within the mangrove itself, where high concentrations of alkalinity were also recorded. Monsoonal climate caused a more significant, but still modest, export of dissolved CO2 from the mangrove to the bay of Fort-de-France during the wet season, preferentially through small river mouths. We observed a fivefold increase of CO2 emissions during the wet season compared to the dry season, with 73 % of this seasonal increase attributed to the mouths of small rivers draining the mangrove channels networks. Our data highlight that, because of the very low tidal amplitude, carbon export and emissions from the mangrove mainly varied according to the monsoonal regime, increasing during the wet season.;https://hal.science/hal-05110502v1
hal-05387486;Drivers and CO 2 flux budgets in a Sahelian Faidherbia albida agro-silvo-pastoral parkland: Insights from continuous high-frequency soil chamber measurements and Eddy Covariance;Seydina Mohamad Ba | Olivier Roupsard | Lydie Chapuis-Lardy | Frédéric Bouvery | Yélognissè Agbohessou | Maxime Duthoit | Aleksander Wieckowski | Torbern Tagesson | Mohamed Habibou Assouma | Espoir Koudjo Gaglo | Claire Delon | Bienvenu Sambou | Dominique Serça;UNDEFINED;2025-12-05;2025-12-05;2025-07-16;Carbon | Eddy covariance | Soil measurements | Agroforestry;0.sdv | 1.sdv.ee | 2.sdv.ee.eco | 0.sdu | 1.sdu.envi | 0.sdv | 1.sdv.sa | 2.sdv.sa.sf;"This  research  was  financially  supported  by  the  CaSSECS  project  (Carbon  Sequestration  and Greenhouse    Gas    Emissions    in    (Agro)    Silvopastoral    Systems    of    the    CILS-Sahel    States (FOOD/2019/410-169), within the framework ofthe European Union’s initiative ‘Development of  Smart  Innovation  through  AgriculturalResearch’  (DeSIRA-UE-EuropAID).  We  extend  our sincere  gratitude  to  the  coordination  team  of  the  CaSSECS  project,  the  ‘’Laboratoire  Mixte InternationalIntensification Écologique des Sols Cultivés en Afrique de l’Ouest’’ (LMI IESOL) of theof the French National Institute for Development (IRD) in Dakar (Senegal), as well as to the    Faidherbia-Flux   platform   (https://lped.info/wikiObsSN/?Faidherbia-Flux),   its   partners,  and affiliated  projects:  EU-H2020  [SUSTAIN-SAHEL  (Grant  N°  861974)] ;  ANR  under  the France  2030  program  [PEPR  FairCarboN-RIFT  (reference  ANR-22-PEXF-0004)];  EU-HORIZON EUROPE [GALILEO (Grant N° 101181623) ]. Our deepest appreciation goes to IbouDiouf, the observer at our experimental site.  Tagesson also acknowledged funding from Formas(Dnr 2021-00644). Lastly, we are deeply grateful to the two reviewers, Riccardo Piconeand Jim Boonman, for their insightful and highly constructive comments.";RIFT;ANR-22-PEXF-0004;Support to experimental infrastrucure (flux towers);CASSECS | SustainSAHEL | GALILEO;;;en;Oui;Agroforestry systems — combining trees with crops and/or livestock — are increasingly promoted as sustainable and climate-resilient land-use strategies. Despite their widespread presence in the Sahel, experimental data on their potential as carbon sinks are scarce. This study presents a full-year, high-frequency dataset of CO2 fluxes in a Sahelian agro-silvo-pastoral parkland dominated by F. albida, located in Senegal’s groundnut basin. CO2 fluxes were continuously measured using automated static chambers, allowing the quantification of soil and crop respiration (Rch), gross primary production (GPPch), and net carbon exchange (FCO2ch) under both full sun and shaded (under tree canopies) environments. Seasonal patterns of CO2 fluxes were similar in both environments, with peaks during the rainy season. Rch and GPPch were significantly higher under tree canopies, indicating a ‘fertile island’ effect. CO2 flux variability was primarily driven by soil moisture and leaf area index. Chamber-based GPP estimates closely matched those from Eddy Covariance measurements. On an annual scale, F. albida trees contributed approximately 50 % of total ecosystem GPP, with a carbon use efficiency of 0.48. Net annual CO2 exchange was estimated at −1.4 ± 0.02 and −1.8 ± 0.01 Mg C-CO2 ha⁻¹ using chamber and Eddy Covariance methods, respectively. These findings underscore the role of F. albida-based agroforestry systems as effective carbon sinks in Sahelian landscapes, supporting their potential contribution to climate change mitigation.;https://hal.science/hal-05387486v1
hal-05328331;Increasing carbon burial over recent decades despite re-oligotrophication in deep peri-alpine Lake Aiguebelette, France;Jean-Philippe Jenny | Cécilia Barouillet | Isabelle Domaizon | David Etienne | Irene Gregory-Eaves | Olivia Itier-Desgué | Andrea Lami | Erwan Messager | Pierre Sabatier | Julie Rotschi;ART;2025-12-04;2025-06-04;2025-06-04;Lakes | Carbon sequestration | Primary production | Pigments | Algal assemblages | Lake trophic state | Thermal stratification | Hypoxia;0.sde | 1.sde.mcg;;DEEP-C;ANR-22-PEXF-0009;Carbon sink or methane source – local to global scale assesment of lentic waters' role in the climate system;;Journal of Paleolimnology;;en;Oui;Cultural eutrophication has contributed to enhanced phytoplankton biomass in lakes around the world, leading to an overall increase in sedimentary carbon (C) sequestration since the twentieth century. However, the effects of land-use changes and restoration initiatives on sedimentary C sequestration are not yet well understood. To address this gap, we applied the paleolimnological approach to a temperate, hardwater site, Lake Aiguebelette, to investigate temporal changes in organic and inorganic C sequestration in relation to changes in C supplies, lake primary production, and preservation conditions over the past 300 years. Our results show that C sequestration has constantly increased in Lake Aiguebelette over the last 150 years due to local human disturbances. A first increase in lake-carbon sequestration was recorded between 1850 and the 1860s, a period marked by deforestation, marsh drainage, and lakelevel regulation — activities that collectively accelerated carbonate supply and precipitation in the lake. Subsequently, lake organic biomass production exceeded inorganic supplies and became the main contributor to total C sequestration. A period of nutrient enrichment in lake waters spanned from the 1950s to the1990s, which coincided with increased lake biomass and reduced hypolimnetic oxygen conditions. Over the last three decades, C sequestration has continued to increase, despite the reduction in nutrient loads following restoration measures. Our results suggest a long history of human disturbances, leading to a succession of perturbations in the carbon cycle in Lake Aiguebelette that favored C supplies and C fixation. In contrast, recent C burial appears to be controlled by decreased bottom-water oxygen conditions, despite improvements in surface-water quality. Overall, our study highlights a range of processes that can influence C burial over time, with recent reductions in nutrient loading during an era of climate warming resulting in both improved water quality and enhanced C storage.;https://hal.science/hal-05328331v1
hal-05385380;A process-based modeling of soil organic matter physical properties for land surface models – Part 1: Soil mixture theory;Bertrand Decharme;ART;2025-12-02;2025-07-15;2025-07-15;;0.sde;;Arctic-PEAT | PEACE | CYCL-ESM;ANR-20-CE01-0001 | ANR-22-PEXF-0011 | ANR-22-EXTR-0009;Impact de la fonte du pergélisol sur la dynamique du carbone des tourbières arctiques et subarctiques | Permafrost Ecosystem changes across the Arctic: Carbon and nutrients cycling in terrestrial-aquatic Environments | TRansformative Advances in Climate modelling for Climate Services;ESM2025;Geoscientific Model Development;;en;Oui;Numerous studies have highlighted the critical role of soil organic matter (SOM) physical properties in simulating hydrological and energy exchanges within Earth system models. However, current approaches in their land surface model (LSM) components typically rely on empirically derived parameterizations that lack physical consistency and often fail to distinguish between soil organic carbon (SOC) and total SOM. This conceptual simplification leads to inaccurate estimates of the volumetric organic fraction of soils and, consequently, of their physical properties as highlighted in this study. A process-based framework grounded in soil mixture theory is thus proposed to provide a physically consistent representation of the effects of SOM on soil behavior. The volumetric fraction of SOM is derived using mass–volume relationships, combined with an SOC-to-SOM conversion based on recent pedotransfer functions. For LSMs using the Brooks and Corey model to simulate soil water retention and hydraulic conductivity, new parameterizations are proposed for SOM hydrodynamic properties as functions of bulk density and depth, informed by recent observational datasets. Validation against experimental binary mixtures and large in situ datasets shows significant improvements over conventional methods. Designed for compatibility with global soil databases, the framework enables more physically consistent SOM representation in LSMs without requiring additional inputs or calibration.;https://cnrs.hal.science/hal-05385380v2
hal-05332759;Changes, interactions and drivers of soil chemical, physical and biological properties after repeated application of organic waste products in two contrasted long-term field experiments in France;Haotian Chen | Florent Levavasseur | Pierre Barré | François Baudin | Sophie Sadet-Bourgeteau | Camille Chauvin | Nathalie Cheviron | Christian Mougin | Amicie Delahaie | Safya Menasseri-Aubry | Cécile Villenave | Sabine Houot;ART;2025-11-25;2025-10-23;2025-10-23;Soil biology | Long-term field experiment | Soil quality | Organic wastes products;0.sdv | 1.sdv.sa | 2.sdv.sa.agro | 0.sdv | 1.sdv.sa | 2.sdv.sa.sds;;ANAEE-FR | AnaEE (JVCE) | Pilotage et gouvernance du programme FairCarboN;ANR-11-INBS-0001 | ANR-24-INBS-0001 | ANR-22-PEXF-0001;ANAEE-Services | National Infrastructure | Pilotage et gouvernance du programme FairCarboN;;Environmental Research Letters;;en;Oui;Recycling organic waste products (OWP) is known to influence soil physical, chemical, and biological properties, yet few studies have compared the long-term effects of different OWP type across multiple sites. This study examined the impacts of repeated OWP application on soil properties in two French long-term field experiments: QualiAgro and PROspective (20 and 18 years, respectively). The OWP included dehydrated urban sewage sludge (SLU), green waste and SLU compost (GWS), biowaste compost from source-separated municipal organic waste co-composted with green waste (BIO), municipal solid waste compost (MSW), farmyard manure from a dairy cow farm (FYM), and composted FYM from open-air composting on a concrete platform (FYMC). The application of OWP led to increased soil nutrient levels and trace element availability, and stimulated microbial biomass and enzyme activities, while the response of nematode varied depending on site and OWP type. Biological properties were less affected than physico-chemical properties, though the OWP application enhanced soil microbial biomass and specific enzyme activities. The impact on soil nematode communities varied depending on OWP type and site. Strong correlations were observed among soil property changes, with exogenous carbon and nutrient inputs from OWP identified as key drivers. Larger changes were noted in QualiAgro, where OWP application rates were higher and initial soil quality lower. These findings highlight that OWP applications, depending on their type, rate, and initial soil conditions, can significantly alter soil properties.;https://hal.inrae.fr/hal-05332759v1
hal-05368312;How to use European soil and climate data to simulate agriculture with crop models for bioeconomy scenarios ?;Hugo Senges | Helene Raynal | Julie Constantin | Hugues Clivot;POSTER;2025-11-17;2025-11-03;2025-11-03;Pedo-climate | STICS | Integrated Assessment Modeling;0.sdv | 1.sdv.sa | 0.info | 1.info.info-mo | 0.sde;;SLAM-B;ANR-22-PEXF-0003;Scenario labs to design and evaluate trajectories toward C neutrality;;;FairCarboN annual days 2025;en;Oui;This Integrated Assessment and Modelling (IAM) research project aims at better bioeconomy territorial strategies including: - quantification of crop residues and mobilizable cover crops biomasse, - diversified production systems, allocation of raw materials and finished products ... The European extension (and adaptation) of the former 4p1000 study is based on the STICS model. As a first step, we produced a combination of climate and pedological data to feed the STICS model in Europe.;https://hal.science/hal-05368312v1
hal-05354346;Investigation of the role of chlorophyll in carbon and nitrogen management in response to darkness in barley;Gilloteau Clara | Marmagne Anne | Céline Masclaux‐daubresse | Fabien Chardon;POSTER;2025-11-07;2025-10-27;2025-10-27;;0.sdv | 1.sdv.bv;;GREENSCALE;ANR-23-PEXF-0003;Growing Resilient Ecosystems: Enhancing Nitrogen Savings and Carbon in Agriculture - a Leverage of Efficiency;;;Carbon allocation in Plants;en;Non;;https://hal.science/hal-05354346v1
hal-05354331;Investigation of the role of chlorophyll in the adaptation of plants to abiotic stresses and nutrient management in barley;Gilloteau Clara | Marmagne Anne | Céline Masclaux‐daubresse | Fabien Chardon;COMM;2025-11-07;2025-11-03;2025-11-03;;0.sdv | 1.sdv.bv;;GREENSCALE;ANR-23-PEXF-0003;Growing Resilient Ecosystems: Enhancing Nitrogen Savings and Carbon in Agriculture - a Leverage of Efficiency;;;Journées annuelles FairCarboN 2025;en;Non;;https://hal.science/hal-05354331v1
hal-05354320;Investigation of the role of chlorophyll in carbon and nitrogen management in response to darkness in barley;Gilloteau Clara | Marmagne Anne | Céline Masclaux‐daubresse | Fabien Chardon;POSTER;2025-11-07;2025-11-03;2025-11-03;;0.sdv | 1.sdv.bv;;GREENSCALE;ANR-23-PEXF-0003;Growing Resilient Ecosystems: Enhancing Nitrogen Savings and Carbon in Agriculture - a Leverage of Efficiency;;;Journées annuelles FairCarboN 2025;en;Non;;https://hal.science/hal-05354320v1
hal-05350765;Tight Reservoir Potential of the Early Eocene Bou Dabbous Formation in Northwestern Tunisia;Imen Arfaoui | Hamdi Omar | Ajendra Singh | Mouna Rachdi | Mabrouk Montacer | François Baudin | Frédéric Collin | Frédéric Boulvain;COMM;2025-11-06;2025-04;2025-11-06;;0.sdu | 1.sdu.stu;;Pilotage et gouvernance du programme FairCarboN;ANR-22-PEXF-0001;Pilotage et gouvernance du programme FairCarboN;;;EGU General Assembly 2025;en;Oui;Early Eocene limestones in Tunisia exhibit notable variations in facies and thickness, indicative of a depositional environment primarily within a platform setting. Most planktonic-rich microfacies are deposited in slope-basin areas conducive to preserving organic matter. This study focuses on the Bou Dabbous Formation, a known source-rock explored in various wells across Tunisia. It aims to evaluate its potential as a tight reservoir through a comprehensive analysis of core samples from two outcrop analogs: Oued Kasseb (OK) and Ragoubet Tassera (TS) sections in northwestern Tunisia. Rock-Eval pyrolysis of 42 samples revealed variable organic richness, with higher Total Organic Carbon (TOC) in the OK section (max TOC = 2.75 wt.%) compared to the TS section (max TOC = 1.11 wt.%). Tmax values ranged from 433°C to 454°C, indicating a predominantly mature to marginally mature stage of hydrocarbon generation. Hydrogen Index (HI) values classified the organic matter primarily as Type II, with some Type II/III, suggesting a planktonic marine origin under anoxic to suboxic conditions. Inorganic analysis, including XRF and XRD analyses, showed significant lithological variations between massive limestone and marly limestone layers. Major oxides such as MgO and SiO2 varied notably, with silica-rich layers prominent in the TS section and magnesian limestones in the OK section. Trace elements like Sr and S highlighted diagenetic processes and variations in paleoclimate, suggesting semi-humid conditions during deposition. The presence of pyrite, influenced by anoxic conditions and diagenesis, further supports these findings. The complex diagenetic processes affecting the Bou Dabbous limestones impact their petrophysical properties, including fractures, silicification, and cementation. The region's significant tectonic activity has resulted in a complex fracture network, as observed in field studies and thin-section analyses. These fractures, partially filled with calcite and asphaltene, are attributed to compaction and tectonic stresses. Stylolites, formed by chemical compaction and bitumen-filled fractures, indicate the circulation of acidic solutions related to petroleum generation processes. These processes altered the primary pore system by either enhancing reservoir properties (such as fracturing and oxidation) or reducing and destroying porosity through cementation, mechanical and chemical compaction, and the precipitation of asphaltene, phosphate, and pyrite. This emphasizes the complexity of diagenetic controls on the porosity evolution. The brittleness index (BI) for the Bou Dabbous Formation, determined based on carbonate fractions, detrital content, and TOC percentages, was high, ranging from 0.84 to 0.98. This suggests a high fracturing sensitivity among the studied area's rocks. Overall, the findings indicate that the Bou Dabbous limestones have potential as a tight reservoir with favorable conditions for unconventional hydrocarbon exploration, influenced by its significant organic content, mature hydrocarbon generation, and brittleness characteristics. These results underscore the formation's importance in regional petroleum exploration and development. Further investigations should be conducted on borehole cuttings, along with rigorous fracturing simulations, to realistically evaluate the potential of the Bou Dabbous Formation in Tunisia as an unconventional hydrocarbon reservoir within the explored petroleum system.;https://hal.science/hal-05350765v1
hal-05350726;Supplement of: A quantitative assessment of the behavior of metallic elements in urban soils exposed to industrial dusts near Dunkerque (northern France);Marine Casetta | Sylvie Philippe | Lucie Courcot | David Dumoulin | Gabriel Billon | François Baudin | Françoise Henry | Michaël Hermoso | Jacinthe Caillaud;ART;2025-11-06;2025;2025;;0.sdu | 1.sdu.stu;;Pilotage et gouvernance du programme FairCarboN;ANR-22-PEXF-0001;Pilotage et gouvernance du programme FairCarboN;;Soil;;en;Oui;;https://hal.sorbonne-universite.fr/hal-05350726v1
hal-05350684;Assessing soil functioning: What is the added value of soil organic carbon quality measurements alongside total organic carbon content?;Guusje J Koorneef | Mirjam M Pulleman | Rob Nj Comans | Sophie Q van Rijssel | Pierre Barré | François Baudin | Ron Gm de Goede;ART;2025-11-06;2024-09;2024-09;MAOM | POX-C | Rock-eval | Carbon indicators | Soil carbon stability | Soil organic matter;0.sdu | 1.sdu.stu;;Pilotage et gouvernance du programme FairCarboN;ANR-22-PEXF-0001;Pilotage et gouvernance du programme FairCarboN;;Soil Biology and Biochemistry;;en;Oui;Soil organic carbon (SOC) content is the most widely used soil health indicator, but many soil functions are also influenced by the quality of SOC. Yet, standardized SOC quality parameters that can be used in soil health assessments in addition to SOC content are still in development. Here, we investigated the relationships between various SOC parameters (both quantity and quality) and soil functions.</p><p>We collected 223 soil samples from arable fields in two contrasting Dutch soil types i.e., marine clay and sand. For each sample, we assessed three soil functions (i.e., biological population regulation, element cycling, and soil structure and water regulation) by measuring five indicators per function. We also analyzed SOC quality with four techniques (C:N-ratio, POX-C, Rock-Eval, POM-MAOM fractionation), resulting in 21 SOC quality parameters, and measured SOC content. We then determined for each soil type how much variation in each function indicator was explained by the SOC parameters and other measured intrinsic soil properties.</p><p>We found that SOC parameters and intrinsic soil properties explained at most 30 ± 22% of the variation in soil function indicators. SOC content explained 9 ± 16% of the variation across functions and soil types. Including one single SOC quality parameter alongside SOC content never had significant added value in explaining soil functions. Only including multiple Rock-Eval parameters alongside SOC content significantly increased the explained variation compared to SOC content alone, as well as combining multiple parameters from the four different SOC quality techniques.</p><p>We conclude that the relationships between the SOC quality parameters and soil functions are insufficiently straight-forward to add significant explanatory power to SOC content alone. We recommend that before including SOC quality parameters in soil health monitoring, more emphasis should be put on evaluating their relation to soil functions and their potential redundancy when used alongside SOC content.;https://hal.science/hal-05350684v1
hal-05350641;Abiotic organo-minerals, a threat for identification of bio-minerals in hydrothermal systems and extraterrestrial environments;Alexandra Perron | Vassilissa Vinogradoff | Fabien Stalport | François Baudin | Bénédicte Ménez;COMM;2025-11-06;2024-09-08;2024-07-03;;0.sdu | 1.sdu.stu;;Pilotage et gouvernance du programme FairCarboN;ANR-22-PEXF-0001;Pilotage et gouvernance du programme FairCarboN;;;Europlanet Science Congress 2024;en;Oui;Abiotic organo-minerals, a threat for identification of bio-minerals in hydrothermal systems and extraterrestrial environments Introduction: The search for organic compounds of biological origin in extraterrestrial environments is one of the major objectives of space missions. However, the interpretations of the origins (biological or otherwise) of organic matter in extraterrestrial environments is a highly complex process. The same concern is encountered when probing for the oldest traces of life on Earth. The search for by-products of potential biological activity such as bio-minerals can be an interesting alternative to decipher biological from non-biological organic compounds. Many minerals of biological origin have been identified on present-day Earth, trapping organic compounds of biological origin, used as template for mineralisation [1], [2]. Therefore, it can be assumed that traces of biological activity could have been preserved more efficiently in the form of inorganic phases such as bio-minerals and potentially able to protect and preserve in their crystallographic structure, biological organic compounds. Nevertheless, numerous studies also demonstrate the possibility of forming abiotic minerals by organo-mineralization (precipitated solely in the presence of organic molecules without any living organisms) [3], [4], [5]. On Earth, carbonate minerals have been widely produced by bio-, organo-mineralization as well as by inorganic mineralization processes throughout geological history. However, both bio-and organo-mineralization processes use organic compounds as nucleation sites for carbonation leading in both cases to organic-rich carbonates with occasionally similar characteristics [6]. Few studies have shown that the nature of organic compounds, including their physico-chemical properties but also their structural form (chirality) lead to the formation of organo-carbonates with various characteristics (e.g., mineralogies, morphologies) [4], [5], [7]. The presence of one or more COO functional groups on molecules, which can form a weak bond with Ca ions and thus induce carbonation, could have an influence on the properties of organo-carbonates produced.</p>;https://hal.science/hal-05350641v1
hal-05350564;Influence of Clay Mineralogy on Soil Organic Carbon Stabilization under Tropical Climate, India;Abinash Das | Tapan Jyoti Purakayastha | Nayan Ahmed | Ruma Das | Sunanda Biswas | Yashbir Singh Shivay | Vinay Kumar Sehgal | Khushboo Rani | Ankita Trivedi | Priti Tigga | Jyotirmaya Sahoo | Ranabir Chakraborty | Suman Sen;ART;2025-11-06;2022-12-21;2022-12-21;Soil carbon stabilization  Clay mineralogy Carbon mineralization Labile carbon fractions Enzyme activity;0.sdu | 1.sdu.stu;;Pilotage et gouvernance du programme FairCarboN;ANR-22-PEXF-0001;Pilotage et gouvernance du programme FairCarboN;;Journal of Soil Science and Plant Nutrition;;en;Non;Mechanisms of soil organic carbon (SOC) stabilization has received much focus recently due to its relevance in controlling the global carbon (C) cycle. Clay minerals are known to stabilize SOC through mechanisms such as, ligand exchange, polyvalent cation bridging, electrostatic attraction, H-bonding, and van der Waals forces. Most studies focused on clay organic interactions derived from geological deposits. However, the effect of pedogenic clay on SOC stability is still lacking especially in tropical conditions like India. Therefore, the impact of clay with different mineralogy such as smectite, 2:1 interstratified minerals, illite, kaolinite on soil C mineralization, and labile C fractions in four distinct soils under natural conditions was evaluated. The results indicated that the cumulative C mineralization (CO2-Ccum) was the highest in Mollisol (0.97 g C kg-1) and Vertisol (0.96g C kg-1), which was dominated by kaolinite+illite+chlorite–interstratified minerals and smectite/2:1 interstratified minerals, respectively followed by Alfisol and Inceptisol, which was dominated by kaolinite and illite. The percentage of SOC loss showed opposite trend where the highest SOC loss was accounted in Inceptisol (10.1%) and Alfisol (9.02%) whereas Mollisol and Vertisol lost lowest amount of SOC. Labile C fractions and dehydrogenase activity were significantly higher in Mollisol and Vertisol over Alfisol and Inceptisol. Specific surface area (SSA) (r = 0.65, P ≤ 0.05) and cation exchange capacity (CEC) (r = 0.62, P ≤ 0.05) positively correlated with C mineralization and labile C fractions and negatively correlated with percentage SOC loss. Principal component analysis confirmed that varying mineralogy significantly influenced the sequestration of labile C in soil under natural conditions. This study highlighted the positive influence of 2:1 expanding/limited expanding clay mineralogy in sequestering and stabilizing labile C in soil.;https://hal.science/hal-05350564v1
hal-05348796;Land use and plant genotype modulate rhizosheath traits, root-associated microbiota, and soil carbon sequestration potential;Sarah Wagon | Isabelle Basile-Doelsch | Mohamed Barakat | Joris Tulumello | Sylvain Fochesato | Adrien Duvivier | Wafa Achouak | Emmanuel Doelsch | Thierry Heulin;ART;2025-11-05;2025-10-24;2025-10-24;Soil | Pearl millet | Rhizodeposition | Rhizosheath | Microbiota | Carbon sequestration;0.sde;France 2030 A*MIDEX (AMX-19-IET-012);RhizoSeqC;ANR-23-PEXF-0005;Optimizing rhizodeposition to increase carbon sequestration in agrosystems;;Plant and Soil;;en;Oui;"Enhancing soil carbon sequestration requires a thorough understanding of the interactions among plants, rhizosphere-associated microbiota and soil properties. Here, we investigated the interplay between pearl millet (Pennisetum glaucum) genotypes and land use on carbon sequestration within the rhizosheath, as assessed by net carbon gain (NCG), and on the structure of rhizosheath-associated microbiota. Methods We used the same arenosol from adjacent forest and vineyard sites. Two pearl millet lines with contrasting rhizosheath sizes assessed genotype effects. Microbial diversity was analyzed via 16S and ITS2 rDNA metabarcoding for bacteria and fungi, respectively. Results Our findings revealed a significant interaction between land use and plant genotype, resulting in a greater rhizosheath size for the high-aggregation line, compared to the low-aggregation line, but only in forest soil. This interaction was also significant for the NCG: the land use effect (NCG(forest) &gt; NCG(vineyard)) was significant only for the high-aggregation line. We founded that the bacterial reservoir was significantly different between the land uses. In root tissue, bacterial taxa such as Burkholderia, Rhizobium sensu lato, and Sphingomonas-known for their exopolysaccharide production-were consistently more prevalent than in the rhizosheath and bulk soil. Additionally, predicted abundances of genes such as exoP/vpsO, encoding an exopolysaccharide (EPS) biosynthesis transport protein, were significantly higher in forest soil. Conclusions Rhizosheath formation depends on two main factors: (i) microbial diversity shaped by land use, including exopolysaccharide-producing bacteria, and (ii) rhizodeposit composition and carbon input influenced by plant genotype.";https://hal.science/hal-05348796v1
hal-05328605;Impact of agricultural practices on eco-hydrological modelling in agropastoral Sahel;Jordi Etchanchu | Demarty Jerome | Lena Collet | Alain Dezetter | Nesrine Farhani | Ibrahim Mainassara | Chloé Ollivier | Brune Raynaud-Schell | Simon Vauclare | Hélène Barral | Nanée Chahinian;COMM;2025-10-23;2025-09-29;2025-09-29;Agricultural practices | West-Africa | Evapotranspiration | Land Surface Model;0.sdu | 1.sdu.envi;Observatoire AMMA-CATCH;RIFT;ANR-22-PEXF-0004;Support to experimental infrastrucure (flux towers);;;3rd OZCAR TERENO International Conference;en;Oui;During the last three decades of the 20th century, the Sahelian region suffered an unprecedented drought period, both in intensity and duration. Despite a regain in annual precipitation, measurements show an intensification of climatic events, with a significant rise in the frequency of extreme events, both on temperatures and precipitation. This evolution deeply impacts the continental surfaces’ biogeochemical cycles, like the water and energy cycles. Moreover, the skyrocketing demography of Sahel makes it particularly vulnerable on the quantitative and qualitative management of the water resources, the food safety and the protection against hydroclimatic events. Proposing methods to insure the monitoring and projection of the water and vegetation resources is thus highly needed. Such method must rely on a deep understanding of the thermo-hydric behaviour of the main ecosystems and their response to global changes, climatic and/or anthropogenic. In this context, our study aims at analysing the impact of agricultural practices in a Soil-Vegetation-Atmosphere-Transfer Model (SVAT). Such model is a reference tool to quantify the surface water and energy budget and assess their future evolution. The objectives are: i) to identify the key processes in the surface fluxes partition in Sahelian agrosystems, ii) to assess the durability of the actual practices and iii) to evaluate the levers for a durable adaptation of these practices. Our study focuses on the impact of the crop rotation cycles and associated soil practices traditionally used in agropastoral Sahel. The SiSPAT model, used in this study, has been calibrated on the flux measurement site of Wankama, in South-Western Niger. This site is located on a plot with an alternance of millet and shrubby savannah, which is representative of Sahelian agropastoral practices. The calibration is performed on a variety of hydrometeorological measurements, as the turbulent fluxes, the radiation measurements, the soil heat conduction and the temperature and humidity down to 2.5m in the soil. It helps constraining the different processes within the model. Performed year by year including the crop rotation, the calibration has highlighted the effect of the soil practices on the hydrodynamic properties of the superficial horizons, particularly the porosity and hydraulic conductivity. Results pointed a long-lasting (few years) improvement of the soil infiltration capacity. The partition between evaporation and transpiration is also affected, in favour of the transpiration due to the deeper storage of water in the root zone. The analyse of the inverse rotation (savannah to millet) is also ongoing. It will help understand the long-term impact of the entire rotation cycle on soil properties as well as the processes of infiltration and diffuse recharge of the aquifers. It will allow to assess the combined effect of the climate scenarios and agricultural practices scenarios on the future evolution of water and vegetation resources in Sahel.;https://hal.science/hal-05328605v1
hal-05325353;Simulating biomass chains for agricultural and bioeconomy transitions: the agent-based model, BioChains;Hadrien Delattre | Jean-Christophe Soulie | Jean Villerd | Olivier Therond;COMM;2025-10-22;2025-06-02;2025;Bioproduct | Transport | Transformation | Production | Biobased chain | Maelia | Multi-agent | Anaerobic Digestion | Logistics | Bioprocess | Bioeconomy | Agronomy | Biomass chains;0.info | 1.info.info-mo | 0.sdv | 1.sdv.sa | 2.sdv.sa.agro;"Agence Nationale de la Recherche;ANR;FRA;http://dx.doi.org/10.13039/501100001665";SLAM-B;ANR-22-PEXF-0003;Scenario labs to design and evaluate trajectories toward C neutrality;;;Colloque International Bioeco - Towards an Ecological Bioeconomy: Interrogating Concepts and Practices from the Human and Social Sciences (BIOECO2 2025);en;Oui;"The agent-based model BioChains aimed at modelling and simulating the biomass flows between production and processing plants to support the design of sustainable territorial bioeconomic systems (Wohlfahrt et al. 2019). Starting from concepts and formalisms of the existing UPUTUC model (Soulié et al. 2017), biomasses are represented as ” pools ”, defined by their volume and type, transiting through multiple production, processing and consumption ”units”. In addition to their type (e.g: Faba beans, corn silage, pig slurry etc), each biomass pool is characterised by its age and physical characteristics (e.g.: dry matter, nitrogen content, phosphorus content etc), which may vary on a daily basis, due to phenomena such as degradation within storage units. BioChains has been designed to represent five layers of phenomena regarding the prospects of biomass pools in a territory; - Wells and sources of biomass: where are produced and consumed biomass pools? And at which rate? - Storage: what are the maximum capacities and storage conditions offered by the units of the territory? How do the physical characteristics of biomass pools change between the time they are stored and the time they are retrieved? - Transportation: how are biomass pools moved from one unit to another? How can ex- changes between units be assured, depending on the characteristics of freight companies' fleets? - Processing of biomass: What biomass pools are needed and processed by biomass processing plants of the territory? - Performances: how much greenhouse gases are emitted by composting or degradation during storage of a given quantity of biomass? How much bioproducts (e.g.: biogas, biomaterials) are produced through the different processing plants? How the transportation traffic in increase due to the development of the bioeconomy? BioChains allows integrating multiple coarse- or fine-grained bioprocess models. The bio- processes currently implemented are anaerobic digestion (through the SysMetha model) and household composting. An industrial composting platform model and a bioplastic production plant model are also underway. In a more general manner, the BioChains model has been designed as a framework into which new bioprocesses can easily be described and communicate between each other through generic interfaces. The BioChains module provide its users with building blocks allowing to model and simulate multiple scenarios of biomass chain organisations, like linear vs. cascading and circular ones, thus making it possible to assess their respective environmental and economic performances. Being powered by the GAMA platform, the BioChains module is designed to be pluggable into the MAELIA platform (Misslin et al., 2021) to simulate interactions between agricultural, hydrological and biomass pools dynamics. BioChains is capable to interact with MAELIA agents as well as to function as a ""standalone"" model. This coupling possibility adds the ability to test bioeconomy scenarios to MAELIA's Integrated Assessment Modelling approach (for example; which feasibility for a specific transformation unit layout on a territory? What scaling for the logistics around the upcycling of a given organic waste product?).";https://hal.science/hal-05325353v1
hal-05318388;Evaluating DayCent and STICS in simulating the long-term impact of contrasting organic resource amendments on soil organic carbon and maize yields in sub-Saharan Africa;Antoine Couedel | Moritz Laub | Rindra Ranaivomanana | Gatien Falconnier | Rémi Cardinael | Monicah Wanjiku Mucheru-Muna | Daniel Mugendi | Bernard Vanlauwe | Johan Six | Marc Corbeels;ART;2025-10-16;2026;2026;FairCarboN | Fertilisation | Expérience de longue durée | Soil-crop modelling | Agroecology | Climate change mitigation | Mineral fertilizers | Organic amendments | Sub-Saharan Africa | Engrais organique | Ressource minérale | Carbone | Soil organic carbon | Zea mays | Gestion intégrée de la fertilité des sols | Yields | Modèle de simulation | Kenya | Matière organique du sol | Rendement des cultures | Fumier | Amendement organique;0.sdv;"European Commission;EC;UE;http://dx.doi.org/10.13039/501100000780 | Agropolis Fondation;AF;FRA;http://dx.doi.org/10.13039/100007599 | Agence Nationale de la Recherche;ANR;FRA;http://dx.doi.org/10.13039/501100001665 | Total Foundation;;FRA;http://dx.doi.org/10.13039/501100018758 | Schweizerischer Nationalfonds zur Förderung der Wissenschaftlichen Forschung;FNS;CHE;http://dx.doi.org/10.13039/501100001711 | Kenyatta University;KU;KEN;http://dx.doi.org/10.13039/100019548 | University of Embu;UoEm;KEN;http://dx.doi.org/10.13039/100018051 | Centro Internacional de Agricultura Tropical;CIAT;ESP;http://dx.doi.org/10.13039/501100005346 | International Institute of Tropical Agriculture;IITA;NGA;http://dx.doi.org/10.13039/100022898 | Eidgenössische Technische Hochschule Zürich;ETH;CHE;http://dx.doi.org/10.13039/501100003006";AGRO;ANR-10-LABX-0001;Agricultural Sciences for sustainable Development;DSCATT | LANDMARC;Field Crops Research;;en;Oui;Problem: Low crop yields in sub-Saharan Africa mainly result from low soil fertility and insufficient nutrient inputs. A key component of Integrated Soil Fertility Management (ISFM), namely combining inputs of mineral fertilizers and organic resources, presents an opportunity to boost yields and maintain soil organic carbon (SOC) stocks in the long run. Soil-crop models help to assess the performance of ISFM under contrasting soil, climate, and management combinations. Yet, to date, most soil-crop models have been calibrated and tested in temperate conditions. Objective: Our objective was to evaluate and compare the performance of two different soil-crop models, DayCent and STICS, to represent crop yields and SOC dynamics under contrasting organic resource amendments. Methods: We used a large dataset representing 3384 cropping situations (site x season x treatment) from four long-term experiments in Kenya. Each experiment included the same treatments with the addition of two quantities of low- to high-quality organic resource amendments (high vs low C/N ratio, respectively), with (+N) and without (-N) mineral nitrogen fertilizer. Each treatment included a cropped and uncropped subplot, allowing for a unique stepwise calibration of soil and crop parameters. Results: Both models represented SOC and yield dynamics with similar accuracy across sites and treatments. They reproduced SOC dynamics well (nRMSE below 30 %) in the two clayey soils sites but not in the two sandy soils. Yet, in most sites they reproduced well SOC differences between high (Farmyard manure, Thithonia and Calliandra) and low-quality (maize stover and sawdust) organic resources. Models reproduced the average yield across sites and treatments similarly. They reproduced the positive effects of high-quality organic resources and the addition of mineral N on maize yield well. Models had similar inaccuracy in reproducing yield and yield variability under poor-quality organic resources and -N treatments. Conclusion: The stepwise calibration approach used in this study enabled highlighting the models' strengths and weaknesses in soil and plant simulations. The results suggest that the two models have similar strengths and struggle with the same problems despite having different structures. Collecting detailed plant (leaf area index, plant N uptake) and soil (water, nitrogen dynamics) in-season data from long-term experiments will be critical to exploit the full model complexity and improve their accuracy for tropical conditions.;https://hal.science/hal-05318388v1
hal-05297649;Webinaire de sensibilisation à la gestion des données de la recherche scientifique (3/3);Jérôme Dutroncy;COMM;2025-10-13;2025-06-03;2025-06-03;Entrepôt de Données | Science ouverte;0.info;;Pilotage et gouvernance du programme FairCarboN;ANR-22-PEXF-0001;Pilotage et gouvernance du programme FairCarboN;;;Animation transverse Données du PEPR FairCarboN;fr;Oui;Troisième webinaire d'un cycle de trois webinaires sur les données de recherche. Ce cycle de webinaires a pour objectifs de: - faire progresser la culture générale sur les enjeux relatifs aux données, et à la transformation numérique, - former aux bonnes pratiques en matière de gestion des données - sensibiliser à la Science Ouverte, et l'ouverture des données en particulier Ce dernier webinaire complète les deux précédents en mettant l'accent sur le partage des résultats de recherche et les données. Parcourant les raisons et les outils à disposition des scientifiques pour ouvrir leurs publications, leurs données, leurs codes et logiciels, ce dernier temps d'échange est aussi le plus concret et pratique du point de vue du data management. Le webinaire est à retrouver sur ce lien: https://www.youtube.com/watch?v=Yq5y8W-QZes;https://hal.science/hal-05297649v1
hal-05297629;Webinaire de sensibilisation à la gestion des données de la recherche scientifique (2/3);Jérôme Dutroncy;COMM;2025-10-13;2025-05-06;2025-05-06;Français | Stockage d'informations | Gestion des données | Histoire des données;0.info;;Pilotage et gouvernance du programme FairCarboN;ANR-22-PEXF-0001;Pilotage et gouvernance du programme FairCarboN;;;Animation transverse Données du PEPR FairCarboN;fr;Oui;Second webinaire d'un cycle de trois webinaires sur les données de recherche. Ce cycle de webinaires a pour objectifs de: - faire progresser la culture générale sur les enjeux relatifs aux données, et à la transformation numérique, - former aux bonnes pratiques en matière de gestion des données - sensibiliser à la Science Ouverte, et l'ouverture des données en particulier Ce premier temps revient sur l'Histoire de données, rappelle quelques définitions clés, élargie le propos à l'Histoire des sciences de la Communication et de l'Informatique et expose les enjeux généraux du Numérique dans la Recherche moderne. Dans ce second webinaire sont abordés les types de données, le cycle de vie de leur production à leur sauvegarde. La présentation fait le tour d'horizon de toutes les bonnes pratiques de gestion des données: sécuriser, gérer l'accès, organiser, structurer, nommer, versionner, modéliser, manipuler, stocker. Le webinaire est disponible sur ce lien: https://www.youtube.com/watch?v=j-9D0PjM0eY;https://hal.science/hal-05297629v1
hal-05297638;Webinaire de sensibilisation à la gestion des données de la recherche scientifique (1/3);Jérôme Dutroncy;COMM;2025-10-13;2025-03-25;2025-03-25;Définition | Histoire des données | Histoire de l'informatique;0.info;;Pilotage et gouvernance du programme FairCarboN;ANR-22-PEXF-0001;Pilotage et gouvernance du programme FairCarboN;;;Animation transverse Données du PEPR FairCarboN;fr;Oui;Premier webinaire d'un cycle de trois webinaires sur les données de recherche. Ce cycle de webinaires a pour objectifs de: - faire progresser la culture générale sur les enjeux relatifs aux données, et à la transformation numérique, - former aux bonnes pratiques en matière de gestion des données - sensibiliser à la Science Ouverte, et l'ouverture des données en particulier Ce premier temps revient sur l'Histoire de données, rappelle quelques définitions clés, élargie le propos à l'Histoire des sciences de la Communication et de l'Informatique et expose les enjeux généraux du Numérique dans la Recherche moderne. Le webinaire est à retrouver sur ce lien: https://www.youtube.com/watch?v=wMRcPo_zE9I;https://hal.science/hal-05297638v1
hal-05304374;Soil microbial Carbon And Nutrient use Efficiency in managed Terrestrial Ecosystems (CANETE);Gwenaëlle Lashermes;POSTER;2025-10-10;2024-11-25;2024-11-25;;0.sde;;CANETE;ANR-22-PEXF-0008;Soil microbial Carbon And Nutrient use Efficiency under managed Terrestrial Ecosystems;;;FairCarboN annual days;en;Oui;;https://hal.science/hal-05304374v1
hal-05304362;Soil microbial Carbon And Nutrient use Efficiency in managed Terrestrial Ecosystems (CANETE) FairCarboN research axis 2;Gwenaëlle Lashermes;POSTER;2025-10-08;2023-10-09;2023-10-09;Agroecolgy | NUE nitrogen use efficiency | CUE carbon use efficiency | Microbial physiology | Soil;0.sde;;CANETE;ANR-22-PEXF-0008;Soil microbial Carbon And Nutrient use Efficiency under managed Terrestrial Ecosystems;;;FairCarboN annual days;en;Oui;;https://hal.science/hal-05304362v1
hal-05302359;Analyses pour étudier la dépolymérisation des protéines par les micro-organismes du sol;Stutzmann Charlotte | Humbert Guillaume | Louis Loïc | Nicolas Angeli | Lashermes Gwenaelle;POSTER;2025-10-07;2024-07-08;2024-07-08;Agroécosystèmes | Isotopie stable de l’azote | Acides aminés | Sols | Dépolymérisation des protéines;0.sde;;CANETE;ANR-22-PEXF-0008;Soil microbial Carbon And Nutrient use Efficiency under managed Terrestrial Ecosystems;;;FROG VI, 6ème réunion des chercheurs francophones en géochimie organique;fr;Oui;;https://hal.science/hal-05302359v1
hal-05300722;Predicting the proportion of centennially stable soil organic carbon using mid-infrared spectroscopy;Lorenza Pacini | Marcus Schiedung | Marija Stojanova | Pierre Roudier | Pierre Arbelet | Pierre Barré | François Baudin | Aurélie Cambou | Lauric Cécillon | Jussi Heinonsalo | Kristiina Karhu | Sam Mcnally | Pascal Omondiagbe | Christopher Poeplau | Nicolas P.A. Saby;ART;2025-10-07;2025;2025;SOC fractions | Thermal fractionation | Rock-Eval® | MIR spectroscopy | Chemometrics;0.sdu | 1.sdu.stu | 2.sdu.stu.gc | 0.chim | 1.chim.anal | 0.sde | 1.sde.ie;;FREACS | ALAMOD;ANR-22-SOIL-0001 | ANR-22-PEXF-0002;FRactionating soil organic carbon to quantify, map and undErstAnd its persistenCe and Storage | Shared, accurate models and open datasets;;Geoderma;;en;Oui;Recent work has shown that it is possible to quantify the proportion of centennially stable soil organic carbon (SOC) by using Rock-Eval® thermal analysis results as input variables for PARTYsoc, a learning model calibrated on long term experiments data. This method of quantifying SOC biogeochemical stability holds promise for improving projections of SOC stock evolutions. Here, we assessed the potential of mid-infrared spectroscopy (MIR) as a lower-cost, higher-throughput technique to facilitate its wide-scale deployment. We compiled a spectral library of over 1,800 records obtained through the scanning of samples from the French Réseau de Mesure de la Qualité des Sols to calibrate a model using MIR data to predict the proportion of centennially stable SOC. The model gave accurate predictions (RMSE = 0.06, RPD = 2.21, RPIQ = 3.26), suggesting that MIR spectra contain relevant information on SOC biogeochemical stability. We then tried to transfer this model directly to datasets acquired using another MIR spectrometer on German and Finnish soil samples. The accuracy of the predictions was degraded, even when using the CORAL data alignment method to harmonise the different spectral datasets. Our results show that it is possible to predict the proportion of centennially stable carbon determined by the PARTYsoc model using MIR spectroscopy. However, we found that the transfer of such models to different soils, scanned with different instruments or different protocols, is difficult. Large-scale deployment of such models will require careful calibration transfer, probably associated to local calibration within a similar spectral space.;https://hal.science/hal-05300722v1
hal-05070633;One decade of monitoring the consequences of different forest management alternatives on ecosystem functioning in young plantations | Une décennie de monitoring des conséquences de différentes sylvicultures sur le fonctionnement des écosystèmes dans de jeunes plantations;Laurent Augusto | Frédéric Bernier | Jean‐christophe Domec | Denis Loustau | Pierre Anschutz | Pierre Bordenave | Céline Charbonnier | Christophe Chipeaux | Jean-Luc Denou | Catherine Lambrot | Jean-Baptiste Ornon | Pierre Trichet;UNDEFINED;2025-10-06;2025-10-06;2025-10-06;FairCarboN | Understory | Nutrient | Podzol | Silviculture | Pinus pinaster | Plantation;0.sde | 0.sde | 1.sde.mcg | 0.sdv | 1.sdv.ee | 2.sdv.ee.eco;;XYLOFOREST;ANR-10-EQPX-0016;"Plateforme d'Innovation "" Forêt-Bois-Fibre-Biomasse du Futur """;;;;en;Oui;"The global demand for wood biomass is increasing, therefore it is necessary to develop forest management alternatives that can, simultaneously, produce large amounts of biomass and maintain ecosystem functions and services in a sustainable way. However, assessing the consequences of silviculture is challenging, as forest ecosystems function slowly over long periods of time. Therefore, in this study, an experimental platform was set up to monitor the long-term effects of several forest management alternatives (FMA) on ecosystem functioning in a pine forest in a temperate region characterised by oligotrophic conditions. In practice, we monitored three contrasting FMA over a decade: (i) wood biomass production (WBP), designed using an approach of very intense forestry (high stand density; seed lot of pines selected to growth fast), (ii) combined objective management (COM; low stand density), aimed at improving pine growth by alleviating any competition by spontaneous vegetation, and (iii) nutrient management (NuM; medium stand density), designed to improve tree nutrition using N-fixers in the stand furrows. Overall, although FMA showed contrasting stand growth and structures, they had modest effects on forest biogeochemistry over a decade of monitoring: FMA showed similar trends regarding atmospheric deposition, soil solution chemistry and water table-ditch chemistry. The main difference observed was a more important role of dissolved organic matter in NuM biogeochemical functioning. Conversely to their effects on biogeochemistry, the FMA appeared to influence the biophysical properties of stands. The WBP management (with high stand density) was shown to be shadier, cooler and wetter than the other FMA. This trend was fairly clear during the summer periods although differences were observed all year-long. An important result regarding biophysical effects was that, in addition to being observed in the topsoil layers, they were also evident in deeper soil layers and in the water table. All in all, our results indicated that contrasting FMA have tended to influence the ecosystem functioning, in particular its biophysical component, but showed no early sign of unsustainable biogeochemical functioning. Nonetheless, this latter result should be confirmed in the long-term through further monitoring.";https://hal.inrae.fr/hal-05070633v3
hal-05298971;Un living lab sur la bioéconomie urbaine sur le territoire du Grand Reims | Urban bioeconomy living lab on the Grand Reims area;Claire Heitz | Agathe Souiry | Julie Wohlfahrt;OTHER;2025-10-06;2024-05-30;2024-05-30;Living lab | Bioéconomie;0.sde;;SLAM-B;ANR-22-PEXF-0003;Scenario labs to design and evaluate trajectories toward C neutrality;;;;fr;Oui;;https://hal.science/hal-05298971v1
hal-05298716;The nature of soil blue carbon varies across mangrove geomorphic settings;Marie Arnaud | Catherine E Lovelock | Marion Maceiras | Dang Thuong-Huyen | Sarah Robin | Samuel Abiven | Amrit Kumar Mishra | Syed Hilal Farooq | Tuhin Bhadra | Axel Felbacq | Cyril Marchand | Nicolas Bottinelli | Thanh-Phong Le | Ahmad Aldrie Amir | Cornelia Rumpel;ART;2025-10-06;2025;2025;;0.sdv | 1.sdv.ee | 2.sdv.ee.eco | 0.chim | 1.chim.othe;This project has received funding from the European Union’s Horizon 2020 research and innovation program under the Marie Sklodowska-Curie grant agreement No101062040awardedtoM.A.,C.R. andC.L.This work is part of the TROPECOS project of the exploratory PEPRF air CarboN and received support from the French State managed by the French National Research Agency under France 2030 program, reference ANR-22-PEXF-012. This project received funding for a Master’s student grant from the CNRS. We thank thank Vicki Bennion and Alex Pearse. We acknowledge support from the Australian Research Council award FL200100133. We thank the park manager for allowing access to the mangroves;;;;;Communications Earth & Environment;;en;Oui;Mangrove forests store significant amounts of blue carbon, mainly as soil organic matter. Insights into mangrove organic matter are limited, despite its importance for understanding blue carbon accumulation and vulnerability to global change. Here, we quantified soil organic matter preserved through chemical recalcitrance and association with the mineral phase, as key factors influencing blue carbon persistence. We found that the nature of the soil organic matter varied with mangrove geomorphic settings. Delta settings were dominated by presumably the most persistent soil organic matter associated with minerals, while open coast karstic settings contained mostly particulate soil organic matter, likely preserved due to low microbial activity. Across mangrove soil depths, there was little difference in soil organic matter pools. The soil organic matter pool across mangroves’ geomorphic settings exhibited greater variation than that observed across all terrestrial biomes. These findings underscore the need to tailor mangrove conservation and restoration to geomorphic settings.;https://hal.science/hal-05298716v1
hal-05291751;How to address the sustainability and resilience of a bioeconomy project for the Grand Reims area?;Agathe Souiry | Julie Wohlfahrt | Bernard Kurek;POSTER;2025-10-01;2024-11-25;2024-11-25;Territorial Approach | Bioeconomy;0.sde;;SLAM-B;ANR-22-PEXF-0003;Scenario labs to design and evaluate trajectories toward C neutrality;;;Journées annuelles FairCarboN;en;Non;;https://hal.science/hal-05291751v1
hal-05291368;Carbon soil stock change in an intensive crop field near Paris reveals significant carbon losses;Benjamin Loubet | Nicolas P Saby | Maryam Gebleh | Pauline Buysse | Jean-Philippe Chenu | Céline Ratie | Claudy Jolivet | Carmen Kalalian | Florent Levavasseur | Jose-Luis Munera-Echeverri | Sebastien Lafont | Denis Loustau | Dario Papale | Giacomo Nicolini | Bruna Winck | Dominique Arrouays;UNDEFINED;2025-10-01;2025-10-01;2025-03-19;;0.sde | 0.sdv | 1.sdv.sa | 2.sdv.sa.sds;;ALAMOD;ANR-22-PEXF-0002;Shared, accurate models and open datasets;ICOS | NITROEUROPE IP | CARBOEUROPE-IP;;;en;Oui;Soil is a large pool of carbon (C) storing globally twice and three times more carbon than the atmosphere and vegetation, respectively. Soil organic carbon (SOC) stocks are significantly impacted by land use changes, either negatively when forest or grasslands are turned into crops or positively when the opposite is done. This idea has led to the 4per1000 initiative to increase carbon storage in soils. However, intensive cropping and climate change may lead to organic and inorganic carbon losses from soils, which calls for long-term observations of soil 20 organic carbon stocks in reference ecosystems over the globe. This idea is behind developing a reference soil sampling protocol for all EU Integrated Carbon Observing System research infrastructure (ICOS) ecosystem sites.<p>We present the first case study of SOC stock measurements with the ICOS protocol at the French crop site FR-Gri in 2019 and compute the soil stock evolution from 2005 to 2019 for a wheat-maize-barley-oilseed-rape crop rotation. A significant decompaction of the 0-15 cm soil layer was observed over the 15 years, with a 25% decrease 25 in bulk density in the 0-5 cm layer and a 10% decrease in the 5-15 cm layer, which can be attributed to reduced tillage performed since 2004. A significant increase of organic carbon content was observed in the same soil layers, around 15% in the 5-15 cm layer and 20% in the 0-5 cm layer. Despite its higher SOC content, the carbon stock decreased significantly in the 0-5, 5-30 and 0-60 cm layers because of the decreased bulk density. Overall, the SOC stock decreased by around 960 g C m -2 over the 13.25 years in the 0-60 cm layer, which corresponds to a 30 decrease rate of 72 ± 17 g C m -2 yr -1 as estimated with a fixed depth approach. The equivalent soil mass approach led to a very similar estimate of 70 ± 16 g C m -2 yr -1 . Overall, an organic carbon loss of 0.6% year -1 was observed, consistent with previous studies. We utilised the soil carbon cycling model AMG to simulate the soil carbon dynamics over the period and beyond. Based on recorded exports and imports and estimated residue return to soil, the model was in perfect agreement with the soil stock measurements. The AMG model simulation was also 35 consistent with the carbon flux balance reported between 2006 and 2010 as reported by Loubet et al. (2011), and predicted a stabilisation of the soil stock around 2028 with an overall decrease of 15% of the soil organic carbon stock compared to 2005. This observed destocking may be explained by a shift towards larger exportations and lower residue return at this site compared to previous practices. This result questions the feasibility of the 4per1000.</p>;https://hal.inrae.fr/hal-05291368v1
halshs-05289246;Within-country inequality and the shaping of a just global climate policy;Marie Young-Brun | Francis Dennig | Frank Errickson | Simon Feindt | Aurélie Méjean | Stéphane Zuber;ART;2025-09-29;2025;2025;FairCarboN | Loss and Damage | Inequality | Global climate policy;0.shs | 1.shs.eco | 0.sde | 1.sde.es;;CHIPS;ANR-19-AXIS-0001;Climate Change Impacts and Policies in Heterogeneous Societies;DECIPHER | NAVIGATE;Proceedings of the National Academy of Sciences of the United States of America;;en;Oui;Climate policy design must balance emissions mitigation with concerns for fairness, particularly as climate change disproportionately affects the poorest households within and across countries. Integrated Assessment Models used for global climate policy evaluation have so far typically not considered inequality effects within countries. To fill this gap, we develop a global Integrated Assessment Model representing national economies and subnational income, mitigation cost, and climate damage distribution and assess a range of climate policy schemes with varying levels of effort sharing across countries and households. The schemes are consistent with limiting temperature increases to 2 °C and account for the possibility to use carbon tax revenues to address distributional effects within and between countries. We find that carbon taxation with redistribution improves global welfare and reduces inequality, with the most substantial gains achieved under uniform taxation paired with global per capita transfers. A Loss and Damage mechanism offers significant welfare improvements in vulnerable countries while requiring only a modest share of global carbon revenues in the medium term. The poorest households within all countries may benefit from the transfer scheme, in particular when some redistribution is made at the country level. Our findings underscore the potential for climate policy to advance both environmental and social goals, provided revenue recycling mechanisms are effectively implemented. In particular, they demonstrate the feasibility of a welfare improving global climate policy involving limited international redistribution.;https://shs.hal.science/halshs-05289246v1
hal-05288536;A meta-analysis reveals large potential of substituting synthetic nitrogen fertilizer with solid organic fertilizer for climate mitigation in China;Shuaixiang Zhao | Susanne Schmidt | Philippe Ciais | Benoit Gabrielle | Bertrand Guenet | Pete Smith | Yunting Fang | Xiaoyuan Yan | Weifeng Zhang | Feng Zhou;ART;2025-09-29;2025-09;2025-09;Organic substitution | Soil organic carbon | Non-greenhouse gases | Climate mitigation;0.sdu | 1.sdu.ocean | 0.sde | 1.sde.mcg | 0.sdu | 1.sdu.envi | 0.sdv | 1.sdv.sa | 2.sdv.sa.agro;;ALAMOD;ANR-22-PEXF-0002;Shared, accurate models and open datasets;;Journal of Cleaner Production;;en;Non;Substituting synthetic fertilizers with solid organic fertilizers (e.g., solid manure and compost) contributes to mitigating climate change by increasing soil organic carbon stocks. However, net climate benefits of organic substitution (OS) remain unclear as organic inputs might increase emissions of nitrous oxide and methane, potent non-CO2 greenhouse gases (GHG) from croplands. Here we perform a meta-analysis of 1666 field paired observations with a machine learning model to explore the net climate benefits of OS and its climate mitigation potential for China. We show that OS achieves net mitigation of over 4 Mg carbon dioxide equivalent (CO2-eq) ha−1 yr−1 on dryland soils by increasing soil organic carbon without affecting non-CO2 GHG of both nitrous oxide and methane when compared to synthetic fertilizer on a total nitrogen basis. Conversely, OS has limit net climate benefits on paddy soils because of the increased methane emissions that almost offsets the annual soil carbon benefits. The net climate benefits were mostly determined by the duration of OS (∼25 % contributions), with limited long-term benefits but can be improved with optimal substitution ratio of organic N and type of organic fertilizers. We estimate that OS has technical potential to shift China's croplands from current a net carbon source of ∼300 Tg CO2-eq yr−1 to a small sink of 6 Tg CO2-eq yr−1, with the reduction potential equals to 2–3 % of total national emissions on a 20-year time span. Over 80 % of the mitigation potential lies in arable lands with neutral to alkaline pH, low soil organic carbon and temperate climate. These findings underscore the potential of OS for climate mitigation which requires alignment of targeted practices and cross-sectoral policies to guide China's OS implementation strategy.;https://hal.science/hal-05288536v1
hal-04790868;Les solutions fondées sur la nature : un levier important pour atténuer le changement climatique à condition d’aller de pair avec une réduction drastique des émissions de gaz à effet de serre;Bertrand Guenet | Julia Le Noë | Samuel Abiven;ART;2025-09-29;2023-12-27;2023-12-27;FairCarboN | Carbono | Changement climatique carbone solutions fondées sur la nature écosystème terrestre atténuation Climate change carbon nature-based solution terrestrial ecosystem attenuation Cambio climático carbono solución basada en la naturaleza ecosistema terrestre mitigación | Changement climatique | Carbone | Solutions fondées sur la nature | Mitigación | Ecosistema terrestre | Solución basada en la naturaleza | Attenuation Cambio climático | Terrestrial ecosystem | Nature-based solution | Carbon | Atténuation Climate change | Écosystème terrestre;0.sde;;ALAMOD;ANR-22-PEXF-0002;Shared, accurate models and open datasets;;Étude et Gestion des Sols;;fr;Oui;<div><p>Le changement climatique en cours réclame des réponses fortes visant principalement à réduire les émissions de gaz à effet de serre, mais même une réduction drastique ne permettra pas d'atteindre les objectifs fixés par l'accord de Paris d'un réchauffement en dessous des 2 °C au niveau global, a fortiori de 1,5 °C. Cet objectif est encore atteignable si cette réduction impérative des émissions est accompagnée par la mise en place des technologies d'émissions négatives visant à transférer et stocker le dioxyde de carbone de l'atmosphère sous une forme n'affectant pas le climat. Parmi ces technologies on trouve les solutions fondées sur la nature. Dans cet article, nous présentons une partie du portfolio à notre disposition sur les terres émergées en faisant une synthèse de la littérature. Nous présentons leurs potentiels et leurs limites en rappelant l'importance d'une vision intégrée de la gestion des écosystèmes qui se doit d'être multi-objectifs.</p></div>;https://ens.hal.science/hal-04790868v1
hal-05064110;Multisectoral Optimization of Residual Resource Valorization for the Bioeconomy;Ugo Javourez | Aras Ahmadi | C.E. Robles Rodriguez | L. Tiruta-Barna | Lorie Hamelin;ART;2025-09-26;2025-09-25;2025-09-25;LCAINRAE | Circular economy | Waste management | Linear programing | Life cycle assesment | Multiobjective Optimization | Biomass;0.sde | 0.spi;"Région Occitanie (18015981) | INRAE Chaire de Professeur Junior ""Sustainable Transition Towards Low Fossil Carbon Economie""";CambioSCOP | SLAM-B;ANR-17-MPGA-0006 | ANR-22-PEXF-0003;Carbon management towards low fossil carbon use | Scenario labs to design and evaluate trajectories toward C neutrality;ALIGNED;Environmental Science and Technology;;en;Oui;Efficient use of constrained biomass and waste resources is a central challenge in circular bioeconomy planning. As bio-based technologies increasingly enable the recovery of diverse products and services, identifying optimal valorization strategies becomes a highdimensional problem. This study presents a scalable, multisectoral constrained optimization tool for assessing the optimal allocation of residual biomass at regional to national scale. The tool relies on continuous modeling across scales -from unit operation-level process descriptions to system-level performance-allowing quantification of trade-offs among competing valorization pathways under technological and contextual constraints. The tool was applied to metropolitan France, to evaluate the environmental impacts of baseline and optimized residual biomass valorization strategies across five prospective scenarios. Thirteen streams and 31 valorization pathways targeting nutrient, food, feed, power and heat recovery were considered. Results indicate that optimized strategies reduce environmental impacts by 25-60% compared to conventional management. However, optimized valorization strategies are highly sensitive to the performances of individual technologies. Coupling optimization with uncertainty analysis highlights the enabling conditions under which specific pathways contribute to optimal solutions, offering actionable insights for both technology developers and policy modelers. While the tool is adaptable for assessing other indicators such as economic performances, its static nature and data intensity position it best as a prescreening and exploratory decision-support tool.;https://hal.science/hal-05064110v2
hal-05273207;Analysis of phosphorus stock variation in soil and biomass during an Eucalyptus rotation: a step towards modelling the phosphorus cycle;Philippine Dubertrand | Guerric Le Maire | Adam Da | José Leonardo De | Ivan Cornut | Nicolas Delpierre;POSTER;2025-09-22;2025-05-13;2025-05-13;Mechanistic modelling | Water cycle | Phosphorus cycle | Carbon cycle;0.sde;This work is part of project DroughtForC of the exploratory research program FairCarboN and received government funding managed by the Agence Nationale de la Recherche under the France 2030 program, reference ANR-22-PEXF-00010;;;;;;Congresso Plantações Florestais 2025;en;Oui;Multi-element deficiencies are probably much more frequent in forest ecosystems than commonly admitted. It is therefore crucial that terrestrial ecosystem models (TEMs) account for them. This work contributes to the quantification and modelling of phosphorus (P) cycles in Eucalytpus plantations. As a starting point, we are studying the fluxes of P between the soil (i.e., soil organic and inorganic P stocks) and the trees (i.e., aboveground biomass and P stocks), since in tropical soils are notably poor in available P and this element is not often included in TEM as a limiting nutrient. We are using data from a P fertilization experiment conducted at the University of Sao Paulo at Itatinga (SP) experimental station in Brazil. Using tree size, biomass and concentration measures, we quantified the mass of phosphorus in each compartment of the trees (leaves, branches, trunk wood, bark and roots) during the entire rotation and compared it to the variation of phosphorus stock in the soil, measured in different chemical forms. From this we quantified the fluxes between the plant biomass and soil and used these estimations to check our understanding of phosphorus fluxes in this system and decide the best way to model them.;https://hal.science/hal-05273207v1
hal-05208204;"Evapotranspiration estimates in Sahel regions using an ensemble contextual model: medium &amp; high spatial resolution data comparison";Nesrine Farhani | Jordi Etchanchu | Gilles Boulet | Philippe Gamet | Albert Olioso | Alain Dezetter | Ansoumana Bodian | Nanée Chahinian | Chloé Ollivier | Olivier Roupsard | Jérôme Demarty;COMM;2025-09-22;2025-06-23;2025-06-23;;0.sde | 1.sde.mcg | 0.sdu | 1.sdu.envi | 0.sdu | 1.sdu.stu | 2.sdu.stu.hy | 0.sdv | 1.sdv.ee | 2.sdv.ee.bio;French Space Agency (CNES) in the frame of the preparation of the TRISHNA missionUNESCO Centre for Water ICIREWARD through the EVAP’EAU project;RIFT;ANR-22-PEXF-0004;Support to experimental infrastrucure (flux towers);CNES | TOSCA;;ESA Living Planet Symposium 2025;en;Oui;;https://hal.inrae.fr/hal-05208204v1
hal-05269010;Warming of northern peatlands increases the global temperature overshoot challenge;Biqing Zhu | Chunjing Qiu | Thomas Gasser | Philippe Ciais | Robin D Lamboll | Ashley Ballantyne | Jinfeng Chang | Nitin Chaudhary | Angela V Gallego-Sala | Bertrand Guenet | Joseph Holden | Fortunat Joos | Thomas Kleinen | Min Jung Kwon | Irina Melnikova | Jurek Müller | Susan Page | Elodie Salmon | Carl-Friedrich Schleussner | Guy Schurgers | Gaurav P Shrivastav | Narasinha J Shurpali | Katsumasa Tanaka | David Wårlind | Sebastian Westermann | Yi Xi | Wenxin Zhang | Yuan Zhang | Dan Zhu;ART;2025-09-19;2025;2025;FairCarboN;0.sdu | 1.sdu.envi | 0.sdu | 1.sdu.stu | 2.sdu.stu.cl;;PRATO | ALAMOD;ANR-19-MPGA-0008 | ANR-22-PEXF-0002;Achieving the Paris Agreement Temperature Targets after Overshoot | Shared, accurate models and open datasets;;One Earth;;en;Oui;Meeting the Paris Agreement’s temperature goals requires limiting future carbon emissions, yet current policies make temporarily overshooting the 1.5°C target likely. The potential climate feedback from destabilizing peatlands, storing large amounts of carbon, remains poorly quantified. Using the reduced-complexity Earth System Model OSCAR with an integrated peat carbon module, we found that across various overshoot pathways that temporarily exceed 1.5°C–2.5°C, northern peatlands exhibit net positive feedback, amplifying the overshoot challenge. Warming increases peatlands’ net carbon uptake, but this is largely offset by higher methane emissions. We estimated that for each 1°C increase in peak warming, the positive feedback from peatlands decreases the remaining carbon budget by 37 GtCO2 (22–48 GtCO2). If the 1.5°C temperature target is exceeded, peatlands would increase carbon removal requirement by about 40 GtCO2 (16–60 GtCO2) (8.6%). Our findings highlight the importance of properly accounting for northern peatlands for estimating climate feedbacks, especially under overshoot scenarios.;https://hal.science/hal-05269010v1
hal-05269006;Mining global soil carbon datasets: can modern machine learning uncover the missing pieces of process-based models?;Shoji Hashimoto | Elisa Bruni | Boris Ťupek | Naoyuki Yamashita | Jumpei Toriyama | Taiki Mori | Akihiro Imaya | Bertrand Guenet | Akihiko Ito | Aleksi Lehtonen;ART;2025-09-19;2025-09-02;2025-09-02;Global soil carbon modelling | Machine learning | Data-mining | Global soil carbon map | FairCarboN;0.sde | 1.sde.ie | 0.info | 1.info.info-lg | 0.phys | 1.phys.phys | 2.phys.phys.phys-data-an | 0.sdu | 1.sdu.envi;;ALAMOD;ANR-22-PEXF-0002;Shared, accurate models and open datasets;;Environmental Research Letters;;en;Oui;The future of terrestrial soil carbon stocks plays a crucial role in climate change prediction. Modern machine learning techniques are now widely applied in soil science to predict the spatial distribution of soil properties from observational data. Beyond prediction, the use of machine learning as a data-mining tool offers a promising pathway for improving soil carbon modelling and refining projections of climate-carbon feedbacks. In this paper, we review recent advances in the application of machine learning to global soil carbon modelling as a data-mining tool and highlight its potential to drive an iterative feedback loop that improves the representation of soil carbon dynamics in Earth System Models.;https://hal.science/hal-05269006v1
hal-05267637;Wood density variation in European forest species: drivers and implications for multiscale biomass and carbon assessment in France;Henri Cuny | Jean-Daniel Bontemps | Nikola Besic | Antoine Colin | Lionel Hertzog | Amaël Le Squin | William Marchand | Cédric Vega | Jean-Michel Leban;UNDEFINED;2025-09-18;2025-09-04;2025-09-04;;0.sde | 0.spi;ANR-22-PEXF-0002;ALAMOD;ANR-22-PEXF-0002;Shared, accurate models and open datasets;;;;en;Oui;Wood density is a key parameter for estimating forest biomass and carbon stocks. However, the magnitude and the drivers of wood density variation in temperate forests, and the implications of this variation for biomass and carbon assessments, are not well understood. This study provides a comprehensive analysis of wood density variation in trees of western temperate Europe and evaluates its impacts on forest aboveground biomass (AGB) estimates at multiple spatial scales. From an initial dataset comprising wood density measurements from 110,763 individual trees, representing 156 species across mainland France, we analysed a subset of 44 species accounting for 97 % of the growing stock and providing sufficient observations for modelling. We developed linear models of wood density based on tree, stand, site, and climatic variables, and successively examined the contributions of taxonomic identity, environmental factors and their interactions. We also constructed a model using variables potentially accessible through spatial layers (i.e., GIS-based data) at broad scales and fine resolutions, to assess their predictive capacity. Models were applied to French National Forest Inventory (NFI) data to estimate aboveground biomass (AGB) across four spatial scales: the national level, biogeographical regions and subregions (both delineated through biophysical partitioning of the territory) and individual NFI plots. Our analysis revealed that variation in wood density stemmed primarily from interspecific differences (78.5 % of the total variance), with the remaining 21.5 % attributable to intraspecific variability. Our best performing model—combining variables on species identity, tree dimensions, stand structure, site conditions and climate—explained 82 % of total wood density variation, though it captured only a modest portion of intraspecific variability, found mainly driven by tree dimensions and mean annual temperature. In contrast, the model relying solely on environmental factors and the one based on GIS-layer variables accounted for 14 % and 34 % of the variation, respectively. While accounting for wood density variation had minimal impact on national-scale AGB estimates, it caused deviations of up to 30 % at finer scales, such as biogeographical subregions and individual NFI plots. These findings highlight the importance of incorporating wood density variation into forest biomass and carbon assessment, especially at regional to local scales. Given its dominant role, we recommend integrating species identity as much as possible to enhance the accuracy of forest biomass and carbon stock assessment across spatial scales.;https://hal.inrae.fr/hal-05267637v1
hal-05251459;MAELIA for large-scale farming system design: methodological approach;Ugo Javourez | Olivier Therond;COMM;2025-09-17;2025-08-25;2025-08-25;Agricultural system | Integrated assessment and modeling | Agent-based Model | Scaling methods | Scaling methods Agent-based models Integrated assessment Agriculture | Agent-based models | Integrated assessment | Agriculture;0.sdv | 1.sdv.sa | 2.sdv.sa.sta | 0.sde;;SLAM-B;ANR-22-PEXF-0003;Scenario labs to design and evaluate trajectories toward C neutrality;;;8th International Farming System Design Conference;en;Oui;;https://hal.science/hal-05251459v1
hal-05263327;Estimation de la biomasse aérienne et reconstitution des itinéraires sylvicoles;Renaud Pouységur | Nikola Besic | Cédric Véga | Fabien Caroulle;POSTER;2025-09-16;2025-09-30;2025-09-30;BIOMASSE | FairCarboN | FORET | CARBONE | MODELE;0.sdv | 1.sdv.sa | 2.sdv.sa.sds;;;;;;;Journées scientifiques du PEPR FORESTT;fr;Non;Objectifs : - Caractériser les sites forestiers du Réseau de mesure de la qualité des sols (RMQS) : Combler l’absence de données descriptives en identifiant et do- cumentant les 600 sites forestiers du RMQS, essentiel pour une modélisation nationale des flux de carbone (projet ALAMOD, PEPR FairCarboN). - Estimer la biomasse aérienne : Utiliser des méthodes de machine learning avec les données de l’Inventaire Forestier National (IFN), pour produire des estimations précises de biomasse sur les sites RMQS. - Reconstituer les itinéraires sylvicoles : Reconstruire les pratiques de gestion forestière passées pour enrichir les modèles de flux de carbone;https://hal.inrae.fr/hal-05263327v1
hal-05249834;Intra-seasonal rainfall patterns and extremes drive maize productivity and nitrogen use in sub-humid Zimbabwe;Abderrahim Bouhenache | Gwenaëlle Lashermes | Hugues Clivot | Sylvie Recous | Regis Chikowo | Armwell Shumba | Hope Mazungunye | Emmanuel Matimba | Gonzague Alavoine | Olivier Delfosse | Gatien Falconnier | François Affholder | Marc Corbeels | Rémi Cardinael;ART;2025-09-16;2025-12;2025-12;Climate change | Rainfall manipulation | Mulch | Nitrogen | Sub-Saharan Africa;0.sdv | 1.sdv.sa;TSARA;CrosyeN;ANR-22-PEXF-0005;Support to experimental infrastructure (field trial network);IntercropValuES | RAIZ;Field Crops Research;;en;Oui;Background and purpose: Increasing intra-seasonal rainfall variability poses a major challenge to the sustainable intensification of rainfed maize systems in sub-Saharan Africa. This study investigates how intra-seasonal rainfall patterns and extreme dry and wet events affect maize productivity and nitrogen (N) use, particularly under crop residue mulching—a practice widely promoted to improve soil water and N availability. Methods: A maize field experiment with manipulated rainfall conditions was conducted over two cropping seasons (2022–23 and 2023–24) in sub-humid Zimbabwe. The factorial design combined three rainfall treatments (ambient, 30 % reduced rainfall, and heavy rainfall with two additional artificial events of 100 mm day 1 each), with or without mulch (0 vs. 6 t DM ha 1) and N fertilization (0 vs. 80 kg N ha 1). Measured variables included aboveground biomass, plant N accumulation, grain yield, yield components, and harvest indices. The relative influence of rainfall variability and management practices was assessed. Results: The two seasons showed contrasting rainfall: 2022–23 was near-normal, while 2023–24 (an El Ni ̃no year) was drier, with uneven rainfall distribution. Intra-seasonal rainfall patterns and extremes explained 78 % of maize yield variability. Poor rainfall distribution significantly decreased maize productivity and N use, despite adequate total seasonal rainfall. Rainfall reduction decreased yield by 22 % in 2022–23 but increased it by 20 % in 2023–24. Heavy rainfall, especially with N fertilization, doubled grain yield in 2023–24. Mulching provided no buffering effect and reduced maize biomass and N uptake by about one-third in 2023–24. Conclusions: Intra-seasonal rainfall patterns and extremes were the dominant factors affecting maize productivity and N use, far outweighing the effects of mulch and N fertilization. These findings highlight the need for cropping strategies that better account for intra-seasonal rainfall variability to improve the resilience and sustainability of rainfed maize systems in sub-Saharan Africa.;https://hal.inrae.fr/hal-05249834v1
hal-05251440;Flexible crop rotation identification and classification: New tool and application to France;Ugo Javourez | Baptiste Girault | Philippe Martin | Marie-Sophie Dedieu | Olivier Therond;COMM;2025-09-15;2025-08-25;2025-08-25;Crop sequence | RPG | Cropping Patterns | Cropping systems Circular pattern matching Land Parcel Identification System Crop sequence | Cropping systems | Circular pattern matching | Land Parcel Identification System | Cropping system;0.sde | 1.sde.es | 0.sdv | 1.sdv.sa | 2.sdv.sa.agro;;SLAM-B;ANR-22-PEXF-0003;Scenario labs to design and evaluate trajectories toward C neutrality;TRANSFORM;;8th International Farming System Design Conference;en;Oui;Flexible crop rotation identification and classification: New tool and application to France.;https://hal.science/hal-05251440v1
hal-05093188;Visualizing organic matter content in organic-rich shales through Terahertz imaging;Federico Sanjuan | Pascale Sénéchal | Iris Valido | Maria Angels Subirana | Charles Aubourg | Bertrand Fasentieux | François Baudin | Maxime Bernier;ART;2025-09-12;2024-10;2024-10;Terahertz imaging | Oil shale | TOC imaging | Organic-rich shale;0.spi | 0.chim | 0.chim | 1.chim.anal;;Pilotage et gouvernance du programme FairCarboN;ANR-22-PEXF-0001;Pilotage et gouvernance du programme FairCarboN;;Fuel;;en;Oui;Fine-scale visualization and quantification of the distribution of organic matter within shaly petroleum source rocks like oil shales, offers valuable insights into their suitability for energy applications, such as unconventional energy sources. Although methods exist for imaging organic matter content in organic-rich shales, such as X-ray microtomography and acoustic wave imaging, there is currently no non-ionizing, contactless, non-destructive method capable of imaging samples of several square centimetres and sensitive to nano-micrometre organic matter content. This possibility would provide new and complementary information to obtain a better characterization of the reservoir. Thus, to address this gap, we propose a novel method that uses measurements of electromagnetic waves within the Terahertz (THz) band, acquired through a Terahertz time-domain spectrometer operating in transmission mode. It uses information about the dielectric permittivity anisotropy of the material to estimate, for the first time, the average total organic carbon (TOC) per pixel across the thickness of the rock. We therefore present, first THz TOC images of organic-rich shale samples, specifically from the Vaca Muerta Formation (Neuquen Basin, Argentina). The images show a TOC pixel variation ranging from 3 to 6% with a relative pixel error of less than 6%, i.e. for a TOC value of 4%, the absolute error would be 0.24%. The method have been validated with combined results obtained by Rock-Eval®analysis, Raman and infrared spectroscopy and X-ray microtomography. The reliability of this approach lies primarily in the consideration that the main source of dielectric permittivity anisotropy must be caused by the varying organic matter content of the different rock strata.;https://hal.science/hal-05093188v1
hal-05074842;Specific carbon fluxes in rivers from long-term monitoring;Camille Crapart | Stéphane Audry | Camille Bouchez | Julien Bouchez | Yann Copard | Céline Dessert | Frédérique Eyrolle | Ophélie Fovet | Laure Gandois | Nathalie Gassama | Cédric Legout | Matthieu Masson | Jean-Sébastien Moquet | Julien Némery | Marc Steinmann | Quentin Tenailleau;POSTER;2025-09-11;2025-09-29;2025-09-29;;0.sde | 0.sde | 1.sde.mcg;;;;;;;Advancing Critical Zone science, 3ème Conférence internationale OZCAR TERENO 2025;en;Non;"The transfer of carbon from land to rivers and ocean is a key part of the carbon cycle, yet it is poorly quantified. The amount of carbon transported by inland waters is comparable with the amount of carbon stored on land, but large variations exist depending on the climatic, lithologic and land-use characteristics of watersheds. In the framework of the Carbonium project, a target project in the FairCarboN national project, we focus on bridging this gap. In a first stage, we aim at quantifying carbon fluxes in rivers, both dissolved and particulate as well as organic and inorganic. In a second stage, these fluxes will be related to river and watershed characteristic such as the maximum discharge, average slope, land use, or lithologic features. A data base comprising for now data from 30 sites belonging to the French research networks OZCAR (Observatoires de la Zone Critique: Applications et Recherche) and RZA (Réseau Zones Ateliers). These sites exhibit long term data sets of liquid discharge, suspended sediment concentrations (SSC) and Carbon concentrations covering a large diversity of lithologies, land use, and meteorological forcing. Most of them are located on the metropolitan territory of France, but data from overseas and foreign countries is also available. Dissolved organic carbon (DOC) vary from very low concentrations (close to 0.1 mgC/L) to concentrations up to 73 mgC/L in tropical rivers. Particulate organic carbon (POC) concentrations are mostly comprised between 0.5 and 22 mgC/L, with occasional events resulting in concentrations as high as 500 mgC/L in the Gier River, a tributary of the Rhône, or the Isère River.This represents carbon contents from 2 to 15%, occasionaly much higher. Specific carbon fluxes vary from 10-2 kg/km2/year in the Bernadouze or in the Gardon to 4x103 kg/km2/year, in the Galabre or in Isère Rivers, with larger rivers such as the Rhône displaying fluxes around 1x103 kg/km2/year. However, estimations of fluxes are subject to high uncertainty related to the availability of data, its frequency and the proxies used to obtain continuous temporal series of DOC and POC concentrations. As a matter of fact, measured parameters do not often include the concentration of DOC and POC. However, each river has a distinct relationship between SSC or turbidity, and POC; while the DOC concentration can be linked to the water flow. The second step of the analysis is therefore to test and select an appropriate method to establish these relationships when low frequency data is available. For example, the field stations of the Rhône River in Arles (south of France), the Coët-Dan River in Naizin (Brittany), or the Mule Hole observatory in India, are suitable candidates because they dispose of high frequency records of flow, turbidity, SSC, and carbon concentrations. In addition, appropriate method of fluxes computation must be chosen depending on the frequency of data measurement.";https://hal.science/hal-05074842v1
hal-05230426;Trace the life history of reef fish by studying the isotopic composition of their eye lens;Léa Vignaud | Charlotte R. Dromard | Gilles Lepoint | Bruno Frédérich | Sébastien Cordonnier | David Lecchini;POSTER;2025-08-29;2024-11-04;2024-11-04;EPR FairCarboN;0.sdv;;;;;;;Gulf and Caribbean Fisheries institute;en;Non;;https://hal.science/hal-05230426v1
hal-05230421;Impact du réchauffement climatique sur les récifs coralliens;Charlotte R. Dromard;COMM;2025-08-29;2024-11-04;2024-11-04;EPR FairCarboN;0.sdv;;;;;;;Gulf and Caribbean Fisheries institute;fr;Non;;https://hal.science/hal-05230421v1
hal-05224510;Assessment of C storage of a Technosol under short rotation coppice management;Stéphanie Ouvrard | Emma Lopez | Guillaume Hostyn | Jean-Marie Côme | François Baudin | C. Schwartz | Virginie Moreaux;POSTER;2025-08-26;2024-01-24;2024-01-24;;0.sde | 1.sde.mcg;;Pilotage et gouvernance du programme FairCarboN;ANR-22-PEXF-0001;Pilotage et gouvernance du programme FairCarboN;;;Soil Carbon on the Ecological Transition;en;Oui;;https://hal.inrae.fr/hal-05224510v1
hal-05223603;Proxydetection of the impact distance of trees on crops: An indicator of the Land Equivalent Ratio?;Yélognissè Agbohessou | Alain Audebert | Adama Ndour | Louise Leroux | Christophe Jourdan | Cathy Clermont-Dauphin | Sidy Sow | Caroline Pierre | Simon Taugourdeau | Mame Sokhna Sarr | Sekouna Diatta | Diaminatou Sanogo | Josiane Seghieri | Guerric Le Maire | Rémi Vezy | Daniel Fonceka | Olivier Roupsard;ART;2025-08-26;2025-12-01;2025-12-01;Faidherbia albida | Distance of influence | Crops | Land Equivalent Ratio | Spectral indices | Geostatistics;0.sdv | 1.sdv.sa | 2.sdv.sa.sta | 0.sdv | 1.sdv.ib | 2.sdv.ib.ima | 0.sdv | 1.sdv.sa | 2.sdv.sa.sf | 0.stat;"This research was funded primarily by EU-Leap-Agri RAMSES II and EC2CO ENCAS Projects. The projects EU-DESIRA CASSECS (OOD/2019/410-169), EU-H2020 SUSTAINSAHEL (Grant no. 861974) and EU-Horizon Europe GALILEO (Grant no. 101181623) and ANR-PEPR FairCarboN also supported this research on the longer term. The authors would like to thank the “Faidherbia-Flux “platform (https://lped.info/wikiObsSN/?Faidherbia-Flux) and the ""Laboratoire des Moyens Analytiques"" (UAR IMAGO LAMA certified ISO9001:2015) at IRD (""Institut de Recherche pour le Développement"") for soil analyses in Dakar (http://www.imago.ird.fr/moyens-analytiques/dakar),";Pilotage et gouvernance du programme FairCarboN;ANR-22-PEXF-0001;Pilotage et gouvernance du programme FairCarboN;SustainSAHEL | CASSECS | RAMSES II | GALILEO;Agriculture, Ecosystems & Environment;;en;Oui;Highlights: • Crops yield and leftovers were scaled up to the field-scale. • Using spectral images throughout the crop cycle improves productivity predictions. • The distance of influence of trees on crops can be measured by proxydetection and reveals the Land Equivalent Ratio. Abstract: Faidherbia albida is known to affect the yield of various crops, typically in a pattern where the impact decreases with increasing distance from the tree. While several studies have investigated the spatial extent of this effect, limited research has explored how this distance varies across different crops or its relationship with crop yield and the Land Equivalent Ratio. In this study, we used a geostatistical approach combined with multispectral UAV (Unmanned Aerial Vehicle) imagery to address these gaps in understanding. The results showed that, in contrast to its tripling effect on millet yield, F. albida does not have a significant impact on groundnut pod yield, it only improves its haulm yield under its crown by about 50 %. The geostatistical analysis showed that F. albida affects the groundnut crop up to 9.8-m, compared to 18-m for millet. Yield upscaling from subplots to the whole plot was achieved with an error of 8 % for groundnut pod yield and 13 % for haulm yield. Groundnut’s partial Land Equivalent Ratio (LERcp) was 1.02 for pod yield and 1.05 for haulm yield, which was lower than the LERcp for millet. We concluded that the distance at which agroforestry trees influence crops is a reliable predictor of their effect on yield and Land Equivalent Ratio. This approach offers a promising tool for future agroforestry studies, potentially guiding crop management strategies in agroforestry systems.;https://hal.inrae.fr/hal-05223603v1
hal-05212883;Drivers of soil organic carbon stocks and stability along elevation gradients;Nicolas Bonfanti | Philippe Choler | Jean-Christophe Clément | Pierre Barré | François Baudin | Lauric Cécillon | Amélie Saillard | Wilfried Thuiller | Jerome Poulenard | Norine Khedim | Romain Goury;ART;2025-08-18;2025-09;2025-09;Soil weathering | Pedosequences | Mountain ecosystems | Soil organic matter | Rock-Eval® analysis | Climate stabilization;0.sdu | 1.sdu.envi | 0.chim | 1.chim.othe | 0.sdv | 1.sdv.ee | 2.sdv.ee.eco;;TransAlp | ALAMOD;ANR-20-CE02-0021 | ANR-22-PEXF-0002;Comprendre la dynamique transitoire des prairies alpines face au réchauffement climatique au travers des rétroactions plantes-sol | Shared, accurate models and open datasets;;Geoderma;;en;Oui;Estimating SOC stocks and stability, as well as modeling their response to rising temperatures, is crucial for predicting climate change impacts. This is particularly true in mountainous regions, where low temperatures slow down SOC decomposition, resulting in higher SOC stocks compared to soils at lower elevations. However, these stocks are also more vulnerable to warming, increasing the risk of SOC depletion. Such conditions create the potential for a positive feedback loop in which warming accelerates SOC losses, further amplifying climate change impacts on these sensitive ecosystems. To better understand the factors controlling SOC stocks and stability in mountain soils, we sampled 170 soil profiles along 29 elevation gradients in the western Alps from 280 to 3160 m a.s.l. We assessed SOC stocks and chemical composition using mid-infrared spectroscopy method and SOC stability with Rock-Eval® thermal analysis. Our findings, based on an unprecedented dataset, reveal a clear elevational pattern in SOC properties. SOC stocks increase with elevation up to the montane belt (1200–1500 m a.s.l.), remain relatively stable through the subalpine zone, and then decline beyond the subalpine/alpine boundary (2200–2400 m a.s.l.). Notably, this transition is also marked by a significant drop in SOC stability, suggesting a shift in the dominant stabilization processes at higher elevations. Our results also indicate that SOC stocks and stability are influenced by a complex interplay of factors. At higher elevations, climate emerges to be the dominant factor, whereas lithology and weathering play a more significant role at lower elevations. These results suggest that at high-elevations, harsh climatic conditions favor stabilization of SOC, while less developed soils limit organo-mineral interactions. In contrast, at warmer, lower elevations with higher carbon fluxes, more developed soils facilitate organo-mineral interactions, thereby enhancing SOC stability in the long term. Consequently, alpine grasslands, which contain substantial stocks of labile carbon stabilized by climatic conditions, appear to be particularly vulnerable to the effects of climate warming.;https://hal.science/hal-05212883v1
hal-05207004;‘Probabilistic Atlas’, a new approach to assess complexity in agroforestry systems using UAV images: example of the spatial effect of Faidherbia albida on pearl millet NDVI;Serigne Mansour Diene | Ibrahima Diack | Romain Fernandez | Alain Audebert | Olivier Roupsard | Louise Leroux | Abdoul Aziz Diouf | Harun Cicek | Moussa Diallo | Idrissa Sarr;ART;2025-08-11;2026;2026;Probabilistic Atlas | Senegal | Distance of influence | Remote sensing | UAV | Agroforestry;0.sdv | 1.sdv.sa | 2.sdv.sa.sta | 0.phys | 1.phys.phys | 2.phys.phys.phys-data-an | 0.sdv | 1.sdv.ee | 2.sdv.ee.eco | 0.sdv | 1.sdv.ee | 2.sdv.ee.ieo | 0.sdv | 1.sdv.ib | 2.sdv.ib.ima | 0.sdv | 1.sdv.sa | 2.sdv.sa.sf;"The PhD scholarship of S.M. Diene and I. Diack and the UAV equipment were founded by EU-H2020 SustainSAHEL (grant agreement No 861974) and EU-HORIZON EUROPE [GALILEO (Grant C 101181623)]. The “Faidherbia-Flux” platform is funded by CIRAD, IRD, UMR Eco&Sols and several on-going projects: Agropolis and Total Foundation DSCATT; EU-DESIRA [CASSECS (Grant agreement N° OOD/2019/410-169 )]; EU-HORIZON EUROPE [GALILEO (Grant agreement N° 101181623)]; RIFT project of the exploratory research program FairCarboN and received government funding managed by the Agence Nationale de la Recherche under the France 2030 program, reference ANR-22-PEXF-0004.";RIFT;ANR-22-PEXF-0004;Support to experimental infrastrucure (flux towers);SustainSAHEL | GALILEO | CASSECS;Agroforestry Systems;;en;Oui;"<div><p>Trees in agroforestry parklands significantly contribute to improving and adapting farming systems while providing ecosystem services. However there is limited information on crop productivity and environmental performance. How do crop growth in such heterogeneous agroforestry systems vary according to distance, crown size, and azimuthal direction ? We use a novel approach based on advanced image analysis derived from medical imaging combined with multispectral imagery (known as the ""probabilistic atlas"") to analyze the crop, tree and soil interactions. We analyzed the influence of 72 Faidherbia albida trees on 13 millet fields in 2021 and 2022. Using ""Voronoi"" diagrams to separate individual trees. The Normalized Difference Vegetation Index (NDVI), was used as an indicator to assess the tree effect on pearl millet crop. We observed that, at the early growth stages of millet, the effect of Faidherbia albida on NDVI was stronger near the crown and decreased with distance, reflecting the positive growth influence on millet near canopy. We also observed an effect of azimuthal direction on NDVI. Finally, we found that the effect of Faidherbia albida on NDVI was more significant for trees with a large crown size. These results are a step further in the characterization of spatial tree influence on crops in highly heterogeneous systems, with improvements for e.g. the evaluation of ecosystem services or precision agriculture</p></div>";https://hal.inrae.fr/hal-05207004v1
hal-02511232;Diagenetic and environmental control of the clay mineralogy, organic matter and stable isotopes (C, O) of Jurassic (Pliensbachian-lowermost Toarcian) sediments of the Rodiles section (Asturian Basin, Northern Spain).;Jean-François Deconinck | Juan Jose Gómez | François Baudin | Hugo Biscay | Ludovic Bruneau | Théophile Cocquerez | Olivier Mathieu | Pierre Pellenard | Anne-Lise Santoni;ART;2025-08-05;2020-05;2020-05;Organic matter | Paleoclimate | Pliensbachian | Stable isotopes | Iberian peninsula | Early Jurassic | Clay minerals;0.sdu | 1.sdu.stu | 2.sdu.stu.st | 0.sdu | 1.sdu.stu | 2.sdu.stu.gc;;Pilotage et gouvernance du programme FairCarboN;ANR-22-PEXF-0001;Pilotage et gouvernance du programme FairCarboN;;Marine and Petroleum Geology;;en;Oui;Clay mineralogical and geochemical analyses (δ18Ocarb, and paired carbonate and organic matter carbon isotope), completed by the characterization of organic matter, have been performed on the Pliensbachian sediments exposed on the Rodiles section (Asturian Basin, Northern Spain). The objectives were to precise the Pliensbachian climate evolution at a relatively low paleolatitude of the Tethyan domain by comparison with previously published high-resolution clay mineralogical and geochemical data from the NW Tethyan domain (e.g. Paris Basin and Cardigan Bay Basin, West Wales). The clay mineral assemblages are dominantly composed of illite and illite-smectite mixed-layers (I–S) associated with minor proportions of chlorite and kaolinite. Smectites are not identified what may result either to their absence at the time of sedimentation or to their progressive illitization due to the burial diagenesis. Rock-Eval data show that organic matter reaching more than 5% in black-shale horizons is thermally mature with Tmax comprised between 444 and 454 °C indicating that the section is in the oil window and that the burial temperature reached or exceeded 80–90 °C. The low δ18Obulk values comprised between −3 and −6‰ clearly results from a diagenetic influence (thermal effect due to burial) but their fluctuations compared with δ18O measured on well-preserved belemnites guards show that the overall trend is however preserved. By comparison with higher latitude sedimentary basins, the most striking feature is the very small proportions of kaolinite (generally less than 5% while the proportions of this mineral reach 40% at higher paleolatitudes), except at the Pliensbachian/Toarcian transition, where the proportion of kaolinite increases significantly. Clay minerals likely originated from the erosion of the Iberian Massif located to the South of the Asturian Basin in a semi-arid climatic belt. This may explain the scarcity of kaolinite by comparison with sedimentary basins located at higher latitude influenced by more humid climate. The increasing proportions of kaolinite by the end of the Pliensbachian suggest southward expansion of the humid belt as a consequence of cooler temperatures and the establishment of steeper latitudinal gradients of temperature likely resulting from the formation of restricted polar ice cap. The main δ13C (on both 13Cinorg and 13Corg) Pliensbachian excursions including the negative excursion of the Sinemurian/Pliensbachian Boundary Event (SPBE) and the Late Pliensbachian positive excursion are well recognized.;https://hal.science/hal-02511232v1
hal-05187614;Energy invested in organic agriculture: An assessment focusing on nitrogen circularity | Énergie investie dans l'agriculture biologique : une évaluation centrée sur la circularité de l'azote;Souhil Harchaoui | Petros Chatzimpiros;ART;2025-07-26;2025-09;2025-09;Nitrogen recycling | Energy invested | Crop-livestock integration | Feed-food competition | Organic agriculture;0.sde;;SLAM-B;ANR-22-PEXF-0003;Scenario labs to design and evaluate trajectories toward C neutrality;;Science of the Total Environment;;en;Oui;To achieve sustainable development, agriculture must secure food supply while reducing its dependence on non-renewable resources and minimizing environmental impacts. Organic farming, which excludes industrial fertilizers and pesticides, offers a promising pathway to meet these goals as agrochemicals are energy-intensive inputs and potential causes of environmental degradations. However, the current literature lacks integrative modeling frameworks that support energy analysis in agricultural systems. To address this gap, we have developed a modeling approach that combines nitrogen and energy flows to assess food productivity and balance between energy invested and recovery from residues. We assess various configurations of organic systems. Our findings indicate that increasing the proportion of grassland in low land productivity systems reduces food yield but improves the energy balance significantly. Conversely, as grain-fed livestock production increases, food productivity decreases sharply and also the energy balance degrades. To address this, increases in livestock production should be paired with improved manure recovery and nitrogen use efficiency. Furthermore, enhancing crop nitrogen use efficiency and recycling manure and biowaste can double food and energy productivity from residues with only modest additional energy costs, as long as nitrogen circularity is well-designed. We explore challenges and opportunities to promote nitrogen circularity between agricultural land, livestock and urban areas. Key steps to advance sustainable organic agriculture and reduce fossil fuel dependence include minimizing feed-food competition, recovering energy from agricultural residues, and enhancing nitrogen use efficiency through effective management of nitrogen transfer systems.;https://hal.science/hal-05187614v1
hal-05179975;Microbial biomass – not diversity – drives soil carbon and nitrogen mineralization in Spanish holm oak ecosystems;Elisa Bruni | Jorge Curiel Yuste | Lorenzo Menichetti | Omar Flores | Daniela Guasconi | Bertrand Guenet | Ana-Maria Hereș | Aleksi Lehtonen | Raisa Mäkipää | Marleen Pallandt | Leticia Pérez-Izquierdo | Etienne Richy | Mathieu Santonja | Boris Tupek | Stefano Manzoni;ART;2025-07-24;2025-08;2025-08;;0.sde | 1.sde.be;;ALAMOD;ANR-22-PEXF-0002;Shared, accurate models and open datasets;;Geoderma;;en;Oui;;https://hal.science/hal-05179975v1
hal-05183326;Enhancing “4 per 1000” initiative implementation through region-specific agricultural and forestry practices;Lydie-Stella Koutika | Beverley Henry | Claudia Schepp | Adesola Olaleye | Farshad Amiraslani | Budiman Minasny | Yuxin Ma | Jagdish K. Ladha | Rémi Cardinael | Déborah Bossio | Claire Chenu | Alejandro Fuentes Espinoza | Beata Madari | Jean-François Soussana | Consuelo Varela-Ortega | Monika Skowronska;ART;2025-07-23;2025;2025;FairCarboN | Politique de l'environnement | Atténuation des effets du changement climatique | Maroc | Changement climatique | Séquestration du carbone | Adaptation aux changements climatiques | Forêt tropicale humide | Agroforesterie | Gestion des ressources naturelles | Réduction des émissions | Utilisation des terres | Carbon sequestration | Soil organic carbon | Climate change mitigation | Agroecology | Carbone organique du sol | Sécurité alimentaire | Déboisement | Matière organique du sol;0.sdv;;;;;;Soil Advances;;en;Oui;"The critical importance of enhancing and maintaining the organic carbon (C) content in agricultural and forest soils has been emphasized for a decade within the objectives of the International ""4 per 1000"" Initiative. The multiple benefits of soil organic C (SOC) sequestration in addressing global challenges—such as food security, climate change mitigation and adaptation, and biodiversity conservation—are now well-recognized. However, less well understood is how the capacity for SOC sequestration varies across regions and what specific management practices are most suitable for promoting soil health and SOC sequestration regarding different regional contexts and initial conditions. In this paper, we review data and research from three major global regions—Africa, Asia, and Oceania—each with distinct cultural, socio-economic, and environmental challenges and opportunities. To provide insights from forest and agricultural management approaches in each region, we discuss practices that have proven effective and propose that a deeper exploration of region-specific management could lead to the identification of additional viable practices that enhance SOC sequestration. This approach would support the objectives of the ""4 per 1000"" Initiative and contribute to achieving global climate change and sustainable development goals.";https://hal.science/hal-05183326v1
hal-05182441;État de l'art des approches en apprentissage par renforcement multi-agent;Tiziano Maisonhaute | Fabien Michel | Jean-Christophe Soulie;COMM;2025-07-23;2024-11-06;2024;SMA | Système multi-agents | MARL | Apprentissage par renforcement multi-agent;0.sdv;"Agence Nationale de la Recherche;ANR;FRA;http://dx.doi.org/10.13039/501100001665";SLAM-B;ANR-22-PEXF-0003;Scenario labs to design and evaluate trajectories toward C neutrality;;;Journées francophone sur les systèmes multi-agents (JFSMA 24);fr;Non;En apprentissage par renforcement, un agent adapte son comportement afin de maximiser une récompense. Ces approches sont utilisées pour apprendre à un agent comment agir dans son environnement. D'importantes difficultés apparaissent lorsque l'on applique ces approches à plusieurs agents. Dans ce cas-là, directement transposer les approches d'apprentissage par renforcement a de grandes chances d'échouer. Ainsi, il devient intéressant d'utiliser de nouvelles approches spécifiquement adaptées aux systèmes multi-agents. Cet article présente un état de l'art sur les approches d'apprentissage par renforcement multi-agent. La synthèse proposée se focalise sur l'approche sous-jacente plutôt que sur la nature des algorithmes. Elle a pour but d'aider à identifier les meilleures solutions selon le contexte. | In reinforcement learning, an agent adapts its behavior in order to maximize a reward. These approaches are used to teach an agent how to act in its environment. Major difficulties arise when these approaches are applied to several agents. In this case, directly transposing reinforcement learning approaches is likely to fail. This is why it is interesting to use new approaches specifically adapted to multi-agent systems. This article presents a state-of-the-art review of multi-agent reinforcement learning approaches. The proposed synthesis focuses on the underlying approach rather than on the nature of the algorithms. Its aim is to help identify the best solutions in each context.;https://hal.science/hal-05182441v1
hal-05182356;Diachronic assessment of soil organic C and N dynamics under long-term no-till cropping systems in the tropical upland of Cambodia;Vira Leng | Rémi Cardinael | Florent Tivet | Vang Seng | Phearum Mark | Pascal Lienhard | Titouan Filloux | Johan Six | Lyda Hok | Stéphane Boulakia | Clever Briedis | João Carlos de Moraes Sá | Laurent Thuriès;ART;2025-07-23;2024;2024;FairCarboN | Séquestration du carbone | Matière organique du sol | Système de culture | Fertilisation | Cambodge | Carbone organique du sol | Soil organic carbon | Diversification | Plante de couverture | Non-travail du sol | Conservation agriculture | Agroecology | Cover crops | Climate change mitigation | Dégradation du sol;0.sdv | 1.sdv.sa | 2.sdv.sa.sds | 0.sdu | 1.sdu.stu | 2.sdu.stu.gc | 0.sdu | 1.sdu.stu | 2.sdu.stu.gp | 0.sdv | 1.sdv.sa | 2.sdv.sa.hort | 0.sdv | 1.sdv.sa | 2.sdv.sa.sta;"European Commission;EC;UE;http://dx.doi.org/10.13039/501100000780 | Agence Française de Développement;AFD;FRA;http://dx.doi.org/10.13039/501100011061 | Direction Générale de l'environnement;;FRA; | Fonds Français pour l'Environnement Mondial;FFEM;FRA;http://dx.doi.org/10.13039/501100019724";;;;;Soil;;en;Oui;"No-till (NT) cropping systems have been proposed as a strategy to combat soil degradation by storing soil organic carbon (SOC) and total nitrogen (TN). We quantified the impacts of NT cropping systems on the changes in SOC and TN stocks and in particulate and mineral-associated organic matter fractions (POM and MAOM), to 100 cm depth, from three 13-year-old experiments in a tropical red Oxisol in Cambodia using diachronic and equivalent soil mass approaches. Established in 2009 and arranged in a randomized complete-block design with triplicates, the experiments included maize (MaiEx)-, soybean (SoyEx)-, and cassava (CasEx)-based cropping systems. Each experiment comprised three treatments: (1) mono-cropping of main crops (maize, soybean, and cassava) under conventional tillage (CTM); (2) mono-cropping of main crops under NT systems with the use of cover crops (NTM); and (3) bi-annual rotation of main crops under NT systems with the use of cover crops (NTR), with both crops being presented every year and represented by NTR1 and NTR2. Soil samples were collected in 2021, 10 years after the last sampling. All the NT systems significantly (p&lt;0.05) increased SOC stock in the topsoil in SoyEx and MaiEx and down to 40 cm in CasEx. Considering the whole profile (0–100 cm), the SOC accumulation rates ranged from 0.86 to 1.47 and from 0.70 to 1.07 Mg C ha−1 yr−1 in MaiEx and CasEx, respectively. Although SOC stock significantly increased in CTM at 0–20 cm in MaiEx and CasEx, it remained stable at 0–100 cm in all the experiments. At 0–5 cm, NTR systems significantly increased TN stock in all the experiments, while, in NTM systems, it was only significant in MaiEx and SoyEx. At 0–100 cm, TN stock in all the experiments remained stable under NTR systems, whereas a significant decrease was observed under NTM systems in SoyEx and CasEx. Although C-POM stock significantly increased under all NT systems limited to 0–10 cm in MaiEx and SoyEx, all the NT systems significantly increased C-MAOM stock in the 0–10 cm layer in MaiEx and SoyEx and down to 40 cm in CasEx. All the NT systems significantly increased N-POM stock at 0–10 cm in MaiEx and SoyEx, while a significant decreased in N-MAOM stock was observed below 5 cm in CasEx and below 40 cm in MaiEx and SoyEx. Our findings showed that long-term NT systems with crop species diversification accumulated SOC not only on the surface but also in the whole profile by increasing SOC in both the POM and MAOM, even in the cassava-based system. This study highlights the potential of NT systems for storing SOC over time but raises questions about soil N dynamics.";https://hal.science/hal-05182356v1
hal-05182177;Soil N2O emissions during dry fallow periods;Rémi Cardinael | Louise Barton | Marc Corbeels | Johan Six | David Rowlings | Armwell Shumba | Régis Chikowo | Mark Farrell;ART;2025-07-23;2024;2024;FairCarboN | Émission | Oxyde nitreux | Climate change mitigation | IPCC | Atténuation des effets du changement climatique | Émissions de gaz à effet de serre | Émissions dues à l'agriculture | Jachère | Nitrous oxide emissions | Greenhouse gases emissions | Sub Saharan Africa | Fumier | Amérique du Sud | Afrique du Sud | Afrique au sud du Sahara | Australie | Afrique;0.sdv | 1.sdv.tox | 2.sdv.tox.eco | 0.sde | 1.sde.es | 0.sde | 1.sde.mcg | 0.sdu | 1.sdu.stu | 2.sdu.stu.cl | 0.sdu | 1.sdu.stu | 2.sdu.stu.me | 0.sdv | 1.sdv.ee | 0.sdv | 1.sdv.ee | 2.sdv.ee.bio | 0.sdv | 1.sdv.ee | 2.sdv.ee.sant;;;;;;Global Change Biology;;en;Oui;Shang et al. (2024) recently suggested to include nitrous oxide (N2O) emissions during the fallow period to better estimate N2O emission factors (EFs). We however highlighted several pitfalls of the proposed adjusted EFs for croplands in the specific case of dry subhumid, semiarid, and arid regions with dry fallow periods, these regions covering about 47% of the Earth's terrestrial area.;https://hal.science/hal-05182177v1
hal-05181706;Mulch application as the overarching factor explaining increase in soil organic carbon stocks under conservation agriculture in two 8-year-old experiments in Zimbabwe;Armwell Shumba | Régis Chikowo | Christian Thierfelder | Marc Corbeels | Johan Six | Rémi Cardinael;ART;2025-07-23;2024;2024;FairCarboN | Système de culture | Carbone | Matière organique du sol | Zea mays | Vigna unguiculata | Soil organic carbon | Conservation agriculture | Sub Saharan Africa | Deep soil organic carbon stocks | Paillage | Stockage | Rotation culturale | Fertilisation | Zimbabwe | Conservation des sols | Séquestration du carbone | Lixisol | Non-travail du sol;0.sdv | 1.sdv.sa | 2.sdv.sa.sds | 0.sdu | 1.sdu.stu | 2.sdu.stu.gc | 0.sdu | 1.sdu.stu | 2.sdu.stu.gp | 0.sdv | 1.sdv.sa | 2.sdv.sa.hort | 0.sdv | 1.sdv.sa | 2.sdv.sa.sta;"Agropolis Fondation;AF;FRA;http://dx.doi.org/10.13039/100007599 | Agence Nationale de la Recherche;ANR;FRA;http://dx.doi.org/10.13039/501100001665 | Total Foundation;;FRA;http://dx.doi.org/10.13039/501100018758";AGRO;ANR-10-LABX-0001;Agricultural Sciences for sustainable Development;;Soil;;en;Oui;"Conservation agriculture (CA), combining reduced or no tillage, permanent soil cover, and improved rotations, is often promoted as a climate-smart practice. However, our understanding of the impact of CA and its respective three principles on top- and subsoil organic carbon stocks in the low-input cropping systems of sub-Saharan Africa is rather limited. This study was conducted at two long-term experimental sites established in Zimbabwe in 2013. The soil types were abruptic Lixisols at Domboshava Training Centre (DTC) and xanthic Ferralsol at the University of Zimbabwe farm (UZF). The following six treatments, which were replicated four times, were investigated: conventional tillage (CT), conventional tillage with rotation (CTR), no tillage (NT), no tillage with mulch (NTM), no tillage with rotation (NTR), and no tillage with mulch and rotation (NTMR). Maize (Zea mays L.) was the main crop, and treatments with rotation included cowpea (Vigna unguiculata L. Walp.). The soil organic carbon (SOC) concentration and soil bulk density were determined for samples taken from depths of 0–5, 5–10, 10–15, 15–20, 20–30, 30–40, 40–50, 50–75 and 75–100 cm. Cumulative organic inputs to the soil were also estimated for all treatments. SOC stocks at equivalent soil mass were significantly (p&lt;0.05) higher in the NTM, NTR and NTMR treatments compared with the NT and CT treatments in the top 5 cm and top 10 cm layers at UZF, while SOC stocks were only significantly higher in the NTM and NTMR treatments compared with the NT and CT treatments in the top 5 cm at DTC. NT alone had a slightly negative impact on the top SOC stocks. Cumulative SOC stocks were not significantly different between treatments when considering the whole 100 cm soil profile. Our results show the overarching role of crop residue mulching in CA cropping systems with respect to enhancing SOC stocks but also that this effect is limited to the topsoil. The highest cumulative organic carbon inputs to the soil were observed in NTM treatments at the two sites, and this could probably explain the positive effect on SOC stocks. Moreover, our results show that the combination of at least two CA principles including mulch is required to increase SOC stocks in these low-nitrogen-input cropping systems.";https://hal.science/hal-05181706v1
ird-05168000;Caractérisation des sols spécifiques à l’environnement des fossés agricoles en Méditerranée;Guillaume Coulouma | Damien Raclot | Julien Fouché | Yvan Capowiez | Julien Thiesson | L. Caner | Cécile Dagès | Fabrice Vinatier;COMM;2025-07-17;2025-07-07;2025-07-07;OMERE | FairCarboN;0.sdu | 1.sdu.envi | 0.sde | 1.sde.mcg;Soutien du département EA de l'INRAE | OMERE;;;;;;17. Journées d’Étude des Sols (JES 2025);fr;Non;;https://ird.hal.science/ird-05168000v1
hal-05160292;Soil carbon sequestration, climate change mitigation, nitrogen pollution and agro-food supply: navigating trade-offs in future cropland management strategies;Qi Wang | Pierre Barré | Ouping Deng | Ting Lan | Min Zeng | Xuesong Gao | Julia Le Noë;ART;2025-07-13;2025-03-11;2025-03-11;Bioenergy | GRAFS model | Tuojiang River Basin | Prospective scenarios | Greenhouse gas budget | Soil organic carbon | Soil organic carbon greenhouse gas budget prospective scenarios bioenergy GRAFS model Tuojiang River Basin;0.sde | 1.sde.es;;ALAMOD | MOBIDYC;ANR-22-PEXF-0002 | ANR-23-ERCB-0006;Shared, accurate models and open datasets | MOBIliser la DYnamique des stocks de Carbone dans les sols et la biomasse DYnamiC : intégrer les héritages du passé dans les solutions futures fondées sur la nature;;Environmental Research Letters;;en;Oui;Model-based scenarios are essential for assessing the potential of agricultural management strategies to achieve sustainable development goals. However, to date, knowledge of the trade-offs and synergies between greenhouse gas (GHG) emissions and nitrogen (N) reduction, carbon sequestration, and food provisioning under different agricultural practices remains limited, with most studies focusing on global and national scales. The present study implements the generalized representation of agro-food system model coupled with the soil organic carbon (SOC) AMG model in the Tuojiang River Basin, China, to assess the effects of 24 agricultural scenarios on SOC stock, the GHG budget, nitrogen (N) surplus, and export capacity at the county level in 2035. We considered viable options by modifying four levers: (i) synthetic fertilizer inputs, (ii) livestock population size and the fraction of animal proteins in the human diet, (iii) the share of legumes in crop rotation, and (iv) the proportion of straw used for bioenergy production. We found that the potential of biofuels to substitute fossil fuel emissions remains low across all scenarios, reducing by 2.9%-5.3% of current emissions. Our results also reveal synergies in reducing GHG emissions and N pollution, with reductions of 39%-43% and 26%-52%, respectively, under agro-ecological scenarios with zero N fertilizer application and halving of the livestock population. In contrast, trade-offs were identified between SOC sequestration and export capacity, both of which were lower in agro-ecological scenarios than in the others.;https://hal.science/hal-05160292v1
hal-05154597;Supporting Capacity Building in Soil Monitoring in Europe – Session 2 (Sessions 2.1 and 2.2) – Digital Tools for Soil Health Monitoring – 20 June 2025;Jose Luis Gabriel | Pierre Renault | Marta Gómez-Giménez | Bertrand Guenet | Mercedes Román Dobarco | Anne Richer-De-Forges | José Luis Pita-Romero Herrero | Pablo Gómez Grande;COMM;2025-07-09;2025-06-20;2025;;0.sdu | 1.sdu.stu;;ALAMOD;ANR-22-PEXF-0002;Shared, accurate models and open datasets;PREPSOIL;;“Supporting Capacity Building in Soil Monitoring in Europe – Session 2 (Sessions 2.1 and 2.2): Digital Tools for Soil Health Monitoring”,;en;Non;This record contains the training materials from the PREPSOIL Workshop titled “Supporting Capacity Building in Soil Monitoring in Europe – Session 2 (Sessions 2.1 and 2.2): Digital Tools for Soil Health Monitoring”, held on 20 June 2025. This record includes the session agenda and presentation materials. Organised under the Horizon Europe project PREPSOIL (101070045 – Preparing for the ‘Soil Deal for Europe’ Mission), this second training session focused on the application of digital tools to monitor soil health, in the context of implementing the forthcoming EU Soil Monitoring Law (SML). Each presentation highlighted methodological advances and practical tools for assessing and improving soil health, including hybrid monitoring systems, digital soil mapping, and integration of remote sensing data.;https://hal.inrae.fr/hal-05154597v1
hal-05151433;Blue Carbon in the Authie estuary : Carbon sequestration and exchanges in surface sediments in a context of dyke removal;Camille Décultot | Nicolas Chevalier | Swanne Gontharet | Vincent Klein | Fanny Kaczmar | Lionel Denis;COMM;2025-07-08;2025-03-12;2025-04;Dike removal | Blue carbon | Organic carbon characterization | Lipid biomarkers | Saltmarsh | Estuary;0.sde | 0.sdu | 1.sdu.envi | 0.sdu | 1.sdu.ocean;;CABESTAN;ANR-22-PEXF-0007;The carbon cycle at the land-sea interface in the context of tidal zones and wetlands of the Atlantic and Channel coasts;;;Marine sedimentary habitats seminar for European Atlantic Biogeographic region;en;Oui;;https://hal.science/hal-05151433v1
hal-05145213;Oracle-Orgeval, Long-term Research observatory of the critical zone;Hocine Henine | Agnès Rivière | Arnaud Blanchouin | Sophie Guillon | Jérôme Gaillardet | Julien Tournebize | Cédric Chaumont | Rachid Dris | Bruno Tassin | Josette Garnier | Jean-Marie Mouchel | Virginie Archaimbault | Julien Bouchez | Alban de Lavenne | Léo Persat | Elodie Guigon | Ludovic Bodet | Sylvain Pasquet | Florence Quesnel | Pascal Audigane | Laurence Le Callonnec | Remi Clement | Guilherme Calabro Souza | Fatima Joly | Lucas Friceau | Benjamin Mercier | Aurélien Baudin | Laurence Lestel | Vincent Thieu | Alexandrine Gesret | Romane Nespoulet | Laure Cordier | Amal Rabah | Axel Benoit | Amita Mallik | Jérémie D. Lebrun;COMM;2025-07-05;2025-06-23;2025-05-28;FairCarboN;0.sdu | 1.sdu.stu | 2.sdu.stu.hy;;;;;;;eLTER Science Conference 2025 Proceedings;en;Oui;The Orgeval Long-term Research Observatory, part of the French critical zone network (OZCAR RI), is a 104 km² agricultural catchment, located 70 km east of Paris, in France. The Orgeval catchment is representative of intensive agriculture (80 % of its total area), the main land use in the Seine river basin. For more than 50 years, both quantity and quality of water are monitored throughout the catchment, from sub-hourly to yearly time scales. This rich dataset allows improving the understanding of critical zone structure and reactivity, in a holistic and interdisciplinary approach. Specific basic and applied research topics relate to extreme hydrological events, agricultural tile drainage, land use planning, and more generally the evolution of agricultural activities facing climate change and urban growth. The Orgeval research observatory is a unique testbed to investigate the functioning and evolution of the Critical Zone. Multidisciplinary approaches are implemented thanks to collaborations between research institutes and universities, combining knowledge and methods from different disciplines, such as hydrology, ecology, biogeochemistry, geophysics and socioeconomics. Created in 1962, the observatory was initially devoted to study floods and weathering research questions. Since then, is evolved towards other societal and environmental topics. Initiated in 1975, lots of monitoring and research was dedicated to diffuse agricultural pollution, especially nitrates, which contributed to a better understanding of the interactions between agricultural activities and surface and groundwater quality. Since the 2000’s, research questions opened to pesticides and biology and biodiversity. The Orgeval observatory is also highly adapted to develop technological innovations, such as in situ biochemical monitoring. A multi-scale observation strategy is implemented in both space and time, ranging from local (with more than 80 monitoring sites) to regional scale, and from time-lapse campaigns to high-frequency measurements (from 1 Hz for geophysics to 1 h or 1 week for chemistry), most often with a long-term approach. The main measurements include: Water level and water discharge : at the outlet of each sub-catchment. groundwater level : in piezometers in the riverbanks and in the aquifers. Precipitation : in addition to Météo-France stations. Main weather variables : air temperature, humidity, and radiation. Soil moisture : from the soil surface to a depth of 1.5 meters. Water quality : dissolved organic and inorganic carbon, dissolved gases (O 2 , CO 2 , Rn), major and trace ions, nutrients, but also water, carbon or strontium stable isotopes. This includes the RiverLab prototype, installed in June 2015 at the outlet of Avenelles sub-catchment for high-frequency measurement (every 30 minutes) of the river's chemical composition. Organic and inorganic contaminants : pesticides but also metals and microplastics in surface and groundwater. Ecotoxicological and ecological indices : ecological assessment. Surface and groundwater temperature : using heat as a tracer of surface-groundwater exchanges. Hydrogeophysics : ERT, GPR, seismic, especially in the riparian areas. Borehole core samples and logging : lithofacies description and characterization. Water level and water discharge : at the outlet of each sub-catchment. groundwater level : in piezometers in the riverbanks and in the aquifers. Precipitation : in addition to Météo-France stations. Main weather variables : air temperature, humidity, and radiation. Soil moisture : from the soil surface to a depth of 1.5 meters. Water quality : dissolved organic and inorganic carbon, dissolved gases (O 2 , CO 2 , Rn), major and trace ions, nutrients, but also water, carbon or strontium stable isotopes. This includes the RiverLab prototype, installed in June 2015 at the outlet of Avenelles sub-catchment for high-frequency measurement (every 30 minutes) of the river's chemical composition. Organic and inorganic contaminants : pesticides but also metals and microplastics in surface and groundwater. Ecotoxicological and ecological indices : ecological assessment. Surface and groundwater temperature : using heat as a tracer of surface-groundwater exchanges. Hydrogeophysics : ERT, GPR, seismic, especially in the riparian areas. Borehole core samples and logging : lithofacies description and characterization. All these data support the development and use of numerical models, for scientific questions but also for environmental impact assessment and territorial management. This catchment is used to develop and/or validate numerical methodologies at the headwater catchment scale, in parallel to larger scale modeling (typically for the Seine river basin);https://hal.science/hal-05145213v1
hal-05144375;A quantitative assessment of the behavior of metallic elements in urban soils exposed to industrial dusts near Dunkerque (northern France);Marine Casetta | Sylvie Philippe | Lucie Courcot | David Dumoulin | Gabriel Billon | François Baudin | Françoise Henry | Michaël Hermoso | Jacinthe Caillaud;ART;2025-07-04;2025;2025;;0.sde | 1.sde.be | 0.chim | 1.chim.othe;This research was supported by the Pôle Métropolitain Côte d'Opale (PMCO) and the Hauts-de-France Region through a PhD scholarship (2020–2023). This work has been financially supported by the European Union (ERDF), the French State, the French Region Hauts-de-France and Ifremer, in the framework of the CPER MARCO and CPER Climibio programs (2015-2021). | The study also received support from the INSU CNRS program (AO EC2CO (HYBIGE) 2023–2024) | SFR Campus de la Mer (AAP SFR 2022-2).;Pilotage et gouvernance du programme FairCarboN;ANR-22-PEXF-0001;Pilotage et gouvernance du programme FairCarboN;;Soil;;en;Oui;"In urban and industrialized areas, soil contamination and degradation caused by industrial dust deposition may pose significant health and environmental risks. Generally, the mobility and thus bioavailability of potentially toxic elements (PTEs) are key factors in these issues. In the Dunkerque agglomeration, one of the most industrialized regions in France, the soils are periodically exposed to metallurgical dust fallout, rich in PTEs. However, no study has reported on the behavior of these PTEs once integrated into the soils. The aim of this study is therefore to assess the fate of PTEs in the urban soils of Dunkerque in terms of vertical migration and potential bioavailability. Four soil short cores were collected in the city of Gravelines (Dunkerque agglomeration) along a gradient from industrial emitters to deposition sites. Each soil core was cut into discrete 1 cm sections for PTE concentration analyses (ICP-AES/MS). Single HCl extractions were performed to evaluate PTE mobility in soils and their behavior according to the current soil parameters. For this purpose, key soil properties were identified, including grain-size distribution, mineralogy, pH, cation exchange capacity (CEC), TOC (total organic carbon), calcium carbonates and water contents in addition to the soil chemical composition (XRF, ICP-AES/MS). The studied soils revealed globally low absorbent capacities for pollutants (CEC averaging ), partially counterbalanced by the buffering effect of calcium carbonates (contents ranging from 8 %–30 %). Near the industrial emitters, minor (1 &lt; EF &lt;3) to moderately severe (5 &lt; EF &lt; 10) enrichment factors (EFs) were highlighted for industrial PTE (Cr, Ni, Mo, Mn, Cd and Zn) in the top 3 cm of soils near the industrial emitters. The contamination profiles of these soils are assigned to atmospheric inputs of metallurgical dust. Using a relatively strong leaching reagent (1 M HCl), we estimated a low vertical mobility for Cr, Ni and Mo (average leached ratios &lt; 25 %) in soils, suggesting their association with refractory phases (natural or anthropogenic). In contrast, Mn, Cd and Zn, which are related to industrial and/or urban sources, present a higher mobility (average leached ratios&gt;60 % for Mn and Cd and about 44 % for Zn). Our study points out the stability of industrial PTEs in soils under the current physicochemical conditions (calcareous soils with a slightly basic pH of 7.8). In this context, the monitoring of industrial PTEs in these urban soils is highly recommended, considering (1) the presence of allotment gardens in the vicinity of emitters and (2) the potential evolution of soil conditions due to increasing flood events.";https://hal.science/hal-05144375v1
hal-04219728;Identifying controls on organic matter enrichments in hemipelagic settings: a biomarker approach;Armelle Riboulleau | Melesio Quijada | Alexis Caillaud | Jean-Yves Reynaud | Jean-Noël Ferry | François Baudin | Nicolas Tribovillard;COMM;2025-06-28;2021-09-17;2021-09;;0.sdu;;Pilotage et gouvernance du programme FairCarboN;ANR-22-PEXF-0001;Pilotage et gouvernance du programme FairCarboN;;;30th International Meeting on Organic Geochemistry (IMOG 2021);en;Oui;The biomarker content of several dark coloured and/or organic-rich levels from the Marnes Bleues Formation (Aptian-Albian) from the Vocontian Basin (South-eastern France) was analysed in order to compare the modes of formation of such deposits in a hemipelagic, basinal setting. The studied levels include the Goguel and Paquier Levels, deposited during oceanic anoxic events (OAE) 1a and 1b, respectively. Unexpectedly, most studied samples show comparable biomarker contents, regardless of their richness in organic matter. The data indicates an organic matter of marine algal origin, deposited under oxygenated conditions. The Paquier level, however, shows an abundance of archaea-derived biomarkers and of organo-sulfur compounds in the extract, indicating deposition under reducing conditions. The Paquier level excepted, the biomarker content indicates that depositional conditions remained overall stable during deposition of the Marnes Bleues formation, including during OAE1a. Nevertheless variations of the relative proportions of steranes, hopanes, terrestrial plant biomarkers and fire-derived polyaromatic hydrocarbons, suggest that minor environmental changes occurred and occasionally favoured organic matter enrichment in the sediment. In the end, no unique mechanism explaining the deposition of these dark coloured and/or organic-rich levels can be identified.;https://hal.science/hal-04219728v1
hal-05132664;Influence of mineral and organic matrices on the thermal characterization of microplastics;Clémentine Ricard | François Baudin | Victor Lieunard | Lucas Friceau | Sebastien Rohais | Yoann Copard | Ludwig Wolfgang | Maria-Fernanda Romero-Sarmiento;POSTER;2025-06-27;2025-04-27;2025-04-27;;0.sdu | 1.sdu.stu;;Pilotage et gouvernance du programme FairCarboN;ANR-22-PEXF-0001;Pilotage et gouvernance du programme FairCarboN;;;EGU General Assembly 2025;en;Non;Qualifying and quantifying microplastic (MP) pollution in sediments represent a methodological challenge. Most used methods often require sample pretreatments to separate the MP particles of interest from the rest of the sediment. It has been demonstrated that the sampling preparation can influence the analytical results. To overcome these difficulties, Romero-Sarmiento et al. (2022) proposed the use of the pyrolysis and oxidation based-thermal method (a Rock-Eval® device), originally developed to characterize sedimentary organic matter. According to these authors, several parameters calculated from Rock-Eval® analyses, such as Total HC (quantity of hydrocarbons released during pyrolysis) and Tpeak (cracking temperature of plastic polymers), could be used to qualify and quantify microplastics, without sediment pretreatments. However, unpublished preliminary studies have shown that the Tpeak parameter, can vary with catalytic and thermal desorption effects, depending on the nature of the associated mineral and organic matrices. To understand the origin of these effects, we studied matrix effects during the thermal analysis of composite samples. In this study, synthetic mixtures of various mineral matrices, organic materials and pure polymers at different concentrations were analyzed using a Rock-Eval®. As expected, the results show that Total HC varies with the amount of polymer present in the samples. However, Total HC also varies according to the type of the mineral matrix. Indeed, some samples, such as clays and particularly goethite, show retention effects when the mineral matrices are characterized by a high adsorption capacity. Furthermore, for a given polymer, the Tpeak parameter can vary according to the mineral matrix. For example, it seems that some mixtures of polymers and mineral matrices enhance the catalytic cracking of hydrocarbons. While highest expected Tpeak values were obtained for some synthetic blends indicating a delayed release of hydrocarbons. The same mineral matrix can also induce different effects depending on the organic compounds present in the sample. In addition, analyses using natural versus artificial matrices were performed to compare these effects. Obtained results were complemented by scanning electron microscope observations and X-ray diffraction measurements at different temperatures during pyrolysis, to visualize the possible organo-mineral interactions and analyze morphological changes respectively. Understanding these effects of the mineral and organic matrices on the determination of MP concentrations will enable us to refine a more accurate method to quantify the impact of plastic pollution in sediments.;https://hal.science/hal-05132664v1
hal-05131402;Effects of biochar, ligneous soil amendments, and a microbial stimulant on soil biological activity, and carbon content and stability after two-years of their application in a boreal cropland;J Heinonsalo | K Peltokangas | P Barré | F Baudin | L Cécillon | S Kalu | S Kanerva | K Karhu | L Kulmala | J Liski | A-R Salonen | R Shrestha | H Soinne | E Virtanen | K Huusko | O-M Sietiö;ART;2025-06-26;2025;2025;Organic soil amendments | Microbial stimulant | Biochar | Pulp mill sludge | Soil organic carbon | Soil microbiology;0.sde | 1.sde.ie | 0.sdv | 1.sdv.mp | 0.sdv | 1.sdv.sa | 2.sdv.sa.sds;;Pilotage et gouvernance du programme FairCarboN;ANR-22-PEXF-0001;Pilotage et gouvernance du programme FairCarboN;;Heliyon;;en;Oui;The concerns for soil health and climate change have initiated actions to slow down soil carbon loss. The activities, collectively known as carbon farming, encompass various practices that seek to mitigate climate change and improve soil health. Among these practices, biochar alongside crop cultivation has been recognized as having potential for mitigating climate change. However, in heavily forested countries there is a wide variety of other carbon-rich side streams from the forest industry that could be utilized as organic soil amendments, or as microbial stimulants but their climate change mitigation potential, as well as the mechanisms underlying their observed effects on soil health, are not yet fully understood. The aim of this study was to assess and compare the use of various wood-based, i.e. ligneous soil amendments and a stimulant that could be used alongside conventional farming practices in a field experiment to boost soil biological activity and carbon sequestration. The studied treatments included two biochar (Salix sp. and Picea abies), two pulp mill sludge, and one microbial stimulant treatment. The economically relevant application rates of the amendments ranged from 9000 to 21900 kg/ha (on dry weight basis) and they were applied once, whereas the microbial seed stimulant was used yearly. We investigated their impacts on soil organic carbon content and its stability, as well as on soil microbial abundance, activities, and community structures. Based on the extensive data we collected, mainly biochars increased soil organic carbon content enough to be detectable after two years. In contrast, non-biochar amendments did not have the same effect on soil carbon, likely due to smaller application rates and higher decomposition rates. On the other hand, both the sludge and biochar treatments led to an increase in soil pH, but the observed changes in soil chemical properties had little impact on soil microbiology. Microbial stimulant was shown to be ineffective and did not alter soil biology as expected. Overall, the studied amendments had no detectable negative effects on measured soil physico-chemical parameters and had a marginal positive impact on soil biology. This suggests that these amendments could be promising options for recycling ligneous side streams from the forest industry to support primary production in arable fields.;https://hal.science/hal-05131402v1
hal-05128118;MAELIA: an integrated modelling and assessment platform supporting a sustainable bioeconomy | MAELIA : une plateforme de modélisation et d'évaluation intégrée pour soutenir une bioéconomie durable;Arthur Lenoir | Olivier Therond | Jean Villerd | Hadrien Delattre;COMM;2025-06-24;2025-06-02;2025-06-02;SLAMB | FairCarboN | Integrated Assessment and Modelling IAM | Territorial scale | Agent | Social | Circular bioeconomy | Ecological system | Based modelling | MAELIA plateform;0.shs | 0.sde;;SLAM-B;ANR-22-PEXF-0003;Scenario labs to design and evaluate trajectories toward C neutrality;;;Towards an Ecological Bioeconomy;en;Oui;Achieving carbon neutrality by 2050 and broader sustainability goals requires transformative approaches that reconcile food and non-food biomass production with the conservation and regeneration of natural resources. Local to regional bioeconomy projects allow combining diverse strategies, including agroecological systems, optimized biomass-chains and resource use, collective action, and virtuous circles of interactions (e.g. circular economies, stronger rural-urban links). The design of a sustainable territorial bioeconomy system requires a multi-criteria, and multi-level ex-ante assessment approach to identify the trade-offs to be manage and the possible synergies of transition scenarios (Wohlfahrt et al., 2019). Integrated Assessment and Modelling (IAM) approaches offer a powerful framework designed to address complex sustainability issues and support both assessment and decision-making purposes (Hamilton et al. 2015). By enabling the integration of diverse knowledge systems (general multidisciplinary and empirical knowledge), IAM provide stakeholders with actionable information on the environmental, social, and economic impacts of potential future scenarios of structure and dynamics of social-ecological systems, such as bioeconomy systems. MAELIA is a multi-agent platform for IAM of agricultural and bioeconomy systems at local to regional level. MAELIA simulates, on a daily time step, the interactions between biomass production system, biomass value-chains (processing chains and cascade), recycling activities. Regarding agricultural systems it simulates interactions between agricultural practices, biogeochemical cycles (water, N and C), crop growth and farm's socioeconomic performances, taking into account climate and agricultural price variability. Crop management strategies involving vegetal cover management (annual and perennial crops and cover crop), mineral and organic fertilization (e.g., organic inputs), irrigation and crop residue management are explicitly simulated on a field scale. Developments carried out have enabled MAELIA to incorporate an explicit representation of the structure and dynamics of organic waste chains, as well as a dynamic version of the SYS-METHA model of biogas plants that simulates the production of energy, digestate (quantity and quality) and associated N2O and NH3 emissions. MAELIA enables assessment of a wide range of performances over a multi-year period, from plot level to territorial level, via socioeconomic indicators (gross margin, working time, production, etc.), agro-environmental indicators (yield, nitrate leaching, ammonia emissions, TFI, GHG emissions, etc.) and ecosystem services (nitrogen supply, water quality regulation, C storage, soil quality, etc.). These indicators can be analyzed dynamically to assess the resilience/vulnerability of performances to climate (past or future) and/or price variabilities. MAELIA is modular and, by activating various models and modeling options, is used to define a modeling solution tailored to the issues to be addressed in a given territory. MAELIA has been applied in a variety of French territories to address issues relating to water management, crop-livestock systems, organic wastes management and the development of agro-ecological systems. The SLAM-B project (FairCarboN PEPR, C6.5m, 2023-2028) aims to expand MAELIA's functionalities to make it an operational and generic IAM tool for supporting stakeholders in designing a circular green bioeconomy. MAELIA will be applied in 7 contrasted living-labs situated in France (metropolitan and overseas departments) and Senegal and will integrate models of biorefineries, livestock farming, forest growth and management, urban metabolism and socio-economic indicators of biomass value-chains. This project will also structure the MAELIA platform for application on a French and European scale, providing decision-makers with a large-scale planning tool dedicated to agriculture and the bioeconomy. SLAM-B therefore aims to significantly increase MAELIA's genericity with regard to territorial bioeconomy issues, positioning this platform as a key tool in this field, in France and internationally. To meet the growing demand for use of the platform, which was no longer a concern of the academic sphere, the start-up MAELAB (https://www.maelab.fr/) was created in July 2021. MAELAB is responsible for deploying MAELIA in the economic sphere.;https://hal.science/hal-05128118v1
hal-05127299;Quantitative assessment of bioeconomy systems' sustainability: strengths, limits and research agenda;Sophie Gerbel | Olivier Therond | Julie Wohlfahrt;COMM;2025-06-24;2025-06-02;2025-06-02;;0.sde;This research was funded by Région Grand-Est and INRAE département ACT. This work is part of the project SLAM-B of the exploratory research program FairCarboN and received government funding managed by the Agence Nationale de la Recherche under the France 2030 program, reference ANR-22-PEXF-0003 | INRAE, département ACT | Région Grand Est | TETRAE | Région Pays de la Loire;SLAM-B;ANR-22-PEXF-0003;Scenario labs to design and evaluate trajectories toward C neutrality;;;Bioeco² | Towards an Ecological Bioeconomy Interrogating Concepts and Practices from the Human and Social Sciences;en;Oui;;https://hal.inrae.fr/hal-05127299v1
hal-05115508;The CROP2021 dataset: a unique and consistent dataset to estimate and monitor carbon budget of European croplands;Tiphaine Tallec | Eric Ceschia | Ahmad Al Bitar | Ludovic Arnaud | Remy Fieuzal | Ainhoa Ihasusta | S. Lafont | Benjamin Dumont | Ariane Faurès | Bernard Heinesch | Tanguy Manise | N Buchmann | L Hoertnag | R Maier | M Acosta | M Fischer | R Czerny | C Brümmer | T Gruenwald | M Mauder | M Schmidt | L Heimsch | L Kulmala | A Lohila | Frédéric Bornet | Joël Léonard | Pauline Buysse | C Kalalian | Benjamin Loubet | Aurore Brut | N Claverie | H Gibrin | F Granouillac | B Zawilski | M Oneill | B Osborne | P Di Tommas | V Magliulo | A Manco | L Vitale | R Juszczak | H Bazzi | D Goll | K Yu | M Galvagno | Dario Papale;POSTER;2025-06-16;2024-09-10;2024-09-10;Dataset | CO2 fluxes | Carbon budget | Cropland | ICOS | Remote sensing | Modelling | FairCarboN | Eddycovariance;0.sde;;ALAMOD;ANR-22-PEXF-0002;Shared, accurate models and open datasets;ICOS | ORCaSa;;ICOS science conference 2924;en;Oui;;https://hal.inrae.fr/hal-05115508v1
hal-05115504;The stakes and challenges related to monitoring soil carbon stock changes: a focus on arable land;Eric Ceschia | Ahmad Al Bitar | Taeken Wijmer | Ludovic Arnaud | Ainhoa Ihasusta | Remy Fieuzal | Jean-François Dejoux;COMM;2025-06-16;2024-11-25;2024-11-25;Remote sensing | Modelling | Soil organic carbon SOC | Monitoring reporting and verification;0.sde;;Pilotage et gouvernance du programme FairCarboN;ANR-22-PEXF-0001;Pilotage et gouvernance du programme FairCarboN;ORCaSa;;Les journées annuelles 2024 de FairCarboN;en;Oui;;https://hal.inrae.fr/hal-05115504v1
hal-05114865;Estimating lateral nitrogen transfers over the last century through the global river network using a land surface model;Minna Ma | Haicheng Zhang | Ronny Lauerwald | Philippe Ciais | Pierre Regnier;ART;2025-06-16;2025;2025;;0.sdu | 1.sdu.ocean | 0.sde | 1.sde.mcg | 0.sdu | 1.sdu.envi;"European Union (EU) ; BELSPO through the project ReCAP ; Fundamental and Applied Basic Research Fund of Guangdong Province, China ; Fundamental Research Funds for the Central Universities ; Sun Yat-sen University ; CLAND convergence institute -ANR16-CONV-0003ANR-22-PEXF-0009CLAND convergence institute - National Research Agency of France ""ANR""";DEEP-C | CLAND;ANR-22-PEXF-0009 | ANR-16-CONV-0003;Carbon sink or methane source – local to global scale assesment of lentic waters' role in the climate system | CLAND : Changement climatique et usage des terres;;Earth System Dynamics;;en;Oui;Lateral nitrogen (N) transport from land to oceans through rivers is an important component of the global N cycle. We developed a new model of this aquatic system, called LSM_Nlateral_Off (Land Surface Model Nitrogen lateral Offline), which simulates the routing of water in rivers, and the pertaining transport of dissolved inorganic N (DIN), dissolved organic N (DON), and particulate organic N (PON) as well as the accompanying biogeochemical processes of DON and PON decomposition and denitrification during transit from land to oceans through the global river network. Evaluation against global observation-based datasets shows that the model effectively captures both the magnitude and seasonal variations in riverine water discharges and total nitrogen (TN) flows. Our model was then applied to reconstruct the historical evolution of global N flows and transformations from land to rivers and, ultimately, the oceans. Model simulation results indicate that, driven by anthropogenic activities (e.g. application of mineral fertilisers and manure, sewage water injection in rivers, and land use change) and indirect effects of climate change and rising atmosphere CO 2 , TN exports increased from 27.5 Tg N yr -1 during the 1901-1920 period to 40.0 Tg N yr -1 during the 1995-2014 period, with DIN contributing most (80 %) of this increase. Simulation results reveal substantial spatial heterogeneities in annual mean TN flows and denitrification rates, while their seasonal amplitude is of similar magnitude to the large-scale spatial variability. Compared to previously published regional or global aquatic N transfer models (IMAGE-GNM, FrAMES-N, MBM, DLEM, and GlobalNEWS2), our model produces similar global-and continentalscale TN exports to the ocean but shows distinct patterns at the finer scale of river basins. LSM_Nlateral_Off is here coupled to the land surface model (LSM) ORCHIDEE, but the offline approach implemented in this work facilitates its coupling with other land surface models in the future such as those synthesised by the Global N 2 O Model Intercomparison Project (NMIP). Our modelling approach provides a comprehensive simulation of N transport and transformations from terrestrial ecosystems to oceans at 0.5°spatial resolution and daily temporal resolution, globally;https://hal.science/hal-05114865v1
hal-05095848;Digestion and bioconversion of microalgal galactolipids by direct action of lipolytic enzymes on Chlamydomonas reinhardtii biomass | Digestion et bioconversion des galactolipides de Chlamydomonas reinhardtii par action directe d'enzymes lipolytiques sur la biomasse;Beatriz Rodrigues Fachini | Cassy Gérard | Achille Marchand | Olivier Bornet | Valérie Gros | Claire Vigor | Camille Oger | Guillaume Reversat | Thierry Durand | Goetz Parsiegla | Brigitte Gontero | Hélène Launay | Frédéric Carrière;ART;2025-06-03;2025;2025;Lipolysis | Microalgae | Pancreatic lipase related protein 2 | NMR spectroscopy | Α-linolenic acid | Galactolipase | Fusarium solani cutinase | Alcoholysis;0.sdv | 1.sdv.bio | 0.sdv | 1.sdv.mp;;CO2_CMPhi | PhotOxIN | AlgAdvance | Pilotage et gouvernance du programme FairCarboN;ANR-23-PEXF-0002 | ANR-22-CE44-0031 | ANR-22-PEBB-0002 | ANR-22-PEXF-0001;CO2 concentration mechanisms of photosynthetic microorganisms | Régulation redox de la photosynthèse dans une cellule de microalgue révélée par la Résonance Magnétique Nucléaire en temps réel | Novel strategies for the development of microalgae as renewable biofuel resource | Pilotage et gouvernance du programme FairCarboN;;Algal Research - Biomass, Biofuels and Bioproducts;;en;Oui;Microalgae, like Chlamydomonas reinhardtii, are rich in polyunsaturated fatty acids (PUFAs) bound to galactolipids. Their bioaccessibility to digestive enzymes in whole cells was tested using guinea pig pancreatic lipase-related protein 2 (GPLRP2) and Fusarium solani cutinase, showing high lipolysis levels with total galactolipid fatty acid release of 93% with GPLRP2. These enzymes also converted galactolipid fatty acids into ethyl esters with ethanol, what could facilitate PUFA recovery from microalgal biomass. In vitro digestion studies mimicking gastric and intestinal conditions revealed that human pancreatic galactolipases release α-linolenic acid (ALA) as the main free fatty acid (≥35%). NMR analysis indicated PUFA oxidation when microalgal endogenous enzymes were not inactivated before digestion. ALA oxidation into phytoprostanes occurred, especially after lipolysis. Thus, C. reinhardtii galactolipids are bioaccessible to digestive enzymes, making them a valuable PUFA source, provided oxidation is controlled.;https://hal.science/hal-05095848v1
hal-05080489;Impact des pratiques agricoles sur la modélisation écohydrologique en zone agropastorale endoréique sahélienne;Jordi Etchanchu | Jérôme Demarty | Lila Collet | A. Dezetter | Nesrine Farhani | I. Mainassara | Chloé Ollivier | Brune Raynaud--Schell | S Vauclare | H Barral | Nanée Chahinian;COMM;2025-05-27;2024-06-19;2024-06-19;Evapotranspiration | Infiltration | Modèle SiSPAT | Afrique de l’Ouest | Flux turbulents | Ecohydrologie;0.sde | 0.sdu | 1.sdu.stu | 2.sdu.stu.hy;Observatoire AMMA-CATCH;RIFT;ANR-22-PEXF-0004;Support to experimental infrastrucure (flux towers);;;JMSC 2024 - 5ème édition des Journées de Modélisation des Surfaces Continentales;fr;Oui;;https://cnrs.hal.science/hal-05080489v1
hal-05074158;Spatially remotely sensed evapotranspiration estimates in Sahel region using an ensemble contextual model with automated heterogeneity assessment;Nesrine Farhani | Jordi Etchanchu | Gilles Boulet | Philippe Gamet | Albert Olioso | Alain Dezetter | Ansoumana Bodian | Nanée Chahinian | Kanishka Mallick | Chloé Ollivier | Olivier Roupsard | Aubin Allies | Jérôme Demarty;ART;2025-05-20;2025-06;2025-06;Sahel | S-SEBI | EVASPA | Contextual | Evapotranspiration | Semi-arid;0.sde;French Space Agency (CNES) in the frame of the preparation of the TRISHNA mission | UNESCO Centre for Water ICIREWARD through the EVAP’EAU project;RIFT;ANR-22-PEXF-0004;Support to experimental infrastrucure (flux towers);CNES | TOSCA;Science of Remote Sensing;;en;Oui;Water scarcity and the inter-annual variability of water resources in semi-arid areas are limiting factors for agricultural production. The characterization of plant water use, together with water stress, can help us to monitor the impact of drought on agrosystems and ecosystems, especially in the Sahel region. Indeed, this region is identified as a ”hot spot” for climate change. In-situ measurements often are insufficient for accounting for spatial variability at large scales ( km) due to the scarcity of gauge networks. To tackle this issue, remotely sensed evaporation is often used. In this study, estimates using thermal infrared and visible data from MODIS/TERRA and AQUA are used. Spatially distributed estimates of the daily actual evapotranspiration (ETd) are simulated using the EVASPA S-SEBI Sahel (E3S) ensemble contextual method over a mesoscale area (145x145 km) in central Senegal. E3S uses a set of different methods in order to identify the dry and wet edges of the surface temperature/albedo scatterplot and therefore estimate the evaporative fraction (EF). However, contextual approaches assume the simultaneous presence of sufficient fully wet and fully dry pixels within the same satellite image. This assumption of heterogeneity does not always hold, especially in the Sahel, which is characterized by the alternation of dry and wet seasons due to the monsoon-influenced climate. To tackle this issue, E3S uses different sets of methods depending on the season, based on local knowledge. The present study thus aims at generalizing the approach by proposing a new version of E3S called ”E3S-V2”. This latter allows an automatic detection of different heterogeneity conditions. Therefore, a sensitivity analysis examining the effect of using different EF estimation methods over different spatial coverages was performed. It made it possible to identify relevant normalized indicators to determine the heterogeneity level, as well as to discriminate among the most adapted EF determination methods for each situation. From this analysis, an automated procedure of method selection according to the heterogeneity conditions is proposed. A local-scale evaluation was performed using eddy-covariance measurements in the Senegal Groundnut Basin. A spatialized evaluation was also performed using GLEAM and ERA5-Land, which are proven reference ETd products over the area. ”E3S-V2” simulations yield comparable performances with in-situ and reference products in our study area.;https://hal.science/hal-05074158v1
hal-05054538;Guidelines for improved quantification and reporting of carbon stocks and additional carbon storage in agroforestry systems;Rémi Cardinael | Georg Cadisch | Christian Dupraz | Bohdan Lojka | Maren Oelbermann;ART;2025-05-02;2025-04-05;2025-04-05;Climate change mitigation | Soil organic carbon | Biomass | Measurement reporting and verification | Carbon sequestration | FairCarboN;0.sdv | 1.sdv.sa | 0.sdv | 1.sdv.sa | 2.sdv.sa.sf | 0.sdv | 1.sdv.sa | 2.sdv.sa.sta;Open access funding provided by CIRAD.;;;;;Agroforestry Systems;;en;Oui;The number of scientific publications related to biomass carbon or soil organic carbon under various land management practices has globally and dramatically increased during the last two decades, the same applies to the peer reviewed Agroforestry Systems journal. However, the quality of papers on carbon sequestration in agroforestry systems is very heterogeneous, and many studies do not fulfil simple requirements that would ensure the scientific value of these studies, resulting in high rates of rejections before and after review. The aim of this paper, co-authored by the Editor-in-Chief and Associate Editors of the Agroforestry Systems journal is to provide some basic guidelines to improve the quantification and reporting of carbon stocks and additional carbon storage in agroforestry systems, and to maximize manuscript acceptance. These guidelines are also of use for any other international peer-reviewed journal publishing studies on this topic. We also provide a checklist, for both authors and reviewers, of compulsory and recommended variables to be included before submission of an original study related to soil and/or biomass carbon stocks and sequestration in agroforestry systems. Similar content being viewed by others;https://hal.inrae.fr/hal-05054538v1
hal-05051667;Modeling the stability and remobilization of mercury in temperate and permafrost soils under climate change with ORCHIDEE-MICT-PEAT-LEAK;Laura Sereni | Bertrand Guenet | Hélène Angot;POSTER;2025-04-29;2025-04-28;2025-04-28;FairCarboN;0.sdu | 1.sdu.envi;;ATOX;ANR-24-CE01-7616;Le nouvel Arctique : une source de mercure TOXique ?;;;EGU  - Mercury (Hg) biogeochemical cycling across environmental compartments;en;Oui;Mercury (Hg) progressively accumulates in soils through processes such as vegetation uptake, litterfall, throughfall, and direct deposition. Soils constitute the largest reservoir of Hg, with surface soil stocks estimated at 235 to 1150 Gg. Despite its significance as a toxic neuropollutant, current environmental policies often overlook the remobilization of legacy Hg stocks stored in soils. However, the stability of soils Hg stocks, as well as the pathways and magnitudes of potential remobilization, remain poorly quantified. Due to the strong affinity of Hg for organic carbon (OC), their cycles are tightly coupled. Consequently, changes affecting OC stability have direct implications for soil Hg stocks. This is particularly critical for permafrost soils, which hold substantial amounts of OC and of Hg (72 Gg in the top 0-30 cm) but are highly vulnerable to climate change-driven thawing.To address this gap, we are extending the ORCHIDEE-MICT-PEAT-LEAK land surface model, which mechanistically represents the production, transport, and transformation of OC in soils and permafrost, by integrating the Hg cycle. The model will be evaluated against observational data, such as regional surface Hg stock maps and vertical soil core profiles.Once validated, the model will enable quantification of Hg fluxes emitted into the atmosphere or leaching into rivers. Additionally, simulations under various CMIP6 climate change scenarios will assess the stability of soil Hg stocks across temperate and permafrost regions. This work aims to improve understanding of Hg dynamics in a warming climate and inform strategies for managing Hg risks.;https://hal.science/hal-05051667v1
insu-05045026;Prospective Surfaces et Interfaces Continentales : 2024-2028;Sophie Ayrault | Gilles Pinay | Eric Ferrage | Nizar Abcha | Philippe Ackerer | Julien Ackerer | Cécile H. Albert | Elena Alekseenko | Anne Alexandre | Marie Alexis | Thierry Allard | Pierre Amato | Philippe Amiotte-Suchet | David Amouroux | Anne-Sylvie André-Mayer | Sandrine Anquetin | Eric Armynot Du Châtelet | Marie Arnaud | Nicolas Olivier Arnaud | Cécile Asanuma-Brice | Dominique Aubert | Mélanie Auffan | Julie Aufort | Cédric Bacour | Etienne Balan | Valérie Ballu | Agnès Baltzer | Pierre Barré | Maialen Barret | P. Bauda | Audrey Beaussart | Beatrice Bechet | Thierry Beguiristain | Benjamin Belfort | Frida Ben Rais Lasram | Lucilla Benedetti | Marc F. Benedetti | Anne-Claire Bennis | Catherine Bertrand | Éric Beucler | Patrick Billard | Gilles Billen | Elise Billoir | Françoise Binet | Anne-Kristel Bittebiere | Stéphane Blanc | Marc Blanchard | J Blanchet | Helene Blanchoud | Damien Blaudez | Julien Boé | Patricia Bonin | Myriam Bormans | Gudrun Bornette | Julien Bouchez | Camille Bouchez | Brice Boudevillain | Guillaume Bouger | Olivier Bour | François Bourrin | Philippe Bousquet | Anne Bousquet-Mélou | Isabelle Braud | Odile Bruneel | Yves Brunet | Elisa Bruni | Hélène Budzinski | Damien Calmels | Isabelle Calmet | Simon Damien Carrière | Corinne Casiot | Antoine Casquin | Charlotte Catrouillet | Florence Cayocca | Aurélie Cébron | François Chabaux | Aude Chambodut | Nicolas Champollion | Bruno Charrière | Mathieu Chassé | Ghassan Chebo | P. Choler | Pascal Claquin | Jean-Martial Cohard | Steeve Comeau | Yoann Copard | Marie-Christine Cormier-Salem | Samuel Coussy | Alain Crave | Julien Crétat | Philippe Cuny | Carole Dalin | Michael Danger | José Darrozes | Karin Dassas | Emilie Dassié | Olivier Dauteuil | Mélanie Davranche | Jean-Raynald de Dreuzy | Olivier de Viron | François de Vleeschouwer | Maxime Debret | Christophe Delacourt | Christine Delire | Julien Deloffre | Claire Delon | Nicolas Delpierre | Jérôme Demarty | Delphine Destoumieux-Garzon | Simon Devin | Laurent Dezileau | Aline Dia | Jean-François Doussin | David Doxaran | Laurent Drapeau | Agnès Ducharne | Jérôme F.L. Duval | Céline Duwig | Fabien Esculier | Agathe Euzen | Olivier Evrard | Pierre Faure-Catteloin | Cyrille Flamant | Cyril Fleurant | Marianne Font-Ertlen | Julien Fouché | Anthony Foucher | Matthieu Fournier | Clémentine Fritsch | François Fromard | Lucille Furgerot | Jérôme Gaillardet | Catherine Galy | Laure Gandois | Antoine Gardel | Josette Garnier | Simon Gascoin | Cécile Gautheron | Mathieu Gautier | Frédéric Gérard | Emmanuelle Geslin | Laure Giamberini | Martin Giard | Ludovic Gielly | Charline Giguet-Covex | Daniel Gilbert | Virginie Girard Girard | Sébastien Gogo | Claire Golléty | Dominique Gommery | Swanne Gontharet | Vincent Gordard | Aurélie Goutte | Regis. Grimaud | Bertrand Guenet | Laure Guerit | Elodie Guignon | Stephane Guillot | Éric Guilyardi | Damien Guinoiseau | Vincent Guinot | Remy Guyoneaud | Florence Habets | Sophia V. Hansson | Basile Hector | Marina Hery | A. Hofmann | Martine Hossaert-Mckey | Fabien Hubert | Gwenael Imfeld | Françoise Immel | M.-P. Isaure | Jérémy Jacob | Abderrahim Jardani | Emilie Jardé | Lionel Jarlan | Laurent Jeanneau | Stanislav Jelavić | Marc Jolivet | Dominique Joly | Anne Jost | Damien Jougnot | Jean Kempf | Philippe Kerhervé | B.K. Hassani | Sylvain Kuppel | Pierre Labadie | Jérôme Labanowski | Thierry Labasque | Jérôme Labille | Patrick Lachassagne | Yvan Lagadeuc | France Lagroix | Dimitri Lague | Laurent Lanceleur | Bruno Lanson | Martine Lanson | Goulven Gildas Laruelle | Béatrice Lauga | Anniet M. Laverman | Valérie Le Dantec | Séverine Le Faucheur | Annaig Leguen | Marie Le Jean | Pierre Le Pape | Romain Leclercq | Hélène Lecomte | Marine Legrand | Jean-François Léon | Nolwenn Lesparre | Laurence Lestel | C. Levard | Jean-Marc Limousin | Emily Lloret | Esméralda Longépée | Laurent Longuevergne | Fanny Louis | Wolfgang Ludwig | Fabienne Maignan | Grégoire Maillet | Odin Marc | Cyril Marchand | Guillaume Marchand | Virginie Marécal | Christelle Marlin | Yves Marrochi | Remi Marsac | Beatrice Marticorena | Jean-Michel Martinez | Jean Martins | Jérémy Masbou | Armand Masion | Nicolas Massei | Sylvie Massemin | Olivier Mathieu | Olivier Merlin | Édouard Metzger | Arnaud Mialon | Emma Michaud | Raymond Michels | Laurent Michot | Valerie Michotey | Cécile Militon | Laetitia Minguez | Florence Moatar | Florence Moatar | Gilles Molinie | Leslie Mondamert | Anne Mone | Mathilde Monperrus | Jean-Sébastien Moquet | Valérie Morel | Guillaume Morin | Samuel Morin | Dominique Mouazé | Jean-Marie Mouchel | Emilie Muller | Benjamin Musnier | Jean Nabucet | Sylvie Nazaret | Julien Némery | Nathalie Niquil | Priscia Oliva | Laurent Orgogozo | Catherine Ottle | Ludovic Oudin | Christophe Pagnout | Carmen Palacios | Gérémy Panthou | Guillaume Paris | Pierre-Yves Pascal | Sylvain Payraudeau | Thierry Pellarin | Manuel Pelletier | Jean Louis Perrin | Fabienne Petit | Sabine Petit | Christophe Peugeot | Jean-Philippe Pezy | Caroline Pierre | Marie-Claire Pierret | Anne-Catherine Pierson-Wickmann | Thierry Pigot | Raphaël Pik | Sébastien Pinel | Christophe Piscart | Valérie Plagnes | Sandrine Plaud-Guérin | Pascal Poupin | Hugues Preud'Homme | Sophie Prud'Homme | Anne Puissant | Cécile Quantin | Antoine Rabatel | Christophe Rabouille | Damien Raclot | Olivier Ragueneau | Mélanie Raimonet | Jean Louis Rajot | Guillaume Ramillien | Anthony Ranchou-Peyruse | Fayçal Rejiba | David Renault | Pierre Renault | Eléonore Resongles | Céline Reylé | Jean Riotte | Henri Robain | Tony Robinet | Philippe Roche | Fabrice Rodriguez | Jérôme Rose | Isabelle Ruin | Cornelia Rumpel | Christian Salles | Elodie Salmon | Geraldine Sarret | Géraldine Sarthou | Thomas Saucède | Sabine Sauvage | Nicolas Savoye | I. Schimmelpfennig | Dirk S Schmeller | François Schmitt | Johann Schnyder | Mathieu Sebilo | Loïc Ségalen | Antoine Séjourné | Alexei Sentchev | Lucía Seoane | Liudmila S Shirokova | Marie Silvestre | Anaëlle Simonneau | Yann Sivry | Delphine Six | Marisol Goñi | Jeroen E. Sonke | Aldo Sottolichio | Cyprien Soulaine | Tiphaine Tallec | Roman Teisserenc | Bernadette Tessier | Mickaël Tharaud | Julien Thevenot | Thomas Thiebault | Éric Thiébaut | Vincent Thieu | Gérard Thouzeau | Vanessa Tocut | Christophe Tournassat | Danièle Valdés-Lao | E.D. van Hullebusch | Delphine Vantelon | D. Verfaillie | Nathalie Vigier | Cyrille Violle | Didier Voisin | Nicolas Vuichard | Stéphane Vuilleumier | Xiaoni Wang-Faivre | Sylvain Weill | Gaël Le Roux | Bastien Wild | A. Zegeye | Pierpaolo Zuddas | Aubin Thibault de Chanvalon;REPORT;2025-04-24;2024;2024;Recherche scientifique | Science de l'environnement | Instrument | Réseau académique | Projet scientifique;0.sdu | 0.sdu | 1.sdu.envi;;ALAMOD;ANR-22-PEXF-0002;Shared, accurate models and open datasets;;;;fr;Oui;;https://insu.hal.science/insu-05045026v1
hal-05034220;Reducing the use of plant protection products and greenhouse gas emissions in arable farming systems in northern France (System-Eco+);Célestin Valentin | Paul Belleville | Sébastien Darras | Fabien Ferchaud | Joël Leonard | Laure Mamy | Jérôme Pernel | Guillaume Vitte;ART;2025-04-15;2025;2025;Soil organic carbon storage | Fertilization | Pesticides | Weeds | FairCarboN | Nitrous Oxide | Greenhouse Gases;0.sdv;;CrosyeN;ANR-22-PEXF-0005;Support to experimental infrastructure (field trial network);;Innovations Agronomiques;;en;Oui;Crop protection and nitrogen fertilizers uses are the mainstays of large-scale cereal and industrial cropping systems in northern France. Biological and climatic effects call to design and evaluate cropping systems that cut the use of plant protection products by implementing counterbalancing agronomic levers aiming to maintain yields. An experimental set-up composed of 7 cropping systems located at the Estrées-Mons agronomic station (France) was monitored from 2018 to 2024. The experiment combined decrease in the use of plant protection products while improving the greenhouse gas (GHG) balance by reducing synthetic fertilization. The introduction of cropping systems designed to reduce the use of pesticides made it possible to achieve treatment frequency index (TFI) reductions of 70 to 100% without significantly affecting yields and while ensuring weed control. This also resulted in a significant reduction in fungicide and herbicide residues in the soil. The levers used to reduce the use of plant protection products have a neutral effect on greenhouse gas emissions, or even a favourable effect when leguminous crops are introduced into the succession to provide soil cover and balance the nitrogen balance.;https://hal.inrae.fr/hal-05034220v1
hal-05011346;Isotopic Niches of Fish Larvae During Coral Reef Recruitment in a Caribbean Reef;Léa Vignaud | Anaïs Sicard | Mehdi Boudault | Sébastien Cordonnier | David Lecchini | Charlotte R. Dromard;ART;2025-03-29;2024-10-23;2024-10-23;EPR FairCarboN;0.sdv;;;;;;Caribbean Journal of Science;;en;Non;;https://hal.science/hal-05011346v1
hal-05006365;Role of topography and physico-chemical properties on organic carbon distribution in semi-arid calcareous soils;Khairallah Wissal | Bahri Haithem | Guillaume Coulouma | Annabi Mohamed | Damien Raclot;ART;2025-03-28;2025-03-24;2025-03-24;Soil organic carbon | Rainfed cropland | Calcareous soils | Semi-arid Mediterranean environment | FairCarboN;0.sde;This work benefits from the financial support of the MASCC project through ARIMNET2, an ERA-NET funded by the European Union’s Seventh Framework Program for research, technological development, and demonstration under grant agreement no. 618127.;;;;ARIMNET2;Euro-Mediterranean Journal for Environmental Integration;;en;Oui;Soil represents a significant reservoir of organic carbon within terrestrial ecosystems. Despite considerable research efforts, the factors that control the distribution of soil organic carbon (SOC) remain insufficiently understood, particularly in calcareous soils where recent studies have indicated potential interactions between inorganic and organic carbon pools. The objective of this study was to evaluate the influence of topography and physico-chemical soil properties on the distribution of soil organic carbon (SOC) in a small calcareous catchment cultivated with annual crops under a semi-arid Mediterranean climate (Kamech, Cape Bon, Northeast Tunisia). Soil samples were gathered from all horizons of ten soil profiles, selected to encompass the three primary soil types identified within the study catchment. As anticipated, the SOC contents were found to be low and to decrease significantly with increasing soil depth. It is noteworthy that significantly higher SOC levels were observed in Vertisols in comparison to Cambisols and Calcisols. The results indicated that clay content was the primary factor influencing SOC distribution in the studied soils. In addition, the topographical location of the profile was identified as a secondary factor in explaining lateral SOC distribution within the catchment. Furthermore, the study demonstrated a negative correlation between SOC and soil inorganic carbon (SIC), which is an unexpected result for semi-arid environments and requires further investigation.;https://hal.science/hal-05006365v1
hal-03971789;Climatic and weathering conditions in southern high latitudes during the Turonian-Santonian interval: New insights from IODP Site U1512 (Bight Basin, Southern Australia);Thomas Munier | Laurent Riquier | Sidonie Révillon | Hans-Jürgen Brumsack | Christian Hasler | Omar Boudouma | François Baudin;ART;2025-03-27;2023-03;2023-03;Sr/Nd isotopes | Major and trace elements | Clay minerals | Sub-humid climate | Continental weathering;0.sdu | 1.sdu.stu | 0.sdu | 1.sdu.stu | 2.sdu.stu.st;;Pilotage et gouvernance du programme FairCarboN;ANR-22-PEXF-0001;Pilotage et gouvernance du programme FairCarboN;;Palaeogeography, Palaeoclimatology, Palaeoecology;;en;Oui;"A detailed study, based on a coupled mineralogical and geochemical approach, was done on IODP Site U1512 sediments (Bight Basin, Southern Australia). The mineral assemblages of the clay size fraction (&lt;2 μm), obtained by X-ray diffraction, have been compared to inorganic (major and trace elements) geochemical signals, obtained from both whole rock and clay size fraction, and Sr/Nd isotopes, obtained from clay size fraction to determine climatic and weathering conditions during the Turonian to Santonian interval (∼94–84 Ma, Late Cretaceous) in the southern high latitude band. This study reveals that the mineral assemblages of clay fraction consist of R0-type illite/smectite mixed-layers (considered as smectites), illites, and kaolinites associated with opal-CT and clinoptilolites. Electron microscopy observations have demonstrated a negligible impact of burial diagenesis on clay assemblages while authigenesis contributions of clay minerals are limited and associated with minor volcanic contributions. Clay assemblages would be thus dominantly primary in origin. Based on Sr and Nd isotopic values, clay minerals are interpreted as the resulting from the weathering of rocks and pedogenic blankets of Eastern Australian Highlands and from the remobilization of older sediments from nearby uplifted basins. The chemical compositions of both whole rock and clay size fraction show a relative stability during the studied interval with two exceptions: during the Middle/Late Turonian times for Si, P and Ba and at the Turonian-Coniacian boundary for Ti, K and Zr, associated respectively to an increase of biogenic fraction and to an enhanced input of terrigenous material. The clay assemblages, dominated by smectites, show weak variations along the borehole reflecting stable climatic conditions during the 10-Myr Turonian-Santonian interval. The dominance of smectites, coupled to the absence of chlorite and the low proportions of illite, which are both considered as primary clay minerals, indicates a dominant warm/temperate and sub-humid climate during the studied interval. However, changes in weathering conditions occurred during the Turonian-Santonian interval in southern high latitude. The Early Turonian, characterized by high Chemical Index of Alteration values (&gt;75), is followed by an interval of lower chemical weathering with enhanced biogenic silica during the Middle/Late Turonian. The slight increase of kaolinites, recorded during Coniacian and coeval with increase of Ti/Al and Zr/Al ratios, probably reflects an increase in coarser terrigenous inputs associated with a sea-level fall.";https://hal.science/hal-03971789v1
hal-05008093;Paving the way for improved representation of coupled Physical and biogeochemical processes in Arctic River Plumes—A case study of the Mackenzie shelf;Clément Bertin | Dustin Carroll | Dimitris Menemenlis | Stephanie Dutkiewicz | Hong Zhang | Melissa Schwab | Raphaël Savelli | Atsushi Matsuoka | Manfredi Manizza | Charles E. Miller | Simon Bowring | Bertrand Guenet | Vincent Le Fouest;ART;2025-03-27;2025-03-01;2025-03-01;Air-sea CO 2 flux | Arctic Ocean | Carbon cycle | Land-ocean continuum | FairCarboN;0.sde;;;;;Nunataryuk;Permafrost and Periglacial Processes;;en;Oui;Processes affecting the transformation of riverine dissolved organic carbon (DOC) across the land-to-ocean aquatic continuum are still poorly constrained in Arctic models, leading to large uncertainties in simulated air-sea CO$_2$ fluxes of the coastal periphery. Here we use the ECCO-Darwin regional configuration of the Southeastern Beaufort Sea to analyze the sensitivity of simulated carbon cycling to (1) the model vertical discretization and (2) different parameterizations of Mackenzie River carbon discharge. We show that riverine DOC lifetime rather than its volume largely modulates Mackenzie River plume air-sea CO 2 fluxes, leading to the Southeastern Beaufort Sea (SBS) being either a source (0.03 Tg C year$^{-1}$ ) or sink (-0.20 Tg C year$^{-1}$ ) of atmospheric carbon. We show that estuarine processes, such as flocculation, also play an important role and can dampen CO$_2$ outgassing by up to 0.07 Tg C year$^{-1}$ . In terms of model physics, by increasing the vertical grid resolution, we better fit observed plume structure, without altering the simulated concentrations of DOC. However, the decrease in river forcing cell volume increases local pCO$_2$ and promotes elevated outgassing in the vicinity of the Delta. Our work demonstrates that future Arctic land-ocean models must consider the intricate details of river plume systems to realistically simulate coastal-ocean physics and biogeochemistry.;https://hal.science/hal-05008093v1
hal-05003145;Experimental and simulated data for crop and grassland production and carbon-nitrogen fluxes;Renáta Sándor | Fiona Ehrhardt | Peter Grace | Sylvie Recous | Pete Smith | Val Snow | Jean-François Soussana | Bruno Basso | Arti Bhatia | Lorenzo Brilli | Jordi Doltra | Christopher D Dorich | Luca Doro | Nuala Fitton | Brian Grant | Matthew Tom Harrison | Miko U F Kirschbaum | Katja Klumpp | Patricia Laville | Joël Léonard | Raphaël Martin | Raia Silvia Massad | Andrew D Moore | Vasileios Myrgiotis | Elizabeth Pattey | Susanne Rolinski | Joanna Sharp | Ute Skiba | Ward Smith | Lianhai Wu | Qing Zhang | Gianni Bellocchi;ART;2025-03-24;2025-03-09;2025-03-09;Simulations | Observation | Modelling | Cropland | Grassland | FairCarboN | STICS;0.sde;;;;;;Open Data Journal for Agricultural Research;;en;Oui;Multi-year datasets from field experiments and simulations at five agricultural sites in the Northern Hemisphere were developed for three cropland sites in Ottawa (Canada), Grignon (France) and Delhi (India) and two grassland sites at Laqueuille Sándor et al. 2024, Open Data Journal for Agricultural Research, vol. 10, p. 22-27 23 (France) and Easter Bush (UK). The cropland sites have rotations with wheat, triticale, maize, rapeseed, soybean, phacelia and rice, as well as periods of bare fallow. Cattle (Laqueuille) or mixed cattle and sheep (Easter Bush) graze in the two grassland sites. Field data were collected between 2003 and 2012 for three to eight years, including grain yield/above‐ground net primary productivity, nitrous oxide emissions, carbon fluxes (gross primary production, net ecosystem exchange, ecosystem respiration), together with daily weather data (solar radiation, maximum and minimum temperatures, precipitation, wind speed, relative humidity, vapour pressure), soil properties, and records of crop and grassland management. Simulated outputs are from 23 models: 11 crop models, eight grassland models and four models simulating both systems.;https://hal.inrae.fr/hal-05003145v1
hal-04986804;Drivers of soil organic carbon stocks at village scale in a sub-humid region of Zimbabwe;Rumbidzai W. Nyawasha | Gatien N Falconnier | Pierre Todoroff | Alexandre M. J.-C. Wadoux | Regis Chikowo | Adrien Coquereau | Louise Leroux | Camille Jahel | Marc Corbeels | Rémi Cardinael;ART;2025-03-11;2025-02-22;2025-02-22;Homefield | Outfield | FairCarboN | Land use | Clay content | Sub-Saharan Africa | Smallholder farming;0.sdv;This study was funded by the DSCATT project “Agricultural Intensification and Dynamics of Soil Carbon Sequestration in Tropical and Temperate Farming Systems” (N◦AF 1802-001, N◦FT C002181), supported by the Agropolis Foundation (“Programme d’Investissement d’Avenir” Labex Agro, ANR-10-LABX- 0001-01) and by the TOTAL Foundation within a patronage agreement. Rumbidzai W. Nyawasha also received additional funding from the RAIZ “Promoting agroecological intensification for resilience building” project FOOD/2021/424- 933 (https://raiz.org.zw/) funded by the European Union;AGRO;ANR-10-LABX-0001;Agricultural Sciences for sustainable Development;;CATENA;;en;Oui;Land use change caused by agriculture and inappropriate agricultural management cause soil organic carbon (SOC) loss. This study was conducted in a smallholder communal area of Zimbabwe with the following objectives: i) to quantify SOC stocks under contrasting land uses and soil types, and estimate landscape-level SOC stocks, ii) to assess the impact of historical agricultural management parctices on SOC in croplands (homefields vs outfields), and iii) to estimate temporal changes in SOC stocks due to land use change using field measurements and geospatial data (Africa Soil Information Service, AfSIS). SOC stocks were measured across three soil types and eight land uses (croplands, gardens, fallows, grasslands, vleis, shrublands, forests and tree plantations) at soil depths of 0-20 and 20-40 cm. Estimates from AfSIS were also used for comparison. SOC stocks were highest on black clay soils (66.9 ± 2.30 Mg C/ha), followed by red clay soils (36.1 ± 2.04 Mg C/ha) and sandy soils (25.5 ± 0.59 Mg C/ha). Among land uses, SOC stocks were highest in vleis (67.9 ± 3.55 Mg C/ha), followed by gardens (56.4 ± 2.34 Mg C/ha) and grasslands (53.1 ± 6.18 Mg C/ha). Croplands on sandy soils had the lowest stocks (22.7 ± 0.77 Mg C/ha). Distance from homestead had no significant effect on SOC stocks. SOC stocks estimated by AfSIS were systematically underestimated in vleis, grasslands and gardens, resulting in a 20 % underestimation of landscape SOC stocks. Landscape SOC stocks declined slightly (-0.2 %) from 2002 to 2023, though the change was not statistically significant. Our findings highlight that SOC stocks hotspots are concentrated in vleis, gardens and grasslands, mostly within communal grazing lands. Their conservation should therefore be a priority, emphasizing the need for collective management. On the other hand, restoration of degraded croplands could be enhanced by strenghtening linkages between cultivated fields and communal grazing lands through improved livestock management.;https://hal.inrae.fr/hal-04986804v1
hal-04971676;Campagne d'échantillonnage de sol de parcelles de prairies permanentes pâturées selon deux protocoles de prélèvement.;Fleur Masse-Navette;MEM;2025-02-28;2024;2024;FairCarboN;0.sde;;;;;;;;fr;Oui;"Les prairies pâturées, à l'origine de nombreux services écosystémiques, comme la régulation des cycles biogéochimiques du carbone et de l'azote, l'alimentation des troupeaux d'élevage ou l'accueil d'une biodiversité particulière, sont impactées par les modes de gestion qui y sont appliqués, dont l'intensité de pâturage est l'une des principales modalités. Des nombreux processus reliés à l'intensité des pratiques d'élevage affectent les différents compartiments environnementaux des écosystèmes prairiaux, notamment le sol. Des phénomènes de défoliation, de piétinement et de déjections animales peuvent ainsi être à l'origine d'une hétérogénéité spatiale d'un certain nombre de variables du sol, comme la densité apparente, la production racinaire ou les stocks de carbone et d'azote. Cependant, la modulation de cette hétérogénéité spatiale en fonction du degré de pâturage reste encore peu connue au niveau des prairies permanentes, en partie à cause d'un besoin plus important de données sur le temps long (&gt; 20 ans) et d'une stratégie d'échantillonnage suffisamment précise et représentative à l'échelle de la parcelle, de l'exploitation ou du territoire.<p>Dans le cadre de ce stage, j'ai ainsi participé à la réalisation d'une campagne d'échantillonnage de sol sur deux parcelles de prairies permanentes pâturées faisant partie du site expérimental de Laqueuille géré par l'Unité de Recherche sur l'Ecosystème Prairial (UREP) de l'INRAE de Clermont Ferrand, en Auvergne. Parmi ces deux parcelles pâturées de moyenne montagne en place depuis 2002, l'une est gérée, avec un fort chargement animal (pâturage bovin) et une fertilisation minérale (parcelle « intensive »), tandis que la seconde est pâturée avec un faible chargement animal, sans aucune fertilisation (parcelle « extensive »). Cette campagne de prélèvement de sol s'est basée sur deux protocoles : d'une part celui du dispositif long terme national SOERE ACBB (Système d'Observation et d'Expérimentation de Recherches en Environnement sur des Agro-écosystèmes, Cycles Biogéochimiques et Biodiversité) appliqué historiquement sur ces parcelles depuis 2004, et d'autre part celui du dispositif européen ICOS (Integrated Carbon Observation System) mis en place pour la première fois sur le site expérimental en 2024. L'objectif de ces prélèvements est de constituer un inventaire de sol et d'étudier l'impact de l'intensité de pâturage sur différentes propriétés du sol pour chacune des strates prélevées, via des analyses statistiques, ainsi que d'étudier leur distribution spatiale à l'échelle de la parcelle grâce à des outils géostatistiques.</p><p>Ce stage a ainsi permis de mettre en évidence, grâce aux données des campagnes de sol de 2012 et de 2024, un effet du mode de gestion sur la densité apparente du sol, ainsi que de la densité racinaire. Cela démontre que l'intensité du pâturage module les phénomènes de compaction du sol et les stratégies de développement des espèces végétales. A l'inverse, aucun impact du mode de gestion n'a été identifié pour les stocks de carbone, ce qui peut s'expliquer par la relative jeunesse du dispositif expérimental empêchant de détecter des changements dans les stocks de carbone du sol. Des informations sur la couleur et la profondeur du sol ont également permis d'affiner les connaissances sur le profil pédologique des parcelles.</p><p>Ce stage de 2 mois m'a permis de participer à la réalisation de la campagne de prélèvement de sol 2024 et, dans ce contexte, prendre part à l'application de deux protocoles d'échantillonnage, dont un nouveau, issu du dispositif européen ICOS. Il m'a également permis d'assurer l'acquisition de nouvelles données de terrain, le traitement et l'analyse d'échantillons de sol ainsi que l'exploitation statistique et géostatistique d'un certain nombre de résultats. L'analyse des prélèvements sera poursuivie par l'UREP dans l'année à venir et l'ensemble des résultats obtenus devrait aboutir à des conclusions concernant l'impact des pratiques de gestion sur les services rendus par les prairies permanentes.</p> <div>REMERCIEMENTS<p>Je remercie en premier lieu Madame Katja KLUMPP, ingénieure de recherche, et Monsieur Olivier DARSONVILLE, technicien de recherche, qui ont tous les deux été mes encadrants lors de ce stage à l'UREP. Merci pour votre accueil, votre disponibilité, votre patience et vos conseils. Merci pour la confiance que vous m'avez accordée et les responsabilités que vous m'avez confiées ; j'ai vécu cette période comme une expérience très enrichissante grâce à vous.</p><p>Je tiens également à remercier l'ensemble des personnes de l'UREP, avec qui j'ai eu l'occasion de discuter et/ou de travailler. Merci en particulier à Basile, Luc, Sylvie, Evan, Gabriella, et Quentin, grâce à qui la campagne de sol s'est déroulée dans une ambiance formidable, qu'il neige, qu'il pleuve, qu'il vente. Merci pour votre gentillesse et les nombreuses discussions. Merci aux autres stagiaires et doctorants de m'avoir donné un petit aperçu de leurs projets de recherche très intéressants. J'adresse aussi mes remerciements à Madame Régine NAEJUS, ma référente de stage, pour sa bienveillance et ses encouragements.</p><p>Enfin, je remercie les professeurs et intervenants de l'IUT de Tours (Madame Corine TASTE, Monsieur David VIOLLEAU, Monsieur Bjorn VOLKERT, Monsieur Laurent MAHE, Madame Régine NAEJUS, Monsieur Julien MARTINEZ), grâce à qui j'ai pu acquérir toutes les compétences et connaissances nécessaires pour mener à bien ce stage.</p></div>";https://hal.inrae.fr/hal-04971676v1
hal-04966375;Etude des stocks de carbone organique du sol de prairies en cours de réhabilitation dans le Sud de la France;Margot Vassas | Katja Klumpp | Dieckhoff Léa | Sylvie Assagba | Olivier Darsonville | Thierry Dutoit;POSTER;2025-02-25;2024-11;2024-11;FairCarboN;0.sde;;;;;;;PEPR FairCarbon;fr;Oui;;https://hal.inrae.fr/hal-04966375v1
hal-04960780;Modélisation des transferts d'énergie et d'eau à l'interface Surface-Atmosphère sur les sites ICOS de Puéchabon et Font-Blanche;Brune Raynaud--Schell | Jérôme Demarty | Jordi Etchanchu | Chloé Ollivier | Jean Kempf | Jean-Marc Limousin | Marloie Olivier | Albert Olioso | Jean-Marc Ourcival | Guillaume Simioni | Guillaume Simioni | Véronique Léonardi;COMM;2025-02-21;2023-11-08;2023-11-08;;0.sde;;RIFT | K3;ANR-22-PEXF-0004 | ANR-22-PEXO-0012;Support to experimental infrastrucure (flux towers) | Impact des changements globaux sur la ressource en eau des socio-hydrosystèmes karstiques : Vulnérabilité, Sensibilité et Gestion;;;Assemblée Scientifique et Technique ICOS-France 2023;fr;Oui;"Les sécheresses représentent un facteur de vulnérabilité important au maintien des écosystèmes méditerranéens, et plus particulièrement ceux de type forestier, qui sont majoritaires en milieu karstique. Or, sous les effets des changements globaux, ces milieux sont exposés à des épisodes de sécheresse de plus en plus fréquents et intenses. De récentes études écophysiologiques et isotopiques ont montré que les racines des arbres étaient capables de s'alimenter assez profondément dans l'épikarst, pour soutenir la transpiration lors des périodes de stress hydrique. Cependant la quantification des stocks et des dynamiques temporelles n'y est pas encore totalement bien établie. Cela nécessite de développer des modélisations adaptées à la complexité du milieu dans le but d'en améliorer la connaissance, à la fois de la recharge des aquifères et du fonctionnement hydrique des forêts. Les travaux menés dans cette étude vont dans cette direction. Ils s'attachent à proposer, mettre en place et éprouver une modélisation des échanges d'énergie et d'eau à l'interface sol-végétation-atmosphère de type SVAT, adaptée aux milieux forestiers méditerranéens en zone karstique. L'objectif de modélisation est double : i) simuler conjointement les processus d'infiltration diffuse dans le sol (i.e. partie superficielle de la zone racinaire) et d'infiltration rapide dans le réseau de fractures karstiques (i.e. partie profonde de la zone racinaire) ; ii) simuler les processus transpiratoires et d'extraction de l'eau dans toute la zone racinaire. Pour cela, une adaptation du modèle SiSPAT a été développée, puis déployée pour la première fois sur deux sites du réseau ICOS, à savoir les sites forestiers de Font-Blanche (Bouches-du-Rhône, P.I. URFM) et Puéchabon (Hérault, P.I. CEFE). Les résultats témoignent du potentiel de la nouvelle version, et de la nécessité de représenter à la fois les écoulements diffus et préférentiels, pour correctement restituer les flux d'énergie et d'eau dans le continuum SVA. Il a été aussi démontré que les infiltrations préférentielles permettent de constituer au long de l'année des réserves d'eau en profondeur qui soutiennent la transpiration du couvert végétal pendant les périodes de stress hydrique.";https://hal.science/hal-04960780v1
hal-04945596;Les solutions fondées sur la nature | Nature-based solutions;Bertrand Guenet | Julia Le Noë | Samuel Abiven;ART;2025-02-20;2024;2024;Carbon | Attenuation | Terrestrial ecosystem | Nature-based solution | Climate change | Changement climatique | Carbone | Solutions fondées sur la nature | Écosystème terrestre | Atténuation;0.sde | 1.sde.ie | 0.sdu | 1.sdu.envi;;ALAMOD;ANR-22-PEXF-0002;Shared, accurate models and open datasets;;Étude et Gestion des Sols;;fr;Oui;Le changement climatique en cours réclame des réponses fortes visant principalement à réduire les émissions de gaz à effet de serre, mais même une réduction drastique ne permettra pas d'atteindre les objectifs fixés par l'accord de Paris d'un réchauffement en dessous des 2 °C au niveau global, a fortiori de 1,5 °C. Cet objectif est encore atteignable si cette réduction impérative des émissions est accompagnée par la mise en place des technologies d'émissions négatives visant à transférer et stocker le dioxyde de carbone de l'atmosphère sous une forme n'affectant pas le climat. Parmi ces technologies on trouve les solutions fondées sur la nature. Dans cet article, nous présentons une partie du portfolio à notre disposition sur les terres émergées en faisant une synthèse de la littérature. Nous présentons leurs potentiels et leurs limites en rappelant l'importance d'une vision intégrée de la gestion des écosystèmes qui se doit d'être multi-objectifs. | Ongoing climate change calls for strong responses, in particular to reduce greenhouse gas emissions. However, even a drastic reduction in greenhouse gas emissions will not enable to achieve the targets set by the Paris Agreement of global warming below 2 °C, a fortiori 1.5°C. This objective is still achievable if the imperative reduction in emissions is accompanied by the implementation of negative emission technologies aiming at transferring and storing the carbon dioxide from the atmosphere into a different form that has no impact on the climate. These technologies include nature-based solutions. In this article, we present part of the available portfolio on land surfaces by summarizing the literature. We present their potential and their limitations, and recall the importance of an integrated vision of ecosystem management, which needs to be multi-objective.;https://hal.science/hal-04945596v1
hal-04953328;Le futur des mangroves des îles carbonatées sans apport détritique : étude de la diagenèse précoce de sédiments des mangroves d'Ouvéa (Nouvelle-Calédonie);Maximilien Mathian | Laurence Le Callonec | Sarah Louise Robin | François Baudin | Andrew Swales | Kapeliele Gututauava | Océane Tardivel | Cyril Marchand;COMM;2025-02-18;2024-11-26;2024-11-26;;0.sdu | 1.sdu.stu | 2.sdu.stu.mi | 0.sdu | 1.sdu.stu | 0.sdu | 1.sdu.stu | 2.sdu.stu.gc | 0.sdu | 1.sdu.stu | 2.sdu.stu.gm | 0.sdu | 1.sdu.stu | 2.sdu.stu.mi;;Pilotage et gouvernance du programme FairCarboN;ANR-22-PEXF-0001;Pilotage et gouvernance du programme FairCarboN;;;19ème Congrès Français de Sédimentologie, Lille;fr;Oui;"Les mangroves sont des écosystèmes côtiers essentiellement présents dans la zone intertropicale. Leur importance dans le fonctionnement de la Zone Critique n’est plus à démontrer, que ce soit vis-à-vis de leur capacité à représenter un puits de carbone majeur, leur rôle de zone tampon dans les transferts de matière entre les continents et océans ou leur influence sur la géomorphologie côtière. D’un point de vue géologique, leurs apports en matière organique (MO) ainsi que l’influence des palétuviers sur leur environnement immédiat (formation de sulfures, influence des acides organiques, formation de carbonates en parallèle à la minéralisation de la MO) fait que leur substrat est souvent considéré comme un sol, bien qu’il possède aussi toutes les caractéristiques d’un sédiment (apports réguliers de matière en surface, variations redox en fonction de la profondeur, formation de phyllosilicates et d’oxy- hydroxydes authigènes, présence de minéraux liés à l’évaporation). Un certain consensus a émergé dans la communauté scientifique autour de l’idée que ces différents processus, combinés à des apports détritiques réguliers, devraient permettre aux écosystèmes de mangroves de suivre "" le pas "" de la montée du niveau marin liée au réchauffement climatique. Mais qu’en est-il des mangroves développées sur des îlots récifaux et des anciennes plateformes carbonatées émergées sans apports terrigènes ? Cette étude a pour objectif de caractériser l’évolution du substratum des mangroves carbonatées en identifiant ses transformations liées à l’activité biologique et à la diagenèse précoce. La mangrove du nord d’Ouvéa, un atoll de Nouvelle-Calédonie directement impacté par la montée des eaux, a été sélectionnée à cet effet. Des carottes de sédiments de 30 à 50 cm, prélevées sous deux espèces de palétuviers (Rhizophora et Bruguiera) et dans des zones de la mangrove caractérisées par des tailles d’arbres différentes, ont été analysées. L’évolution géochimique et minéralogique de ces carottes a été déterminée via le croisement d’analyses sur roche totale et isotopiques ainsi que par diffraction de rayons-X et pétrographie. Les conditions physico-chimiques de ces environnements sont globalement peu favorables à la formation de carbonates. Toutefois, l’évolution minéralogique du substratum sous les petits palétuviers montre des précipitations et des variations de la proportion de ses principaux composés (aragonite/calcite et calcite magnésienne), de la surface vers la profondeur. Les grands arbres quant à eux favorisent des conditions environnementales plus hostiles aux carbonates, notamment les Bruguiera dont les carottes n’en présentent presque aucune trace. Les observations pétrographiques indiquent que malgré la cristallisation de carbonates néoformés, parfois sous forme de tapissages, et d’une quantité non négligeable de pyrites, notamment sous les Rhizophora, ces minéraux authigènes ne semblent pas compenser la perte de volume induite par la dissolution partielle des grains de carbonates, causant un affaissement global de la mangrove. Ces données sont confirmées par les analyses géochimiques et les tests de bilans de masse associés. La stabilité à long terme des mangroves se développant dans de tels contextes n’est donc pas assurée.";https://hal.science/hal-04953328v1
hal-04945541;Evidence of high carbon biodegradability in the subsoil of Mediterranean croplands;W Khairallah | Damien Raclot | Mohamed Annabi | Guillaume Coulouma | Bertrand Guenet | Cornelia Rumpel | H Bahri;ART;2025-02-13;2025;2025;Millennia-old carbon | Mediterranean cultivated soil | Subsoil | Deep horizons | Biodegradability | Organic carbon | FairCarboN;0.sde;"The authors would like to thank the IRD (France) for funding Wissal Khairallah's ARTS fellowship, and for its financial support of the french LMC14 structure/platform (CEA-CNRS-IRD-IRSN-MCC) . They would also like to thank the ARIMNet2 ""MASCC"" project, the OMERE observatory and the ECOTROP laboratory, for their financial and/or human support in making this research possible, as well as Rossano Ciampalini for his contribution in describing the soils in the field.";ALAMOD;ANR-22-PEXF-0002;Shared, accurate models and open datasets;;Geoderma;;en;Oui;"Although soil carbon is a key element for soil health and climate change mitigation, our understanding of its dynamics is still incomplete. Deep soil horizons are thought to contain mostly organic carbon stabilised at centennial or even millennia time scales. The present study aimed to investigate the common paradigm of high stability of soil carbon in deep soil horizons in semiarid Mediterranean cultivated environments. It was based on a combined assessment and analysis of soil organic carbon (SOC) contents, stocks, biodegradability, and radiocarbon age of eleven soil profiles in north-eastern Tunisia, in the context of soils developed on marine sedimentary parent material with very low to moderate soil inorganic carbon (SIC) content. SOC content and stocks were found to be typical of cultivated Mediterranean soils, with low SOC content (&lt;2%), decreasing with depth and a predominant stock of SOC in subsoils (&gt;30 cm). Our results first revealed high levels of carbon biodegradability for all the soils investigated, confirming that soil carbon in the Mediterranean context can be rapidly decomposed under optimal temperature and moisture conditions. They also showed that the biodegradability of carbon increased with depth, even in profiles with very low SIC contents, indicating that the organic fraction of subsoil carbon is likely to be less stable than that of topsoil carbon. The significant increase in SOC biodegradability with depth was supported by applying a literature-based correction for the contribution of SIC-derived CO 2 to soil respiration emissions. In addition, SOC biodegradability was strongly positively correlated with its radiocarbon age, implying that SOC stability decreases with increasing mean residence time. We explained these original results by a significant presence of very old and highly biodegradable organic carbon in the subsoil organic carbon pool, probably inherited from a Quaternary paleoenvironment and preserved since then due to the favourable preservation conditions associated with the semi-arid climate. Finally, this study highlights the great vulnerability of the millennia-old organic carbon pool stored in some deep horizons of Mediterranean soils, and the necessity to protect it from reconnection with the atmosphere. More broadly, it demonstrates the need to take greater account of the active role of old organic carbon in carbon cycle studies in these specific environments.";https://hal.science/hal-04945541v1
hal-04932606;État de l'art sur les approches en apprentissage par renforcement multi-agent.;Tiziano Maisonhaute | Fabien Michel | Jean-Christophe Soulié;COMM;2025-02-13;2024-11-06;2024-11-06;Multi-agent reinforcement learning | MARL | Multi-agent systems | MAS | Reinforcement Learning | Apprentissage par renforcement multi-agent | MARL | Systèmes multi-agents | SMA | Apprentissage par renforcement;0.info | 1.info.info-ma | 0.info | 0.info | 1.info.info-ai | 0.info | 1.info.info-lg | 0.info | 1.info.info-ma;PEPR exploratoire FairCarboN, aide au financement par l'Agence Nationale de la Recherche;SLAM-B;ANR-22-PEXF-0003;Scenario labs to design and evaluate trajectories toward C neutrality;;;JFSMA 2024 - 32es Journées Francophones sur les Systèmes Multi-Agents;fr;Oui;En apprentissage par renforcement, un agent adapte son comportement afin de maximiser une récompense. Ces approches sont utilisées pour apprendre à un agent comment agir dans son environnement. D’importantes difficultés apparaissent lorsque l’on applique ces approches à plusieurs agents. Dans ce cas-là, directement transposer les approches d’apprentissage par renforcement a de grandes chances d’échouer. Ainsi, il devient intéressant d’utiliser de nouvelles approches spécifiquement adaptées aux systèmes multi-agents. Cet article présente un état de l’art sur les approches d’apprentissage par renforcement multi-agent. La synthèse proposée se focalise sur l’approche sous-jacente plutôt que sur la nature des algorithmes. Elle a pour but d’aider à identifier les meilleures solutions selon le contexte. | In reinforcement learning, an agent adapts its behavior in order to maximize a reward. These approaches are used to teach an agent how to act in its environment. Major difficulties arise when these approaches are applied to several agents. In this case, directly transposing reinforcement learning approaches is likely to fail. This is why it is interesting to use new approaches specifically adapted to multi-agent systems. This article presents a state-of-the-art review of multi-agent reinforcement learning approaches. The proposed synthesis focuses on the underlying approach rather than on the nature of the algorithms. Its aim is to help identify the best solutions in each context.;https://hal.science/hal-04932606v1
hal-04931949;Influence of snow cover and microclimate on soil organic carbon stability in European mountain grasslands;Nicolas Bonfanti | Jérôme Poulenard | Jean-Christophe Clement | Pierre Barré | François Baudin | Pavel Dan Turtureanu | Mihai Puscas | Amélie Saillard | Pablo Raguet | Bogdan-Iuliu Hurdu | Philippe Choler;ART;2025-02-06;2025;2025;Thermal regime | Snow cover duration | Elevation gradient | Freeze | Labile carbon | Rock-Eval® thermal analysis;0.sdu | 1.sdu.envi | 0.sdv | 1.sdv.ee | 2.sdv.ee.eco;;ODYSSEE | ALAMOD;ANR-13-ISV7-0004 | ANR-22-PEXF-0002;De nouvelles voies pour la modélisation des dynamiques d'assemblages d'espèces intégrant l'écologie et l'évolution: le cas des écosystèmes de montagne des Alpes et des Carpates | Shared, accurate models and open datasets;;CATENA;;en;Oui;Soil organic carbon (SOC) is crucial for ecosystem function and carbon storage, especially in mountain regions where cooler temperatures limit microbial activity, leading to higher SOC stocks compared to lowlands. However, the available data are insufficient to fully understand the distribution of SOC properties along elevation and snow cover duration gradients. Given that climate change models predict a reduction in snow cover duration, it is essential to better characterize these properties at a finer, mesotopographic scale (e.g., ridges and slopes), corresponding to the distribution of mountain plant communities. This study investigates the impact of microclimate on SOC content and stability in European mountain grasslands. We focused on two types of grasslands on acidic soils to maintain homogeneity in key parameters such as soil properties and plant communities. These grasslands, located across temperate European mountain ranges (Alps, Pyrenees, Vosges, Balkans, Carpathians, Black Forest, Bohemian Forest, and Sudetes), span a gradient of snow cover duration, ranging from frost-exposed ridges dominated by Carex curvula, to intermediate grasslands, without frost, dominated by Nardus stricta. SOC content and stability were assessed using Rock-Eval® thermal analysis across all sites. The results indicate that microclimate significantly influences SOC properties. Cooler temperatures, driven by elevation and reduced snow cover duration, were associated with increased SOC content but decreased stability. On windy ridges, extended growing seasons combined with intense winter freezing led to higher SOC lability, as freezing slows down mineralization processes. In contrast, intermediate grasslands, with longer growing seasons, showed enhanced SOC stability due to higher decomposition activity. These findings provide valuable insights into how SOC properties may evolve under climate change, particularly in relation to rising temperatures and shifting snow cover dynamics.;https://hal.science/hal-04931949v1
hal-04930400;Conceptualisation de la redistribution du carbone organique dans les modèles d’érosion événementiels en contexte méditerranéen.;Merveil Ebengo Okoto;MEM;2025-02-05;2023-09-22;2023-09-22;FairCarboN;0.sdv | 1.sdv.sa | 2.sdv.sa.sds | 0.sde;;;;;;;;fr;Oui;L'érosion hydrique des sols est une voie importante de dégradation des sols dont l'importance est de plus en plus reconnue de nos jours. Elle affecte à la fois les parcelles agricoles, par la perte des couches supérieures riches en nutriments et matière organique, et les masses d’eau de surface, par transfert et accumulation de sédiments et polluants. Les paysages méditerranéens présentent une forte susceptibilité à l’érosion hydrique du fait d’un régime hydrologique très contrasté (longues périodes de chaleur et sécheresse, précipitations concentrées pendant d’intenses événements pluvieux au printemps et en automne, importante variabilité interannuelle) et d’une occupation du sol dominée par les cultures pérennes (e.g., vignes). L’érosion hydrique contrôle également les transferts latéraux de carbone organique qui, dans certaines conditions pédoclimatiques, peuvent affecter fortement le bilan de carbone des écosystèmes. Ainsi la prise en compte des processus de transferts latéraux de carbone organique dans les modèles physiques d’érosion est cruciale. La modélisation couplée de l’érosion hydrique et du carbone fait face à un bon nombre de défis, notamment sur la prise en compte de la nature des événementielle l’érosion et les processus à long terme de la dynamique du carbone dans les modèles physiques. Ce travail, qui s’inscrit dans le projet ‘SCALE’ financé par l’EJP Soil a pour objectif de proposer une approche de modélisation de la redistribution du carbone organique dans le modèle MHYDAS_ Érosion. Deux principales approches sont explorées : l'implémentation du facteur d'enrichissement pour traduire l'enrichissement en carbone des particules mobilisées par l'érosion diffuse, et l'implémentation des fractions de matière organique basées sur des études expérimentales. L'hypothèse est faite que la fraction MAOM est préférentiellement détachée lors de l'érosion en nappe, tandis que la contribution de la POM est négligée en raison de sa taille. Enfin, la recherche aborde la matière organique dissoute (DOM) et suggère que, dans les petits bassins versants méditerranéens, son temps de transfert est court, ce qui entraîne son exportation rapide de la zone. La contribution de la POM au processus de dépôt est également ignorée dans MHYDAS_ Érosion, mettant en évidence la nécessité d'examiner ces processus pour une compréhension complète de la redistribution du carbone organique dans les contextes méditerranéens.;https://hal.inrae.fr/hal-04930400v1
hal-04920992;Dissolved Major and Trace Elements in the Largest Eurasian Arctic Rivers: Ob, Yenisey, Lena, and Kolyma;Vyacheslav V Gordeev | Oleg S Pokrovsky | Alexander V Zhulidov | Alexander S Filippov | Tatiana Y Gurtovaya | Robert M Holmes | Lyudmila S Kosmenko | James W Mcclelland | Bruce J Peterson | Suzanne E Tank;ART;2025-01-30;2024-01-17;2024-01-17;Arctic | Arctic rivers major and trace elements fluxes sources transport organic matter | Organic matter | Transport | Sources | Fluxes | Major and trace elements | Rivers | Arctic;0.sde;The interpretation of the data and preparation of the manuscript was supported by the Russian Science Foundation (grant N 19-17-00234 p). OP is grateful for partial support from the TSU Development Program “Priority-2030;PEACE | Pilotage et gouvernance du programme FairCarboN;ANR-22-PEXF-0011 | ANR-22-PEXF-0001;Permafrost Ecosystem changes across the Arctic: Carbon and nutrients cycling in terrestrial-aquatic Environments | Pilotage et gouvernance du programme FairCarboN;;Water;;en;Oui;In contrast to fairly good knowledge of dissolved carbon and major elements in great Arctic rivers, seasonally resolved concentrations of many trace elements remain poorly characterized, hindering assessment of the current status and possible future changes in the hydrochemistry of the Eurasian Arctic. To fill this gap, here we present results for a broad suite of trace elements in the largest rivers of the Russian Arctic (Ob, Yenisey, Lena, and Kolyma). For context, we also present results for major elements that are more routinely measured in these rivers. Water samples for this study were collected during an international campaign called PARTNERS from 2004 through 2006. A comparison of element concentrations obtained for Arctic rivers in this study with average concentrations in the world’s rivers shows that most elements in the Arctic rivers are similar to or significantly lower than the world average. The mineral content of the three greatest rivers (Ob, Yenisey, and Lena) varies within a narrow range (from 107 mg/L for Yenisey to 123 mg/L for Ob). The Kolyma’s mineral content is significantly lower (52.4 mg/L). Fluxes of all major and trace elements were calculated using average concentrations and average water discharge for the 2004–2006 period. Based on these flux estimates, specific export (i.e., t/km2/y) for most of the elements was greatest for the Lena, followed by the Yenisey, Ob, and Kolyma in decreasing order. Element pairwise correlation analysis identified several distinct groups of elements depending on their sources and relative mobility in the river water. There was a negative correlation between Fe and DOC concentration in the Ob River, which could be linked to different sources of these components in this river. The annual yields of major and trace elements calculated for each river were generally consistent with values assessed for other mid-size and small rivers of the Eurasian subarctic.;https://ut3-toulouseinp.hal.science/hal-04920992v1
hal-04908427;Spatially remotely sensed evapotranspiration estimates in Sahel regions using an ensemble contextual model : structural uncertainty estimation and reduction;Nesrine Farhani | Jordi Etchanchu | Alain Dezetter | Pape Biteye Thiam | Aubin Allies | Ansoumana Bodian | Gilles Boulet | Nanee Chahinian | Lamine Diop | Ibrahim Mainassara | Pape Malick Ndiaye | Chloé Ollivier | Albert Olioso | Olivier Roupsard | Jérôme Demarty;COMM;2025-01-23;2024-04-14;2024-04-16;;0.sde | 1.sde.mcg | 0.sde | 1.sde.ie;;RIFT;ANR-22-PEXF-0004;Support to experimental infrastrucure (flux towers);CNES | TOSCA;;EGU General Assembly 2024;en;Oui;"The Sahel region, identified as a ""hot spot"" for climate change, is characterized by a water scarcity and an inter-annual variability of water resources. Indeed, ongoing climate changes intensify the evaporative demand which could lead to more frequent period of droughts. Therefore, an important issue in these countries is to provide accurate estimation of evapotranspiration (ET) in a spatially distributed manner. The growing number of spatial ET products, including simple empirical equations (e.g., Penman-Monteith), land surface models (LSM), energy balance models, interpolated in-situ measurements, neural network approaches, or data fusion, form an interesting alternative in these areas scarcely gauged. However, until recently, there is no product combining simultaneously good spatiotemporal resolution ...";https://hal.science/hal-04908427v1
hal-04908134;Macro- and micronutrient release from ash and litter in permafrost-affected forest;Daria Kuzmina | Sergey V Loiko | Artem G Lim | Georgy I Istigechev | Sergey P Kulizhsky | Frederic Julien | Jean-Luc Rols | Oleg S Pokrovsky;ART;2025-01-23;2024-07;2024-07;Permafrost | Peatland | Wildfire | Carbon | Nutrient | Metal;0.sde;The study was funded by the RSF grant No 23-17-00281, and the TSU Development Program “Priority-2030”. OP is grateful for partial support from PEPR “PEACE” (ANR-22- PEXF-0011). Chris Benker is thanked for English editing.;PEACE | Pilotage et gouvernance du programme FairCarboN;ANR-22-PEXF-0011 | ANR-22-PEXF-0001;Permafrost Ecosystem changes across the Arctic: Carbon and nutrients cycling in terrestrial-aquatic Environments | Pilotage et gouvernance du programme FairCarboN;;Geoderma;;en;Oui;"The impact of wildfire on terrestrial and aquatic ecosystems in permafrost-affected regions is a major and still poorly understood consequence of climate warming in high latitudes. Towards better characterization of processes controlling post-fire nutrient migration and to establish the relationship between forest litter and aquatic systems during a fire event, we studied organic and inorganic solute leaching from ash that was produced via burning organic litter (topsoil) collected in permafrost-affected forest in western Siberia. Litter samples were burned at 300, 450 and 600 °C and dissolved organic carbon (DOC), major elements (Ca, Mg, Cl, SO4, Na, N, P, K, Si), carboxylic organic acids, and ∼ 40 trace elements were analyzed in leachates (&lt;0.45 µm and &lt; 3 kDa) produced from ash reacting with water. The ashing temperature was one of the major factor controlling solute release to the aqueous solution, notably via its impact on leachate acidity and DOC concentration. The concentrations of DOC, organic (carboxylic acids) and inorganic nutrients, cationic metal micronutrients, and low-mobility geochemical tracers decreased with an increasing of ashing temperature. In contrast, labile anionic-group elements and alkaline metals were preferentially released at high ashing temperature. We also performed batch leaching of fresh (unburned) litter samples under identical experimental conditions. Results demonstrated that ash obtained from burning soil litter samples is less reactive than fresh litter. In particular, the majority of inorganic nutrients and carboxylic acids exhibited a factor of 3 to 10 higher mass-normalized yield to aqueous solution from fresh litter compared to that from ash. It follows that the fire severity is one of the main factors controlling organic and inorganic nutrient release from ash to soil and surface water. Results of the present study may help to foresee possible consequences of wildfire regime changes in permafrost regions on biogeochemical cycles of organic and inorganic macro- and micronutrients between the forest/tundra biomes and adjacent aquatic ecosystems.";https://ut3-toulouseinp.hal.science/hal-04908134v1
hal-04889330;MAELIA: a multi-agent platform for integrated modelling and evaluation of agricultural and bioeconomy systems;Manon Dardonville | Jean Villerd | Olivier Thérond;COMM;2025-01-15;2024-11-13;2025-01-15;Territory | Bioeconomy | Agroecology | Integrated and assessment modeling;0.info | 0.info | 1.info.info-ai | 0.info | 1.info.info-ma;;;;;;;GAMA Days 2024;en;Oui;Integrated assessment and modelling (IAM) approaches are now recognized as a way of supporting stakeholders in the design of sustainable socio-ecological systems. MAELIA is a multi-agent platform for IAM of agricultural and bioeconomy systems at territory level. It has been developed by INRAE for 14 years, and in collaboration with CIRAD for 7 years. MAELIA simulates, on a daily time step, the interactions between biomass production, transformation and recycling activities, ecological processes linked to biogeochemical cycles (water, N and C), crop growth and socio-economic performance, taking into account climate and agricultural price variability. Crop management strategies involving vegetal cover management (annual and perennial crops and cover crop), mineral and organic fertilization (e.g., organic inputs), irrigation and crop residue management are explicitly represented. Developments carried out have enabled MAELIA to incorporate an explicit representation of the structure and dynamics of organic waste chains, as well as a dynamic version of the SYS-METHA model of biogas plants that simulates the production of energy, digestate (quantity and quality) and associated N2O and NH3 emissions. MAELIA enables the evaluation of a wide range of performances over a multi-year period, from plot level to territorial scale, via socio- economic indicators (semi-net margin, working time, production, etc.), agro-environmental indicators (yield, nitrate leaching, ammonia emissions, TFI, GHG emissions, etc.) and ecosystem services (nitrogen supply, water quality regulation, C storage, soil quality, etc.). These indicators can be analyzed dynamically to assess the resilience/vulnerability of associated performances to climate (past or future) and/or price variabilities. MAELIA is modular and, by activating various models and modeling options, can be used to define a modeling solution tailored to the issues to be addressed in a given territory. MAELIA has been applied in a variety of French territories to address issues relating to water management, crop-livestock systems, organic wastes management and the development of agro-ecological systems. The FairCarboN PEPR project SLAM-B (C6.5m, 2023-2028) aims to expand MAELIA’s functionalities to make it an operational and generic tool for evaluating scenarios for low- carbon strategies and territorial bioeconomy. MAELIA will be applied in 7 contrasted living- labs and will integrate models of biorefineries, livestock farming, forest growth and management, urban metabolism and socio-economic performance indicators of biomass value-chains... This project will also enable the development of a MAELIA for the whole of France, to provide decision-makers with a tool for planning agriculture and the bioeconomy on this scale. SLAM-B therefore aims to significantly increase MAELIA’s genericity with regard to territorial bioeconomy issues, positioning this platform as a key tool in this field, in France and internationally.;https://hal.science/hal-04889330v1
hal-04875082;Anthropic dark soils horizons in western Siberian taiga: origin, soil chemistry and sustainability of organic matter;Daria Derbilova | Priscia Oliva | David Sebag | Sergei Loiko | Asap Idimeshev | Eugeniy Barsukov | Liudmila Shirokova | Jean-Jacques Braun | Oleg Pokrovsky;ART;2025-01-08;2024-12;2024-12;;0.sdu | 1.sdu.stu;The work was funded by Belmont Forum Project N° ANR-21-SOIL-0005-01, and by TSU Development Program “Priority-2030”. L. Shirokova and O. Pokrovsky were supported by project PEACE of PEPR FairCarboN ANR-22-PEXF-0011. S. Loiko was supported by the RSF grant No 23-17-00281.;VULCAR-FATE | PEACE | Pilotage et gouvernance du programme FairCarboN;ANR-21-SOIL-0005 | ANR-22-PEXF-0011 | ANR-22-PEXF-0001;Global change impact on vulnerable carbon reservoirs: carbon sequestration and emissions in soils and waters From the Arctic To the Equator | Permafrost Ecosystem changes across the Arctic: Carbon and nutrients cycling in terrestrial-aquatic Environments | Pilotage et gouvernance du programme FairCarboN;;Geoderma;;en;Oui;"The impact of human activity on soil carbon stock and soil fertility is at the forefront of scientific research. In the past, human practices improved soil fertility and increased carbon storage over long periods of time. Studying the resulting anthrosols provides access to their evolution over time scales that are unavailable otherwise. These archeological Anthrosols have been extensively investigated in Amazonia and Europe, but are virtually unknown in Siberia. Here we examined four soil profiles from two archeological sites in western Siberia, along with two corresponding control profiles. The first site, Ketskii Ostrog, is an ancient 18th century fortress occupied by an agricultural population. The second site, Shaitan III, is a historical settlement of metallurgists and horse-breeders active from the 10th through the 17th century. We aimed to understand whether human activity at these two sites modified soil carbon and chemical fertility, and to compare these soils with other studied global anthrosols. We revealed a contrasting impact of human activity for these two sites. At Ketskii Ostrog, ancient agricultural practices improved soil chemical fertility, with the effects persisting until present day. Human activities exhibited a beneficial influence on deep horizons through improvements in their cation exchange capacity, pH and nutrient (P and Ca) concentrations. The Ketskii Ostrog soils were similar to plaggic soils documented in Northern Europe, which are characterized by the addition of fresh organic matter (OM) in the form of manure which was purposefully added to improve soil fertility. At Shaitan III, chemical fertility has also been improved, but to a lesser extent. In contrast to Ketskii Ostrog, Shaitan III soils are rich in charred organic matter and strongly resemble Amazonian Dark Earths with their physico-chemical properties. The Shaitan III soils also have a different origin, as the result of unintentional human impact. Anthropisation has increased carbon stocks in the soil at both sites; however, Shaitan III soils prove to be a more effective carbon sink than at Ketskii Ostrog. This two-fold dichotomy (intentional/unintentional vs. fresh OM/charred OM) is not limited by geographical borders (Amazonia, Europe, or Siberia) and soil typology as currently proposed in the WRB. This highlights the need for concerted studies on anthropised archaeological soils in regard to their importance for both soil fertility and carbon storage.";https://ifp.hal.science/hal-04875082v1
hal-04837246;Gestion des biodéchets dans les foyers Guadeloupéens : une enquête exploratoire;Suzon Garnier | Emma Kernevez | Jean-Marc Blazy | François Causeret | Carla Barlagne;UNDEFINED;2025-01-07;2024;2024;FairCarboN | Best-School | Métaprogramme BETTER;0.sde;;;;;;;;fr;Oui;;https://hal.science/hal-04837246v1
hal-04869454;Multiscale analysis of existing actual evapotranspiration products over agropastoral Sahel;Jordi Etchanchu | Jérôme Demarty | Alain Dezetter | Nesrine Farhani | Pape Biteye Thiam | Aubin Allies | Ansoumana Bodian | Gilles Boulet | Nanée Chahinian | Lamine Diop | Ibrahim Mainassara | Pape Malick Ndiaye | Chloé Ollivier | Albert Olioso | Olivier Roupsard;ART;2025-01-07;2025-04;2025-04;Evapotranspiration | West Africa | Remote sensing | Land surface models | Intercomparison;0.sde;;RIFT | Pilotage et gouvernance du programme FairCarboN;ANR-22-PEXF-0004 | ANR-22-PEXF-0001;Support to experimental infrastrucure (flux towers) | Pilotage et gouvernance du programme FairCarboN;;Journal of Hydrology;;en;Oui;Understanding the spatiotemporal variability of actual evapotranspiration (ET) is a critical issue for better water resources management from plot to basin scale. It is particularly true in the Sahelian region which is very vulnerable in terms of water and agricultural resources, but also very scarcely monitored. This study aims to improve understanding of ET in Sahelian agrosystems by comparing twenty ET products and collections on two areas in Central Senegal and South-Western Niger: Breathing Earth System Simulation (BESS), Derive Optimal Linear Combination Evapotranspiration (DOLCE) v2.1 and v3.0, ERA5 and ERA5-Land, FLUXCOM-RS, Global Land Data Assimilation System (GLDAS) on Noah and Catchment Land Surface Model (CLSM), Global Land Evaporation: the Amsterdam Methodology (GLEAM) v3.5a, v3.5b, v3.6a and v3.6b, Modern-Era Retrospective analysis for Research and Applications v2 (MERRA-2), MODIS Global Evapotranspiration products (MOD16/MYD16), Penman-Monteith Leuning version 2 (PML_V2) v0.1 and v0.1.7, Reliability Ensemble Averaging (REA), Simplified Surface Energy Balance for operational applications (SSEBop) and Water Productivity through Open access of Remotely sensed derived data (WaPOR). In order to assess the abilities and drawbacks of each product, a multi-scale analysis is first performed at local scale with different temporal aggregation levels (daily, decadal, monthly). The best performing products, like GLEAM, MERRA-2 or GLDAS-Noah, have low spatial resolution (≥0.25°), but shows really good agreement with ET measurements (RMSE ∼ 0.5 mm.d-1, R2 ≥ 0.8). A multi-scale spatial analysis with different spatial aggregation levels (1, 10 and 25 km) is then performed on interannual composite maps of annual and seasonal ET. Results highlight the different spatiotemporal behaviour of all the products. Products such as ERA5-Land and PML_V2 0.1.7 stand out in this comparison as their higher resolution allows them to describe the spatial patterns of ET realistically and more precisely while having relatively good performances at local scale (RMSE ∼ 0.6 mm.d-1, R2 ≥ 0.7). Overall, the comparison highlights the need to consider soil moisture to accurately estimate ET in the Sahelian region, as the products considering it generally show better performances. It also points out the lack of a high quality and resolution ET product over the Sahel. Future satellite missions, as well as data fusion techniques, could help to fill up this gap and propose a reference product on Sahelian ecosystems.;https://cnrs.hal.science/hal-04869454v1
hal-04866368;Ammonoid and nannoplankton abundance in Valanginian (early Cretaceous) limestone–marl successions from the southeast France Basin: carbonate dilution or productivity?;Stéphane Reboulet | Emanuela Mattioli | Bernard Pittet | François Baudin | Davide Olivero | Olivier Proux;ART;2025-01-06;2003-12-01;2003-12-01;Valanginian  ammonoids  calcareous nannofossils  quantification of assemblages carbonate production  trophic conditions;0.sdu;;Pilotage et gouvernance du programme FairCarboN;ANR-22-PEXF-0001;Pilotage et gouvernance du programme FairCarboN;;Palaeogeography, Palaeoclimatology, Palaeoecology;;en;Non;A quantification of calcareous nannofossil and ammonoid absolute abundance was carried out in the Valanginian limestone–marl alternations of the Vergol section (Drôme) located in the epicontinental Vocontian Basin (southeast France). This section is characterised by four centimetric organic carbon-rich layers (Barrande layers, B1–B4). The aim of this work is to reconstruct changes in the distribution of nutrients in the water column on the base of the analysis of fossil organisms at different levels of the food chain. Calcareous nannofossil abundance correlates negatively with carbonate content. Thus, calcareous nannoplankton probably did not produce the bulk of carbonates in the Valanginian of the studied section. Nannofossil abundance was more likely controlled by carbonate mud produced and exported from shallow platform environments to the basin. Variations of carbonate export, controlled by climate and hydrodynamics, are responsible for the limestone–marl alternations. The levels of highest abundance of nannoplankton are interpreted as mainly linked to a reduced accumulation rate and, to a minor extent, to variations in primary production. A dilution by allochthonous carbonate mud is further evidenced by the relationship between Total Organic Carbon (TOC) and calcium carbonate (CaCO3). TOC content decreases with increasing CaCO3 content, except for one of the organic carbon-rich layers (B4). Both taphonomy and dilution factors may have partly controlled the variations in macrofauna abundance. These can be more likely interpreted as a response to palaeoenvironmental changes of the various taxa with different palaeoecological affinities. The high abundance and dominance of bochianitids (orthocone ammonoids) in the layer B4 can be explained by their opportunistic behaviour and their deep-nektonic, possibly nektobenthic, mode of life. Their great capacity for vertical mobility may have permitted brief feeding incursions to the bottom waters when the trophic resources were higher in depth than in the surface waters. High trophic levels at the sea bottom may have also benefited the bivalves and gastropods which are very abundant in layer B4. The mode of life of different ammonoid families is also discussed.;https://hal.science/hal-04866368v1
hal-04851827;Le carbone organique additionnel stocké grâce à des pratiques agroécologiques est-il stable à l'échelle de la décennie ?;Tchodjowiè Panaewazou Israël Kpemoua | Pierre Barré | Sabine Houot | François Baudin | Cédric Plessis | Claire Chenu;POSTER;2024-12-20;2023-06-26;2023-06-26;;0.sdv | 1.sdv.sa | 2.sdv.sa.agro | 0.sde | 1.sde.mcg | 0.sdv | 1.sdv.sa | 2.sdv.sa.sds;;Pilotage et gouvernance du programme FairCarboN;ANR-22-PEXF-0001;Pilotage et gouvernance du programme FairCarboN;;;"16èmes Journées d'Etude des Sols ""Les sols et les systèmes alimentaires";fr;Non;;https://hal.inrae.fr/hal-04851827v1
hal-04849960;Les sols associés aux infrastructures du paysage. Exemple des ravines en Tunisie;Guillaume Coulouma | Damien Raclot | Azaiez Hajer | Hakim Gabtni | Radhouane Hamdi;COMM;2024-12-19;2023-06-26;2023-06-26;FairCarboN;0.sde;;;;;;;16. Journées d'Etude des Sols (JES 2023);fr;Non;;https://hal.inrae.fr/hal-04849960v1
hal-04849852;Organic carbon stocks and exports in a Mediterranean cultivated catchment;Wissal Khairallah | Damien Raclot | Haithem Bahri | Radhouane Hamdi;COMM;2024-12-19;2023-03-18;2023-03-18;FairCarboN;0.sde;;;;;;;AGIC 2023, Geoscience innovation for resource management;en;Non;;https://hal.inrae.fr/hal-04849852v1
hal-04837259;Future permafrost degradation under climate change in a headwater catchment of central Siberia: quantitative assessment with a mechanistic modelling approach;Thibault Xavier | Laurent Orgogozo | Anatoly S Prokushkin | Esteban Alonso-González | Simon Gascoin | Oleg S Pokrovsky;ART;2024-12-13;2024-12-13;2024-12-13;Permafrost | Climate change | Active layer | Numerical simulation | High performance computing | Porous media | Heat transfer | Unsaturated flow;0.sde | 1.sde.mcg | 0.info | 1.info.info-dc | 0.phys | 1.phys.meca | 2.phys.meca.mefl | 0.phys | 1.phys.meca | 2.phys.meca.ther | 0.sdu | 1.sdu.envi | 0.sdu | 1.sdu.stu | 2.sdu.stu.gl | 0.sdu | 1.sdu.stu | 2.sdu.stu.hy;ANR HiPerBorea;MesoNET | PEACE | MesoNET | PEACE | HiPerBorea | Pilotage et gouvernance du programme FairCarboN;ANR-21-ESRE-0051 | ANR-22-PEXF-0011 | ANR-21-ESRE-0051 | ANR-22-PEXF-0011 | ANR-19-CE46-0003 | ANR-22-PEXF-0001;Mesocentre Network | Permafrost Ecosystem changes across the Arctic: Carbon and nutrients cycling in terrestrial-aquatic Environments | Mesocentre Network | Permafrost Ecosystem changes across the Arctic: Carbon and nutrients cycling in terrestrial-aquatic Environments | Calcul haute performance pour la quantification des impacts du changement climatique sur les régions boréales | Pilotage et gouvernance du programme FairCarboN;;The Cryosphere;;en;Oui;Permafrost thawing as a result of climate change has major consequences locally and globally, both for the biosphere and for human activities. The quantification of its extent and dynamics under different climate scenarios is needed to design local adaptation and mitigation measures and to better understand permafrost climate feedbacks. To this end, numerical simulation can be used to explore the response of soil thermal and hydrological regimes to changes in climatic conditions. Mechanistic approaches minimise modelling assumptions by relying on the numerical resolution of continuum mechanics equations, but they involve significant computational effort. In this work, the permaFoam solver is used, along with high-performance computing resources, to assess the impact of four climate scenarios of the Coupled Model Intercomparison Project Phase 6 (CMIP6) on permafrost dynamics within a pristine, forest-dominated watershed in the continuous-permafrost zone. Using these century-timescale simulations, changes in the soil temperature, soil moisture, active layer thickness, and water fluxes are quantified, assuming no change in the vegetation cover. The most severe scenario (SSP5-8.5) suggests a dramatic increase in both the active layer thickness and annual evapotranspiration, with the maximum values on the watershed increasing by, respectively, +65 % and +35 % by 2100 compared to current conditions. For the active layer thickness, a variable that integrates both the thermal and hydrological states of the near-surface permafrost, this projected increase would correspond to a ∼350 km southward shift in current climatic conditions. Moreover, in this scenario, the thermal equilibrium of near-surface permafrost with the new climatic conditions would not be reached in 2100, suggesting a further thawing of permafrost even in the case in which climate change is halted.;https://hal.science/hal-04837259v1
hal-04837232;Les biomasses résiduelles du territoire Diagnostic de la situation actuelle en Guadeloupe;Suzon Garnier | Emma Kernevez | Carla Barlagne | François Causeret | Jean-Marc Blazy;UNDEFINED;2024-12-13;2024;2024;FairCarboN  Best-School  Métaprogramme BETTER;0.sde;;;;;;;;fr;Oui;;https://hal.science/hal-04837232v1
hal-04796665;Initializing the stable pool of soil carbon models using Rock-Eval thermal analysis to improve their accuracy;Pierre Barré | Lauric Cecillon | François Baudin | Hugues Clivot | Fabien Ferchaud | Eva Kanari | Bruno Mary | Laure Soucémarianadin | Claire Chenu;POSTER;2024-12-11;2019-06-17;2019-06-17;;0.sdv | 1.sdv.sa | 2.sdv.sa.sds;;Pilotage et gouvernance du programme FairCarboN;ANR-22-PEXF-0001;Pilotage et gouvernance du programme FairCarboN;;;Food security and climate change: 4 per 1000 initiative new tangible global challenges for the soil;en;Oui;The lack of a reliable method to initialize the size of the different SOC kinetic pools is recognized as a clear limitation for the accuracy of SOC stocks evolution predictions provided by these models. There were a few attempts to use results derived from soil fractionation schemes to initialize the size of the stable pool of models but the proposed methods were not validated and are time consuming. Using an exceptional soil sample set from long-term bare fallow experiments in Europe, we showed that a machine learning algorithm based on Rock-Eval 6 thermal analysis data can accurately predict the proportion of the centennially persistent SOC pool in a soil sample for a wide range of temperate soils (Cécillon et al., 2018). We hypothesized that this quick and cheap method could significantly improve SOC dynamics models initialization. We tested this hypothesis on a soil sample set from French long-term agronomic experiments (AIAL). Our results showed that our Rock-Eval-based method is suitable to initialize the AMG model in French cropped soils and that it improves the accuracy of AMG simulations.;https://hal.inrae.fr/hal-04796665v1
hal-04824257;Impact de l’érosion hydrique sur la biodégradabilité du carbone organique dans un petit bassin versant rural tunisien;Wissal Khairallah | Haithem Bahri | Damien Raclot | Mohamed Annabi;POSTER;2024-12-06;2023-06-26;2023-06-26;FairCarboN;0.sde;;;;;;;16. Journées d'Etude des Sols (JES 2023);fr;Non;;https://hal.inrae.fr/hal-04824257v1
hal-04824248;Quantification of organic carbon lateral exports in a mediterranean cultivated catchment;Wissal Khairallah | Damien Raclot | Haithem Bahri | Radhouane Hamdi | Mohamed Annabi;POSTER;2024-12-06;2023-10-10;2023-10-10;FairCarboN;0.sde;;;;;;;INRGREF International Scientific Days 2023, Sustainable Management of Ecosystems For An Agroecological Transition And Food Security;en;Non;;https://hal.inrae.fr/hal-04824248v1
hal-04824072;Workflow for analyzing long-term variations in carbon stocks and fluxes (DEEP-C -WP2);Olivia Desgué-Itier | Laurent Millet | Fabien Arnaud | Julien Azuara | Manon Boulay | Mathieu Dellinger | Isabelle Domaizon | Valentin Essert | David Etienne | Justine Frison | Jérôme Gaillardet | Charline Guiguet-Covex | Erwan Messager | Jérôme Poulenard | Pierre Sabatier | Anaëlle Simonneau | Jean-Philippe Jenny;POSTER;2024-12-06;2024-11-25;2024-11-25;Sequestration | Geochemical analyses | Sediment core | Data management | Carbon;0.sde;;Pilotage et gouvernance du programme FairCarboN;ANR-22-PEXF-0001;Pilotage et gouvernance du programme FairCarboN;;;Journées annuelles FairCarboN;en;Oui;;https://hal.science/hal-04824072v1
hal-04823099;Impact of water erosion on the fate of soil organic carbon in a mediterranean cultivated catchment;Wissal Khairallah | Haithem Bahri | Radhouane Hamdi | Mohamed Annabi | Damien Raclot;POSTER;2024-12-06;2024-05-19;2024-05-19;Soil water erosion | Soil organic carbon | Carbon fate | Cultivated catchment | Mediterranean context | FairCarboN;0.sde;;;;;;;Centennial Celebration and Congress of the International Union of Soil Sciences (IUSS 2024);en;Oui;Soil erosion processes have a major impact on the fate of soil organic carbon (SOC) and on CO2 emissions to the atmosphere. There is intense debate in the scientific community on the overall impact of erosion on soil carbon storage, as two antagonistic mechanisms are implicated: i) the mobilization and lateral transport of organic carbon, potentially responsible for organic carbon destocking, and ii) the burial of organic carbon in deposition zones, potentially responsible for organic carbon storage. This work aimed to analyze the impact of water erosion processes on the redistribution and evolution of organic carbon biodegradability in a cultivated catchment in a Mediterranean context (Kamech, Cap Bon-OMERE, 2.63 km2). In this work, we report and discuss the SOC content and biodegradability measured on i) horizons from 11 soil profiles and additional topsoil samples to represent the diversity of soil types present in the catchment, ii) suspended sediments sampled during sixteen floods at three points in the hydrographic network, according to nesting of scales, iii) several cores taken from sediments trapped in the hillslope reservoir located at the catchment outlet. The results highlighted the low impact of water erosion processes on organic carbon levels, both a low enrichment rate during the selectivity process and negligible transport-induced degradation due to the short distances and transfer times between sources and outlet. The analysis of SOC biodegradability along the source-transport-deposit continuum showed a significant increase of SOC biodegradability in sediments trapped in the reservoir, which could be explained by the production of highly biodegradable lacustrine organic carbon.;https://hal.inrae.fr/hal-04823099v1
hal-04823066;Unstable geogenic carbon controls mediterranean cropland soils organic carbon stocks and dynamics;Wissal Khairallah | Damien Raclot | Mohamed Annabi | Guillaume Coulouma | Bertrand Guenet | Cornélia Rumpel | Haithem Bahri;COMM;2024-12-06;2024-05-19;2024;Geogenic carbon | FairCarboN | Mediterranean soils | Radiocarbon age | Carbon biodegradability | Soil organic carbon SOC;0.sde;;;;;;;Centennial Celebration and Congress of the International Union of Soil Sciences (IUSS 2024);en;Oui;Although soil organic carbon (SOC) is a key element for soil health and climate change mitigation, our understanding of its dynamics is still incomplete. In general, it is thought that the vast majority of SOC in deep soils comes from roots and plant litter and that it is very stable because it is preserved in the mineral phase. The present study aimed to investigate the common paradigm of high stability of SOC in deep soil horizons in semiarid Mediterranean cultivated environments. Here we show that, contrary to expectations, SOC biodegradability increased with depth, indicating that subsoil SOC is potentially less stable than topsoil SOC. We further observed that SOC biodegradability was strongly positively correlated with its radiocarbon age, implying that SOC stability decreases with increasing mean residence time. We explained these original counterintuitive results by a significant contribution of geogenic organic carbon, which proved to be both very old and highly biodegradable, in a context of very low inputs of organic carbon via net primary productivity and amendment restitution. This study highlights the great vulnerability of the millennia-old organic carbon pool stored in deep Mediterranean soils and, more broadly, the key role of geogenic organic carbon in carbon cycle studies.;https://hal.inrae.fr/hal-04823066v1
hal-04818390;Gross rates of protein depolymerization and microbial amino acid uptake in soil;Charlotte Stutzmann | Guillaume Humbert | Loïc Louis | Nicolas Angeli | Gwenaëlle Lashermes;POSTER;2024-12-04;2024-11-25;2024-11-25;FairCarboN | CANETE | Protein | Soil | Depolymerisation;0.sdv | 1.sdv.bbm | 2.sdv.bbm.bc | 0.sdv | 1.sdv.sa | 2.sdv.sa.sds;;CANETE;ANR-22-PEXF-0008;Soil microbial Carbon And Nutrient use Efficiency under managed Terrestrial Ecosystems;;;FairCarboN annual days;en;Oui;;https://hal.science/hal-04818390v1
hal-04790921;European croplands under climate change: Carbon input changes required to increase projected soil organic carbon stocks;Elisa Bruni | Emanuele Lugato | Claire Chenu | Bertrand Guenet;ART;2024-12-04;2024-12;2024-12;Soil organic carbon | Cropland | Carbon sequestration | European targets | Multi-modeling | Statistical parametrization | Climate change | 4 per 1000 initiative;0.sde | 0.sdv | 1.sdv.sa | 2.sdv.sa.sds;;CLAND | ALAMOD;ANR-16-CONV-0003 | ANR-22-PEXF-0002;CLAND : Changement climatique et usage des terres | Shared, accurate models and open datasets;HoliSoils;Science of the Total Environment;;en;Oui;Increasing soil organic carbon (SOC) stocks in agricultural systems is a pivotal strategy for promoting soil health and mitigating climate change. Global initiatives have set ambitious targets, aspiring to achieve an annual SOC stock increase of 4 ‰. In the European Union, the recently approved Nature Restoration Law aims to increase SOC stock trends in the top 30 cm of cropland mineral soils. However, current monitoring and reporting practices in some countries rely on simplistic SOC models with default parameters, which may not provide reliable predictions. In this paper, we study the feasibility of a 4 ‰ target in European croplands (i.e., an aspirational target proposed by The international “4 per 1000” Initiative), through estimations of required C input changes. To ensure robust predictions, we propose a novel calibration approach that links model parameters to pedo-climatic variables via statistical relationships from 16 long-term experiments. The effectiveness of the method is evaluated for three SOC models across 4281 sites from the European LUCAS soil survey. Our findings demonstrate that the statistical calibration of the multi-model ensemble improves the accuracy of 2015 and 2018 SOC stock predictions, compared to default parameterization. This improvement was however mainly due to the substantial enhancement of one of the models. According to the weighted multi-model mean, median C input changes to reach a 4 ‰ target for Northern, Central, and Southern Europe stand at 1.85, 1.20, and 0.13 Mg C ha−1 yr−1 under RCP 2.6, and 2.21, 1.26, and −0.10 Mg C ha−1 yr−1 under RCP 6.0, respectively. To achieve the aspirational 4 ‰ target, estimated C input change requirements exceed the predicted changes in net primary productivity under RCP 2.6 and RCP 6.0. This emphasizes the importance of strategic land-use and land-management interventions to enhance SOC stocks.;https://ens.hal.science/hal-04790921v1
hal-04816731;Modélisation événementielle et distribuée de l'érosion hydrique des sols et des transferts de carbone en région méditerranéenne avec Mhydas_Erosion;Merveil Ebengo | Julien Fouché | Damien Raclot;POSTER;2024-12-03;2023-06-26;2023-06-26;Modélisation | Erosion hydrique | Sol | Mediterrannée | FairCarboN;0.sdu | 1.sdu.stu | 2.sdu.stu.hy;;;;;;;16. Journées d'Etude des Sols (JES 2023);fr;Oui;;https://institut-agro-montpellier.hal.science/hal-04816731v1
hal-04816605;Réduction d'usage des phytosanitaires et émissions de gaz à effet de serre en systèmes de grande culture du Nord de la France (System-Eco+) | Reducing phytosanitary use and greenhouse gas emissions in large scale cropping systems from northern France (System-Eco+ project);Célestin Valentin | Paul Belleville | Sébastien Darras | Fabien Ferchaud | Joël Leonard | Laure Mamy | Jérôme Pernel | Guillaume Vitte;ART;2024-12-03;2024-12-01;2024-12-01;Fertilization | FairCarboN | Weeds | Pesticides | Gaz à effect de serre | Greenhouse Gases | Carbon storage | Nitrous Oxide | Adventices | Pesticides | Fertilisation | Protoxyde d'azote | Carbone;0.sde;L’infrastructure de recherche ACBB bénéficie d’une aide de l’Etat gérée par l’Agence Nationale de laRecherche au titre du programme « Investissements d’avenir » portant la référence ANR-11-INBS-0001AnaEE France.;ANAEE-FR | CrosyeN;ANR-11-INBS-0001 | ANR-22-PEXF-0005;ANAEE-Services | Support to experimental infrastructure (field trial network);;Innovations Agronomiques;;fr;Oui;En contexte de grandes cultures céréalières et industrielles du nord de la France, 7 systèmes de culture mis en place sur la station agronomique d'Estrées-Mons (80) ont été suivis de 2018 à 2024 afin d'évaluer un gradient de réduction de la protection phytosanitaire via le recours à des leviers agronomiques compensateurs. L'expérimentation mise en place propose une approche transversale combinant la réduction de l'usage des produits phytosanitaires et l'amélioration du bilan des gaz à effet de serre (GES), notamment par la réduction de la fertilisation azotée. Les systèmes de culture conçus pour réduire l'usage des pesticides ont permis de réduire l'indicateur de fréquence de traitement (IFT) de 70 à 100% sans nuire de façon significative aux rendements tout en assurant la maîtrise des adventices. Une réduction des résidus de fongicides et herbicides dans les sols a aussi été mesurée. Les leviers mobilisés pour réduire l'usage des produits phytosanitaires ont un effet neutre sur les émissions de GES, voire favorable lorsque des légumineuses ayant pour objectifs la couverture du sol et l'équilibrage du bilan azoté sont introduites dans la succession. | Crop protection and nitrogen fertilizers uses are the mainstays of large-scale cereal and industrial cropping systems in northern France. Biological and climatic effects call to design and evaluate cropping systems that cut the use of plant protection products by implementing counterbalancing agronomic levers aiming to maintain yields. An experimental set-up composed of 7 cropping systems located at the EstréesMons agronomic station (France) was monitored from 2018 to 2024. The experiment combined decrease in the use of plant protection products while improving the greenhouse gas (GHG) balance by reducing synthetic fertilization. The introduction of cropping systems designed to reduce the use of pesticides made it possible to achieve treatment frequency index (IFT) reductions of 70 to 100% without significantly affecting yields and while ensuring weed control. This also resulted in a significant reduction in fungicide and herbicide residues in the soil. The levers used to reduce the use of plant protection products have a neutral effect on greenhouse gas emissions, or even a favourable effect when leguminous crops are introduced into the succession to provide soil cover and balance the nitrogen balance.;https://hal.inrae.fr/hal-04816605v1
hal-04790897;Modelling boreal forest's mineral soil and peat C dynamics with the Yasso07 model coupled with the Ricker moisture modifier;Boris Ťupek | Aleksi Lehtonen | Alla Yurova | Rose Abramoff | Bertrand Guenet | Elisa Bruni | Samuli Launiainen | Mikko Peltoniemi | Shoji Hashimoto | Xianglin Tian | Juha Heikkinen | Kari Minkkinen | Raisa Mäkipää;ART;2024-11-30;2024-07-11;2024-07-11;;0.sde;;ALAMOD;ANR-22-PEXF-0002;Shared, accurate models and open datasets;;Geoscientific Model Development;;en;Oui;Abstract. As soil microbial respiration is the major component of land CO2 emissions, differences in the functional dependence of respiration on soil moisture among Earth system models (ESMs) contributes significantly to the uncertainties in their projections. Using soil organic C (SOC) stocks and CO2 data from a boreal forest–mire ecotone in Finland and Bayesian data assimilation, we revised the original precipitation-based monotonic saturation dependency of the Yasso07 soil carbon model using the non-monotonic Ricker function based on soil volumetric water content. We fit the revised functional dependency of moisture to the observed microbial respiration and SOC stocks and compared its performance against the original Yasso07 model and the version used in the JSBACH land surface model with a reduction constant for decomposition rates in wetlands. The Yasso07 soil C model coupled with the calibrated unimodal Ricker moisture function with an optimum in well-drained soils accurately reconstructed observed SOC stocks and soil CO2 emissions and clearly outperformed previous model versions on paludified organo-mineral soils in forested peatlands and water-saturated organic soils in mires. The best estimate of the posterior moisture response of decomposition used both measurements of SOC stocks and CO2 data from the full range of moisture conditions (from dry and xeric to wet and water-saturated soils). We observed unbiased residuals of SOC and CO2 data modelled with the moisture optimum in well-drained soils, suggesting that this modified function accounts more precisely for the long-term SOC change dependency according to ecosystem properties as well as the contribution of short-term CO2 responses including extreme events. The optimum moisture for decomposition in boreal forests was found in well-drained soils instead of the mid-range between dry and water-saturated conditions as is commonly assumed among soil C and ESMs. Although the unimodal moisture modifier with an optimum in well-drained soils implicitly incorporates robust biogeochemical mechanisms of SOC accumulation and CO2 emissions, it needs further evaluation with large-scale data to determine if its use in land surface models will decrease the uncertainty in projections.;https://ens.hal.science/hal-04790897v1
hal-04193510;Polycyclic aromatic hydrocarbon dynamics in soils along proglacial chronosequences in the Alps;Lise Marchal | David Gateuille | Emmanuel Naffrechoux | Philip Deline | François Baudin | Jean-Christophe Clément | Jérôme Poulenard;ART;2024-11-22;2023-12;2023-12;Soil organic matter | Mountain soils | Glacier forelands | Soil formation | PAHs;0.sdu | 1.sdu.stu;;Pilotage et gouvernance du programme FairCarboN;ANR-22-PEXF-0001;Pilotage et gouvernance du programme FairCarboN;;Science of the Total Environment;;en;Oui;"Polycyclic aromatic hydrocarbons (PAHs) were studied in the soils of three proglacial areas in France (Noir and Chardon Glaciers) and Italy (Miage Glacier). PAH contents, PAH stocks and PAH contents normalized to the total organic carbon contents (PAHs/TOC ratio) were investigated along proglacial soil chronosequences to infer their evolutions with soil age (from 3 to 4200 years), where the PAH contamination was only related to long-range atmospheric transport. Evolutions of PAH and TOC contents, PAHs/TOC ratio and PAH stock were fitted with exponential and logarithmic relations. For the three proglacial areas, PAH contents increased rapidly during the first 150 years of soil development, ranged from 4 to 152 ng center dot g(-1), and showed a strong relationship with total organic carbon (TOC) contents (r = 0.83, p &lt; 0.05). The joint increase of PAH and TOC contents suggested that PAH accumulation in soils were not only driven by PAH inputs but also by the capacity of soils to store these contaminants. PAH contents in the oldest soils (from 1200 BCE and 2200 BCE) were similar than for soils from 1850 CE. The period 1850-2019 CE corresponded to a decrease in the PAHs/TOC ratio suggesting both a faster accumulation of TOC than PAHs and a dilution effect of PAHs already present in soils. For the oldest soils, the PAHs/TOC ratio appeared similar to those for soils from 1850 CE, with values ranging from 0.48 to 2.06 ng center dot mg(-1), suggesting an equilibrium between both parameters for soils older than 170 years. Finally, PAH stocks ranged from 0.41 mg center dot m(-2) to 6.80 mg center dot m(-2) in the youngest and oldest soils, respectively. These results do not allow us to identify the same period of greatest emission as other studies (estimated similar to 1960), but they revealed changes in the capacity of soils to store these pollutants.";https://hal.science/hal-04193510v1
hal-04796636;Initializing the stable pool of soil carbon models using Rock-Eval thermal analysis to improve their accuracy;Pierre Barré | Lauric Cecillon | François Baudin | Hugues Clivot | Fabien Ferchaud | Eva Kanari | Bruno Mary | Laure Soucémarianadin | Claire Chenu;COMM;2024-11-21;2019-06-18;2019-06-18;;0.sdv | 1.sdv.sa | 2.sdv.sa.sds;;Pilotage et gouvernance du programme FairCarboN;ANR-22-PEXF-0001;Pilotage et gouvernance du programme FairCarboN;;;Food security and climate change: 4 per 1000 initiative new tangible global challenges for the soil;en;Oui;The lack of a reliable method to initialize the size of the different SOC kinetic pools is recognized as a clear limitation for the accuracy of SOC stocks evolution predictions provided by these models. There were a few attempts to use results derived from soil fractionation schemes to initialize the size of the stable pool of models but the proposed methods were not validated and are time consuming. Using an exceptional soil sample set from long-term bare fallow experiments in Europe, we showed that a machine learning algorithm based on Rock-Eval 6 thermal analysis data can accurately predict the proportion of the centennially persistent SOC pool in a soil sample for a wide range of temperate soils (Cécillon et al., 2018). We hypothesized that this quick and cheap method could significantly improve SOC dynamics models initialization. We tested this hypothesis on a soil sample set from French long-term agronomic experiments (AIAL). Our results showed that our Rock-Eval-based method is suitable to initialize the AMG model in French cropped soils and that it improves the accuracy of AMG simulations. The perspectives for the Rock-Eval-based initialization of other SOC dynamics models will be discussed.;https://hal.inrae.fr/hal-04796636v1
hal-04794971;Cadre de modélisation pour développer et évaluer la durabilité de scénarios de bioéconomie sur des territoires contrastés à grande échelle, France et Europe | Designing a modelling framework for developing and assessing the sustainability of bioeconomy scenarios on large-scale contrasting territories, France and Europe;Hugo Senges | Helene Raynal | Julie Constantin | Hugues Clivot;POSTER;2024-11-21;2024-11-25;2024-11-25;Sol | FairCarboN | Climat | Bioéconomie | Modélisation | Système d'information;0.sde | 0.sdv;SLAM-B;SLAM-B;ANR-22-PEXF-0003;Scenario labs to design and evaluate trajectories toward C neutrality;;;Les journées annuelles 2024 du PEPR FairCarboN;fr;Oui;L'objectif du projet est de développer et d'appliquer des approches IAM (Integrated Assessment and Modelling), à l'échelle française et européenne, pour générer des connaissances sur la quantité de résidus de culture et de couverts intermédiaires mobilisables par les différentes filières de la bioéconomie, le potentiel d'intensification écologique des forêts et de l'agriculture, et le potentiel de production de biogaz. Les résultats seront des indicateurs pour soutenir la prise de décision publique et des solutions à grande échelle pour mobiliser et utiliser durablement la biomasse agricole et forestière supplémentaire, et séquestrer le carbone dans les sols. | The aim of the project is to develop and apply IAM (Integrated Assessment and Modelling) approaches, on a French and European scale, to generate knowledge on the quantity of crop residues and intermediate cover that can be mobilized by different bioeconomy sectors, the potential for ecological intensification of forests and agriculture, and the potential for biogas production. The outputs will be indicators to support public decision-making and large-scale solutions for mobilizing and sustainably using additional agricultural and forest biomass, and sequestering carbon in soils.;https://hal.inrae.fr/hal-04794971v2
hal-04792623;Segmental retention models for representing the hydraulic properties of evolving structured soils;Filip Kiałka | Omar Flores | Kim Naudts | Sebastiaan Luyssaert | Bertrand Guenet;ART;2024-11-20;2024-10;2024-10;;0.sde;;ALAMOD;ANR-22-PEXF-0002;Shared, accurate models and open datasets;HoliSoils | MOSS;Vadose Zone Journal;;en;Oui;Common parametrizations of soil hydraulic properties rely on unimodal curves, which cannot accurately represent the properties of many macroporous, aggregated, mixed, or compacted soils. Multimodal hydraulic curves are increasingly used to represent these structured soils in eco-hydrological models, but the dynamics of the processes that shape soil structure-and the resulting dynamics of soil hydraulic properties-are often neglected. In cases such as compaction recovery, where the structure-shaping process can be modeled, coupling the evolving pore volumes to soil hydraulic properties in a physically based way remains challenging. Here, we show how modeled or estimated soil structure evolution, when expressed as a time series of porosities in a few pore size classes, can be assimilated into established models of soil hydraulic properties. Our method relies on the division of retention models into smooth segments, whose water contents can be independently adjusted. We apply the approach to examples of modeled soil structure evolution from the published literature: one describing soil structure recovery after compaction and one describing structure formation as a result of organic amendment. In the cases considered, the estimated soil hydraulic conductivity varies more strongly than the modeled porosity which drives it. This shows that transport-related soil functions can be impacted longer (after compaction) or sooner (after amendment) than suggested by the evolution of structural metrics such as porosity. In general, modeling the evolution of soil hydraulic properties in cases such as these paves the way for holistic, process-based modeling of land management practices and their impact on soil functioning.;https://hal.science/hal-04792623v1
hal-04790877;Projected soil carbon loss with warming in constrained Earth system models;Shuai Ren | Tao Wang | Bertrand Guenet | Dan Liu | Yingfang Cao | Jinzhi Ding | Pete Smith | Shilong Piao;ART;2024-11-19;2024-01-02;2024-01-02;FairCarboN;0.sde;;ALAMOD;ANR-22-PEXF-0002;Shared, accurate models and open datasets;;Nature Communications;;en;Oui;The soil carbon-climate feedback is currently the least constrained component of global warming projections, and the major source of uncertainties stems from a poor understanding of soil carbon turnover processes. Here, we assemble data from long-term temperature-controlled soil incubation studies to show that the arctic and boreal region has the shortest intrinsic soil carbon turnover time while tropical forests have the longest one, and current Earth system models overestimate intrinsic turnover time by 30 percent across active, slow and passive carbon pools. Our constraint suggests that the global soils will switch from carbon sink to source, with a loss of 0.22-0.53 petagrams of carbon per year until the end of this century from strong mitigation to worst emission scenarios, suggesting that global soils will provide a strong positive carbon feedback on warming. Such a reversal of global soil carbon balance would lead to a reduction of 66% and 15% in the current estimated remaining carbon budget for limiting global warming well below 1.5 °C and 2 °C, respectively, rendering climate mitigation much more difficult. © 2024. The Author(s).;https://ens.hal.science/hal-04790877v1
hal-04778551;Impact of rainfall extremes and mulch application on maize productivity and nitrogen use in Zimbabwe;Abderrahim Bouhenache | Hugues Clivot | Gwenaëlle Lashermes | Regis Chikowo | Armwell Shumba | Emmanuel M. Matimba | Hope Mazungunye | Sylvie Recous | Rémi Cardinael;POSTER;2024-11-12;2024-10-28;2024-10-28;Mineral fertilizer | Soil | Water limitation | Mulch | Field experiment | Sub Saharan Africa | FairCarboN;0.sdv | 1.sdv.sa;;CrosyeN;ANR-22-PEXF-0005;Support to experimental infrastructure (field trial network);;;The International Conference on the Impacts of Soil Amendments on Dryland Agro-Ecosystems (ISADAE);en;Oui;Climate change induces significant variations in rainfall distribution and intensity. In Southern Africa, more intense and frequent dry spells interspersed with heavy rains strongly disrupt cropping seasons. This leads to water stresses ranging from droughts to waterlogging, which may adversely impact soil-crop processes and reduce crop productivity. Field studies using rainfall manipulation experiments to assess these impacts under different crop management practices remain scarce, with a clear gap on interactions with nutrient cycling in croplands in the southern hemisphere. To understand the impacts of rainfall extremes and mulch application and their interactions with nitrogen (N) fertilization on maize productivity, water and N dynamics, a field rainfall manipulation experiment was established in 2022 in Harare, Zimbabwe. In a split-plot design, three rainfall treatments were established: reduced rainfall (-30% using transparent shelters), natural rainfall and heavy rainfall (two irrigation events of 100 mm within 24 hours every season). Within these treatments, the plots result from combinations of two other factors: N fertilization (0 or 80 kg N ha-1 yr-1) and mulching using maize stalk residues (0 or 6 t ha-1 yr-1). Variables related to biomass production and N uptake, soil temperature and moisture, mineral N, and mulch decomposition were dynamically monitored. Results from the first season suggest a variable impact of extreme rainfall events (reduced and heavy) depending on their timing, intensity and frequency of occurrence. Mulch buffered soil temperature and modified moisture in the topsoil, but not N uptake and biomass production. Mulch decomposition was not significantly impacted by rainfall treatments. The low fertilizer apparent recovery rate (22-41%) indicates mineral N fertilizer loss in the system. A more mechanistic approach using 15N labelled fertilizers was carried out in the second season and the results will be combined with modelling to quantify N fluxes in the different studied systems.;https://hal.science/hal-04778551v1
hal-04747483;Understanding sediment and carbon accumulation in macrotidal minerogenic saltmarshes for climate resilience;Benjamin Amann | Eric Chaumillon | Xavier Bertin | Cecilia Pignon-Mussaud | Marie-Claire Perello | Christine Dupuy | Nathalie Long | Sabine Schmidt;ART;2024-11-12;2024;2024;Saltmarsh morphodynamics | Blue carbon | Sediment transport | Ecosystem services | Sea level rise | Coastal management;0.sdu | 1.sdu.stu | 2.sdu.stu.gm | 0.sde | 1.sde.mcg;Project La Rochelle Territoire Zero Carbone (LRTZC, Carbon Bleu Axe2 OPE-2021-0376, OPE-2021-0496);CarboNium | PAMPAS;ANR-22-PEXF-0006 | ANR-18-CE32-0006;Support to instrumentation land–coastal zone continuum | Evolution de l'identité patrimoniale des marais des Pertuis Charentais en réponse à l'aléa de submersion marine;;Geomorphology;;en;Oui;"Coastal saltmarshes play an essential role in providing services such as coastal protection, support for biodiversity, and sediment and carbon storage. Despite their importance, understanding the factors controlling sediment and carbon accumulation in these minerogenic saltmarshes remains challenging due to their diversity and site-specific characteristics. Understanding the respective role of these drivers is essential for effective coastal management, particularly for mitigating the impacts of climate change. This study evaluates the control of forcing factors on the lateral and vertical morphological evolution and carbon burial rates of three minerogenic saltmarshes located on the French Atlantic coast (Pertuis Charentais region). By focusing on these sites, the study isolates specific factors such as wind and wave exposure, inundation frequency, and sediment availability, while minimizing confounding influences like climate and tidal range. Results reveal significant lateral expansion of saltmarsh boundaries towards the sea across all sites, with the highest rates of progradation observed in the protected areas influenced by geomorphological features such as sand spits and sheltered bay heads. Sediment and mass accumulation rates (SAR; MAR), derived from <sup>210</sup>Pb and <sup>137</sup>Cs profiles of sediment cores (n = 14), range from 0.48 to 2.22 cm yr<sup>-1</sup>, among the highest reported globally, with notable variability within and between sites. Inundation frequency and accommodation space explain SAR variability within sites, while sediment availability predominantly determines spatial differences in vertical accumulation rates between sites. Organic carbon burial rates range from 75 to 345 gC m -2 yr<sup>-1</sup>, and show a strong correlation with SAR (r = 0.9, p&lt;0.001, n = 13) but no dependence on carbon content or density (r = 0.2, p&lt;0.05, n = 13). This highlights the role of sediment input in the accumulation and sequestration of carbon by minerogenic saltmarshes. Furthermore, isotopic analysis indicates a marine source dominance in organic carbon sediment. This research provides insights into how different environmental conditions affect saltmarsh morphological evolution and carbon sequestration rates, informing targeted coastal management strategies focused on enhancing ecosystem resilience and climate resilience.";https://hal.science/hal-04747483v2
hal-04764471;Storing additional carbon in soil: different practices, different stabilities of the organic matter?;Claire Chenu | Israel Tchodovie Kpemoua | Rémi Cardinael | Sabine Houot | François Baudin | Tiphaine Chevallier | Pierre Barré;COMM;2024-11-04;2024-01-24;2024;;0.sdv | 1.sdv.sa | 2.sdv.sa.sds | 0.sde | 1.sde.mcg;;Pilotage et gouvernance du programme FairCarboN;ANR-22-PEXF-0001;Pilotage et gouvernance du programme FairCarboN;;;SoilCET 2024 International Symposium;en;Non;A diversity of agricultural practices and systems enable the accrual of soil organic C (SOC) stocks, with variable efficiencies. These C-storing practices increase SOC stocks, either by increasing the inputs of plant biomass or exogenous organic matter, or by decreasing the outputs of SOC reducing SOC mineralisation rates, or both. In the perspective of contributing to climate change mitigation, the temporal stability of the additional SOC stored is critical. Different approaches can be used to assess the stability of soil organic matter, such as physical fractionation of soil organic matter, chemical extractions, long term incubations and analysis of the thermal behaviour of the organic matter using RockEval© pyrolysis. These address contrasting residence times, such as of months to years (long term incubations), to several decades and centuries (particle size fractionation, RockEval© pyrolysis coupled with PARTYSOC model) We used the literature and long-term agricultural experiments in which management options (application of exogenous organic matter, conservation agriculture, organic agriculture, agroforestry) result in increased SOC stocks. We investigated the stability of the additional SOC stored, compared to the reference management option. Methods currently used in the literature to assess the temporal stability of soil organic matter do not address the same SOC kinetic pools. Care must be taken to specify which range of residence times is considered when using any method intending to evaluate the biogeochemical stability of soil organic matter, as well as when using the terms stable or labile. Management options result in slightly contrasted stability of the additional organic carbon, the application of exogenous organic matter resulting in the most stable additional carbon, compared to management options that increase belowground plant biomass inputs to soil. Carbon storing agricultural management options mobilize different stabilization processes of soil organic matter: chemical recalcitrance, organo-mineral interactions and physical protection.;https://hal.inrae.fr/hal-04764471v1
hal-04753637;Sargassum beaching on mangrove sediments shifts microbial and crab metabolisms and enhances blue carbon storage;Mathias Chynel | Gwenaël Abril | Mélissa Narayaninsamy | Loris Deirmendjian | Frédéric Guérin | Charlotte Dromard | Tarik Meziane;ART;2024-10-25;2024-10-25;2024-10-25;FairCarboN;0.sde;;;;;;Limnology and Oceanography;;en;Oui;<div><p>Benthic metabolism and net carbon accumulation in mangroves sediments strongly depend on the quantity and quality of organic matter (OM) supplied, including material brought by coastal waters such as the macroalgae Sargassum spp. Mesocosms were used to assess the effect of eutrophication by Sargassum on mangrove sediments. The concentration of fatty acids (FAs), organic carbon and its carbon isotopic signature, and the sediments-air CO 2 fluxes were used to follow the evolution of sedimentary OM in surface and subsurface sediments for 60 d. Sargassum beaching shifted microbial and crab metabolism, leading to a preferential degradation of the labile fraction of OM from both Sargassum (δ 13 C = À17.7‰ and high concentration of essential FAs) and mangrove leaves (δ 13 C: À28.9‰ and high concentrations of 18:2ω6 and 18:3ω3). Fatty acids composition of crabs hepatopancreas revealed they preferentially fed on Sargassum and these invertebrates also increased the particulate OM tidal export. In addition, microbial activity at the sediment surface was enhanced, as revealed by strong production of branched FAs and higher CO 2 fluxes in mesocosms containing Sargassum. However, Sargassum beaching also increased the transfer and preservation of more refractory OM from mangrove leaves found in higher quantity in subsurface sediments (6-8 cm) after 60 d. Inputs of macroalgae induced a negative priming effect and enhanced the preservation of blue carbon in the sediments. This negative priming effect was enhanced by crab activities. These biotic interactions that include microbial communities apparently make mangrove efficient in storing carbon in a context of growing eutrophication of the tropical ocean.</p></div>;https://hal.science/hal-04753637v1
hal-04749358;Recommendations and good practices for dissolved organic carbon (DOC) analyses at low concentrations;Delphine Tisserand | Damien Daval | Laurent Truche | Alejandro Fernandez-Martinez | Géraldine Sarret | Lorenzo Spadini | Julien Némery;ART;2024-10-23;2024-06;2024-06;Vial types | Filtration | Acidification | Storage conditions | Pierced septa;0.chim | 1.chim.anal;;OSUG@2020 | CarboNium | Pilotage et gouvernance du programme FairCarboN;ANR-10-LABX-0056 | ANR-22-PEXF-0006 | ANR-22-PEXF-0001;Innovative strategies for observing and modelling natural systems | Support to instrumentation land–coastal zone continuum | Pilotage et gouvernance du programme FairCarboN;;MethodsX;;en;Oui;Numerous protocols for dissolved organic carbon (DOC) measurements on natural water are used in the literature. An ISO protocol for the determination of DOC exists since 2018, but it is certified for DOC values ≥ 1 mg L−1, while many publications report DOC values much lower. In addition, this ISO protocol does not include indications on vials cleaning, filtering material, and type of caps and septa to be used. The purpose of this study was to evaluate protocols for measurements of low DOC concentrations (≤ 1 mg L−1). The effect of the sample container, type of septum, filtration material, nature of acid used for storage, and matrix effects on DOC concentration were evaluated. • The use of glass vials decontaminated at 450 °C or 500 °C for at least 1 h, 0.45 µm hydrophilic polytetrafluoroethylene (PTFE) membranes previously rinsed with 20 mL ultra-pure water and HCl acidification gives the lowest DOC contamination, • Sulfides (ΣH2S), sodium (Na+) or calcium (Ca2+) do not induce high matrix effect for the analysis (≤ 10%), • At low DOC concentrations (≤ 1 mg L−1), the use of pierced PTFE septa with acidified samples induce slight DOC contamination after storage at 4 °C, and dramatic contamination after storage at -18 °C;https://cnrs.hal.science/hal-04749358v1
hal-04746441;DEEP-C Consortium: Carbon sink or methane source – local to global scale assessment of lentic waters’ role in the climate system;Jean-Philippe Jenny | Laurent Millet | Ronny Lauerwald | Fanny Colas | Hélène Masclaux | Yves Prairie | Pierre Regnier | Adam Ali | Fabien Arnaud | Nuno Carvalhais | Vincent Chanudet | Emmanuel Chapron | Patrick Durand | Isabelle Domaizon | Etienne Dambrine | Mathieu Dellinger | David Etienne | Jérome Gaillardet | Didier Galop | David Gateuille | Charline Giguet-Covex | Olivia Itier-Desgué | Didier Jezequel | Emilie Lyautey | Laurent Marquer | Florence Mazier | Théo Mazure | Erwan Messager | Jérôme Poulenard | Damien Rius | Pierre Sabatier | Georges-Marie Saulnier | Anaëlle Simonneau | Laura Soares | Viet Tran-Khac | Valérie Verneaux | Philippe Ciais;ART;2024-10-21;2024-09-17;2024-09-17;;0.sde;;DEEP-C | Pilotage et gouvernance du programme FairCarboN;ANR-22-PEXF-0009 | ANR-22-PEXF-0001;Carbon sink or methane source – local to global scale assesment of lentic waters' role in the climate system | Pilotage et gouvernance du programme FairCarboN;;Research Ideas and Outcomes;;en;Oui;Lentic waters are biogeochemical reactors, producing and receiving carbon (C) originally fixed by the terrestrial and aquatic biosphere, which is then buried in sediments or respired back to the atmosphere in the forms of carbon dioxide (CO 2 ) and one of the more potent greenhouse gas (GHG) methane (CH 4 ). Additionally, lakes serve as archives of terrestrial and aquatic carbon processes within their sediments, enabling the reconstruction of historical changes spanning thousands of years. These changes encompass alterations in land cover, indicated by pollen records, soil carbon erosion and shifts in lake productivity resulting from changes in land use and climate. Both the burial of C in lakes and the emissions of GHGs are recognised as important components of Earth's climate system, yet they remain poorly understood and constrained due to inadequate quantities and qualities of observations. In the case of GHG emissions from lakes, observations are often sporadic, failing to capture the significant spatial and temporal variations in emissions across diverse lentic systems. To address this challenge, process-based models that incorporate the interconnected biogeochemical processes occurring within lakes and their watersheds would arguably be the best tool to extrapolate from site-level observations to regional and finally global scales, to quantify the anthropogenic impact on these fluxes and to reconstruct long-term shifts in emissions and burial due to changes in land cover and climate. However, the development and evaluation of such models is hampered by the lack of observations in sufficient quality. In this project, we bring together a unique consortium of specialists in aquatic ecology, biogeochemistry, palynology, sedimentology and modelling of terrestrial and aquatic biogeochemistry. This project will put forth a national programme of systematic, long-term observations of lake GHG and C cycling processes of unmet detail, consistency and quality. First, at 40 pilot sites spanning typological and environmental gradients, there will be a comprehensive data acquisition endeavour to evaluate biological processes and mesological factors influencing the sequestration or recycling of organic carbon. This effort will be complemented with a synthesis of existing data (WP1). Second, based on well-dated sediment records, which include both newly-acquired and synthesised existing data, variability of lake C burial and their climate and land-use controls will be reconstructed over the past 150 years (WP2). For 15 of these pilot sites, reconstruction will go back until the mid-Holocene (5,000 years BP), allowing us to shed light on the anthropogenic perturbation of the C cycle in this earlier part of human history, which is commonly excluded from this type of research due to lack of information. The activities of these first two WPs will result in an open-source national database, guaranteeing valorisation of our research far beyond this project. In WP3, we will use the land surface model (LSM) ORCHIDEE C-lateral to assess C cycling in the terrestrial biosphere and the mobilisation of biospheric C into lakes, which is possible due to an explicit representation of soil C leaching and erosion processes and a downscaling scheme permitting us to assess C exports from watersheds at sub-grid scale. While LSMs are used to assess evolution of biospheric C budgets from the beginning of the Industrial Period, we will use it to hindcast the evolution since the mid-Holocene, using lake sediment records for model validation. Moreover, we will develop a new process-based lake C model supported by the database established in WPs 1 and 2, which we will couple to ORCHIDEE C-lateral to simulate lake C burial and GHG emissions in response to climate and processes in the lake watershed. This model set-up will first be used to better constrain contemporary large-scale lake GHG emissions and to disentangle the anthropogenic perturbation of these fluxes from the natural background flux. These estimates will be revolutionary, as they will allow attributing part of lake GHG emissions to anthropogenic emissions for national GHG budget reporting. Then, these models will be emulated to reconstruct evolution of lake GHG budgets and C budgets of the whole lake watershed since the mid-Holocene. While simulations will first be performed at the scales of France and Europe, the development of international partnerships to implement observations from other biomes (WP4) will finally support simulations at the global scale.;https://hal.science/hal-04746441v1
hal-04746409;Towards a modular, multi-ecosystem monitoring, reporting and verification (MRV) framework for soil organic carbon stock change assessment;Niels H Batjes | Eric Ceschia | Gerard B M Heuvelink | Julien Demenois | Guerric Le Maire | Rémi Cardinael | Cristina Arias-Navarro | Fenny van Egmond;ART;2024-10-21;2024-10-08;2024-10-08;Climate change mitigation | Carbon sequestration | Sustainable land management | Carbon accounting | Monitoring framework | FairCarboN;0.sdv | 1.sdv.sa | 2.sdv.sa.sds | 0.sde | 1.sde.be | 0.sdv | 1.sdv.sa;;;;;ORCaSa;Carbon Management;;en;Oui;"<div><p>Soils are the largest terrestrial reservoir of organic carbon, yet they are easily degraded. Consistent and accurate monitoring of changes in soil organic carbon stocks and net greenhouse gas emissions, reporting, and their verification is key to facilitate investment in sustainable land use practices that maintain or increase soil organic carbon stocks, as well as to incorporate soil organic carbon sequestration in national greenhouse gas emission reduction targets. Building up on an initial review of monitoring, reporting and verification (MRV) schemes with a focus on croplands, grasslands, and forestlands we develop a framework for a modular, scalable MRV system. We then provide an inventory and classification of selected MRV methodologies and subsequently ""score"" them against a list of key characteristics. It appears that the main challenge in developing a unified MRV system concerns the monitoring component. Finally, we present a conceptual workflow that shows how a prototype for an operational, modular multi-ecosystem MRV tool could be systematically built.</p></div>";https://hal.inrae.fr/hal-04746409v1
hal-04734162;Monitoring regenerated nitrogen in reef food webs following Sargassum mass strandings;Amélia Chatagnon | Henri Vallès | Sébastien Cordonnier | Isabelle Mussio | Anne-Marie Rusig | Pascal Claquin | Charlotte R. Dromard;COMM;2024-10-13;2023-11-06;2023-11-06;FairCarboN;0.sdv;;;;;;;Gulf and Caribbean Fisheries Institute;en;Non;;https://hal.science/hal-04734162v1
hal-04734154;How the spatial variation in recruitment could explain the adult distribution of caribbean reef fish?;Léa Vignaud | Henri Vallès | Sébastien Cordonnier | Amélia Chatagnon | David Lecchini | Charlotte R. Dromard;POSTER;2024-10-13;2023-11-06;2023-11-06;FairCarboN;0.sdv;;;;;;;Gulf and Caribbean Fisheries Institute;en;Non;;https://hal.science/hal-04734154v1
hal-04732095;AgGlob: Toolset for Cropping Systems Modeling and Simulation | AgGlob: Une boîte à outils pour la modélisation et la simulation des systèmes de culture;Helene Raynal;UNDEFINED;2024-10-11;2024-10-11;2024-10-11;AGRO ECOSYSTEM | AGROECOLOGY | CLIMATE CHANGE | MODELLING | HPC High performance calculation | CROP MODEL | FairCarboN;0.sde | 0.info;;;;;;;;en;Oui;"This notice introduces a comprehensive toolset designed for the modeling and simulation of cropping systems. With increasing pressures on agricultural systems due to population growth, climate change, and resource constraints, it has become essential to develop advanced tools that help researchers, farmers, and policymakers optimize crop management strategies. This toolset offers capabilities to model complex interactions within cropping systems, predict outcomes under various conditions, and simulate different scenarios to aid in decision-making. It can be used at different scales from plot to large area such as France or Europe. | Ce pre-print présente la boîte à outils ""AgGlob"", conçus pour la modélisation et la simulation des systèmes de culture. Compte tenu des pressions croissantes exercées sur les systèmes agricoles par la croissance démographique, le changement climatique et les contraintes en matière de ressources, il est devenu essentiel de développer des outils avancés qui aident les chercheurs, les agriculteurs et les décideurs politiques à optimiser les stratégies de gestion des cultures. Cet ensemble d'outils permet de modéliser des interactions complexes au sein des systèmes de culture, de prédire les résultats dans diverses conditions et de simuler différents scénarios pour faciliter la prise de décision. Il peut être utilisé à différentes échelles, de la parcelle à une grande région comme la France ou l'Europe.";https://hal.science/hal-04732095v1
hal-04728274;Impact of climate change on maize productivity and nitrogen cycling in the subhumid tropics: a field case study under rainfall extremes in Zimbabwe;Abderrahim Bouhenache | Rémi Cardinael | Hugues Clivot | Regis Chikowo | Armwell Shumba | Emmanuel M. Matimba | Hope Mazungunye | Sylvie Recous | Gwenaëlle Lashermes;COMM;2024-10-09;2024-08-26;2024-08-26;15N Labelling | Drought | Heavy rainfall | Mulch | Sub-Saharan Africa;0.sdv | 1.sdv.sa;;CrosyeN;ANR-22-PEXF-0005;Support to experimental infrastructure (field trial network);;;18th Congress of the European Society for Agronomy (ESA);en;Oui;"Changes in rainfall patterns and extreme wet and dry events are more frequent and will intensify globally because of global warming disrupting the water cycle (Rohde, 2023). This is particularly the case in Southern Africa with an increasing intensity and frequency of rainfall extremes. These events often lead to water stresses ranging from droughts to waterlogging, which may adversely impact the soil-crop processes (Kim et al., 2024) and reduce crop productivity and nutrient use efficiency. However, studies using rainfall manipulation experiments remain scarce. Most of such existing experiments have been conducted on natural ecosystems such as grasslands and woodlands in the northern temperate regions, with a clear gap on croplands in the tropics and poor focus on interactions with nutrient cycling (Beier et al., 2012). To better understand the soil-crop nitrogen (N) dynamics under rainfall extremes, a fieldscale rainfall manipulation experiment has been carried out in 2022-2023 and 2023-2024 cropping seasons in Harare, Zimbabwe (17°42'13.5""S 31°00'29.4""E) under sub-humid conditions. This is a part of a large 1.5 ha new long-term experiment established since November 2022 and registered within the Global Long-Term Agricultural Experiment Network (https://glten.org/experiments/368). Three main rainfall treatments replicated three times were established: reduced rainfall (-30%), normal rainfall and heavy rainfall (events of 100 mm/24h). The reduced rainfall treatment is achieved with an exclusion system above the maize canopy using transparent shelters covering about 30% of the plots surface. The heavy rainfall events are simulated with an irrigation system, and two events are applied per cropping season. Within these rainfall treatments, the study focused on four cropping systems treatments, resulting from the combination of two N fertilization levels (0 and 80 kg N ha-1 yr-1), with or without mulching (0 and 6 t DM ha-1 yr-1). A bare soil treatment was also set up and monitored to study the soil functioning without crop. Key variables related to biomass production and N dynamics such as leaf area index, crop biomass and N uptake, yield, soil temperature, soil water and mineral N, mulch decomposition, and emissions of nitrous oxide (N2O) were monitored from the first cropping season. An in-situ experiment using 15N labelled fertilizer was conducted during the second cropping season to study the fate of fertilizer under the three rainfall treatments with and without mulch. Labelled N fertilizer was applied on microplots as basal application, first and second topdressing using non-cumulative split application approach with both soil and plant N and 15N monitoring at different stages of plant growth. The first-year results indicate that N dynamics in the soil were slightly affected by rainfall treatments and the presence of mulch. Total aboveground biomass and grain yield were negatively affected by reduced rainfall and absence of N fertilization. Mulch exhibited a buffering effect in topsoil layers, reducing soil temperature variations and maintaining moisture for a longer period during dry spells. The decomposition kinetics of the mulch were little affected by rainfall treatments but was quick, with 50% of initial dry mass decomposed in about 70 days. These results suggest a highly variable impact of rainfall extremes on biomass production, maize residue decomposition and N cycle depending on their timing, intensity and frequency of occurrence. Results from plant N uptake and from the ongoing analysis of the 15N labelling experiment, along with the planned modelling work with the STICS soil-crop model should provide further clarification on the interaction between rainfall patterns and N cycle, as well as the short and long term consequences on plant biomass production and recycling.";https://hal.science/hal-04728274v1
insu-04726374;Prediction of soil pyrogenic carbon contents from Rock-Eval® thermal analysis: a machine-learning based model;Johanne Lebrun Thauront | Severin Luca Bellè | Marcus Schiedung | Amicie Delahaie | Marija Stojanova | François Baudin | Pierre Barré | Samuel Abiven;COMM;2024-10-08;2024-04-14;2024;;0.sdu;;Pilotage et gouvernance du programme FairCarboN;ANR-22-PEXF-0001;Pilotage et gouvernance du programme FairCarboN;;;EGU General Assembly 2024;en;Oui;"Pyrogenic carbon (PyC) is a continuum of aromatic and condensed organic molecules. It represents about 15 % of organic carbon in soils and sediments1. However, there is a discrepancy in the literature regarding quantification of PyC: different methods that are currently considered as reference differ largely in their results1,2. Indeed, most methods used to quantify PyC are based on different operational principles (e.g. chemical, thermal or physical stability of PyC, molecular markers) and consequently, they do not cover the same range of the PyC continuum2. In addition, most of them are expensive and/or time consuming. Here, we propose a new PyC quantification method based on Rock-Eval® thermal analysis, thought to be rapid, inexpensive and comparable to the previous methods toolbox. Rock-Eval® thermal analysis has been successfully introduced to the field of soil carbon analysis in the last two decades and allowed to distinguish between various pools of soil carbon (inorganic carbon, stable and active organic carbon) using a single analysis of combined pyrolysis and thermal oxidation3,4. In this study, we formulate the hypothesis that Rock-Eval® thermal analysis in combination with predictive modelling is suitable to quantify PyC in soil matrices.To build and validate such a model, we chose soil samples originating from contrasting climate zones and parent material and with varying properties including clay content and mineralogy, iron oxide speciation and content, pH, cation-exchange capacity and organic carbon content. We measured PyC using a set of established methods (i.e. CTO-375, BPCA and HyPy) and acquired Rock-Eval® thermograms. Then, we identified the relevant features for PyC quantification in the thermograms by applying several machine-learning approaches. This work adds a new soil carbon pool to the ones already accessible from Rock-Eval® thermal analysis and allows an efficient and rapid quantification of PyC in soils, which is needed for large-scale studies of soil carbon pools.(1) Reisser, M.; Purves, R. S.; Schmidt, M. W. I.; Abiven, S. Pyrogenic Carbon in Soils: A Literature-Based Inventory and a Global Estimation of Its Content in Soil Organic Carbon and Stocks. Front. Earth Sci. 2016, 4 (August), 1-14. https://doi.org/10.3389/feart.2016.00080.(2) Hammes, K.; Smernik, R. J.; Skjemstad, J. O.; Schmidt, M. W. I. Characterisation and Evaluation of Reference Materials for Black Carbon Analysis Using Elemental Composition, Colour, BET Surface Area and 13C NMR Spectroscopy. Appl. Geochemistry 2008, 23 (8), 2113-2122. https://doi.org/10.1016/j.apgeochem.2008.04.023.(3) Disnar, J. R.; Guillet, B.; Keravis, D.; Di-Giovanni, C.; Sebag, D. Soil Organic Matter (SOM) Characterization by Rock-Eval Pyrolysis: Scope and Limitations. Org. Geochem. 2003, 34 (3), 327-343. https://doi.org/10.1016/S0146-6380(02)00239-5.(4) Cécillon, L.; Baudin, F.; Chenu, C.; Houot, S.; Jolivet, R.; Kätterer, T.; Lutfalla, S.; Macdonald, A.; Van Oort, F.; Plante, A. F.; Savignac, F.; Soucémarianadin, L. N.; Barré, P. A Model Based on Rock-Eval Thermal Analysis to Quantify the Size of the Centennially Persistent Organic Carbon Pool in Temperate Soils. Biogeosciences 2018, 15 (9), 2835-2849. https://doi.org/10.5194/bg-15-2835-2018.";https://insu.hal.science/insu-04726374v1
hal-04719699;Technical note: A validated correction method to quantify organic and inorganic carbon in soils using Rock-Eval® thermal analysis;Marija Stojanova | Pierre Arbelet | François Baudin | Nicolas Bouton | Giovanni Caria | Lorenza Pacini | Nicolas Proix | Edouard Quibel | Achille Thin | Pierre Barré;ART;2024-10-03;2024;2024;;0.sdu | 1.sdu.stu | 2.sdu.stu.gc;This work was funded by Vinci Technologies, which develops and markets the Rock-Eval® machine.;Pilotage et gouvernance du programme FairCarboN;ANR-22-PEXF-0001;Pilotage et gouvernance du programme FairCarboN;;Biogeosciences;;en;Oui;Soils contain large amounts of carbon stored as organic carbon and carbonates. These carbon pools can contribute to climate regulation and are of primary importance in ensuring proper soil functioning. However, their accurate quantification remains a complex task. Rock-Eval ® thermal analysis has emerged as an alternative to classic dry combustion and wet methods due to its ability to simultaneously provide organic and inorganic carbon measurements on the same subsample. However, it has been observed that Rock-Eval ® systematically underestimates the soil organic carbon (SOC) while overestimating the soil inorganic carbon (SIC). In this technical note, we propose a validated correction of both SOC and SIC based on a machine-learning model and using a diverse dataset of 240 soil samples. We show that the proposed correction significantly increases the accuracy of the Rock-Eval ® method when compared to reference SOC and SIC values and applied to the dataset used for training and testing and that it can be successfully applied to data originating from different Rock-Eval ® machines without changing the routine analytical protocol. The transferability of the model allows for its future implementation in the Geoworks software so that Rock-Eval ® machines can routinely provide accurate SIC and SOC measurements.;https://hal.science/hal-04719699v1
hal-04719677;How is particulate organic carbon transported through the river-fed submarine Congo Canyon to the deep sea?;Sophie Hage | Megan L Baker | Nathalie Babonneau | Guillaume Soulet | Bernard Dennielou | Ricardo Silva Jacinto | Robert G Hilton | Valier Galy | François Baudin | Christophe Rabouille | Clément Vic | Sefa Sahin | Sanem Açikalin | Peter J Talling;ART;2024-10-03;2024;2024;;0.sdu | 1.sdu.stu | 2.sdu.stu.gc;This research has been supported by the EU H2020 Marie Skłodowska-Curie Action (grant no. 899546), the Leverhulme Trust (grant no. ECF-2021-566), the Natural Environment Research Council (grant nos. NE/R001982/1 and NE/S010068/1), and the Centre National de la Recherche Scientifique, Institut national des sciences de l'Univers (LEFE).;Pilotage et gouvernance du programme FairCarboN;ANR-22-PEXF-0001;Pilotage et gouvernance du programme FairCarboN;BIENVENUE;Biogeosciences;;en;Oui;The transfer of carbon from land to the nearcoastal ocean is increasingly being recognized in global carbon budgets. However, a more direct transfer of terrestrial organic carbon to the deep sea is comparatively overlooked. Among systems that connect coastal to deep-sea environments, the submarine Congo Canyon is of particular interest since the canyon head starts 30 km into the Congo River estuary, which delivers ∼ 7 % of the dissolved and particulate organic carbon from the world's rivers. However, sediment and particulate organic carbon transport mechanisms that operate in the Congo Canyon and submarine canyons more globally are poorly constrained compared to rivers because monitoring of deep-sea canyons remains challenging. Using a novel array of acoustic instruments, sediment traps, and cores, this study seeks to understand the hydrodynamic processes that control delivery of particulate organic carbon via the submarine Congo Canyon to the deep sea. We show that particulate organic carbon transport in the canyon axis is modulated by two processes. First, we observe periods where the canyon dynamics are dominated by tides, which induce a background oscillatory flow (speeds of up to 0.15 m s$^{-1}$) through the water column, keeping muds in suspension, with a net upslope transport direction. Second, fast-moving (up to 8 m s$^{-1}$) turbidity currents occur for 35 % of the time dur-ing monitoring periods and transport particulate organic carbon with mud and sand at an estimated transit flux that is more than 3 to 6 times the flux induced by tides. Organic carbon transported and deposited in the submarine canyon has a similar isotopic composition to organic carbon in the Congo River and in the deep-sea fan at 5 km of water depth. Episodic turbidity currents thus promote efficient transfer of river-derived particulate organic carbon in the Congo submarine fan, leading to some of the highest terrestrial carbon preservation rates observed in marine sediments globally.;https://hal.science/hal-04719677v1
hal-04717942;Carbon-containing pyrite spherules: mineral biosignatures in black smokers?;Chloé Truong | Sylvain Bernard | François Baudin | Aurore Gorlas | François Guyot;ART;2024-10-02;2024-09-18;2024-09-18;Iron sulfides | Hyperthermophiles | Organic compounds | Black smokers | Biosignatures | Pyrite;0.sdu | 1.sdu.stu | 2.sdu.stu.mi;;Pilotage et gouvernance du programme FairCarboN | HYPERBIOMIN;ANR-22-PEXF-0001 | ANR-20-CE02-0001;Pilotage et gouvernance du programme FairCarboN | Les HYPERthermophiles et leur mécanisme de BIOMINeralisation;;European Journal of Mineralogy;;en;Oui;Sulfide-and sulfate-rich hydrothermal vents are involved in Earth's major geochemical cycles. An outstanding scientific question consists of finding out whether certain minerals found in hydrothermal chimneys are influenced more or less directly by microorganisms living at high temperatures (thermophiles or hyperthermophiles) in these environments. Here we report the morphological, textural and chemical characterization of pyrite crystals collected across a section of a chimney from the Trans-Atlantic Geotraverse hydrothermal site, sampled from the inner, hotter portion to the external, cooler portion, providing a promising approach to the search for hyperthermophilic biosignatures. The internal and middle portions of the chimney mainly harbour cube-shaped pyrite containing low quantities of hydrocarbons and thermally matured organic compounds. In contrast, the samples from the external portion contain pyrite spherules composed of a mosaic of slightly disoriented domains that include large amounts of organic material chemically consistent with thermally matured biogenic organic compounds. These characteristics make them comparable but not identical to pyrite spherules produced in the laboratory in the presence of hyperthermophilic archaea of the order Thermococcales. Differences include larger crystalline domains and more thermally matured organic compounds. Such features could be consistent with the thermal transformation of pyrite spherules produced by (or at least in the presence of) living cells. However, it remains impossible to completely rule out an abiotic origin without further isotopic investigation and experimental studies on the abiotic production of pyrite spherules in the presence of organic compounds and under hydrothermal conditions.;https://hal.sorbonne-universite.fr/hal-04717942v1
hal-04691986;Mitigating greenhouse gas emissions from the cattle sector: Land‐use regulation as an alternative to emissions pricing | Atténuer les émissions de gaz à effet de serre du secteur bovin : la régulation de l'utilisation des sols comme alternative à la tarification des émissions;Maxence Gérard | Stéphane De Cara | Guy Meunier;ART;2024-09-17;2025-01;2025-01;Second-best policy | Land-use regulations | Climate policy;0.shs | 1.shs.eco;;CLAND | Pilotage et gouvernance du programme FairCarboN;ANR-16-CONV-0003 | ANR-22-PEXF-0001;CLAND : Changement climatique et usage des terres | Pilotage et gouvernance du programme FairCarboN;;American Journal of Agricultural Economics;;en;Oui;Reducing animal‐based food production would not only reduce agricultural greenhouse gas emissions but also free land that could sequester carbon. We examine the efficiency of a subsidy to cattle farmers for setting aside land for natural ecosystem regeneration. We develop a partial equilibrium model of the cattle sector that integrates land use, greenhouse gas emissions, and animal feeding. We compare the subsidy to alternative policies: a meat tax and a standard on animal feeding. We identify the conditions under which the subsidy is the best alternative to these other second‐best policies. The efficiency of the subsidy lies in its effects on both the extensive margin (reduced quantity of meat) and the intensive margin (production intensification, which reduces both the emission and land‐use intensities of meat). An empirical application to France, where spontaneous regeneration corresponds mostly to forest regrowth, shows that the subsidy dominates the other alternative policies considered for a wide range of parameter values but is sensitive to carbon leakage when the economy is open to trade. | La réduction de la production alimentaire d'origine animale permettrait non seulement de réduire les émissions de gaz à effet de serre d'origine agricole, mais aussi de libérer des terres susceptibles de séquestrer le carbone. Nous examinons l'efficacité d'une subvention accordée aux éleveurs de bétail pour la mise en réserve de terres destinées à la régénération des écosystèmes naturels. Nous développons un modèle d'équilibre partiel du secteur bovin qui intègre l'utilisation des terres, les émissions de gaz à effet de serre et l'alimentation des animaux. Nous comparons la subvention à d'autres politiques : une taxe sur la viande et une norme sur l'alimentation animale. Nous identifions les conditions dans lesquelles la subvention est la meilleure alternative à ces autres politiques de second rang. L'efficacité de la subvention réside dans ses effets sur la marge extensive (réduction de la quantité de viande) et sur la marge intensive (intensification de la production, qui réduit à la fois les émissions et l'intensité de l'utilisation des sols pour la viande). Une application empirique à la France, où la régénération spontanée correspond principalement à la repousse des forêts, montre que la subvention domine les autres politiques alternatives considérées pour une large gamme de valeurs de paramètres, mais qu'elle est sensible aux fuites de carbone lorsque l'économie est ouverte au commerce.;https://hal.inrae.fr/hal-04691986v1
hal-04688793;Millennial-aged organic matter sequestration and preservation in anoxic and sulfidic mangrove soils: insights from isotopic and molecular analyses;Sarah Robin | François Baudin | Claude Le Milbeau | Cyril Marchand;COMM;2024-09-10;2024-04-14;2024-03-08;GEOMIN | GEOF;0.sde;;Pilotage et gouvernance du programme FairCarboN;ANR-22-PEXF-0001;Pilotage et gouvernance du programme FairCarboN;;;EGU General Assembly 2024;en;Oui;A buried layer rich in organic matter (OM) has been identified in the mangrove soils along the West coast of New Caledonia (South Pacific), resulting from a long period of stable sea levels during the Holocene. This study aims to characterize this OM-enriched layer isotopically, molecularly (lignin and neutral carbohydrates), and using Rock-Eval pyrolysis, while identifying the decomposition and preservation processes in these anoxic and sulfidic conditions. The study site is a mangrove forest of the West coast of New Caledonia, with a vegetation typical of this semi-arid area. The species Rhizophora stylosa develops in monospecific stand seaward and the species Avicennia marina landward. Multiple parameters such as the high total organic carbon content (10%) indicate the presence of this enriched layer below 30 cm depth beneath the A. marina stand. Stable isotopic ratios indicate that the roots of R. stylosa are the primary source of OM in this layer. Degradation mechanisms include dehydrogenation and the loss of major neutral sugars (glucose, xylose, galactose), while preservation processes involving arabinose, vanillin, and p-hydroxyacetophenone contribute to the stabilization of OM. The presence of well-preserved root material associated with pyrite observed using a scanning electron microscope, along with high Sorg/C ratio provide tangible evidence of interactions between OM and minerals and OM sulfurization, reinforcing preservation in anoxic and sulfidic environments. Through radiocarbon dating, the OM-enriched layer is placed in the historical context of a period characterized by stable sea levels approximately 4,000 years ago, emphasizing the profound impact of prolonged stability on OM accumulation and preservation in mangrove soils.;https://hal.science/hal-04688793v1
hal-04688700;Millennial-aged organic matter preservation in anoxic and sulfidic mangrove soils: Insights from isotopic and molecular analyses;Sarah Louise Robin | François Baudin | Claude Le Milbeau | Cyril Marchand;ART;2024-09-06;2024-11;2024-11;Lignin | Neutral carbohydrates | Carbon dating | Rock-eval | Stable isotopes | Mangrove | GEOMIN | GEOF;0.sde;;Pilotage et gouvernance du programme FairCarboN;ANR-22-PEXF-0001;Pilotage et gouvernance du programme FairCarboN;;Estuarine, Coastal and Shelf Science;;en;Oui;Mangrove forests are known as coastal carbon sinks, but the long-term (millennium-scale) preservation processes of organic matter (OM) in their soils and the role of sulphur in these processes are still not fully understood. These processes are crucial for better estimating the impact of sea-level variations on the carbon dynamics in mangrove forests, which are particularly sensitive to sea-level changes due to their direct hydrological interactions with coastal waters. This study focuses on a soil layer enriched in mangrove-derived OM that accumulated during a stable sea-level period of the Holocene in New Caledonia (South Pacific). Radiocarbon dating situates this enriched layer at approximately 4000 cal BP. The aim of this study is to characterize the enriched OM layer using bulk (Rock-Eval), isotopic (δ 13 C and δ 15 N), and molecular (lignin and neutral carbohydrates) analyses. This OM has undergone diagenetic processes such as dehydrogenation, and the loss of components such as the main neutral carbohydrates: glucose, xylose, and galactose. However, some Rock-Eval parameters, the total lignin content, and carbon and nitrogen isotopic ratios are characteristic of well-preserved OM, suggesting differential decomposition/preservation processes. In addition, SEM observations highlighted the presence of pyrite associated to preserved root material. Along with high S org /TOC ratio, these results suggest potential processes of OM sulfurization preserving it from decomposition. Prolonged sea-level stability in addition to anoxic and sulfidic soil conditions enhanced OM accumulation and long-term sequestration in mangrove soils.;https://hal.science/hal-04688700v1
hal-04627068;Infrastructure nationale AnaEE France pour l'étude des cycles du carbone;Alyssa Clavreul | Jean-François Le Galliard | Laurence Denaix;POSTER;2024-06-27;2023-10-09;2023-10-09;Carbone | Infrastructure | Écosystèmes;0.sde;;;;;;;Séminaire de lancement du PEPR FairCarbon;en;Oui;Une infrastructure nationale pour l'étude des écosystèmes continentaux permettant l'étude du cycle du carbone. Présenté lors du séminaire de démarrage du PEPR exploratoire FairCarboN en octobre 2023.;https://hal.inrae.fr/hal-04627068v1
hal-04612125;A new machine-learning model to partition soil organic carbon into its centennially stable and active fractions based on Rock-Eval(r) thermal analysis;Marija Stojanova | Pierre Barré | Hugues Clivot | Lauric Cécillon | François Baudin | Thomas Kätterer | Bent T. Christensen | Claire Chenu | Ines Merbach | Adrián Andriulo | Sabine Houot | Fabien Ferchaud;POSTER;2024-06-17;2024-04-14;2024-04-14;Rock-Eval® | AMG model | Soil organic carbon | FairCarboN;0.sde | 0.sdv | 0.sdv | 1.sdv.sa | 2.sdv.sa.sds;CNRS-INRAE ”IMMORTAL” project;;;;;;EGU General Assembly 2024;en;Oui;"The quantification of soil organic carbon (SOC) biogeochemical stability is important for assessing soil health and its capacity to store carbon. Models simulating SOC stock evolution divide SOC into different kinetic pools with contrasting residence times. The initialization of compartment sizes is a major source of uncertainty for SOC simulations. In a previous study, Cécillon et al. (2021) developed a machine-learning model (PARTYsoc v2) that uses Rock-Eval(r) thermal analysis results as input variables to quantify the proportion of centennially stable and active SOC fractions using samples from long term bare fallow sites. The outputs of PARTYsoc v2 have been shown to be particularly effective for initializing the AMG model, enabling very accurate simulations of SOC stock evolutions for a dozen French sites (Kanari et al., 2022). The objective of the present work is to build a new version of PARTYsoc, validated on a larger sample set, and extend the usefulness of the AMG model initialized with PARTYsoc to different parts of the world. To do so, we have first identified sites with known crop yields and SOC stock evolutions and archived samples available for Rock-Eval(r) characterization. We then determined, for each site, the stable SOC stock value leading to the best simulation accuracy of SOC stock evolution with the AMG model. This optimal stable SOC stock allowed us to quantify the stable SOC proportion for all samples from the selected sites. Finally, we developed PARTYsoc v3 using Rock-Eval(r) measurements as input variables to predict stable SOC proportions sensu AMG model. PARTYsoc v3 is significantly different from PARTYsoc v2. In the v3, the target variable, i.e., the centennially stable SOC proportion, is determined to be optimal for the AMG model whereas in the v2 it was calculated from SOC declines at bare fallow sites. Moreover, the current v3 model uses Support Vector Machine (SVM) regression coupled with a Beta Regression instead of Random Forest. This combination of machine-learning models allows for a non-linear relationship between the target and the features, and predictions are always bounded in the [0, 1] interval. The data set has also been extended to use a larger number of sites (6 sites in the v2, and 12 sites in the v3), including both bare fallows and other types of long-term experiments. The features (Rock-Eval(r) features) are selected by first removing highly-correlated features (Spearman correlation &gt; 0.9) and then ranking them based on their predictive importance when randomly permuted. This procedure allows us to decrease the effects of overfitting the training data. The final model uses 7 Rock-Eval(r) features (18 for the v2). We obtain satisfactory performance in both internal validation (R2=0.82, RMSE=0.07), as well as Leave-One-Site-Out (LOSO) validation (R2=0.76, RMSE=0.09). The proposed model builds upon and significantly improves the work laid out by PARTYsoc v2. Currently, we are working on further extending the data set as well as stabilizing the processes of feature selection and model parameters.";https://hal.inrae.fr/hal-04612125v1
hal-04605903;Estimations of soil metal accumulation or leaching potentials under climate change scenarios: the example of copper on a European scale;Laura Sereni | Julie-Maï Paris | Isabelle Lamy | Bertrand Guenet;ART;2024-06-08;2024;2024;;0.sde | 0.sde | 1.sde.mcg | 0.sdv | 1.sdv.sa | 2.sdv.sa.sds;;BASC | ALAMOD | Pilotage et gouvernance du programme FairCarboN;ANR-11-LABX-0034 | ANR-22-PEXF-0002 | ANR-22-PEXF-0001;Biodiversité, Agroécosystèmes, Société, Climat | Shared, accurate models and open datasets | Pilotage et gouvernance du programme FairCarboN;;Soil;;en;Oui;Contaminant inputs to soil are highly dependent on anthropogenic activities, while contaminant retention, mobility, and availability are highly dependent on soil properties. The knowledge of partitioning between soil solid and solution phases is necessary to estimate whether deposited amounts of contaminants will be either transported with runoff or accumulated. Besides, runoff is expected to change during the next century due to changes in climate and in rainfall patterns. In this study, we aimed to estimate at the European scale the areas with a potential risk due to contaminant leaching (LP). We also defined, in the same way, the surface areas where limited copper (Cu) leaching occurred, leading to potential accumulation (AP) areas. We focused on Cu widely used in agriculture either in a mineral form or in association with organic fertilizers, resulting in high spatial variations in the deposited and incorporated amounts in soils, as well as in European policies of application. We developed a method using both Cu partition coefficients (Kf) between total and dissolved Cu forms and runoff simulation results for historical and future climates. The calculation of Kf with pedo-transfer functions allowed us to avoid any uncertainties due to past management or future depositions that may affect total Cu concentrations. Areas with a high potential risk of leaching or of accumulation were estimated over the 21st century by comparing Kf and runoff to their respective European medians. Thus, at three distinct times, we considered a grid cell to be at risk of LP if its Kf was low compared to the European median and if its runoff was high compared to the European median of the time. Similarly, a grid cell was considered to be at risk of AP if its Kf was high and its runoff was low compared to its respective European median of the time. To deal with uncertainties in climate change scenarios and the associated model prediction, we performed our study with two atmospheric greenhouse gas representative concentration pathways (RCPs), defined according to climate change associated with a large set of socio-economic scenarios found in the literature. We used two land surface models (ORCHIDEE and LPJmL, given soil hydrologic properties) and two global circulation models (ESM2m and CM5a, given rainfall forecasts). Our results show that, for historical scenarios, 6.4 ± 0.1 % (median, median deviation) and 6.7 ± 1.1 % of the grid cells of the European land surfaces experience LP and AP, respectively. Interestingly, we simulate a constant surface area with LP and AP for around 13 % of the grid cells, which is consistent with an increase in AP and a decrease in LP. Despite large variations in LP and AP extents, depending on the land surface model used for estimations, the two trends were more pronounced with RCP 6.0 than with RCP 2.6, highlighting the global risk of combined climate change and contamination and the need for more local and seasonal assessments. Results are discussed to highlight the points requiring improvement to refine predictions.;https://hal.science/hal-04605903v1
hal-04604630;Étudier le carbone organique persistant des sols à l'aide des jachères nues de longue durée;Pierre Barré | François Baudin | Sylvain Bernard | Lauric Cecillon | Bent T Christensen | Sabine Houot | Thomas Kätterer | Corentin Le Guillou | Suzanne Luftalla | Andy Macdonald | Folkert van Oort | Alain F. Plante | Katelle Quenea | Claire Chenu;COMM;2024-06-07;2018-11-14;2018;;0.sdv | 1.sdv.sa | 2.sdv.sa.sds | 0.sde;;Pilotage et gouvernance du programme FairCarboN;ANR-22-PEXF-0001;Pilotage et gouvernance du programme FairCarboN;;;Enjeux sur le sol : les dispositifs de longue durée pour répondre aux questions d’aujourd’hui et de demain;fr;Non;;https://hal.inrae.fr/hal-04604630v1
insu-04604317;Bioenergetic control of soil carbon dynamics across depth;Ludovic Henneron | Jerôme Balesdent | Gaël Alvarez | Pierre Barré | François Baudin | Isabelle Basile-Doelsch | Lauric Cécillon | Alejandro Fernandez-Martinez | Christine Hatté | Sébastien Fontaine;COMM;2024-06-07;2023-04-23;2023;;0.sdu;;Pilotage et gouvernance du programme FairCarboN;ANR-22-PEXF-0001;Pilotage et gouvernance du programme FairCarboN;;;EGU General Assembly 2023;en;Oui;Soil carbon dynamics is strongly controlled by depth globally, with increasingly slow dynamics found at depth. The mechanistic basis remains however controversial, limiting our ability to predict carbon cycle-climate feedbacks. Combining radiocarbon and thermal analyses with long-term incubations in absence/presence of continuously 13C/14C-labelled plants, we show here that bioenergetic constraints of decomposers consistently drive the depth-dependency of soil carbon dynamics over a range of mineral reactivity contexts. The slow dynamics of subsoil carbon was tightly related to both its low energy density and high activation energy of decomposition, leading to an unfavorable 'return-on-energy-investment' for decomposers. We also observed strong acceleration of millennia-old subsoil carbon decomposition induced by roots ('rhizosphere priming'), showing that sufficient supply of energy by roots is able to alleviate the strong energy limitation of decomposition. These findings demonstrate that subsoil carbon persistence results from its poor energy quality together with the lack of energy supply by roots due to their low density at depth. These findings provide insights into the bioenergetic control of SOC persistence and indicate that an increase in plant rooting depth induced by global change could threaten the storage of millennia-old SOC in deep layers.;https://insu.hal.science/insu-04604317v1
insu-04604313;Is the additional organic carbon stored thanks to alternative cropping systems and organic waste products application predominantly stable at a decadal timescale?;Tchodjowiè Israel Kpemoua | Pierre Barré | Sabine Houot | François Baudin | Cédric Plessis | Claire Chenu;COMM;2024-06-07;2023-04-23;2023;;0.sdu | 0.sde | 1.sde.mcg | 0.sdv | 1.sdv.sa | 2.sdv.sa.sds;;Pilotage et gouvernance du programme FairCarboN;ANR-22-PEXF-0001;Pilotage et gouvernance du programme FairCarboN;;;EGU General Assembly 2023;en;Oui;"The implementation of agroecological practices can lead to an additional soil organic carbon (SOC) storage. The carbon sink effect will be more effective, even in the short and medium term, if the additional storage is realized in the form of persistent organic carbon (OC) and not in labile OC. The objective of this study was to evaluate the biogeochemical stability of additionally C stored by agroecological practices. Biogeochemical stability was assessed using particles size and density fractionation and Rock-Eval (RE) thermal analyses with PARTYsoc machine learning model. Samples were collected from the QualiAgro experiment, where organic wastes products (OWPs) including biowaste compost (BIOW), residual municipal solid waste compost (MSW) and farmyard manure (FYM) were applied, and from the La Cage experiment, where conservation (CA) and organic (ORG) agriculture had been established for 20 years. The plots that received the OWPs showed that 60-66% of the additional C was stored in mineral-associated organic matter (MAOM-C) and 29 - 39% in particulate organic matter (POM-C), whereas in CA and ORG, 77 - 84% of the additional C was stored in MAOM-C versus 15 - 23% in POM-C. While leading to additional C stocks of similar sizes, MSW and FYM exhibited higher proportions of the additionally stored C as POM-C (39 and 29% respectively) compared to CA (15%). This suggests a recalcitrance of POM under OWPs management compared to CA. The PARTYSOC model using RE thermal analysis parameters allows to predict the active (30 - 40 years) and stable (&gt;100 years) carbon pools as defined in the AMG model. The results revealed that most, if not all, of the additional C belonged to the active C pool. These findings suggest that although additional SOC is mainly associated with MAOM-C, it is probably not stored in a form with a mean residence time exceeding ~30 years. The agroecological practices implemented in both long-term field experiments have resulted in substantial short-term additional C storage, but this storage will only be maintained at a high level if these storing practices are continued.";https://insu.hal.science/insu-04604313v1
hal-04590317;Crop residue management impact N2O emissions: results from 10-years-8-cropping-systems field experiment.;Paul Belleville | Frida Keuper | Fabien Ferchaud | Bruno Mary | Heinesch Bernard | Benjamin Dumont | Joël Léonard;COMM;2024-05-28;2024-05-19;2024-05-19;Climate change | Crop residue | Croping ssytem | Nitrous oxide | Machine learning | FairCarboN | STICS;0.sdv | 1.sdv.sa | 2.sdv.sa.agro;INRAE | University of Liège;CrosyeN;ANR-22-PEXF-0005;Support to experimental infrastructure (field trial network);;;Centennial Celebration and Congress of the International Union of Soil Sciences (IUSS 2024);en;Oui;Nitrous oxide (N2O) is one of the main problematic greenhouse gases (GHG). Between 2007 and 2016, 43% of the global N2O emissions were anthropogenic and half came from agriculture. Complex redox systems and multiple drivers effects challenge predicting N2O emissions. For example, crop residue removal has been shown to have either positive, negative or neutral effects on N2O emissions. Although meta-analysis show sthat crop residue return tends to increases N2O emissions in temperate climates, they also indicate that this trend is dependent on soil properties or other management practices. Regarding how crop residue influence N2O emissions, recent studies stress the major influence of residue quality. Despite numerous existing work, how crop residue globally influence cumulatived emissions, with a GHG perspectiveremains difficult to evaluate due to the short duration of most studies. We hypothesized that using the whole time scale of a long term experiment covering a wide range of practices would allow to unravel the relative weight of crop residue management on N2O emissions. We compiled 1-site-10-years-8-cropping-systems experimental data and defined joint restitution cycles (109 days to 646 days) for which both cumulative emissions and key driving variables, including measures of crop residue return and quality, were defined. The analysis of the 158 restitution cycles indicated that nitrogen fertilizer rate and length of the period were the main variables explaining N2O emissions while the C:N ratio of residue was the main driver of crop residue infuence, although that influence remains limited. The weight of crop residue influence was inversely proportional to the period length, supporting the importance of considering the timescale of measurements to evaluate how crop residue influence GHG emissions.;https://hal.inrae.fr/hal-04590317v1
hal-04564630;OPALE : un Observatoire des Pollutions Agricoles aux AntilLEs le long du continuum terre-mer;Anne-Lise Tailame | Antoine Richard | Lai Ting Pak | Benjamin Seux | Charlotte R Dromard | Eric Abadie | Laurie Lemaitre | Enzo Civallero | Jean-Baptiste Charlier | Olivier Grünberger | Patrick Lachassagne | Anatja Samouëlian | Marc Voltz | Lise Ponchant;COMM;2024-04-30;2023-12-12;2023-12-12;FairCarboN;0.sdu | 1.sdu.stu;;;;;;;"Coloque Scientifique ""Chlordécone, connaitre pour agir""";fr;Oui;;https://brgm.hal.science/hal-04564630v1
hal-04551056;Climate Change impacts on hydrological and plant resources in the agro-pastoral Sahel;Lena Collet | Jérôme Demarty | Jordi Etchanchu | Chloé Ollivier | Ibrahim Maïnassara | Nesrine Farhani | Brune Raynaud-Schell | Nanée Chahinian;POSTER;2024-04-18;2024-04-14;2024-04-14;;0.sde;;RIFT;ANR-22-PEXF-0004;Support to experimental infrastrucure (flux towers);;;EGU General Assembly 2024;en;Oui;"The Sahel is a semi-arid region where the majority of the population depends on subsistence farming. This region is considered as a hotspot for climate change with an expected warming of 3 to 4°C by 2100. Indeed, climate projections show that dry periods are likely to be longer and extreme rainfall will be more frequent. These changes could have a major impact on hydrological and vegetal resources. This study aims to assess these impacts on a typical Sahelian agro-pastoral ecosystem dominated by millet crops and shrubby savannah in South-Western Niger. Climate scenarios are constructed from a local set of observed climate data combined with CMIP6 and other climate scenarios dedicated to Sahelian region. These scenarios are used to constrain SiSPAT SVAT (soil-vegetation-atmosphere transfer) model in order to simulate the surface water and energy fluxes. Results show that both energy and water balances are deeply influenced by temperature and air humidity changes. Temperature increase mainly affects the sensible heat flux (H), e.g., H decreases by 38% for a 3°C of temperature increase. Moreover, results show that the impact of temperature and humidity changes on evapotranspiration, partly compensate each other; higher temperature in the rainy season, leads to higher evapotranspiration values, contrarily to the impact of humidity increase. The surface water balance is mostly influenced by the rainfall regime modification, e.g., intensification of extreme rainfall leads to 59% increase in drainage. It also generates more runoff (+ 500 %), that would increase the risk of flooding but could cause a rise in groundwater levels, which is called the Sahelian paradox. Finally, it also increases the soil water storage, which could lead to a longer vegetation cycle. For this aim, coupling with crop and/or hydrological modelling would be useful to quantify the impacts of climate evolution on vegetal and water resources dynamics. It would allow to find efficiently adapted strategies for crop and water management.";https://hal.science/hal-04551056v1
hal-04536338;Biogeochemical stability of additional carbon stored under alternative agricultural practices and organic waste product application: what do granulo-densimetric fractionation and Rock-Eval® thermal analysis tell us?;Tchodjowiè Israel Kpemoua | Sabine Houot | Claire Chenu | François Baudin | Pierre Barré;COMM;2024-04-08;2022-06-26;2022-06-26;MAOM | LTE | POM | Fractionation | RockEval© | Persistence | Carbon | Soil;0.sde | 0.sdv | 1.sdv.sa | 2.sdv.sa.sds;;Pilotage et gouvernance du programme FairCarboN;ANR-22-PEXF-0001;Pilotage et gouvernance du programme FairCarboN;;;SOM 2022. Soil organic matter international conference;en;Non;"The implementation of alternative cropping systems, including conservation agriculture (CA) and organic agriculture (ORG) in the La Cage experiment (France), and the organic waste products (OWP) application in the QualiAgro experiment (France) have led to an additional soil organic carbon (SOC) storage in ca. 20 years. The carbon sink effect of the soil will be more effective if the additional storage is realized in the form of persistent SOC, rather than labile SOC. The objective of this study was to evaluate the biogeochemical stability of additional SOC stored by alternative cropping systems and OWP applications including biowaste (BIOW), residual municipal solid waste (MSW) composts and farmyard manure (FYM). Biogeochemical stability was assessed using particle size and density fractionation and RockEval® thermal analyses on samples collected from both long-term experiments. The particle size and density fractionation isolated particulate organic matter (POM) and mineral associated organic matter (MAOM). The results showed that under OWP systems, 60-66% of the additional SOC was stored in MAOM and 34-40% in POM, whereas in alternative cropping systems, 77-84% of the additional SOC was stored in MAOM versus 16-23% in POM. In addition, soils with equivalent additional SOC stocks (MSW, FYM, CA) showed a higher additional carbon proportion in POM under MSW (40%) and FYM (33%) relative to CA (16%). This result suggests a higher chemical recalcitrance of POM in OWP systems, where POM comes from both plant residues and compost or manure particles, compared to alternative cropping systems, where POM only derives from plant residues. The PARTYSOC machine-learning model using Rock-Eval® thermal analysis parameters predict the active (30-40 years) and stable (>100 years) carbon pools as defined in the AMG model. The results revealed that most, if not all of the additional SOC belonged to the active SOC pool. These findings suggest that although additional SOC was predominantly MaOM and even associated with clays, it was probably not stored in a form with a mean residence time exceeding 30-40 years. However, the OWP promoted significant additional stable SOC storage (BIOW>MSW>FYM) compared to alternative cropping systems (CA>ORG). The OWP application and alternative cropping systems adoption resulted in substantial additional short-term SOC storage, but this storage will only be maintained at a high level if these ""storage"" practices are continued.";https://hal.inrae.fr/hal-04536338v1
hal-04535783;Rock-Eval®-RMQS: Monitoring the Characteristics of SOM on the French Territory with Rock-Eval® 6 Thermal Analysis to Assess its Stability;Amicie Delahaie | Pierre Barré | François Baudin | Dominique Arrouays | Antonio Bispo | Line Boulonne | Claire Chenu | Claudy Jolivet | Manuel Martin | Nicolas Saby | Florence Savignac | Lauric Cécillon;COMM;2024-04-07;2022-05-23;2022-05-23;Soil RMQS RockEval© analysis soil carbon;0.sde | 0.sdv | 1.sdv.sa | 2.sdv.sa.sds;;Pilotage et gouvernance du programme FairCarboN;ANR-22-PEXF-0001;Pilotage et gouvernance du programme FairCarboN;;;EGU General Assembly 2022;en;Oui;Soil organic matter (SOM) is widely recognized as of critical importance for both soil quality and climatic mitigation. The quality and quantity of SOM are key to assess the characteristics of soils, and thus must be accurately monitored in order to protect the integrity of soils. In the last few years, a thermal analysis technique called Rock-Eval® that provides insights on bulk SOM chemistry and thermal stability has been recognized as a powerful method for SOM characterization. It can moreover be applied on large sets of samples.The RMQS is the French monitoring network of soil quality. The first sampling campaign took place from 2000 to 2015 and resulted – among others – in about 2200 composite surface (0-30 cm) samples taken all over France. It represents an unprecedented collection of precise and complete data on French soils.We observed significant effects of land cover on both SOM thermal stability and bulk chemistry. The mean values of hydrogen index (HI, which is a proxy for SOM H/C ratio) for arable lands (190.5 ± 43.4 mg HC per g of SOC, n=786) was lower than for grassland soils (228.4 ± 46.3 mg HC per g of SOC, n=486) and forest soils (240.4 ± 66.4 mg HC per g of SOC, n=528). Regarding the oxygen index (OIre6, which is a proxy of SOM O/C ratio), we observed significantly different values (P<0.001) for arable land soils (188.8 ± 30.4 mg O2 per g of SOC), grassland soils (172.4 ± 26.8 mg O2 per g of SOC) and forest soils (164.2 ± 29.6 mg O2 per g of SOC). We also observed that thermal stability of SOM was significantly higher in cropland soils compared to grassland and forest soils. Our data suggest that topsoil SOM is on average more oxidized and biogeochemically stable in croplands. Further analyses will investigate the influence of pedo-climatic conditions on SOM characteristics.The high number and even repartition of data on the French territory allow for the constitution of a national interpretative referential for these indicators. The Rock-Eval® parameters will also be used to calculate the centennially stable SOC fraction using the PARTYsocv2.0 model and map it at the scale of France.;https://hal.inrae.fr/hal-04535783v1
hal-04535500;Using climate change scenarios to simulate mobility of metal contaminants in soils: the example of copper on a European scale;Laura Sereni | Julie-Mai Paris | Isabelle Lamy | Bertrand Guenet;COMM;2024-04-06;2023-11-13;2023-11-13;FairCarboN;0.sde;;;;;;;VIIIème Colloque Réseau Ecotox;en;Oui;;https://hal.science/hal-04535500v1
hal-04534024;Modélisation de l'évolution des stocks de carbone organique dans les sols : travaux et perspectives de recherche autour du modèle AMG;Hugues Clivot | Fabien Ferchaud | Bruno Mary | François Baudin | Lauric Cecillon | Nicolas Delpierre | Bertrand Guenet | Mojtaba Houballah | Eva Kanari | Gwenaëlle Lashermes | Julia Le Noë | Florent Levavasseur | Marija Stojanova | Antoine Versini | Qi Wang | Pierre Barré;POSTER;2024-04-05;2024-03-24;2024-03-24;FairCarboN | Soil organic carbon | AMG model | FairCarboN | Carbone organique des sols | Modèle AMG;0.sdv | 1.sdv.sa | 2.sdv.sa.sds | 0.info | 1.info.info-mo | 0.sde | 0.sdv | 1.sdv.sa;;Pilotage et gouvernance du programme FairCarboN;ANR-22-PEXF-0001;Pilotage et gouvernance du programme FairCarboN;;;5ème Séminaire du Réseau des Matières Organiques (ResMO);fr;Oui;AMG est un modèle simple simulant l’évolution du carbone organique du sol (COS) au pas de temps annuel et à l’échelle d’une parcelle agricole. AMG a été initialement décrit par Andriulo et al (1999) qui ont proposé une évolution du modèle à 2 compartiments d’Hénin-Dupuis (1945) vers un modèle à 3 compartiments de matière organique (MO) avec 1) la MO fraîche (MOF) provenant des résidus de cultures ou d’amendements organiques, 2) le COS actif qui se minéralise et qui est alimenté par la décomposition de la MOF et 3) le COS stable considéré comme inerte à l’échelle du siècle. D’une apparente simplicité, AMG intègre cependant de nombreuses fonctions de réponses à des facteurs pédoclimatiques (effets de la texture et physico-chimie du sol, de la qualité des matières organiques, de la température, de l’humidité du sol) et intègre implicitement le fonctionnement microbien associé à la décomposition des MO.AMGv2 a été évalué sur plus d’une centaine de traitements expérimentaux en grandes cultures ou jachères nues de longue durée, répartis sur une trentaine de sites en France et en Europe (Clivot et al 2019, Levavasseur et al 2020, Farina et al 2021). Cette version a montré de très bonnes capacités de prédiction des dynamiques du COS dans divers contextes agropédoclimatiques et ainsi une bonne généricité, avec des erreurs relatives moyennes (RRMSE) entre 5 et 10 %, proches de l’incertitude de mesure sur les stocks de COS.Des travaux récents, basés sur des expérimentations en France (Kanari et al 2022) et en Chine (Wang et al 2023), ont également montré que les capacités de prédiction d’AMG pouvaient être encore améliorées par une initialisation du compartiment stable de COS via une estimation dérivée d’une analyse thermique de sol Rock-Eval® (Cécillon et al 2021). Des travaux en cours visent à consolider cette approche combinée sur une plus large gamme de situations pédoclimatiques.Des limites du modèle ont notamment été identifiées en systèmes tropicaux, en particulier pour les andosols et les systèmes recevant d’importants apports de MO exogènes, et dont certains montrent un stockage de C important en profondeur (Acosta-Alba et al 2023). La prise en compte des propriétés minéralogiques de ces sols, du transport vertical de MO dans le profil de sol, ainsi que la simulation des horizons profonds sont des pistes identifiées d’amélioration d’AMG. Une version modifiée, incluant un effet priming et une discrétisation verticale des entrées de C dans le sol (Mary et al 2020), s’est révélée capable de simuler de manière satisfaisante les évolutions de stocks de C dans les différents horizons de sols d’un essai de 47 ans en non-travail du sol. Cette approche doit être évaluée de manière plus large et représente également une opportunité de simuler aussi bien les horizons de surface que les horizons en profondeur avec des entrées de C et un fonctionnement biologique différenciés.Enfin, des travaux en démarrage dans le programme FairCarboN s’intéresseront à identifier si les sols de différents écosystèmes terrestres diffèrent dans leur fonctionnement microbien et, avec l’appui de modèles mécanistes, à évaluer la possibilité d’adapter et transposer l’approche AMG dans d’autres systèmes comme les prairies ou encore les forêts, dans la continuité de travaux récemment engagés (Houballah et al 2023).;https://hal.inrae.fr/hal-04534024v1
hal-04530407;Potential impacts of the Common Agricultural Policy's Income Stabilisation Tool on farmers' incomes and crop diversity: A French case study | Impacts potentiels de l'Outil de Stabilisation du Revenu de la Politique Agricole Commune sur les revenus des agriculteurs et la diversité des cultures : une étude de cas française;Kamel Louhichi | Daël Merisier;ART;2024-04-03;2024;2024;Farm-level model | France | FairCarboN | Income stabilisation tool | Mutual fund | Crop diversity | Common agricultural policy | Agricultural risk management;0.shs | 0.qfin;;CLAND;ANR-16-CONV-0003;CLAND : Changement climatique et usage des terres;;Journal of Agricultural Economics;;en;Oui;This paper analyses the potential impacts of a hypothetical implementation of the Income Stabilisation Tool (IST) in France for the field crops sector. The IST is a risk management tool available within the 2014–2020 Common Agricultural Policy (CAP) to support farmers facing a severe drop in their incomes. This analysis was conducted using a farm‐level model relying on expected utility theory and based on positive mathematical programming with risk. The model was applied to a sample of 1375 field crop farms in France derived from Farm Accountancy Data Network (FADN) data. Simulation results show that the uptake rate of the tool is relatively low, less than 37% in all scenarios. It is strongly dependent on CAP public support and on how much premium farmers have to pay. Highest uptake rates are observed in farms specialising in Other Field Crops, such as potatoes, pulses and sugar beet, and farms located in regions highly exposed to climatic risks. Previous experience with insurance favours the acceptance of the IST. Model results also show that the IST improves adopters' income and reduces income inequality. However, its impacts on crop diversity, measured by the Shannon index, are negative. | Cet article analyse les impacts potentiels d’une hypothétique mise en œuvre de l’Instrument de Stabilisation du Revenu (ISR) en France pour le secteur des grandes cultures. L'ISR est un outil de gestion des risques disponible dans le cadre de la politique agricole commune (PAC) 2014-2020 pour soutenir les agriculteurs confrontés à une forte baisse de leurs revenus. Cette analyse a été réalisée à l'aide d'un modèle au niveau de l'exploitation agricole reposant sur la théorie de l'utilité espéré et basé sur une programmation mathématique positive avec risque.;https://hal.inrae.fr/hal-04530407v1
hal-04525545;"New objects of study for mass spectrometry by secondary-ion and laser desorption-ionization: Acritarchs, a pilot study of the species "" Gloeocapsomorpha prisca";Mathilde Bon | Kevin Lepot | Yvain Carpentier | Fabrice Bray | Armelle Riboulleau | François Baudin | Nicolas Nuns | Maxime Bridoux | Christian Rolando | Philippe Steemans | Thijs R A Vandenbroucke;COMM;2024-03-28;2023-07-09;2023;Mass spectrometry micropaleontology geobiochemistry acritarchs kukersite;0.sde | 0.chim | 1.chim.anal | 0.chim | 1.chim.orga;;Pilotage et gouvernance du programme FairCarboN;ANR-22-PEXF-0001;Pilotage et gouvernance du programme FairCarboN;;;Goldschmidt2023;en;Oui;;https://hal.science/hal-04525545v1
hal-04525522;Molecular Characterization of Gloecapsomorpha Prisca Microfossils by Mass Spectrometry Down to the Cellular Scale;Mathilde Bon | Kévin Lepot | Yvain Carpentier | Fabrice Bray | Armelle Riboulleau | François Baudin | Nicolas Nuns | Christian Rolando | Philippe Steemans | Thijs R. A. Vandenbroucke;COMM;2024-03-28;2023-09-10;2023-09-10;Mass spectrometry | Micropaleontology | Geobiochemistry | Acritarchs | Kukersite;0.sde | 0.chim;;Pilotage et gouvernance du programme FairCarboN;ANR-22-PEXF-0001;Pilotage et gouvernance du programme FairCarboN;;;31st International Meeting on Organic Geochemistry (IMOG 2023);en;Oui;Gloeocapsomorpha prisca (Fig. 1) is a microfossil (∼10µm) with an organic wall of uncertain biological affinity, probably a cyanobacterium1,2,4,6. This fossil microorganism constitutes the vast majority of the organic matter in “kukersite” rocks. G. prisca has been thoroughly studied by gas chromatography-mass spectrometry (GC-MS), using extractive techniques, chemolysis and pyrolysis1,2,3. Here we perform a pilot study in order to investigate the potential of laser-assisted mass spectrometry to analyze the molecular fingerprint of single microfossils. Bitumen and kerogen of a kukersite sample from a 460-million-year-old deposit of northwestern Russia5, were analyzed after organic solvent extractions and demineralization. We measure bulk thermo-desorption and pyrolysis parameters with Rock-Eval 7S. We use molecular characterization methods that allow analyses down to the scale of a single microfossil. We analyze kerogen by secondary ion time-of-flight mass spectrometry (ToF-SIMS), which combines extreme surface sensitivity with a spatial resolution of ∼1 µm. The kerogen is then analyzed with high resolution (HR-µL2-MS) two-step laser desorption-ionization mass spectrometry with a spatial resolution of 140 µm. We used very-high mass resolution Fourier transform ion cyclotron resonance mass spectrometry by laser desorption/ionization (LDI-FT-ICR-MS) on G. prisca aggregates (e.g., Fig. 1) with laser beams down to less than 20 µm.;https://hal.science/hal-04525522v1
hal-04524945;Caractérisation moléculaire d’un acritarche (G. prisca) par spectrométrie de masse jusqu’à l'échelle cellulaire;Mathilde Bon | Kévin Lepot | Yvain Carpentier | Fabrice Bray | Armelle Riboulleau | François Baudin | Nicolas Nuns | Philippe Steemans | Thijs R.A. Vandenbroucke;POSTER;2024-03-28;2022-07-04;2022-07-04;;0.sde;;Pilotage et gouvernance du programme FairCarboN;ANR-22-PEXF-0001;Pilotage et gouvernance du programme FairCarboN;;;FROG V;fr;Non;;https://hal.science/hal-04524945v1
hal-04501660;Simple PO2 Query (SPO2Q), a querying tool to retrieve biomass transformation and characterization itineraries using the Process and Observation (PO2) Ontology;Stéphane Dervaux | Julien Cufi | Hervé Guillemin | Magalie Weber | Liliana Ibanescu | Alrick Oudot | Patrice Buche;SOFTWARE;2024-03-12;2024-03-12;2024-03-12;MOTIVES | CHOICE;0.spi | 0.sdv | 1.sdv.aen | 0.sdv | 1.sdv.bio | 0.sdv | 1.sdv.ida;;DataSusFood | EVAGRAIN | D2KAB | Pilotage et gouvernance du programme FairCarboN;ANR-19-DATA-0016 | ANR-20-CE21-0008 | ANR-18-CE23-0017 | ANR-22-PEXF-0001;Structurer et Ouvrir les Données pour améliorer la Durabilité des Systèmes Alimentaires | Des outils intelligents pour une utilsation agile du blé | Des Données aux Connaissances en Agronomie et Biodiversité | Pilotage et gouvernance du programme FairCarboN;;;;und;Oui;We are witnessing an acceleration of the global drive to converge consumption and production patterns towards a more circular and sustainable approach to the food system. To address the challenge of reconnecting agriculture, environment, food and health, collections of large datasets must be exploited. However, building high-capacity data-sharing networks means unlocking the information silos that are caused by a multiplicity of local data dictionaries. To solve the data harmonization problem, we proposed an ontology on food, feed, bioproducts, and biowastes engineering for data integration in a circular bioeconomy and nexus-oriented approach. This ontology is based on a core model representing a generic process, the Process and Observation Ontology (PO2), which has been specialized to provide the vocabulary necessary to describe any biomass transformation process and to characterize the food, bioproducts, and wastes derived from these processes. Much of this vocabulary comes from transforming authoritative references such as the European food classification system (FoodEx2), the European Waste Catalogue, and other international nomenclatures into a semantic, world wide web consortium (W3C) format that provides system interoperability and software-driven intelligence. We showed the relevance of this new domain ontology PO2/TransformON through several concrete use cases in the fields of process engineering, bio-based composite making, food ecodesign, and relations with consumer's perception and preferences. Further works will aim to align with other ontologies to create an ontology network for bridging the gap between upstream and downstream processes in the food system.;https://hal.science/hal-04501660v1
hal-04501209;The contribution of deep soil horizons to persistent organic carbon sequestration in French forest soils;Laure Soucémarianadin | Lauric Cecillon | Claire Chenu | François Baudin | Manuel Nicolas | Florence Savignac | Pierre Barré;COMM;2024-03-12;2018-04-08;2018;;0.sdv | 1.sdv.sa | 2.sdv.sa.sds;;Pilotage et gouvernance du programme FairCarboN;ANR-22-PEXF-0001;Pilotage et gouvernance du programme FairCarboN;;;EGU General Assembly 2018;en;Non;;https://hal.inrae.fr/hal-04501209v1
hal-04490533;Using Free Air CO<sub>2</sub> Enrichment data to constrain land surface model projections of the terrestrial carbon cycle;Nina Raoult | Louis-Axel Edouard-Rambaut | Nicolas Vuichard | Vladislav Bastrikov | Anne Sofie Lansø | Bertrand Guenet | Philippe Peylin;ART;2024-03-05;2024-02-29;2024-02-29;FairCarboN;0.sdu | 1.sdu.ocean | 0.sdu | 1.sdu.envi;This research has been supported by the HORIZON EUROPE Marie Sklodowska-Curie Actions (grant no.101020076) and Horizon 2020 (grant no. 101003536) together with the European Union’s Horizon 2020 CCiCC project with grant agreement no. SEP-210520747;ALAMOD;ANR-22-PEXF-0002;Shared, accurate models and open datasets;;Biogeosciences;;en;Oui;Predicting the responses of terrestrial ecosystem carbon to future global change strongly relies on our ability to model accurately the underlying processes at a global scale. However, terrestrial biosphere models representing the carbon and nitrogen cycles and their interactions remain subject to large uncertainties, partly because of unknown or poorly constrained parameters. Parameter estimation is a powerful tool that can be used to optimise these parameters by confronting the model with observations. In this paper, we identify sensitive model parameters from a recent version of the ORgainzing Carbon and Hydrology in Dynamic Ecosystems (ORCHIDEE) land surface model that includes the nitrogen cycle. These sensitive parameters include ones involved in parameterisations controlling the impact of the nitrogen cycle on the carbon cycle and, in particular, the limitation of photosynthesis due to leaf nitrogen availability. We optimise these ORCHIDEE parameters against carbon flux data collected on sites from the FLUXNET network. However, optimising against present-day observations does not automatically give us confidence in future projections of the model, given that environmental conditions are likely to shift compared to the present day. Manipulation experiments give us a unique look into how the ecosystem may respond to future environmental changes. One such type of manipulation experiment, the Free Air CO2 Enrichment (FACE) experiment, provides a unique opportunity to assess vegetation response to increasing CO2 by providing data under ambient and elevated CO2 conditions. Therefore, to better capture the ecosystem response to increased CO2, we add the data from two FACE sites to our optimisations, in addition to the FLUXNET data. We use data from both CO2 conditions of FACE, which allows us to gain extra confidence in the model simulations using this set of parameters. We find that we are able to improve the magnitude of modelled productivity. Although we are unable to correct the interannual variability fully, we start to simulate possible progressive nitrogen limitation at one of the sites. Using an idealised simulation experiment based on increasing atmospheric CO2 by 1 % yr−1 over 100 years, we find that optimising against only FLUXNET data tends to imply a large fertilisation effect, whereas optimising against FLUXNET and FACE data (with information about nutrient limitation and acclimation of plants) decreases it significantly.;https://hal.science/hal-04490533v1
hal-04485151;Predicting 20-year soil organic carbon loss using Rock-Eval 6 thermal analysis;Laure Soucémarianadin | Pierre Barret | François Baudin | Claire Chenu | Sabine Houot | Thomas Kätterer | Suzanne Lutfalla | Andy Macdonald | Folkert van Oort | Alain Plantec | Lauric Cecillon;POSTER;2024-03-01;2018-04-08;2018-04-08;;0.sdv | 1.sdv.sa | 2.sdv.sa.sds;;Pilotage et gouvernance du programme FairCarboN;ANR-22-PEXF-0001;Pilotage et gouvernance du programme FairCarboN;;;European Geosciences Union General Assembly 2018;en;Non;;https://hal.inrae.fr/hal-04485151v1
hal-04468061;Les origines contrastées de la glauconite en milieu marin peu profond mettent en valeur ce minéral en tant que marqueur des conditions paléoenvironnementales;Nicolas Tribovillard | Viviane Bout‑roumazeilles | François Baudin | Francois Guillot | Sandra Ventalon | Romain Abraham | Marion Delattre;COMM;2024-02-20;2022-09-28;2022-09-28;Authigenèse | Glauconite | Récifs à huitres | Marqueurs redox;0.sde;;Pilotage et gouvernance du programme FairCarboN;ANR-22-PEXF-0001;Pilotage et gouvernance du programme FairCarboN;;;18ème Congrès Français de Sédimentologie;fr;Non;"La glauconite est un minéral authigénique réputé se former à l’occasion de contact prolongé entre un nucléus (un phyllosilicate pré-existant) et l’eau de mer. Ce contact prolongé permet de soustraire les ions nécessaires pour la construction du phyllosilicate néoformé, la glauconite (minéral très proche d’une illite, riche en K et en Fe). De ce fait, la glauconite est souvent associée à des sédiments déposés en contexte transgressif avec fort ralentissement du taux de sédimentation et une épaisseur de tranche d’eau relativement importante. C’est le cas de la craie cénomanienne du Boulonnais (N de la France). Minéral résistant chimiquement et physiquement, la glauconite peut aussi être un minéral souvent remanié, à l’instar des grains de quartz. C’est fréquemment le cas des dépôts jurassiques du Boulonnais, où la glauconite, quasi-omniprésente que ce soit à l’état de traces ou de proportions notables du sédiment, présentent un tri granulométrique attestant son transport et son remaniement. Pourtant ces dépôts jurassiques sont peu profonds (shore face, offshore supérieur), cela accrédite l’idée que ""l’usine à glauconite"" ait été elle-même dans les zones peu profondes du Boulonnais. Les seuls faciès identifiés du Jurassique boulonnais où la glauconite est à la fois relativement abondante, de grande taille et non triée (non remaniée) sont des récifs à huitres qui se sont formés au droit de suintements froids liés à une tectonique synsédimentaire fini-jurassique (Kimméridgien, Tithonien). Nos travaux permettent de formuler l’hypothèse selon laquelle les récifs à huitres isolés aient été des environnements réunissant les conditions de d’ambiance redox et de contact avec l’eau de mer favorisant la formation authigénique de glauconite. Les conditions faiblement réductrices nécessaires à la formation de glauconite (présence simultanée de Fe2+ et Fe3+ dans le même réseau cristallin) sont ici attestées par les teneurs en éléments traces métalliques sensibles aux conditions redox (vanadium, germanium, arsenic, en l’occurrence).";https://hal.science/hal-04468061v1
hal-04441387;Cover crops do increase soil organic carbon stocks—A critical comment on Chaplot and Smith (2023);Christopher Poeplau | Zhi Liang | Axel Don | Daria Seitz | Chiara de Notaris | Denis Angers | Pierre Barré | Damien Beillouin | Rémi Cardinael | Eric Ceschia | Claire Chenu | Julie Constantin | Julien Demenois | Bruno Mary | Sylvain Pellerin | Daniel Plaza-Bonilla | Miguel Quemada | Eric Justes;ART;2024-02-06;2024-01-16;2024-01-16;FairCarboN;0.sdv | 0.sdv | 1.sdv.ee;;;;;;Global Change Biology;;en;Oui;;https://hal.inrae.fr/hal-04441387v1
hal-04411328;Poster RMQS séminaire FairCarboN;Antonio Bispo | Sacha Desbourdes | Claudy Jolivet | Chahinez Ahmed-Belkacem;POSTER;2024-01-23;2023-10-09;2023-10-09;FairCarboN | Séminaire | Carbone | Écosystèmes | Continentaux;0.sdv | 1.sdv.sa | 2.sdv.sa.sds;;;;;;;Séminaire de démarrage FairCarboN;fr;Oui;RMQS : réseau de mesures de la qualité des sols 2240 sites échantillonnés en France soit 180 chaque année. Ces échantillonnages sont répétés aux mêmes endroits tous les 15 ans, sur une maille de 16x16 km Le RMQS est un programme national ambitieux, financé par le Gis Sol depuis l'an 2000 (www.gissol.fr) et coordonné par l'unité de recherche Info&Sols INRAE Val-de-Loire. Il mobilise un ensemble d'équipes partenaires techniques et scientifiques en régions. Le programme place les sols et leur protection au cœur des défis actuels en termes de santé et d'environnement, de biodiversité et de changement climatique. Il s'intègre dans un dispositif européen plus large de surveillance des sols.;https://hal.science/hal-04411328v1
hal-04387669;PO2 Engine, an application programming interface associated with the Process and Observation (PO2) software ecosystem;Stéphane Dervaux | Hervé Guillemin | Julien Cufi | Patrice Buche | Magalie Weber | Liliana Ibanescu | Alrick Oudot;SOFTWARE;2024-01-11;2024-01-11;2024-01-11;Biotechnologies | Ingénierie des aliments | Alimentation et Nutrition;0.spi | 1.spi.gproc | 0.sdv | 1.sdv.aen | 0.sdv | 1.sdv.bio | 0.sdv | 1.sdv.ida;FUI Meatylab | Institut Carnod 3BCAR ICAM | ANR FAIRCARBON SLAM'B;D2KAB | DataSusFood | EVAGRAIN | Pilotage et gouvernance du programme FairCarboN | SLAM-B;ANR-18-CE23-0017 | ANR-19-DATA-0016 | ANR-20-CE21-0008 | ANR-22-PEXF-0001 | ANR-22-PEXF-0003;Des Données aux Connaissances en Agronomie et Biodiversité | Structurer et Ouvrir les Données pour améliorer la Durabilité des Systèmes Alimentaires | Des outils intelligents pour une utilsation agile du blé | Pilotage et gouvernance du programme FairCarboN | Scenario labs to design and evaluate trajectories toward C neutrality;;;;und;Oui;;https://hal.science/hal-04387669v1
hal-03934528;Palaeoenvironmental control on primary fluids characteristics of lacustrine source rocks in the Autun Permian Basin (France);Sylvain Garel | Françoise Behar | Johann Schnyder | François Baudin;ART;2024-01-09;2017;2017;;0.sdu | 1.sdu.stu;;Pilotage et gouvernance du programme FairCarboN;ANR-22-PEXF-0001;Pilotage et gouvernance du programme FairCarboN;;Bulletin de la Société Géologique de France;;en;Oui;The Autunian (Late Gzhelian-Sakmarian, ∼295 Ma) of the Autun Basin (Saône-et-Loire, France) is well known for its lacustrine oil-shales and boghead that were exploited during the 19th and 20th centuries. A study of the kerogen geochemistry, palynofacies, hydrocarbon (HC) distribution of pyrolysates and kinetics on these organic-rich sediments gave indications on the control of lacustrine primary fluid characteristics by palaeoenvironmental settings. Palynofacies results have shown a Botryococcus algae dominance in the boghead, whereas the oil-shales were dominated either by a mixing of terrestrial particles and lacustrine phytoplanktonic/bacterial organic matter (OM), or by a lacustrine OM that suffered biodegradation within the water column. During the Autunian, an increasing trend of degraded lacustrine OM concentration is observed in the successive oil-shales. Geochemical and kinetics analyses showed that, except for the boghead, hydrogen index values were < 700 mg/g TOC and activation energies diagram showed multi-energetic profiles, unexpected for such a lacustrine OM. Along with pyrolysates primary fluids ones, these results unraveled two groups of oil-shale samples. On the one hand, samples dominated by well-preserved lacustrine and terrestrial OM produced primary fluids dominated by n -alkanes with ( n -C 6 - n -C 14 ) / n -C 14+ n -alkanes ratio depending on the proportion of terrestrial OM. They were only encountered in the three oldest oil-shales. On the other hand, the HC profile of fluids originating from samples dominated by degraded lacustrine OM, which was obtained for the first time in this study, show low n -alkanes concentrations and a relatively prominent hump. These samples were only present in the three youngest oil-shale levels. Finally, the boghead showed a link between strong concentration of the Pila genus of Botryococcus algae and a primary fluid dominated by n -C 6 - n -C 14 n -alkanes. By comparing these data with published palaeoenvironmental studies, it appears that the kind of dominant OM, and thus the HC distribution of primary fluids, is controlled by the lake level: a lower depth preventing the settlement of anoxic conditions in the bottom waters, and the subsequent good preservation of the OM. During the Autunian, the lake level decreased, consequence of a reduced tectonic activity and of the beginning of a dryer period. Finally, these changes will have caused a strong decrease of the nutrient influx to the lake, favoring the bloom of Botryococcus algae that accumulated to form the boghead. | L'Autunien (Gzhélien terminal-Sakmarien ∼295 Ma) du Bassin d'Autun (Saône-et-Loire) est bien connu pour ses niveaux de schistes bitumineux lacustres et son boghead qui furent exploités durant les 19 e et 20 e siècles. Ces sédiments riches en matière organique ont fait l'objet d'une étude géochimique, cinétique, des palynofaciès et de la distribution des hydrocarbures (HC) des pyrolysats afin d'obtenir des indications sur le contrôle exercé par les conditions paléoenvironnementales sur les caractéristiques des fluides primaires. Les palynofaciès ont montré une dominance d'algues Botryococcus dans le boghead, tandis que les schistes bitumineux étaient dominés soit par un mélange de matière organique (MO) végétale et phytoplanctonique/bactérienne lacustre, soit par une MO lacustre biodégradée au sein de la colonne d'eau. Au cours du remplissage du bassin, on note une tendance à l'augmentation de la proportion de MO lacustre dégradée. Les résultats géochimiques et cinétiques ont montré que, excepté pour le boghead, les valeurs d'index d'hydrogène étaient < 700 mg/g COT et les énergies d'activation montraient des profils pluri-énergétiques, inhabituels pour une MO lacustre. Ajoutés à ceux des fluides primaires de pyrolysats, ces résultats ont mis en évidence deux groupes d'échantillons de schistes-bitumineux. Le premier est marqué par une dominance de la MO lacustre et terrestre bien préservée et produit des fluides primaires dominés par les n -alcanes avec des rapports ( n -C 6 - n -C 14 ) / n -C 14+ corrélés à la proportion de particules végétales. Ces échantillons proviennent des trois plus anciens niveaux de schistes bitumineux. Le deuxième groupe est marqué par une dominance de la MO lacustre dégradée, dont les profils des HC de fluides primaires, obtenus pour la première fois dans cette étude, montrent de faibles concentrations de n -alcanes et une rampe proéminente. Ce groupe ne se retrouve que dans les trois schistes bitumineux les plus récents. Enfin, le boghead montre un lien entre dominance des algues Botryococcus du genre Pila et un fluide primaire marqué par de fortes concentrations en n -C 6 - n -C 14 . En comparant ces données avec des études paléoenvironnementales publiées sur le bassin d'Autun, il apparaît que le type de MO dominante, et donc la distribution des HC dans les fluides primaires, est contrôlé par la hauteur d'eau dans le lac : une profondeur plus faible empêchant la mise en place de conditions anoxiques dans les eaux profondes, auxquelles est souvent associée une bonne préservation de la MO. Pendant l'Autunien, cette tranche d'eau diminue, conséquence d'une baisse de l'activité tectonique et de la mise en place d'un climat plus sec. Finalement, ces changements vont entraîner une importante diminution de la quantité de nutriments apportée dans le lac, favorisant la prolifération d'algues Botryococcus qui constituent le boghead.;https://hal.science/hal-03934528v1
hal-01437445;The Importance of Geosites and Heritage Stones in Cities-a Review;Patrick de Wever | François Baudin | Dolores Pereira | Annie Cornée | Grégoire Egoroff | Kevin S. Page;ART;2024-01-09;2017;2017;Geosites | Heritage stones | Urban geology | Geotourism | Geoheritage;0.sdu | 1.sdu.stu;;Pilotage et gouvernance du programme FairCarboN;ANR-22-PEXF-0001;Pilotage et gouvernance du programme FairCarboN;;Geoheritage;;en;Oui;Geology, as a scientific discipline, is often viewedas most applicable in high mountains or in deserts or coastalareas—or more generally in ‘natural areas’ where rock exposuresare most conspicuous—and, therefore, not to be experiencedby most visitors and tourists. In contrast, most geoscientistsare convinced that geology can be practised on aneveryday basis, as it is part of our daily life as a facet of thenatural environment that humans have used for 100 s of thousandsof years. Even in places where the natural world seemsfar from its original condition, one can still experience geology.This consideration is of increasing importance, as today,more than half the world’s population lives in towns and cities.In this context, we can still present geology to an interestedpublic through establishing leisure walks, either guiding orusing leaflets, easily carried booklets and even web ‘apps’.The style chosen aims to be accessible to a broader public,but crucially, in an urban context, there should always be anaim to demonstrate the relationship between geology and society,as well as architecture and history. Indeed, the realisation of many participants in such activities that buildingstones can belong to, and provide evidence of, both a naturaland a built heritage can be a revelation.;https://hal.science/hal-01437445v1
hal-04313202;PO2 Manager, an annotation tool to edit biomass transformation and characterization itineraries using the Process and Observation (PO2) Ontology;Stéphane Dervaux | Hervé Guillemin | Julien Cufi | Patrice Buche | Magalie Weber | Liliana Ibanescu;SOFTWARE;2023-11-29;2023-11-29;2023-11-29;;0.spi | 1.spi.gproc | 0.sdv | 1.sdv.aen | 0.sdv | 1.sdv.bio | 0.sdv | 1.sdv.ida;FUI Meatylab | Institut Carnod 3BCAR ICAM | ANR FAIRCARBON SLAM'B;DataSusFood | EVAGRAIN | D2KAB | Pilotage et gouvernance du programme FairCarboN | SLAM-B;ANR-19-DATA-0016 | ANR-20-CE21-0008 | ANR-18-CE23-0017 | ANR-22-PEXF-0001 | ANR-22-PEXF-0003;Structurer et Ouvrir les Données pour améliorer la Durabilité des Systèmes Alimentaires | Des outils intelligents pour une utilsation agile du blé | Des Données aux Connaissances en Agronomie et Biodiversité | Pilotage et gouvernance du programme FairCarboN | Scenario labs to design and evaluate trajectories toward C neutrality;;;;und;Oui;;https://hal.science/hal-04313202v1
hal-03896531;Bioenergetic control of soil carbon dynamics across depth;Ludovic Henneron | Jérôme Balesdent | Gaël Alvarez | Pierre Barré | François Baudin | Isabelle Basile-Doelsch | Lauric Cécillon | Alejandro Fernandez-Martinez | Christine Hatté | Sébastien Fontaine;ART;2022-12-15;2022-12-12;2022-12-12;;0.sde | 1.sde.be | 0.sdv | 1.sdv.ee | 2.sdv.ee.eco;;ANAEE-FR | ARBRE | Pilotage et gouvernance du programme FairCarboN | DEDYCAS;ANR-11-INBS-0001 | ANR-11-LABX-0002 | ANR-22-PEXF-0001 | ANR-14-CE01-0004;ANAEE-Services | Recherches Avancées sur l'Arbre et les Ecosytèmes Forestiers | Pilotage et gouvernance du programme FairCarboN | Le carbone des sols, système dynamique dépendant de la profondeur : nouveaux concepts, mesures et modélisation;;Nature Communications;;en;Oui;Soil carbon dynamics is strongly controlled by depth globally, with increasingly slow dynamics found at depth. The mechanistic basis remains however controversial, limiting our ability to predict carbon cycle-climate feedbacks. Here we combine radiocarbon and thermal analyses with long-term incubations in absence/presence of continuously 13 C/ 14 C-labelled plants to show that bioenergetic constraints of decomposers consistently drive the depth-dependency of soil carbon dynamics over a range of mineral reactivity contexts. The slow dynamics of subsoil carbon is tightly related to both its low energy density and high activation energy of decomposition, leading to an unfavourable ‘return-on-energy-investment’ for decomposers. We also observe strong acceleration of millennia-old subsoil carbon decomposition induced by roots (‘rhizosphere priming’), showing that sufficient supply of energy by roots is able to alleviate the strong energy limitation of decomposition. These findings demonstrate that subsoil carbon persistence results from its poor energy quality together with the lack of energy supply by roots due to their low density at depth.;https://hal.science/hal-03896531v1
hal-03737919;Mapping soil organic carbon stocks in Tunisian topsoils;Haithem Bahri | Damien Raclot | Meriem Barbouchi | Philippe Lagacherie | Mohamed Annabi;ART;2022-07-25;2022-09;2022-09;FairCarboN | Digital soil mapping | Machine learning spatial prediction | Multiple soil classes | National approach | Quantile regression forest | Soil organic carbon stocks | Tunisian soils;0.sdv | 0.sdv | 1.sdv.sa | 2.sdv.sa.sds;;;;;;Geoderma Régional;;en;Non;Better knowledge of the amount and spatial distribution of soil organic carbon (SOC) stock at national level is a key element for monitoring, planning and decision-making regarding soil quality management, agriculture or carbon storage options. The present study proposes for the first time a Digital Soil Mapping (DSM) initiative to map SOC stocks in Tunisian topsoils (0–30 cm) at 100 m resolution, using a Quantile Regression Forest (QRF) algorithm, a range of environmental covariates, and a national database of 1540 SOC stock profiles. Our results provided a revised assessment of the SOC stock on the Tunisian territory at 391Tg C in the first 30 cm of soil profile, i.e. an average of 2.53 kg m-2. The map of SOC stocks outperformed global DSM products such as SoilGrids 2.0 in both R2 (0.44 vs. 0.15) and RMSE (1.94 vs. 2.52 kg m−2) and can be used as a benchmark against changes of land use and climate. The importance of the environmental covariates tested indicates the major role of bioclimatic data and, to a lesser extent, remote sensing images and topography-related variables. Our study did not show a significant added value of using additional covariates in relation to nationally available variables or the SOC map predicted by SoilGrids2.0. Finally, our results showed that increasing the quality and quantity of soil profile observations is most likely the best way to improve the future SOC map, starting with the northern region of Tunisia, which has the highest SOC stock predictions and uncertainties in the country. An alternative way would be the exploration of new covariates through sub-national approaches.;https://hal.inrae.fr/hal-03737919v1
hal-03592826;Identifying controls on organic matter enrichments in hemipelagic settings: a biomarker approach;Armelle Riboulleau | Melesio Quijada | Alexis Caillaud | Jean-Yves Reynaud | Jean-Noël Ferry | François Baudin | Nicolas Tribovillard;COMM;2022-03-01;2021-11-01;2021-11-01;Marnes Bleues Formation | OAE | Vocontian Basin | Biomarker;0.sdu;;Pilotage et gouvernance du programme FairCarboN;ANR-22-PEXF-0001;Pilotage et gouvernance du programme FairCarboN;;;27e édition de la Réunion des Sciences de la Terre;en;Non;The biomarker content of several dark coloured and/or organic-rich levels from the Marnes Bleues Formation (Aptian-Albian) from the Vocontian Basin (South-eastern France) was analysed in order to compare the modes of formation of such deposits in a hemipelagic, basinal setting. The studied levels include the Goguel and Paquier Levels, deposited during oceanic anoxic events (OAE) 1a and 1b, respectively. Unexpectedly, most studied samples show comparable biomarker contents, regardless of their richness in organic matter. The data indicates an organic matter of marine algal origin, deposited under oxygenated conditions. The Paquier level, however, shows an abundance of archaea-derived biomarkers and of organo-sulfur compounds in the extract, indicating deposition under reducing conditions. The Paquier level excepted, the biomarker content indicates that depositional conditions remained overall stable during deposition of the Marnes Bleues formation, including during OAE1a. Nevertheless variations of the relative proportions of steranes, hopanes, terrestrial plant biomarkers and fire-derived polyaromatic hydrocarbons, suggest that minor environmental changes occurred and occasionally favoured organic matter enrichment in the sediment. In the end, no unique mechanism explaining the deposition of these dark coloured and/or organic-rich levels can be identified.;https://hal.science/hal-03592826v1
hal-03125455;Topsoil organic matter build‐up in glacier forelands around the world;Norine Khedim | Lauric Cecillon | Jérôme Poulenard | Pierre Barré | François Baudin | Silvio Marta | Antoine Rabatel | Cédric Dentant | Sophie Cauvy‐fraunié | Fabien Anthelme | Ludovic Gielly | Roberto Ambrosini | Andrea Franzetti | Roberto Sergio Azzoni | Marco Stefano Caccianiga | Chiara Compostella | John Clague | Levan Tielidze | Erwan Messager | Philippe Choler | Gentile Francesco Ficetola;ART;2021-01-29;2021-04;2021-04;Chronosequence | Carbon stability | Climate sensitivity | Soil organic matter | Topsoil development | Chronosequence;0.sdv | 1.sdv.bid | 2.sdv.bid.spt | 0.sde | 1.sde.be | 0.sdv | 1.sdv.bv | 2.sdv.bv.bot | 0.sdv | 1.sdv.ee | 2.sdv.ee.eco;-Emergence(s) Programme Ville de Paris-European Community Horizon 2020 Programme : 772284-LabEx OSUG@2020  : ANR10 LABX56;OSUG@2020 | Pilotage et gouvernance du programme FairCarboN;ANR-10-LABX-0056 | ANR-22-PEXF-0001;Innovative strategies for observing and modelling natural systems | Pilotage et gouvernance du programme FairCarboN;;Global Change Biology;;en;Oui;"Since the last glacial maximum, soil formation related to ice-cover shrinkage has been one major sink of carbon accumulating as soil organic matter (SOM), a phenomenon accelerated by the ongoing global warming. In recently deglacierized forelands, processes of SOM accumulation, including those that control carbon and nitrogen sequestration rates and biogeochemical stability of newly sequestered carbon, remain poorly understood. Here, we investigate the build-up of SOM during the initial stages (up to 410 years) of topsoil development in 10 glacier forelands distributed on four continents. We test whether the net accumulation of SOM on glacier forelands (i) depends on the time since deglacierization and local climatic conditions (temperature and precipitation); (ii) is accompanied by a decrease in its stability and (iii) is mostly due to an increasing contribution of organic matter from plant origin. We measured total SOM concentration (carbon, nitrogen), its relative hydrogen/oxygen enrichment, stable isotopic (C-13, N-15) and carbon functional groups (C-H, C=O, C=C) compositions, and its distribution in carbon pools of different thermal stability. We show that SOM content increases with time and is faster on forelands experiencing warmer climates. The build-up of SOM pools shows consistent trends across the studied soil chronosequences. During the first decades of soil development, the low amount of SOM is dominated by a thermally stable carbon pool with a small and highly thermolabile pool. The stability of SOM decreases with soil age at all sites, indicating that SOM storage is dominated by the accumulation of labile SOM during the first centuries of soil development, and suggesting plant carbon inputs to soil (SOM depleted in nitrogen, enriched in hydrogen and in aromatic carbon). Our findings highlight the potential vulnerability of SOM stocks from proglacial areas to decomposition and suggest that their durability largely depends on the relative contribution of carbon inputs from plants.";https://hal.inrae.fr/hal-03125455v1
halshs-03048602;Climate change and population: an assessment of mortality due to health impacts;Antonin Pottier | Marc Fleurbaey | Aurélie Méjean | Stéphane Zuber;OTHER;2020-12-09;2020-12-09;2020-12-09;FairCarboN | Climate change | Endogenous population | Impacts | Mortality risk | Integrated assessment model;0.shs | 1.shs.eco | 0.shs | 1.shs.demo | 0.shs | 1.shs.envir;;FAIR-CLIMPOP | PGSE;ANR-16-CE03-0001 | ANR-17-EURE-0001;Equité, changement climatique et population | Ecole d'Economie de Paris;;Documents de travail du Centre d'Économie de la Sorbonne;;en;Oui;We develop a model of population dynamics accounting for the impact of climate change on mortality through ve channels (heat, diarrhoeal disease, malaria, dengue, undernutrition). An age-dependent mortality, which depends on global temperature increase, is introduced and calibrated. We consider three climate scenarios (RCP 6.0, RCP 4.5 and RCP 2.6) and find that the five risks induce deaths in the range from 135,000 per annum (in the near term) to 280,000 per annum (at the end of the century) in the RCP 6.0 scenario. We examine the number of life-years lost due to the five selected risks and find figures ranging from 4 to 9 million annually. These numbers are too low to impact the aggregate dynamics but they have interesting evolution patterns. The number of life-years lost is constant (RCP 6.0) or decreases over time (RCP 4.5 and RCP 2.6). For the RCP 4.5 and RCP 2.6 scenarios, we find that the number of life-years lost is higher today than in 2100, due to improvements in generic mortality conditions, the bias of those improvements towards the young, and an ageing population. From that perspective, the present generation is found to bear the brunt of the considered climate change impacts.;https://shs.hal.science/halshs-03048602v1
halshs-03048370;The welfare implications of climate change-related mortality: Inequality and population ethics;Marc Fleurbaey | Aurélie Méjean | Antonin Pottier | Stéphane Zuber;OTHER;2020-12-09;2020-03;2020-03;Population ethics | FairCarboN | Climate change-related mortality | Fairness | Inequality;0.shs | 1.shs.eco | 0.shs | 1.shs.envir;;FAIR-CLIMPOP | PGSE;ANR-16-CE03-0001 | ANR-17-EURE-0001;Equité, changement climatique et population | Ecole d'Economie de Paris;;Documents de travail du Centre d'Économie de la Sorbonne;;en;Oui;"Climate change-related mortality may strongly affect human well-being. By reducing life expectancy, it reduces the well-being of some infividuals. This may exacerbate existing inequalities: ex-ante inequality among people in different groups or regions of the world; ex-post inequality in experienced well-being by people in the same generation. But mortality may also reduce total population size by preventing some individuals from having children. This raises the population-ethical problem of how total population size should be valued. This paper proposes a methodology to measure te welfare effects of climate change through population and inequality change. We illustrate the methodology using a climate-economy integrated assessment model involving endogenous population change due to climate change-related mortality.";https://shs.hal.science/halshs-03048370v1
