Acronyme PEPR,projet,Type_Data,Libellé structure,Sigle structure,Code RNSR,Code Unité,Tutelles,Domaine scientifique,Discipline ERC,Adresse,Latitude,Longitude
FairCarboN,CABESTAN,Labo,Adaptation et diversité en milieu marin ,AD2M,200512529B,UMR 7144,CNRS / Sorbonne Université,"5-Biologie, médecine et santé","LS9-Biotechnology and Biosystems Engineering : Biotechnology using all organisms, biotechnology for environment and food applications, applied plant and animal sciences, bioengineering and synthetic biology, biomass and biofuels, biohazards",Place Georges Teissier - CS90074-29688-ROSCOFF CEDEX,48.7269243,-3.9876728
FairCarboN,CrosyeN,Labo,Institut Amélioration Génétique et Adaptation des Plantes méditerranéennes et Tropicales,AGAP,201119637B,UMR 1334,CIRAD / INRAE / Institut Agro / université de Montpellier / INRIA,10-Sciences agronomiques et écologiques," - LS9 : Biotechnology and Biosystems Engineering : Biotechnology using all organisms, biotechnology for environment and food applications, applied plant and animal sciences, bioengineering and synthetic biology, biomass and biofuels, biohazards",03 - Avenue Agropolis - 34398 Montpellier Cedex 5 France,43.6394783,3.8734664
FairCarboN,RhizoSeqC,Labo,Institut Amélioration Génétique et Adaptation des Plantes méditerranéennes et Tropicales,AGAP,201119637B,UMR 1334,CIRAD / INRAE / Institut Agro / université de Montpellier / INRIA,10-Sciences agronomiques et écologiques," - LS9 : Biotechnology and Biosystems Engineering : Biotechnology using all organisms, biotechnology for environment and food applications, applied plant and animal sciences, bioengineering and synthetic biology, biomass and biofuels, biohazards",03 - Avenue Agropolis - 34398 Montpellier Cedex 5 France,43.6394783,3.8734664
FairCarboN,SLAM-B,Labo,"AGroécologie, Innovations, teRritoires",AGIR,200317643U,UMR 1248,INRAE / INP TOULOUSE,7-Sciences de la société/ 10-Sciences agronomiques et écologiques / 6-Sciences humaines et humanités,,Chemin de Borderouge 31326 CASTANET TOLOSAN ,43.5274577,1.4982686
FairCarboN,CrosyeN,Labo,"AGroécologie, Innovations, teRritoires",AGIR,200317643U,UMR 1248,INRAE / INP TOULOUSE,7-Sciences de la société/ 10-Sciences agronomiques et écologiques / 6-Sciences humaines et humanités,,Chemin de Borderouge 31326 CASTANET TOLOSAN ,43.5274577,1.4982686
FairCarboN,CrosyeN,Labo,Agroécologie [Dijon],Agroécologie,201220381F,UMR 1347,INRAE/ UBFC / Institut Agro,"10-Sciences agronomiques et écologiques / 5-Biologie, médecine et santé / 3-Sciences de la terre et de l'univers, espace","LS1-Molecules of Life: Biological Mechanisms, Structures and Functions : Molecular biology, biochemistry, structural biology, molecular biophysics, synthetic and chemical biology, drug design, innovative methods and modelling,
LS3-Cellular, Developmental and Regenerative Biology : Structure and function of the cell, cell-cell communication, embryogenesis, tissue differentiation, organogenesis, growth, development, evolution of development, organoids, stem cells, regeneration, therapeutic approaches,
LS9-Biotechnology and Biosystems Engineering : Biotechnology using all organisms, biotechnology for environment and food applications, applied plant and animal sciences, bioengineering and synthetic biology, biomass and biofuels, biohazards,
LS8-Environmental Biology, Ecology and Evolution : Ecology, biodiversity, environmental change, evolutionary biology, behavioural ecology, microbial ecology, marine biology, ecophysiology, theoretical developments and modelling","INRAE, Centre de Dijon,  17 rue Sully, BP 86510 – 21065 DIJON Cédex",47.3172077,5.0693536
FairCarboN,CANETE,Labo,Agroécologie [Dijon],Agroécologie,201220381F,UMR 1347,INRAE/ UBFC / Institut Agro,"10-Sciences agronomiques et écologiques / 5-Biologie, médecine et santé / 3-Sciences de la terre et de l'univers, espace","LS1-Molecules of Life: Biological Mechanisms, Structures and Functions : Molecular biology, biochemistry, structural biology, molecular biophysics, synthetic and chemical biology, drug design, innovative methods and modelling,
LS3-Cellular, Developmental and Regenerative Biology : Structure and function of the cell, cell-cell communication, embryogenesis, tissue differentiation, organogenesis, growth, development, evolution of development, organoids, stem cells, regeneration, therapeutic approaches,
LS9-Biotechnology and Biosystems Engineering : Biotechnology using all organisms, biotechnology for environment and food applications, applied plant and animal sciences, bioengineering and synthetic biology, biomass and biofuels, biohazards,
LS8-Environmental Biology, Ecology and Evolution : Ecology, biodiversity, environmental change, evolutionary biology, behavioural ecology, microbial ecology, marine biology, ecophysiology, theoretical developments and modelling","INRAE, Centre de Dijon,  17 rue Sully, BP 86510 – 21065 DIJON Cédex",47.3172077,5.0693536
FairCarboN,CrosyeN,Labo,Agroécologie et intensification durables des cultures annuelles,AIDA,201421281A,UPR 115,CIRAD ,10-Sciences agronomiques et écologiques,"LS9-Biotechnology and Biosystems Engineering : Biotechnology using all organisms, biotechnology for environment and food applications, applied plant and animal sciences, bioengineering and synthetic biology, biomass and biofuels, biohazards",Avenue Agropolis-34398-Montpellier Cedex 5,43.64494300143383,3.869559219046218
FairCarboN,ALAMOD,Labo,Agroécologie et intensification durables des cultures annuelles,AIDA,201421281A,UPR 115,CIRAD ,10-Sciences agronomiques et écologiques,"LS9-Biotechnology and Biosystems Engineering : Biotechnology using all organisms, biotechnology for environment and food applications, applied plant and animal sciences, bioengineering and synthetic biology, biomass and biofuels, biohazards",Avenue Agropolis-34398-Montpellier Cedex 5,43.64494300143383,3.869559219046218
FairCarboN,RIFT,Labo,BotAnique et Modélisation de l'Architecture des Plantes et des Végétations,AMAP,200317641S,UMR 5120,INRAE / CNRS / IRD / CIRAD,10-Sciences agronomiques et écologiques / 9-Sciences et technologies de l'information et de la communication,"PE10-Earth System Science : Physical geography, geology, geophysics, atmospheric sciences, oceanography, climatology, cryology, ecology, global environmental change, biogeochemical cycles, natural resources management,
LS8-Environmental Biology, Ecology and Evolution : Ecology, biodiversity, environmental change, evolutionary biology, behavioural ecology, microbial ecology, marine biology, ecophysiology, theoretical developments and modelling","Parc Scientifique Agropolis, 2196 Bd de la Lironde, 34980 Montferrier-sur-Lez",43.663631,3.8459387
FairCarboN,TROPECOS,Labo,BotAnique et Modélisation de l'Architecture des Plantes et des Végétations,AMAP,200317641S,UMR 5120,INRAE / CNRS / IRD / CIRAD,10-Sciences agronomiques et écologiques / 9-Sciences et technologies de l'information et de la communication,"PE10-Earth System Science : Physical geography, geology, geophysics, atmospheric sciences, oceanography, climatology, cryology, ecology, global environmental change, biogeochemical cycles, natural resources management,
LS8-Environmental Biology, Ecology and Evolution : Ecology, biodiversity, environmental change, evolutionary biology, behavioural ecology, microbial ecology, marine biology, ecophysiology, theoretical developments and modelling","Parc Scientifique Agropolis, 2196 Bd de la Lironde, 34980 Montferrier-sur-Lez",43.663631,3.8459387
FairCarboN,GREENSCALE,Labo,ARVALIS,ARVALIS,,Entreprise partenaire,Entreprise partenaire,,,ARVALIS,48.3350668,2.3741995
FairCarboN,SLAM-B,Labo,Agrosystèmes tropicaux,ASTRO,201119636A,UR 1321,INRAE,10-Sciences agronomiques et écologiques,"LS9-Biotechnology and Biosystems Engineering : Biotechnology using all organisms, biotechnology for environment and food applications, applied plant and animal sciences, bioengineering and synthetic biology, biomass and biofuels, biohazards",INRA Domaine Duclos Petit-Bourg F-97170 Guadeloupe,16.201713362352596,-61.664843
FairCarboN,ALAMOD,Labo,Biogéochimie des Ecosystèmes Forestiers,BEF,200117918B,UR 1138,INRAE,10-Sciences agronomiques et écologiques,,INRA Champenoux-54280-Champenoux,48.744439,6.348987
FairCarboN,SLAM-B,Labo,Biogéochimie des Ecosystèmes Forestiers,BEF,200117918B,UR 1138,INRAE,10-Sciences agronomiques et écologiques,,INRA Champenoux-54280-Champenoux,48.744439,6.348987
FairCarboN,CANETE,Labo,Biogéochimie des Ecosystèmes Forestiers,BEF,200117918B,UR 1138,INRAE,10-Sciences agronomiques et écologiques,,INRA Champenoux-54280-Champenoux,48.744439,6.348987
FairCarboN,RhizoSeqC,Labo,Biogéochimie des Ecosystèmes Forestiers,BEF,200117918B,UR 1138,INRAE,10-Sciences agronomiques et écologiques,,INRA Champenoux-54280-Champenoux,48.744439,6.348987
FairCarboN,Drought for C,Labo,Biogéochimie des Ecosystèmes Forestiers,BEF,200117918B,UR 1138,INRAE,10-Sciences agronomiques et écologiques,,INRA Champenoux-54280-Champenoux,48.744439,6.348987
FairCarboN,SLAM-B,Labo,Bureau d'Économie Théorique et Appliquée,BETA,,UMR 7522,Université de Strasbourg / Université de Lorraine / INRAE / AgroParisTech / CNRS,7-Sciences de la société,,"13 place Carnot CO 70026, 54035 Nancy",48.6968381,6.1749763
FairCarboN,GREENSCALE,Labo,Institut de Biosciences et Biotechnologies d'Aix-Marseille (ex-IBEB),BIAM,201622497N,UMR 7265,CEA / CNRS / Aix-Marseille Université,"5-Biologie, médecine et santé","LS1 : Molecules of Life: Biological Mechanisms, Structures and Functions : Molecular biology, biochemistry, structural biology, molecular biophysics, synthetic and chemical biology, drug design, innovative methods and modelling ","CEA Cadarache, Zone Cité des Énergies BIAM, Bâtiment 1900, 13108 Saint-Paul-lez-Durance",43.6997348622178,5.74073707666759
FairCarboN,RhizoSeqC,Labo,Institut de Biosciences et Biotechnologies d'Aix-Marseille (ex-IBEB),BIAM,201622497N,UMR 7265,CEA / CNRS / Aix-Marseille Université,"5-Biologie, médecine et santé","LS1 : Molecules of Life: Biological Mechanisms, Structures and Functions : Molecular biology, biochemistry, structural biology, molecular biophysics, synthetic and chemical biology, drug design, innovative methods and modelling ","CEA Cadarache, Zone Cité des Énergies BIAM, Bâtiment 1900, 13108 Saint-Paul-lez-Durance",43.6997348622178,5.74073707666759
FairCarboN,CO2_CMPhi,Labo,Institut de Biosciences et Biotechnologies d'Aix-Marseille (ex-IBEB),BIAM,201622497N,UMR 7265,CEA / CNRS / Aix-Marseille Université,"5-Biologie, médecine et santé","LS1 : Molecules of Life: Biological Mechanisms, Structures and Functions : Molecular biology, biochemistry, structural biology, molecular biophysics, synthetic and chemical biology, drug design, innovative methods and modelling ","CEA Cadarache, Zone Cité des Énergies BIAM, Bâtiment 1900, 13108 Saint-Paul-lez-Durance",43.6997348622178,5.74073707666759
FairCarboN,CANETE,Labo,BioEcoAgro - Unité transfrontalière INRAE,BioEcoAgro,202023591K,UMRT 1158,INRAE / Université de Liège / Université de Lille / Université de Picardie Jules Verne,10-Sciences agronomiques et écologiques / 8-Sciences pour l'ingénieur,"LS3-Cellular, Developmental and Regenerative Biology : Structure and function of the cell, cell-cell communication, embryogenesis, tissue differentiation, organogenesis, growth, development, evolution of development, organoids, stem cells, regeneration, therapeutic approaches,
LS2-Integrative Biology: from Genes and Genomes to Systems : Genetics, epigenetics, genomics and other ‘omics studies, bioinformatics, systems biology, genetic diseases, gene editing, innovative methods and modelling, ‘omics for personalised medicine,
LS9-Biotechnology and Biosystems Engineering : Biotechnology using all organisms, biotechnology for environment and food applications, applied plant and animal sciences, bioengineering and synthetic biology, biomass and biofuels, biohazards,
PE8-Products and Processes Engineering : Product and process design, chemical, civil, environmental, mechanical, vehicle engineering, energy processes and relevant computational methods,
LS1-Molecules of Life: Biological Mechanisms, Structures and Functions : Molecular biology, biochemistry, structural biology, molecular biophysics, synthetic and chemical biology, drug design, innovative methods and modelling",INRAE - LAON - Pôle du Griffon - 180 RUE Pierre-Gilles de Gennes - 02000 BARENTON BUGNY,48.7140958,2.1959595
FairCarboN,CrosyeN,Labo,BioEcoAgro - Unité transfrontalière INRAE,BioEcoAgro,202023591K,UMRT 1158,INRAE / Université de Liège / Université de Lille / Université de Picardie Jules Verne,10-Sciences agronomiques et écologiques / 8-Sciences pour l'ingénieur,"LS3-Cellular, Developmental and Regenerative Biology : Structure and function of the cell, cell-cell communication, embryogenesis, tissue differentiation, organogenesis, growth, development, evolution of development, organoids, stem cells, regeneration, therapeutic approaches,
LS2-Integrative Biology: from Genes and Genomes to Systems : Genetics, epigenetics, genomics and other ‘omics studies, bioinformatics, systems biology, genetic diseases, gene editing, innovative methods and modelling, ‘omics for personalised medicine,
LS9-Biotechnology and Biosystems Engineering : Biotechnology using all organisms, biotechnology for environment and food applications, applied plant and animal sciences, bioengineering and synthetic biology, biomass and biofuels, biohazards,
PE8-Products and Processes Engineering : Product and process design, chemical, civil, environmental, mechanical, vehicle engineering, energy processes and relevant computational methods,
LS1-Molecules of Life: Biological Mechanisms, Structures and Functions : Molecular biology, biochemistry, structural biology, molecular biophysics, synthetic and chemical biology, drug design, innovative methods and modelling",INRAE - LAON - Pôle du Griffon - 180 RUE Pierre-Gilles de Gennes - 02000 BARENTON BUGNY,48.7140958,2.1959595
FairCarboN,CO2_CMPhi,Labo,Bioénergétique et Ingénierie des Protéines,BIP,201220269J,UMR 7281,CNRS / Aix-Marseille Université,"4-Chimie / 5-Biologie, médecine et santé"," - LS8 : Environmental Biology, Ecology and Evolution : Ecology, biodiversity, environmental change, evolutionary biology, behavioural ecology, microbial ecology, marine biology, ecophysiology, theoretical developments and modelling
 - LS2 : Integrative Biology: from Genes and Genomes to Systems : Genetics, epigenetics, genomics and other ‘omics studies, bioinformatics, systems biology, genetic diseases, gene editing, innovative methods and modelling, ‘omics for personalised medicine
 - LS1 : Molecules of Life: Biological Mechanisms, Structures and Functions : Molecular biology, biochemistry, structural biology, molecular biophysics, synthetic and chemical biology, drug design, innovative methods and modelling
 - PE4 : Physical and analytical chemical sciences : analytical chemistry, chemical theory, physical chemistry/chemical physics
 - PE9 : Universe Sciences : Astro-physics/-chemistry/-biology; solar system; planetary systems; stellar, galactic and extragalactic astronomy; cosmology; space sciences; astronomical instrumentation and data","31, chemin Joseph Aiguier, 13402 Marseille cedex 9",43.25694,5.40709
FairCarboN,DEEP-C,Labo,Université de Bruxelles Libre,BMES,,Université belge,Université belge,,,Bruxelles,50.8105006,4.3813825
FairCarboN,TROPECOS,Labo,Laboratoire de Biologie des Organismes et des Ecosystèmes Aquatiques,BOREA,200919362L,UMR 8067,CNRS / IRD / MNHM,"10-Sciences agronomiques et écologiques / 5-Biologie, médecine et santé",,"43 rue Cuvier, CP 26 - 75231 Paris Cedex 05, France",48.8449556,2.3574309
FairCarboN,CarboNium,Labo,Laboratoire de Biologie des Organismes et des Ecosystèmes Aquatiques,BOREA,200919362L,UMR 8067,CNRS / IRD / MNHM,"10-Sciences agronomiques et écologiques / 5-Biologie, médecine et santé",,"43 rue Cuvier, CP 26 - 75231 Paris Cedex 05, France",48.8449556,2.3574309
FairCarboN,DEEP-C,Labo,University of Innsbruck ,BOTANY,,Université autrichienne,Université autrichienne,,,"Innrain 52, A-6020 Innsbruck",47.2654296,11.3927685
FairCarboN,CarboNium,Labo,carboflux,CARBOFLUX,,Entreprise partenaire,Entreprise partenaire,,,,46.14175415039063,-1.1513279676437378
FairCarboN,DEEP-C,Labo,Centre Alpin de Recherche sur les Réseaux Trophiques des Ecosystèmes Limniques,CARRTEL,196417921R,UMR 0042,INRAE / USMB,10-Sciences agronomiques et écologiques,,75 avenue de Corzent - 74203 THONON LES BAINS cedex,46.3671765,6.4564939
FairCarboN,CarboNium,Labo,Centre Alpin de Recherche sur les Réseaux Trophiques des Ecosystèmes Limniques,CARRTEL,196417921R,UMR 0042,INRAE / USMB,10-Sciences agronomiques et écologiques,,75 avenue de Corzent - 74203 THONON LES BAINS cedex,46.3671765,6.4564939
FairCarboN,CLIM-FAS,Labo,Centre d'Economie de l'Environnement - Montpellier,CEE-M,201822742W ,UMR 5215,CNRS / Université de Montpellier / INRAE / Institut Agro,10-Sciences agronomiques et écologiques / 7-Sciences de la société / 6-Sciences humaines et humanités,"SH1 : Individuals, Markets and Organisations : Economics, finance, management ;  SH2 : Institutions, Governance and Legal Systems : Political science, international relations, law ; SH3 : The Social World and Its Diversity : Sociology, social psychology, social anthropology, education sciences, communication studies",INRAE - Institut Agro bâtiment 26 2 place viala 34060 Montpellier Cedex 2,43.617144,3.8547696
FairCarboN,Drought for C,Labo,Centre d'Ecologie Fonctionnelle et Evolutive,CEFE,200311847U,UMR 5175,INRAE / Institut Agro / Université de Montpellier,"3-Sciences de la terre et de l'univers, espace / 10-Sciences agronomiques et écologiques / 6-Sciences humaines et humanités","LS9-Biotechnology and Biosystems Engineering : Biotechnology using all organisms, biotechnology for environment and food applications, applied plant and animal sciences, bioengineering and synthetic biology, biomass and biofuels, biohazards,
LS8-Environmental Biology, Ecology and Evolution : Ecology, biodiversity, environmental change, evolutionary biology, behavioural ecology, microbial ecology, marine biology, ecophysiology, theoretical developments and modelling",1919 Route de Mende 34293 Montpellier cedex 5 France,43.6384009,3.8648506
FairCarboN,CarboNium,Labo,Centre de Formation et de Recherche sur les Environnements Méditerranéens,CEFREM,199911795E,UMR 5110,CNRS / Université de Perpignan,10-Sciences agronomiques et écologiques,,52 avenue Paul Alduy - 66860 PERPIGNAN Cedex 09 - FRANCE,42.682809,2.901667
FairCarboN,RhizoSeqC,Labo,Centre de recherche et d'enseignement des géosciences de l'Environnement,CEREGE,201220322S,UMR 7330,IRD / CNRS / Université Aix-Marseille / INRAE / Collège de France,"3-Sciences de la terre et de l'univers, espace",,"Technopôle de l’Arbois-Méditerranée
BP80, CEDEX 04
13545 Aix-en-Provence
France",43.4909505,5.3321845
FairCarboN,RIFT,Labo,Centre d'études spatiales de la biosphère,CESBIO,200317531X,UMR 5126,CNES / CNRS / INRAE,"9-Sciences et technologies de l'information et de la communication / 3-Sciences de la terre et de l'univers, espace / 10-Sciences agronomiques et écologiques",,18 avenue Edouard Belin 31401 TOULOUSE CEDEX 9,43.5618099,1.4817304
FairCarboN,ALAMOD,Labo,Centre d'études spatiales de la biosphère,CESBIO,200317531X,UMR 5126,CNES / CNRS / INRAE,"9-Sciences et technologies de l'information et de la communication / 3-Sciences de la terre et de l'univers, espace / 10-Sciences agronomiques et écologiques",,18 avenue Edouard Belin 31401 TOULOUSE CEDEX 9,43.5618099,1.4817304
FairCarboN,PREFALIM,Labo,Centre Maurice Halbwachs,CMH,200012756V,UMR 8097,ENS / EHESS / CNRS / INRAE,7-Sciences de la société,,"48 boulevard Jourdan
75014 PARIS ",48.8222725,2.3308584
FairCarboN,SLAM-B,Labo,Centre national de recherches météorologiques,CNRM,201320566C,UMR 3589,CNRS / Météo France,"3-Sciences de la terre et de l'univers, espace",,Avenue Gaspard Coriolis 31057 TOULOUSE,43.5775774,1.3753268
FairCarboN,PEACE,Labo,Centre national de recherches météorologiques,CNRM,201320566C,UMR 3589,CNRS / Météo France,"3-Sciences de la terre et de l'univers, espace",,Avenue Gaspard Coriolis 31057 TOULOUSE,43.5775774,1.3753268
FairCarboN,PEACE,Labo,Centre de Recherche sur la Biodiversité et l'Environnement,CRBE,202424488T,UMR 5300,CNRS / IRD / INP TOULOUSE / Université de Toulouse,10-Sciences agronomiques et écologiques,,118 route de Narbonne - 31062 TOULOUSE CEDEX 9,43.5616165,1.4629966
FairCarboN,CarboNium,Labo,Centre de Recherche sur la Biodiversité et l'Environnement,CRBE,202424488T,UMR 5300,CNRS / IRD / INP TOULOUSE / Université de Toulouse,10-Sciences agronomiques et écologiques,,118 route de Narbonne - 31062 TOULOUSE CEDEX 9,43.5616165,1.4629966
FairCarboN,CLIM-FAS,Labo,Centre de recherches juridiques,CRJ,199513658X,EA 1965,Université Grenoble Alpes,7-Sciences de la société,"SH2 : Institutions, Governance and Legal Systems : Political science, international relations, law",Faculté de droit BP47 38040 Grenoble Cedex 9,45.16667,5.71667
FairCarboN,RhizoSeqC,Labo,"Diversité, adpatation et développement des plantes",DIADE,201119426X,UMR 232,CIRAD / IRD / Université de Montpellier,"5-Biologie, médecine et santé"," - LS8 : Environmental Biology, Ecology and Evolution : Ecology, biodiversity, environmental change, evolutionary biology, behavioural ecology, microbial ecology, marine biology, ecophysiology, theoretical developments and modelling
 - LS2 : Integrative Biology: from Genes and Genomes to Systems : Genetics, epigenetics, genomics and other ‘omics studies, bioinformatics, systems biology, genetic diseases, gene editing, innovative methods and modelling, ‘omics for personalised medicine
 - LS3 : Cell Biology, Development, Stem Cells and Regeneration : Structure and function of the cell, cell-cell communication, embryogenesis, tissue differentiation, organogenesis, growth, development, evolution of development, organoids, stem cells, regeneration, therapeutic approaches","911 Avenue Agropolis, 34093 Montpellier, France",43.6458883,3.8683797
FairCarboN,RIFT,Labo,Ecologie Fonctionnelle et Biogéochimie des Sols et Agrosystèmes,Eco&Sols,199917859W,UMR 210,INRAE / IRD / Institut Agro / CIRAD,10-Sciences agronomiques et écologiques,"LS9-Biotechnology and Biosystems Engineering : Biotechnology using all organisms, biotechnology for environment and food applications, applied plant and animal sciences, bioengineering and synthetic biology, biomass and biofuels, biohazards",Campus Institut Agro Montpellier- 2 PLACE Viala - 34060 MONTPELLIER CEDEX 2,43.617144,3.8547696
FairCarboN,ALAMOD,Labo,Ecologie Fonctionnelle et Biogéochimie des Sols et Agrosystèmes,Eco&Sols,199917859W,UMR 210,INRAE / IRD / Institut Agro / CIRAD,10-Sciences agronomiques et écologiques,"LS9-Biotechnology and Biosystems Engineering : Biotechnology using all organisms, biotechnology for environment and food applications, applied plant and animal sciences, bioengineering and synthetic biology, biomass and biofuels, biohazards",Campus Institut Agro Montpellier- 2 PLACE Viala - 34060 MONTPELLIER CEDEX 2,43.617144,3.8547696
FairCarboN,CANETE,Labo,Ecologie Fonctionnelle et Biogéochimie des Sols et Agrosystèmes,Eco&Sols,199917859W,UMR 210,INRAE / IRD / Institut Agro / CIRAD,10-Sciences agronomiques et écologiques,"LS9-Biotechnology and Biosystems Engineering : Biotechnology using all organisms, biotechnology for environment and food applications, applied plant and animal sciences, bioengineering and synthetic biology, biomass and biofuels, biohazards",Campus Institut Agro Montpellier- 2 PLACE Viala - 34060 MONTPELLIER CEDEX 2,43.617144,3.8547696
FairCarboN,RhizoSeqC,Labo,Ecologie Fonctionnelle et Biogéochimie des Sols et Agrosystèmes,Eco&Sols,199917859W,UMR 210,INRAE / IRD / Institut Agro / CIRAD,10-Sciences agronomiques et écologiques,"LS9-Biotechnology and Biosystems Engineering : Biotechnology using all organisms, biotechnology for environment and food applications, applied plant and animal sciences, bioengineering and synthetic biology, biomass and biofuels, biohazards",Campus Institut Agro Montpellier- 2 PLACE Viala - 34060 MONTPELLIER CEDEX 2,43.617144,3.8547696
FairCarboN,SLAM-B,Labo,Ecologie Fonctionnelle et Biogéochimie des Sols et Agrosystèmes,Eco&Sols,199917859W,UMR 210,INRAE / IRD / Institut Agro / CIRAD,10-Sciences agronomiques et écologiques,"LS9-Biotechnology and Biosystems Engineering : Biotechnology using all organisms, biotechnology for environment and food applications, applied plant and animal sciences, bioengineering and synthetic biology, biomass and biofuels, biohazards",Campus Institut Agro Montpellier- 2 PLACE Viala - 34060 MONTPELLIER CEDEX 2,43.617144,3.8547696
FairCarboN,Drought for C,Labo,Ecologie Fonctionnelle et Biogéochimie des Sols et Agrosystèmes,Eco&Sols,199917859W,UMR 210,INRAE / IRD / Institut Agro / CIRAD,10-Sciences agronomiques et écologiques,"LS9-Biotechnology and Biosystems Engineering : Biotechnology using all organisms, biotechnology for environment and food applications, applied plant and animal sciences, bioengineering and synthetic biology, biomass and biofuels, biohazards",Campus Institut Agro Montpellier- 2 PLACE Viala - 34060 MONTPELLIER CEDEX 2,43.617144,3.8547696
FairCarboN,CrosyeN,Labo,Ecologie Fonctionnelle et Biogéochimie des Sols et Agrosystèmes,Eco&Sols,199917859W,UMR 210,INRAE / IRD / Institut Agro / CIRAD,10-Sciences agronomiques et écologiques,"LS9-Biotechnology and Biosystems Engineering : Biotechnology using all organisms, biotechnology for environment and food applications, applied plant and animal sciences, bioengineering and synthetic biology, biomass and biofuels, biohazards",Campus Institut Agro Montpellier- 2 PLACE Viala - 34060 MONTPELLIER CEDEX 2,43.617144,3.8547696
FairCarboN,CarboNium,Labo,"Ecosystèmes, Biodiversité, Evolution",ECOBIO,199612339J,UMR 6553,CNRS / Université de Rennes,10-Sciences agronomiques et écologiques," - LS8 : Environmental Biology, Ecology and Evolution : Ecology, biodiversity, environmental change, evolutionary biology, behavioural ecology, microbial ecology, marine biology, ecophysiology, theoretical developments and modelling","campus de beaulieu- BAT 14
263 avenue général leclerc
35042 Rennes ",48.1181943,-1.6362411
FairCarboN,RhizoSeqC,Labo,Laboratoire d'Etude et Compréhension de la Biodiversité,ECODIV,200417730J,EA 1499,INRAE / Université de Rouen,10-Sciences agronomiques et écologiques,,"Mont-Saint-Aignan, Seine-Maritime, France",49.46307,1.09364
FairCarboN,PEPR,Labo,Ecologie fonctionnelle et écotoxicologie des agroécosystèmes,ECOSYS,201521783S,UMR 1402,AgroParisTech / Université Paris-Saclay / INRAE,10-Sciences agronomiques et écologiques,"LS8-Environmental Biology, Ecology and Evolution : Ecology, biodiversity, environmental change, evolutionary biology, behavioural ecology, microbial ecology, marine biology, ecophysiology, theoretical developments and modelling",Campus Agro Paris-Saclay - 22 place de l'Agronomie - 91120 PALAISEAU,48.7140958,2.1959595
FairCarboN,ALAMOD,Labo,Ecologie fonctionnelle et écotoxicologie des agroécosystèmes,ECOSYS,201521783S,UMR 1402,AgroParisTech / Université Paris-Saclay / INRAE,10-Sciences agronomiques et écologiques,"LS8-Environmental Biology, Ecology and Evolution : Ecology, biodiversity, environmental change, evolutionary biology, behavioural ecology, microbial ecology, marine biology, ecophysiology, theoretical developments and modelling",Campus Agro Paris-Saclay - 22 place de l'Agronomie - 91120 PALAISEAU,48.7140958,2.1959595
FairCarboN,DEEP-C,Labo,Ecologie fonctionnelle et écotoxicologie des agroécosystèmes,ECOSYS,201521783S,UMR 1402,AgroParisTech / Université Paris-Saclay / INRAE,10-Sciences agronomiques et écologiques,"LS8-Environmental Biology, Ecology and Evolution : Ecology, biodiversity, environmental change, evolutionary biology, behavioural ecology, microbial ecology, marine biology, ecophysiology, theoretical developments and modelling",Campus Agro Paris-Saclay - 22 place de l'Agronomie - 91120 PALAISEAU,48.7140958,2.1959595
FairCarboN,CANETE,Labo,Ecologie fonctionnelle et écotoxicologie des agroécosystèmes,ECOSYS,201521783S,UMR 1402,AgroParisTech / Université Paris-Saclay / INRAE,10-Sciences agronomiques et écologiques,"LS8-Environmental Biology, Ecology and Evolution : Ecology, biodiversity, environmental change, evolutionary biology, behavioural ecology, microbial ecology, marine biology, ecophysiology, theoretical developments and modelling",Campus Agro Paris-Saclay - 22 place de l'Agronomie - 91120 PALAISEAU,48.7140958,2.1959595
FairCarboN,RhizoSeqC,Labo,Ecologie fonctionnelle et écotoxicologie des agroécosystèmes,ECOSYS,201521783S,UMR 1402,AgroParisTech / Université Paris-Saclay / INRAE,10-Sciences agronomiques et écologiques,"LS8-Environmental Biology, Ecology and Evolution : Ecology, biodiversity, environmental change, evolutionary biology, behavioural ecology, microbial ecology, marine biology, ecophysiology, theoretical developments and modelling",Campus Agro Paris-Saclay - 22 place de l'Agronomie - 91120 PALAISEAU,48.7140958,2.1959595
FairCarboN,DEEP-C,Labo,Electricité de France,EDF,,Entreprise partenaire,Entreprise partenaire,,,Le bourget du lac,45.6,5.8
FairCarboN,DEEP-C,Labo,"Environnements, Dynamiques et Territoires de Montagne ",EDYTEM,200511874P,UMR 5204,CNRS / USMB,2-Physique,"SH3-The Social World and Its Diversity : Sociology, social psychology, social anthropology, education sciences, communication studies","5, bd de la mer Caspienne - F-73376 Le Bourget du Lac cedex",45.6402904,5.8725419
FairCarboN,CarboNium,Labo,"Environnements, Dynamiques et Territoires de Montagne ",EDYTEM,200511874P,UMR 5204,CNRS / USMB,2-Physique,"SH3-The Social World and Its Diversity : Sociology, social psychology, social anthropology, education sciences, communication studies","5, bd de la mer Caspienne - F-73376 Le Bourget du Lac cedex",45.6402904,5.8725419
FairCarboN,ALAMOD,Labo,Université belge,Université belge,,,,,,"Louvain, Belgique",50.879202,4.7011675
FairCarboN,ALAMOD,Labo,Environnement Méditerranéen et Modélisation des Agro-Hydrosystèmes,EMMAH,199917981D,UMR 1114,Université d'Avignon / INRAE,10-Sciences agronomiques et écologiques / 2-Physique,"
    PE10 : Earth System Science : Physical geography, geology, geophysics, atmospheric sciences, oceanography, climatology, cryology, ecology, global environmental change, biogeochemical cycles, natural resources management
    LS8 : Environmental Biology, Ecology and Evolution : Ecology, biodiversity, environmental change, evolutionary biology, behavioural ecology, microbial ecology, marine biology, ecophysiology, theoretical developments and modelling
    LS9 : Biotechnology and Biosystems Engineering : Biotechnology using all organisms, biotechnology for environment and food applications, applied plant and animal sciences, bioengineering and synthetic biology, biomass and biofuels, biohazards",Site Agroparc 228 route de l'Aérodrome CS40509 84914 AVIGNON,43.91525697745867,4.878454874866714
FairCarboN,SLAM-B,Labo,Environnement Méditerranéen et Modélisation des Agro-Hydrosystèmes,EMMAH,199917981D,UMR 1114,Université d'Avignon / INRAE,10-Sciences agronomiques et écologiques / 2-Physique,"
    PE10 : Earth System Science : Physical geography, geology, geophysics, atmospheric sciences, oceanography, climatology, cryology, ecology, global environmental change, biogeochemical cycles, natural resources management
    LS8 : Environmental Biology, Ecology and Evolution : Ecology, biodiversity, environmental change, evolutionary biology, behavioural ecology, microbial ecology, marine biology, ecophysiology, theoretical developments and modelling
    LS9 : Biotechnology and Biosystems Engineering : Biotechnology using all organisms, biotechnology for environment and food applications, applied plant and animal sciences, bioengineering and synthetic biology, biomass and biofuels, biohazards",Site Agroparc 228 route de l'Aérodrome CS40509 84914 AVIGNON,43.91525697745867,4.878454874866714
FairCarboN,TROPECOS,Labo,Environnements et paléoenvironnements océaniques et continentaux,EPOC,199512085M,UMR 5805,CNRS / INP BORDEAUX / Université de Bordeaux / EPHE,"5-Biologie, médecine et santé / 2-Physique / 4-Chimie",,Allée Geoffroy Saint Hilaire-33615-PESSAC CEDEX,44.80705,-0.596097
FairCarboN,CABESTAN,Labo,Environnements et paléoenvironnements océaniques et continentaux,EPOC,199512085M,UMR 5805,CNRS / INP BORDEAUX / Université de Bordeaux / EPHE,"5-Biologie, médecine et santé / 2-Physique / 4-Chimie",,Allée Geoffroy Saint Hilaire-33615-PESSAC CEDEX,44.80705,-0.596097
FairCarboN,CarboNium,Labo,Environnements et paléoenvironnements océaniques et continentaux,EPOC,199512085M,UMR 5805,CNRS / INP BORDEAUX / Université de Bordeaux / EPHE,"5-Biologie, médecine et santé / 2-Physique / 4-Chimie",,Allée Geoffroy Saint Hilaire-33615-PESSAC CEDEX,44.80705,-0.596097
FairCarboN,CANETE,Labo,"Écologie, systématique et évolution",ESE,200212739T,UMR 8079,AgroParisTech / Université Paris-Saclay / CNRS,10-Sciences agronomiques et écologiques / 8-Sciences pour l'ingénieur,"LS9-Biotechnology and Biosystems Engineering : Biotechnology using all organisms, biotechnology for environment and food applications, applied plant and animal sciences, bioengineering and synthetic biology, biomass and biofuels, biohazards","Université Paris-Saclay, Bâtiment IDEEV - 680, 12 Route RD128-91190-Gif-Sur-Yvette",48.71051406860352,2.1532793045043945
FairCarboN,Drought for C,Labo,"Écologie, systématique et évolution",ESE,200212739T,UMR 8079,AgroParisTech / Université Paris-Saclay / CNRS,10-Sciences agronomiques et écologiques / 8-Sciences pour l'ingénieur,"LS9-Biotechnology and Biosystems Engineering : Biotechnology using all organisms, biotechnology for environment and food applications, applied plant and animal sciences, bioengineering and synthetic biology, biomass and biofuels, biohazards","Université Paris-Saclay, Bâtiment IDEEV - 680, 12 Route RD128-91190-Gif-Sur-Yvette",48.71051406860352,2.1532793045043945
FairCarboN,ALAMOD,Labo,Fractionnement des Agro-Ressources et  Environnement,FARE,199417885W,UMR 0614,INRAE / Université de Reims,8-Sciences pour l'ingénieur / 10-Sciences agronomiques et écologiques,"LS9-Biotechnology and Biosystems Engineering : Biotechnology using all organisms, biotechnology for environment and food applications, applied plant and animal sciences, bioengineering and synthetic biology, biomass and biofuels, biohazards",2 esplanade Roland Garros BP 224-51686-Reims,49.2384995,4.0625913
FairCarboN,CANETE,Labo,Fractionnement des Agro-Ressources et  Environnement,FARE,199417885W,UMR 0614,INRAE / Université de Reims,8-Sciences pour l'ingénieur / 10-Sciences agronomiques et écologiques,"LS9-Biotechnology and Biosystems Engineering : Biotechnology using all organisms, biotechnology for environment and food applications, applied plant and animal sciences, bioengineering and synthetic biology, biomass and biofuels, biohazards",2 esplanade Roland Garros BP 224-51686-Reims,49.2384995,4.0625913
FairCarboN,SLAM-B,Labo,Fractionnement des Agro-Ressources et  Environnement,FARE,199417885W,UMR 0614,INRAE / Université de Reims,8-Sciences pour l'ingénieur / 10-Sciences agronomiques et écologiques,"LS9-Biotechnology and Biosystems Engineering : Biotechnology using all organisms, biotechnology for environment and food applications, applied plant and animal sciences, bioengineering and synthetic biology, biomass and biofuels, biohazards",2 esplanade Roland Garros BP 224-51686-Reims,49.2384995,4.0625913
FairCarboN,PREFALIM,Labo,Laboratoire d’Economie Appliquée de Grenoble ,GAEL,200317671Z,UMR 5313,INRAE / CNRS / INP GRENOBLE / Université Grenoble Alpes,7-Sciences de la société / 10-Sciences agronomiques et écologiques,"SH1 : Individuals, Markets and Organisations : Economics, finance, management","1241 Rue des Résidences
38400 Saint-Martin-d'Hères",45.1893466,5.7727976
FairCarboN,DEEP-C,Labo,Géographie de l'environnement ,GEODE,199512032E,UMR 5602,CNRS / Université de Toulouse,6-Sciences humaines et humanités,,"5, allées Antonio Machado
Toulouse cedex 9",43.57804107666016,1.4052337408065796
FairCarboN,PEACE,Labo,Géosciences Paris-Saclay,GEOPS,200412804E,UMR 8148,CNRS / Université Paris-Saclay,"3-Sciences de la terre et de l'univers, espace",,Université Paris-Saclay - Faculté des Sciences - Bâtiment 504 91405 ORSAY CEDEX,48.7098718,2.1666978
FairCarboN,CarboNium,Labo,Centre de géoscience - Fontainebleau,Geosciences Fontainebleau,,Institut Carnot,Mines Paris / PSL / CNRS,"3-Sciences de la terre et de l'univers, espace",,35 rue Saint-Honoré 77305 Fontainebleau,48.84601593017578,2.355226516723633
FairCarboN,CarboNium,Labo,Géosciences Rennes,Geosciences Rennes,200012191F,UMR 6118,CNRS / Université de Rennes,"3-Sciences de la terre et de l'univers, espace","PE10 : Earth System Science : Physical geography, geology, geophysics, atmospheric sciences, oceanography, climatology, cryology, ecology, global environmental change, biogeochemical cycles, natural resources management ","Université de Rennes 2 - Campus de Villejean, Square Yves Le Moine, 35043 Rennes, France",48.1193848,-1.701487
FairCarboN,PEACE,Labo,Géosciences Rennes,Geosciences Rennes,200012191F,UMR 6118,CNRS / Université de Rennes,"3-Sciences de la terre et de l'univers, espace","PE10 : Earth System Science : Physical geography, geology, geophysics, atmospheric sciences, oceanography, climatology, cryology, ecology, global environmental change, biogeochemical cycles, natural resources management ","Université de Rennes 2 - Campus de Villejean, Square Yves Le Moine, 35043 Rennes, France",48.1193848,-1.701487
FairCarboN,RIFT,Labo,Géosciences Environnement Toulouse,GET,201119478D,UMR 5563,Université de Toulouse / CNRS / IRD / CNES / BRGM,"3-Sciences de la terre et de l'univers, espace",,14 avenue Edouard Belin 31400 TOULOUSE,43.5631211,1.4797439
FairCarboN,PEACE,Labo,Géosciences Environnement Toulouse,GET,201119478D,UMR 5563,Université de Toulouse / CNRS / IRD / CNES / BRGM,"3-Sciences de la terre et de l'univers, espace",,14 avenue Edouard Belin 31400 TOULOUSE,43.5631211,1.4797439
FairCarboN,CarboNium,Labo,Géosciences Environnement Toulouse,GET,201119478D,UMR 5563,Université de Toulouse / CNRS / IRD / CNES / BRGM,"3-Sciences de la terre et de l'univers, espace",,14 avenue Edouard Belin 31400 TOULOUSE,43.5631211,1.4797439
FairCarboN,RIFT,Labo,Hydrosciences Montpellier,HSM,199512007C,UMR 5151,Université de Montpellier / CNRS / IRD,"5-Biologie, médecine et santé / 3-Sciences de la terre et de l'univers, espace","LS8-Environmental Biology, Ecology and Evolution : Ecology, biodiversity, environmental change, evolutionary biology, behavioural ecology, microbial ecology, marine biology, ecophysiology, theoretical developments and modelling,
PE10-Earth System Science : Physical geography, geology, geophysics, atmospheric sciences, oceanography, climatology, cryology, ecology, global environmental change, biogeochemical cycles, natural resources management",Université de Montpellier Faculté de Pharmacie Bâtiment Hydropolis et Batiment C 15 Avenue Charles Flahault 34090 MONTPELLIER,43.6221233,3.8618712
FairCarboN,CANETE,Labo,Interactions Arbres/Micro-organismes,IAM,200117307M,UMR 1136,INRAE / Université de Lorraine,"10-Sciences agronomiques et écologiques / 5-Biologie, médecine et santé","LS2-Integrative Biology: from Genes and Genomes to Systems : Genetics, epigenetics, genomics and other ‘omics studies, bioinformatics, systems biology, genetic diseases, gene editing, innovative methods and modelling, ‘omics for personalised medicine,
LS3-Cellular, Developmental and Regenerative Biology : Structure and function of the cell, cell-cell communication, embryogenesis, tissue differentiation, organogenesis, growth, development, evolution of development, organoids, stem cells, regeneration, therapeutic approaches,
LS9-Biotechnology and Biosystems Engineering : Biotechnology using all organisms, biotechnology for environment and food applications, applied plant and animal sciences, bioengineering and synthetic biology, biomass and biofuels, biohazards,
LS8-Environmental Biology, Ecology and Evolution : Ecology, biodiversity, environmental change, evolutionary biology, behavioural ecology, microbial ecology, marine biology, ecophysiology, theoretical developments and modelling",INRAE - Centre de Nancy - Route de l'Arboretum-54280-Champenoux,48.74431991577149,6.350589752197266
FairCarboN,SLAM-B,Labo,Ingénierie des Agropolymères et Technologies Emergentes,IATE,200317667V,UMR 1208,INRAE / Institut Agro / Université de Montpellier,10-Sciences agronomiques et écologiques,"PE8-Products and Processes Engineering : Product and process design, chemical, civil, environmental, mechanical, vehicle engineering, energy processes and relevant computational methods,
LS9-Biotechnology and Biosystems Engineering : Biotechnology using all organisms, biotechnology for environment and food applications, applied plant and animal sciences, bioengineering and synthetic biology, biomass and biofuels, biohazards","Campus de la Gaillarde 2, place Pierre Viala 34 060 Montpellier",43.6172873,3.8548934
FairCarboN,ALAMOD,Labo,Institut d'écologie et des sciences de l'environnement de Paris,iEES,200517555P,UMR 7618,CNRS / INRAE / UPEC / IRD / Sorbonne Université,"3-Sciences de la terre et de l'univers, espace / 4-Chimie / 10-Sciences agronomiques et écologiques","LS9-Biotechnology and Biosystems Engineering : Biotechnology using all organisms, biotechnology for environment and food applications, applied plant and animal sciences, bioengineering and synthetic biology, biomass and biofuels, biohazards,
LS8-Environmental Biology, Ecology and Evolution : Ecology, biodiversity, environmental change, evolutionary biology, behavioural ecology, microbial ecology, marine biology, ecophysiology, theoretical developments and modelling",4 Place Jussieu 75252 PARIS CEDEX 05,48.84586715698242,2.354955673217773
FairCarboN,SLAM-B,Labo,Institut d'écologie et des sciences de l'environnement de Paris,iEES,200517555P,UMR 7618,CNRS / INRAE / UPEC / IRD / Sorbonne Université,"3-Sciences de la terre et de l'univers, espace / 4-Chimie / 10-Sciences agronomiques et écologiques","LS9-Biotechnology and Biosystems Engineering : Biotechnology using all organisms, biotechnology for environment and food applications, applied plant and animal sciences, bioengineering and synthetic biology, biomass and biofuels, biohazards,
LS8-Environmental Biology, Ecology and Evolution : Ecology, biodiversity, environmental change, evolutionary biology, behavioural ecology, microbial ecology, marine biology, ecophysiology, theoretical developments and modelling",4 Place Jussieu 75252 PARIS CEDEX 05,48.84586715698242,2.354955673217773
FairCarboN,CANETE,Labo,Institut d'écologie et des sciences de l'environnement de Paris,iEES,200517555P,UMR 7618,CNRS / INRAE / UPEC / IRD / Sorbonne Université,"3-Sciences de la terre et de l'univers, espace / 4-Chimie / 10-Sciences agronomiques et écologiques","LS9-Biotechnology and Biosystems Engineering : Biotechnology using all organisms, biotechnology for environment and food applications, applied plant and animal sciences, bioengineering and synthetic biology, biomass and biofuels, biohazards,
LS8-Environmental Biology, Ecology and Evolution : Ecology, biodiversity, environmental change, evolutionary biology, behavioural ecology, microbial ecology, marine biology, ecophysiology, theoretical developments and modelling",4 Place Jussieu 75252 PARIS CEDEX 05,48.84586715698242,2.354955673217773
FairCarboN,PEACE,Labo,Institut d'écologie et des sciences de l'environnement de Paris,iEES,200517555P,UMR 7618,CNRS / INRAE / UPEC / IRD / Sorbonne Université,"3-Sciences de la terre et de l'univers, espace / 4-Chimie / 10-Sciences agronomiques et écologiques","LS9-Biotechnology and Biosystems Engineering : Biotechnology using all organisms, biotechnology for environment and food applications, applied plant and animal sciences, bioengineering and synthetic biology, biomass and biofuels, biohazards,
LS8-Environmental Biology, Ecology and Evolution : Ecology, biodiversity, environmental change, evolutionary biology, behavioural ecology, microbial ecology, marine biology, ecophysiology, theoretical developments and modelling",4 Place Jussieu 75252 PARIS CEDEX 05,48.84586715698242,2.354955673217773
FairCarboN,TROPECOS,Labo,Institut d'écologie et des sciences de l'environnement de Paris,iEES,200517555P,UMR 7618,CNRS / INRAE / UPEC / IRD / Sorbonne Université,"3-Sciences de la terre et de l'univers, espace / 4-Chimie / 10-Sciences agronomiques et écologiques","LS9-Biotechnology and Biosystems Engineering : Biotechnology using all organisms, biotechnology for environment and food applications, applied plant and animal sciences, bioengineering and synthetic biology, biomass and biofuels, biohazards,
LS8-Environmental Biology, Ecology and Evolution : Ecology, biodiversity, environmental change, evolutionary biology, behavioural ecology, microbial ecology, marine biology, ecophysiology, theoretical developments and modelling",4 Place Jussieu 75252 PARIS CEDEX 05,48.84586715698242,2.354955673217773
FairCarboN,PREFALIM,Labo,Institut d'écologie et des sciences de l'environnement de Paris,iEES,200517555P,UMR 7618,CNRS / INRAE / UPEC / IRD / Sorbonne Université,"3-Sciences de la terre et de l'univers, espace / 4-Chimie / 10-Sciences agronomiques et écologiques","LS9-Biotechnology and Biosystems Engineering : Biotechnology using all organisms, biotechnology for environment and food applications, applied plant and animal sciences, bioengineering and synthetic biology, biomass and biofuels, biohazards,
LS8-Environmental Biology, Ecology and Evolution : Ecology, biodiversity, environmental change, evolutionary biology, behavioural ecology, microbial ecology, marine biology, ecophysiology, theoretical developments and modelling",4 Place Jussieu 75252 PARIS CEDEX 05,48.84586715698242,2.354955673217773
FairCarboN,CrosyeN,Labo,Institut d'écologie et des sciences de l'environnement de Paris,iEES,200517555P,UMR 7618,CNRS / INRAE / UPEC / IRD / Sorbonne Université,"3-Sciences de la terre et de l'univers, espace / 4-Chimie / 10-Sciences agronomiques et écologiques","LS9-Biotechnology and Biosystems Engineering : Biotechnology using all organisms, biotechnology for environment and food applications, applied plant and animal sciences, bioengineering and synthetic biology, biomass and biofuels, biohazards,
LS8-Environmental Biology, Ecology and Evolution : Ecology, biodiversity, environmental change, evolutionary biology, behavioural ecology, microbial ecology, marine biology, ecophysiology, theoretical developments and modelling",4 Place Jussieu 75252 PARIS CEDEX 05,48.84586715698242,2.354955673217773
FairCarboN,RIFT,Labo,Institut des Géosciences de l'Environnement,IGE,201722374A,UMR 5001,INP GRENOBLE / Université grenoble Alpes / INRAE / IRD / CNRS,"8-Sciences pour l'ingénieur / 3-Sciences de la terre et de l'univers, espace / 10-Sciences agronomiques et écologiques","PE10-Earth System Science : Physical geography, geology, geophysics, atmospheric sciences, oceanography, climatology, cryology, ecology, global environmental change, biogeochemical cycles, natural resources management,
PE9-Universe Sciences : Astro-physics/-chemistry/-biology; solar system; planetary systems; stellar, galactic and extragalactic astronomy; cosmology; space sciences; astronomical instrumentation and data",460 rue de la Piscine 38400 ST MARTIN D HERES,45.1944499,5.7620888
FairCarboN,TROPECOS,Labo,Institut des Géosciences de l'Environnement,IGE,201722374A,UMR 5001,INP GRENOBLE / Université grenoble Alpes / INRAE / IRD / CNRS,"8-Sciences pour l'ingénieur / 3-Sciences de la terre et de l'univers, espace / 10-Sciences agronomiques et écologiques","PE10-Earth System Science : Physical geography, geology, geophysics, atmospheric sciences, oceanography, climatology, cryology, ecology, global environmental change, biogeochemical cycles, natural resources management,
PE9-Universe Sciences : Astro-physics/-chemistry/-biology; solar system; planetary systems; stellar, galactic and extragalactic astronomy; cosmology; space sciences; astronomical instrumentation and data",460 rue de la Piscine 38400 ST MARTIN D HERES,45.1944499,5.7620888
FairCarboN,CarboNium,Labo,Institut des Géosciences de l'Environnement,IGE,201722374A,UMR 5001,INP GRENOBLE / Université grenoble Alpes / INRAE / IRD / CNRS,"8-Sciences pour l'ingénieur / 3-Sciences de la terre et de l'univers, espace / 10-Sciences agronomiques et écologiques","PE10-Earth System Science : Physical geography, geology, geophysics, atmospheric sciences, oceanography, climatology, cryology, ecology, global environmental change, biogeochemical cycles, natural resources management,
PE9-Universe Sciences : Astro-physics/-chemistry/-biology; solar system; planetary systems; stellar, galactic and extragalactic astronomy; cosmology; space sciences; astronomical instrumentation and data",460 rue de la Piscine 38400 ST MARTIN D HERES,45.1944499,5.7620888
FairCarboN,PEPR,Labo,Institut des Géosciences de l'Environnement,IGE,201722374A,UMR 5001,INP GRENOBLE / Université grenoble Alpes / INRAE / IRD / CNRS,"8-Sciences pour l'ingénieur / 3-Sciences de la terre et de l'univers, espace / 10-Sciences agronomiques et écologiques","PE10-Earth System Science : Physical geography, geology, geophysics, atmospheric sciences, oceanography, climatology, cryology, ecology, global environmental change, biogeochemical cycles, natural resources management,
PE9-Universe Sciences : Astro-physics/-chemistry/-biology; solar system; planetary systems; stellar, galactic and extragalactic astronomy; cosmology; space sciences; astronomical instrumentation and data",460 rue de la Piscine 38400 ST MARTIN D HERES,45.1944499,5.7620888
FairCarboN,GREENSCALE,Labo,Institut Jean-Pierre Bourgin de sciences végétales,IJPB,201119640E,UMR 1318,INRAE / AgroParistech,10-Sciences agronomiques et écologiques,"LS9 : Biotechnology and Biosystems Engineering : Biotechnology using all organisms, biotechnology for environment and food applications, applied plant and animal sciences, bioengineering and synthetic biology, biomass and biofuels, biohazards ","Route de Saint Cyr, INRAE, 78026, Versailles",48.8021908335094,2.08726489999934
FairCarboN,Drought for C,Labo,Institut méditerranéen de biodiversité et d'écologie marine et continentale,IMBE,201220339K,UMR 7263,CNRS / IRD / Université Aix-Marseille,"5-Biologie, médecine et santé / 10-Sciences agronomiques et écologiques","LS3-Cellular, Developmental and Regenerative Biology : Structure and function of the cell, cell-cell communication, embryogenesis, tissue differentiation, organogenesis, growth, development, evolution of development, organoids, stem cells, regeneration, therapeutic approaches,
PE10-Earth System Science : Physical geography, geology, geophysics, atmospheric sciences, oceanography, climatology, cryology, ecology, global environmental change, biogeochemical cycles, natural resources management,
LS2-Integrative Biology: from Genes and Genomes to Systems : Genetics, epigenetics, genomics and other ‘omics studies, bioinformatics, systems biology, genetic diseases, gene editing, innovative methods and modelling, ‘omics for personalised medicine,
LS9-Biotechnology and Biosystems Engineering : Biotechnology using all organisms, biotechnology for environment and food applications, applied plant and animal sciences, bioengineering and synthetic biology, biomass and biofuels, biohazards,
LS8-Environmental Biology, Ecology and Evolution : Ecology, biodiversity, environmental change, evolutionary biology, behavioural ecology, microbial ecology, marine biology, ecophysiology, theoretical developments and modelling","Av. Escadrille Normandie Niémen
F-13 397 Marseille",43.3310413,5.4101274
FairCarboN,CO2_CMPhi,Labo,Institut de Microbiologie de la Méditerranée,IMM,201220484T,FR3479,CNRS / Université Aix-Marseille,"5-Biologie, médecine et santé",,"31 Chemin Joseph Aguier
13402 Marseille",43.25384140014649,5.408156871795659
FairCarboN,ALAMOD,Labo,Info&Sols,Info&Sols,202324348V,UR 1508,INRAE,10-Sciences agronomiques et écologiques,,2163 avnue de la Pomme de Pin - CS 40001 - Ardon-45075-ORLEANS cedex 2,47.828205,1.91434
FairCarboN,PEPR,Labo,Centre-Siège INRAE,INRAE,,Centre-Siège INRAE,Centre-Siège INRAE,,,Antony,48.753613,2.2958034
FairCarboN,DEEP-C,Labo,Institut de physique du globe de Paris,IPGP,200512539M,UMR 7154,CNRS / Sorbonne Université,"3-Sciences de la terre et de l'univers, espace"," PE9 : Universe Sciences : Astro-physics/-chemistry/-biology; solar system; planetary systems; stellar, galactic and extragalactic astronomy; cosmology; space sciences; astronomical instrumentation and data
 PE10 : Earth System Science : Physical geography, geology, geophysics, atmospheric sciences, oceanography, climatology, cryology, ecology, global environmental change, biogeochemical cycles, natural resources management","1 rue Jussieu 75238 Paris, France",48.84601593017578,2.355226516723633
FairCarboN,CarboNium,Labo,Institut de physique du globe de Paris,IPGP,200512539M,UMR 7154,CNRS / Sorbonne Université,"3-Sciences de la terre et de l'univers, espace"," PE9 : Universe Sciences : Astro-physics/-chemistry/-biology; solar system; planetary systems; stellar, galactic and extragalactic astronomy; cosmology; space sciences; astronomical instrumentation and data
 PE10 : Earth System Science : Physical geography, geology, geophysics, atmospheric sciences, oceanography, climatology, cryology, ecology, global environmental change, biogeochemical cycles, natural resources management","1 rue Jussieu 75238 Paris, France",48.84601593017578,2.355226516723633
FairCarboN,SLAM-B,Labo,Institut de Recherche en Informatique de Toulouse,IRIT,199511949P,UMR 5505,INRIA / Université de Toulouse / CNRS / INP TOULOUSE,9-Sciences et technologies de l'information et de la communication,"PE6-Computer science and informatics : informatics and information systems, computer science, scientific computing, intelligent systems","118 Route de Narbonne, F-31062 Toulouse",43.5613881,1.4688266
FairCarboN,TROPECOS,Labo,Institut de Sciences exactes et appliquées,ISEA,201722485W,EA 7484,Université de Nouvelle Calédonie,"4-Chimie / 5-Biologie, médecine et santé / 2-Physique                                                                                   ","PE4-Physical and analytical chemical sciences : analytical chemistry, chemical theory, physical chemistry/chemical physics","JAMES COOK, Avenue James Cook, 98800 Nouméa, France",-22.2626305,166.4088431
FairCarboN,DEEP-C,Labo,Institut des Sciences de l'Evolution de Montpellier,ISEM,199511995P,UMR 5554,Université de Montpellier /CNRS / IRD / EPHE / CIRAD / INRAP,"10-Sciences agronomiques et écologiques / 3-Sciences de la terre et de l'univers, espace / 5-Biologie, médecine et santé /7-Sciences de la société / 9-Sciences et technologies de l'information et de la communication","
    SH6 : The Study of the Human Past : Archaeology and history
    PE10 : Earth System Science : Physical geography, geology, geophysics, atmospheric sciences, oceanography, climatology, cryology, ecology, global environmental change, biogeochemical cycles, natural resources management
    LS8 : Environmental Biology, Ecology and Evolution : Ecology, biodiversity, environmental change, evolutionary biology, behavioural ecology, microbial ecology, marine biology, ecophysiology, theoretical developments and modelling
    PE6 : Computer science and informatics : informatics and information systems, computer science, scientific computing, intelligent systems
    LS2 : Integrative Biology: from Genes and Genomes to Systems : Genetics, epigenetics, genomics and other ‘omics studies, bioinformatics, systems biology, genetic diseases, gene editing, innovative methods and modelling, ‘omics for personalised medicine","Université de Montpellier Campus Triolet 1 Place Eugène Bataillon 34090 Montpellier, France",43.63222885131836,3.8642640113830566
FairCarboN,CABESTAN,Labo,Institut Des Substances et Organismes de la Mer,ISOMer,199613759C,UR 2160,Université de Nantes,"5-Biologie, médecine et santé / 3-Sciences de la terre et de l'univers, espace / 4-Chimie / 10-Sciences agronomiques et écologiques                                                 ","LS7-Prevention, Diagnosis and Treatment of Human Diseases : Medical technologies and tools for prevention, diagnosis and treatment of human diseases, therapeutic approaches and interventions, pharmacology, preventative medicine, epidemiology and public health, digital medicine,
PE9-Universe Sciences : Astro-physics/-chemistry/-biology; solar system; planetary systems; stellar, galactic and extragalactic astronomy; cosmology; space sciences; astronomical instrumentation and data,
LS9-Biotechnology and Biosystems Engineering : Biotechnology using all organisms, biotechnology for environment and food applications, applied plant and animal sciences, bioengineering and synthetic biology, biomass and biofuels, biohazards,
LS8-Environmental Biology, Ecology and Evolution : Ecology, biodiversity, environmental change, evolutionary biology, behavioural ecology, microbial ecology, marine biology, ecophysiology, theoretical developments and modelling,
LS1-Molecules of Life: Biological Mechanisms, Structures and Functions : Molecular biology, biochemistry, structural biology, molecular biophysics, synthetic and chemical biology, drug design, innovative methods and modelling,
LS6-Immunity, Infection and Immunotherapy : The immune system, related disorders and their mechanisms, biology of infectious agents and infection, biological basis of prevention and treatment of infectious diseases, innovative immunological tools and approaches, including therapies,
LS2-Integrative Biology: from Genes and Genomes to Systems : Genetics, epigenetics, genomics and other ‘omics studies, bioinformatics, systems biology, genetic diseases, gene editing, innovative methods and modelling, ‘omics for personalised medicine","2, rue de la Houssinière BP 81227 44322 NANTES",47.2110925,-1.5553912
FairCarboN,CarboNium,Labo,Institut Des Substances et Organismes de la Mer,ISOMer,199613759C,UR 2160,Université de Nantes,"5-Biologie, médecine et santé / 3-Sciences de la terre et de l'univers, espace / 4-Chimie / 10-Sciences agronomiques et écologiques                                                 ","LS7-Prevention, Diagnosis and Treatment of Human Diseases : Medical technologies and tools for prevention, diagnosis and treatment of human diseases, therapeutic approaches and interventions, pharmacology, preventative medicine, epidemiology and public health, digital medicine,
PE9-Universe Sciences : Astro-physics/-chemistry/-biology; solar system; planetary systems; stellar, galactic and extragalactic astronomy; cosmology; space sciences; astronomical instrumentation and data,
LS9-Biotechnology and Biosystems Engineering : Biotechnology using all organisms, biotechnology for environment and food applications, applied plant and animal sciences, bioengineering and synthetic biology, biomass and biofuels, biohazards,
LS8-Environmental Biology, Ecology and Evolution : Ecology, biodiversity, environmental change, evolutionary biology, behavioural ecology, microbial ecology, marine biology, ecophysiology, theoretical developments and modelling,
LS1-Molecules of Life: Biological Mechanisms, Structures and Functions : Molecular biology, biochemistry, structural biology, molecular biophysics, synthetic and chemical biology, drug design, innovative methods and modelling,
LS6-Immunity, Infection and Immunotherapy : The immune system, related disorders and their mechanisms, biology of infectious agents and infection, biological basis of prevention and treatment of infectious diseases, innovative immunological tools and approaches, including therapies,
LS2-Integrative Biology: from Genes and Genomes to Systems : Genetics, epigenetics, genomics and other ‘omics studies, bioinformatics, systems biology, genetic diseases, gene editing, innovative methods and modelling, ‘omics for personalised medicine","2, rue de la Houssinière BP 81227 44322 NANTES",47.2110925,-1.5553912
FairCarboN,CANETE,Labo,Interaction Sol Plante Atmosphère,ISPA,201421781U,UMR 1391,INRAE / Bordeaux Sciences Agro,10-Sciences agronomiques et écologiques,"LS8-Environmental Biology, Ecology and Evolution : Ecology, biodiversity, environmental change, evolutionary biology, behavioural ecology, microbial ecology, marine biology, ecophysiology, theoretical developments and modelling","1 cours du Gal De Gaulle - CS 40201
33175 Gradignan",44.77327,-0.5442
FairCarboN,Drought for C,Labo,Interaction Sol Plante Atmosphère,ISPA,201421781U,UMR 1391,INRAE / Bordeaux Sciences Agro,10-Sciences agronomiques et écologiques,"LS8-Environmental Biology, Ecology and Evolution : Ecology, biodiversity, environmental change, evolutionary biology, behavioural ecology, microbial ecology, marine biology, ecophysiology, theoretical developments and modelling","1 cours du Gal De Gaulle - CS 40201
33175 Gradignan",44.77327,-0.5442
FairCarboN,ALAMOD,Labo,Interaction Sol Plante Atmosphère,ISPA,201421781U,UMR 1391,INRAE / Bordeaux Sciences Agro,10-Sciences agronomiques et écologiques,"LS8-Environmental Biology, Ecology and Evolution : Ecology, biodiversity, environmental change, evolutionary biology, behavioural ecology, microbial ecology, marine biology, ecophysiology, theoretical developments and modelling","1 cours du Gal De Gaulle - CS 40201
33175 Gradignan",44.77327,-0.5442
FairCarboN,CANETE,Labo,Institut des sciences de la Terre Paris,iSTeP,200918450V,UMR 7193,CNRS / Sorbonne Université,"3-Sciences de la terre et de l'univers, espace","PE10-Earth System Science : Physical geography, geology, geophysics, atmospheric sciences, oceanography, climatology, cryology, ecology, global environmental change, biogeochemical cycles, natural resources management",4 Place Jussieu 75252 PARIS CEDEX 05,48.84586715698242,2.354955673217773
FairCarboN,ALAMOD,Labo,Institut des sciences de la Terre Paris,iSTeP,200918450V,UMR 7193,CNRS / Sorbonne Université,"3-Sciences de la terre et de l'univers, espace","PE10-Earth System Science : Physical geography, geology, geophysics, atmospheric sciences, oceanography, climatology, cryology, ecology, global environmental change, biogeochemical cycles, natural resources management",4 Place Jussieu 75252 PARIS CEDEX 05,48.84586715698242,2.354955673217773
FairCarboN,PEACE,Labo,Institut des sciences de la Terre Paris,iSTeP,200918450V,UMR 7193,CNRS / Sorbonne Université,"3-Sciences de la terre et de l'univers, espace","PE10-Earth System Science : Physical geography, geology, geophysics, atmospheric sciences, oceanography, climatology, cryology, ecology, global environmental change, biogeochemical cycles, natural resources management",4 Place Jussieu 75252 PARIS CEDEX 05,48.84586715698242,2.354955673217773
FairCarboN,CarboNium,Labo,Institut des Sciences de la Terre,ISTERRE,201119454C,UMR 5275,IRD / CNRS / USMB / Université Grenoble Alpes,"2-Physique / 8-Sciences pour l'ingénieur / 3-Sciences de la terre et de l'univers, espace / 10-Sciences agronomiques et écologiques","PE10-Earth System Science : Physical geography, geology, geophysics, atmospheric sciences, oceanography, climatology, cryology, ecology, global environmental change, biogeochemical cycles, natural resources management","1381, rue de la Piscine
38610 GIERES",45.19790649414063,5.773344993591309
FairCarboN,DEEP-C,Labo,Institut des sciences de la Terre d'Orléans,ISTO,201220213Y,UMR 7327,CNRS / Université d'Orléans / BRGM,"3-Sciences de la terre et de l'univers, espace","PE10-Earth System Science : Physical geography, geology, geophysics, atmospheric sciences, oceanography, climatology, cryology, ecology, global environmental change, biogeochemical cycles, natural resources management,
PE9-Universe Sciences : Astro-physics/-chemistry/-biology; solar system; planetary systems; stellar, galactic and extragalactic astronomy; cosmology; space sciences; astronomical instrumentation and data","OSUC, 1A Rue de la Ferollerie, 45071 La Course, France",47.8338099,1.9430417
FairCarboN,CarboNium,Labo,Institut des sciences de la Terre d'Orléans,ISTO,201220213Y,UMR 7327,CNRS / Université d'Orléans / BRGM,"3-Sciences de la terre et de l'univers, espace","PE10-Earth System Science : Physical geography, geology, geophysics, atmospheric sciences, oceanography, climatology, cryology, ecology, global environmental change, biogeochemical cycles, natural resources management,
PE9-Universe Sciences : Astro-physics/-chemistry/-biology; solar system; planetary systems; stellar, galactic and extragalactic astronomy; cosmology; space sciences; astronomical instrumentation and data","OSUC, 1A Rue de la Ferollerie, 45071 La Course, France",47.8338099,1.9430417
FairCarboN,SLAM-B,Labo,Institut d'écologie et des sciences de l'environnement de Paris,ITAP,200118630A,UR 1463,INRAE / Institut Agro,10-Sciences agronomiques et écologiques,,"361, rue J.F. Breton - BP 5095 - 34033 Montpellier",43.6195206,3.8573601
FairCarboN,SLAM-B,Labo,Laboratoire Agronomie et Environnement,LAE,200116904Z,UMR 1121,INRAE / Université de Lorraine,10-Sciences agronomiques et écologiques,"LS9-Biotechnology and Biosystems Engineering : Biotechnology using all organisms, biotechnology for environment and food applications, applied plant and animal sciences, bioengineering and synthetic biology, biomass and biofuels, biohazards","28 Rue de Herrlisheim, 68000 Colmar",48.06528854370117,7.336080074310303
FairCarboN,CANETE,Labo,Laboratoire Agronomie et Environnement,LAE,200116904Z,UMR 1121,INRAE / Université de Lorraine,10-Sciences agronomiques et écologiques,"LS9-Biotechnology and Biosystems Engineering : Biotechnology using all organisms, biotechnology for environment and food applications, applied plant and animal sciences, bioengineering and synthetic biology, biomass and biofuels, biohazards","28 Rue de Herrlisheim, 68000 Colmar",48.06528854370117,7.336080074310303
FairCarboN,SLAM-B,Labo,Laboratoire de Biotechnologie de l'Environnement,LBE,195917820C,UR 0050,INRAE,10-Sciences agronomiques et écologiques,,Avenue des Etangs - 11100 Narbonne,43.156896,2.995363
FairCarboN,CO2_CMPhi,Labo,Laboratoire de Chimie Bactérienne,LCB,201220357E,UMR 7283,CNRS / Université Aix-Marseille,"5-Biologie, médecine et santé"," - LS1 : Molecules of Life: Biological Mechanisms, Structures and Functions : Molecular biology, biochemistry, structural biology, molecular biophysics, synthetic and chemical biology, drug design, innovative methods and modelling
 - LS2 : Integrative Biology: from Genes and Genomes to Systems : Genetics, epigenetics, genomics and other ‘omics studies, bioinformatics, systems biology, genetic diseases, gene editing, innovative methods and modelling, ‘omics for personalised medicin","31 Chemin Joseph Aiguier, 13009 Marseille, France",43.25384140014648,5.408156871795654
FairCarboN,DEEP-C,Labo,Laboratoire Chrono-environnement,LCE,200812285Y,UMR 6249,UBFC / CNRS / INRAE,"8-Sciences pour l'ingénieur / 3-Sciences de la terre et de l'univers, espace / 10-Sciences agronomiques et écologiques","LS4-Physiology in Health, Disease and Ageing : Organ and tissue physiology, comparative physiology, physiology of ageing, pathophysiology, inter-organ and tissue communication, endocrinology, nutrition, metabolism, interaction with the microbiome, non-communicable diseases including cancer (and except disorders of the nervous system and immunity-related diseases)),
PE10-Earth System Science : Physical geography, geology, geophysics, atmospheric sciences, oceanography, climatology, cryology, ecology, global environmental change, biogeochemical cycles, natural resources management,
LS2-Integrative Biology: from Genes and Genomes to Systems : Genetics, epigenetics, genomics and other ‘omics studies, bioinformatics, systems biology, genetic diseases, gene editing, innovative methods and modelling, ‘omics for personalised medicine,
LS8-Environmental Biology, Ecology and Evolution : Ecology, biodiversity, environmental change, evolutionary biology, behavioural ecology, microbial ecology, marine biology, ecophysiology, theoretical developments and modelling,
LS1-Molecules of Life: Biological Mechanisms, Structures and Functions : Molecular biology, biochemistry, structural biology, molecular biophysics, synthetic and chemical biology, drug design, innovative methods and modelling,
LS7-Prevention, Diagnosis and Treatment of Human Diseases : Medical technologies and tools for prevention, diagnosis and treatment of human diseases, therapeutic approaches and interventions, pharmacology, preventative medicine, epidemiology and public health, digital medicine,
LS9-Biotechnology and Biosystems Engineering : Biotechnology using all organisms, biotechnology for environment and food applications, applied plant and animal sciences, bioengineering and synthetic biology, biomass and biofuels, biohazards,
LS6-Immunity, Infection and Immunotherapy : The immune system, related disorders and their mechanisms, biology of infectious agents and infection, biological basis of prevention and treatment of infectious diseases, innovative immunological tools and approaches, including therapies,
SH6-The Study of the Human Past : Archaeology and history","16, Route de Gray_x000D_
25030 Besançon cedex",47.2451863,5.9839192
FairCarboN,CarboNium,Labo,Laboratoire Chrono-environnement,LCE,200812285Y,UMR 6249,UBFC / CNRS / INRAE,"8-Sciences pour l'ingénieur / 3-Sciences de la terre et de l'univers, espace / 10-Sciences agronomiques et écologiques","LS4-Physiology in Health, Disease and Ageing : Organ and tissue physiology, comparative physiology, physiology of ageing, pathophysiology, inter-organ and tissue communication, endocrinology, nutrition, metabolism, interaction with the microbiome, non-communicable diseases including cancer (and except disorders of the nervous system and immunity-related diseases)),
PE10-Earth System Science : Physical geography, geology, geophysics, atmospheric sciences, oceanography, climatology, cryology, ecology, global environmental change, biogeochemical cycles, natural resources management,
LS2-Integrative Biology: from Genes and Genomes to Systems : Genetics, epigenetics, genomics and other ‘omics studies, bioinformatics, systems biology, genetic diseases, gene editing, innovative methods and modelling, ‘omics for personalised medicine,
LS8-Environmental Biology, Ecology and Evolution : Ecology, biodiversity, environmental change, evolutionary biology, behavioural ecology, microbial ecology, marine biology, ecophysiology, theoretical developments and modelling,
LS1-Molecules of Life: Biological Mechanisms, Structures and Functions : Molecular biology, biochemistry, structural biology, molecular biophysics, synthetic and chemical biology, drug design, innovative methods and modelling,
LS7-Prevention, Diagnosis and Treatment of Human Diseases : Medical technologies and tools for prevention, diagnosis and treatment of human diseases, therapeutic approaches and interventions, pharmacology, preventative medicine, epidemiology and public health, digital medicine,
LS9-Biotechnology and Biosystems Engineering : Biotechnology using all organisms, biotechnology for environment and food applications, applied plant and animal sciences, bioengineering and synthetic biology, biomass and biofuels, biohazards,
LS6-Immunity, Infection and Immunotherapy : The immune system, related disorders and their mechanisms, biology of infectious agents and infection, biological basis of prevention and treatment of infectious diseases, innovative immunological tools and approaches, including therapies,
SH6-The Study of the Human Past : Archaeology and history","16, Route de Gray_x000D_
25030 Besançon cedex",47.2451863,5.9839192
FairCarboN,DEEP-C,Labo,Laboratoire d'Ecologie des Hydrosystèmes Naturels et Anthropisés,LEHNA,199911718W,UMR 5023,INRAE / CNRS / Université de Lyon / ENTPE,10-Sciences agronomiques et écologiques,"LS4-Physiology in Health, Disease and Ageing : Organ and tissue physiology, comparative physiology, physiology of ageing, pathophysiology, inter-organ and tissue communication, endocrinology, nutrition, metabolism, interaction with the microbiome, non-communicable diseases including cancer (and except disorders of the nervous system and immunity-related diseases)),
LS8-Environmental Biology, Ecology and Evolution : Ecology, biodiversity, environmental change, evolutionary biology, behavioural ecology, microbial ecology, marine biology, ecophysiology, theoretical developments and modelling,
PE10-Earth System Science : Physical geography, geology, geophysics, atmospheric sciences, oceanography, climatology, cryology, ecology, global environmental change, biogeochemical cycles, natural resources management","1 3-6, rue Raphaël Dubois - Bâtiments Darwin C & Forel, 69622 Villeurbanne",45.77894592285156,4.866977691650391
FairCarboN,CarboNium,Labo,Laboratoire d'Ecologie des Hydrosystèmes Naturels et Anthropisés,LEHNA,199911718W,UMR 5023,INRAE / CNRS / Université de Lyon / ENTPE,10-Sciences agronomiques et écologiques,"LS4-Physiology in Health, Disease and Ageing : Organ and tissue physiology, comparative physiology, physiology of ageing, pathophysiology, inter-organ and tissue communication, endocrinology, nutrition, metabolism, interaction with the microbiome, non-communicable diseases including cancer (and except disorders of the nervous system and immunity-related diseases)),
LS8-Environmental Biology, Ecology and Evolution : Ecology, biodiversity, environmental change, evolutionary biology, behavioural ecology, microbial ecology, marine biology, ecophysiology, theoretical developments and modelling,
PE10-Earth System Science : Physical geography, geology, geophysics, atmospheric sciences, oceanography, climatology, cryology, ecology, global environmental change, biogeochemical cycles, natural resources management","1 3-6, rue Raphaël Dubois - Bâtiments Darwin C & Forel, 69622 Villeurbanne",45.77894592285156,4.866977691650391
FairCarboN,CLIM-FAS,Labo,Lille Economie et Management,LEM,201521703E,UMR 9221,Université de Lille / CNRS / IESEG,7-Sciences de la société,"     SH1 : Individuals, Markets and Organisations : Economics, finance, management","FUPL, 60 Boulevard Vauban 59016 LILLE CEDEX",50.6326759,3.0449438
FairCarboN,CABESTAN,Labo,Laboratoire des sciences de l'environnement marin,LEMAR,200816948S,UMR 6539,CNRS / IRD / Université de Brest / IFREMER,"5-Biologie, médecine et santé / 10-Sciences agronomiques et écologiques / 3-Sciences de la terre et de l'univers, espace","PE10-Earth System Science : Physical geography, geology, geophysics, atmospheric sciences, oceanography, climatology, cryology, ecology, global environmental change, biogeochemical cycles, natural resources management,
SH3-The Social World and Its Diversity : Sociology, social psychology, social anthropology, education sciences, communication studies,
LS2-Integrative Biology: from Genes and Genomes to Systems : Genetics, epigenetics, genomics and other ‘omics studies, bioinformatics, systems biology, genetic diseases, gene editing, innovative methods and modelling, ‘omics for personalised medicine,
LS8-Environmental Biology, Ecology and Evolution : Ecology, biodiversity, environmental change, evolutionary biology, behavioural ecology, microbial ecology, marine biology, ecophysiology, theoretical developments and modelling",Rue Dumont d’Urville-29280-PLOUZANE,48.3586373,-4.5622787
FairCarboN,CarboNium,Labo,Laboratoire des sciences de l'environnement marin,LEMAR,200816948S,UMR 6539,CNRS / IRD / Université de Brest / IFREMER,"5-Biologie, médecine et santé / 10-Sciences agronomiques et écologiques / 3-Sciences de la terre et de l'univers, espace","PE10-Earth System Science : Physical geography, geology, geophysics, atmospheric sciences, oceanography, climatology, cryology, ecology, global environmental change, biogeochemical cycles, natural resources management,
SH3-The Social World and Its Diversity : Sociology, social psychology, social anthropology, education sciences, communication studies,
LS2-Integrative Biology: from Genes and Genomes to Systems : Genetics, epigenetics, genomics and other ‘omics studies, bioinformatics, systems biology, genetic diseases, gene editing, innovative methods and modelling, ‘omics for personalised medicine,
LS8-Environmental Biology, Ecology and Evolution : Ecology, biodiversity, environmental change, evolutionary biology, behavioural ecology, microbial ecology, marine biology, ecophysiology, theoretical developments and modelling",Rue Dumont d’Urville-29280-PLOUZANE,48.3586373,-4.5622787
FairCarboN,CarboNium,Labo,Laboratoire Environnement Ressources des Pertuis Charentais,LERPC,,unité COAST,IFREMER,10-Sciences agronomiques et écologiques,,La Rochelle,45.7687967,-1.1420694
FairCarboN,SLAM-B,Labo,Laboratoire des écosystèmes et sociétés en montagne,LESSEM,201822681E,UR 1464,INRAE,10-Sciences agronomiques et écologiques,"SH3-The Social World and Its Diversity : Sociology, social psychology, social anthropology, education sciences, communication studies","2 rue de la Papeterie-BP 76, F-38402 Saint-Martin-d'Hères",45.1991648,5.7733468
FairCarboN,SLAM-B,Labo,"Littoral, Environnement, Télédétection, Géomatique ",LETG,199612340K,UMR 6554,Université de Brest / Université de Rennes / Université de Nantes / PSL / CNRS,"3-Sciences de la terre et de l'univers, espace / 10-Sciences agronomiques et écologiques / 7-Sciences de la société / 6-Sciences humaines et humanités","SH7-Human Mobility, Environment, and Space : Human geography, demography, health, sustainability science, territorial planning, spatial analysis,
PE10-Earth System Science : Physical geography, geology, geophysics, atmospheric sciences, oceanography, climatology, cryology, ecology, global environmental change, biogeochemical cycles, natural resources management",Nantes université Campus Tertre BP 81227-44312-Nantes cedex 3,47.2458179,-1.5518234
FairCarboN,PEPR,Labo,Laboratoire de géologie de l'Ecole Normale Supérieure,LG-ENS,199812866Y,UMR 8538,CNRS / ENS-PSL,8-Sciences pour l'ingénieur,,24 Rue Lhomond-75231-PARIS CEDEX 05,48.84309885224512,2.3466817288359008
FairCarboN,ALAMOD,Labo,Laboratoire de géologie de l'Ecole Normale Supérieure,LG-ENS,199812866Y,UMR 8538,CNRS / ENS-PSL,8-Sciences pour l'ingénieur,,24 Rue Lhomond-75231-PARIS CEDEX 05,48.84309885224512,2.3466817288359008
FairCarboN,CANETE,Labo,Laboratoire de géologie de l'Ecole Normale Supérieure,LG-ENS,199812866Y,UMR 8538,CNRS / ENS-PSL,8-Sciences pour l'ingénieur,,24 Rue Lhomond-75231-PARIS CEDEX 05,48.84309885224512,2.3466817288359008
FairCarboN,RhizoSeqC,Labo,Laboratoire de géologie de l'Ecole Normale Supérieure,LG-ENS,199812866Y,UMR 8538,CNRS / ENS-PSL,8-Sciences pour l'ingénieur,,24 Rue Lhomond-75231-PARIS CEDEX 05,48.84309885224512,2.3466817288359008
FairCarboN,CLIM-FAS,Labo,Laboratoire de géologie de l'Ecole Normale Supérieure,LG-ENS,199812866Y,UMR 8538,CNRS / ENS-PSL,8-Sciences pour l'ingénieur,,24 Rue Lhomond-75231-PARIS CEDEX 05,48.84309885224512,2.3466817288359008
FairCarboN,PEACE,Labo,Laboratoire de géologie de l'Ecole Normale Supérieure,LG-ENS,199812866Y,UMR 8538,CNRS / ENS-PSL,8-Sciences pour l'ingénieur,,24 Rue Lhomond-75231-PARIS CEDEX 05,48.84309885224512,2.3466817288359008
FairCarboN,PREFALIM,Labo,Laboratoire de géologie de l'Ecole Normale Supérieure,LG-ENS,199812866Y,UMR 8538,CNRS / ENS-PSL,8-Sciences pour l'ingénieur,,24 Rue Lhomond-75231-PARIS CEDEX 05,48.84309885224512,2.3466817288359008
FairCarboN,SLAM-B,Labo,Laboratoire Interdisciplinaire des Energies de Demain,LIED,201320733J,UMR 8236,CNRS / Université de Paris Cité,2-Physique / 6-Sciences humaines et humanités,"PE3-Condensed matter physics : structure, electronic properties, fluids, nanosciences, biological physics","11 rue Alice Domon et Léonie Duquet, Bât. Condorcet, case postale 7040, 75205 Pari",48.82777016305813,2.3802196
FairCarboN,CABESTAN,Labo,LIttoral ENvironnement et Sociétés,LIENSs,201220407J,UMR 7266,CNRS / La Rochelle Université,"3-Sciences de la terre et de l'univers, espace / 5-Biologie, médecine et santé / 4-Chimie / 6-Sciences humaines et humanités / 10-Sciences agronomiques et écologiques",,La Rochelle Université,46.14175415039063,-1.1513279676437378
FairCarboN,CarboNium,Labo,LIttoral ENvironnement et Sociétés,LIENSs,201220407J,UMR 7266,CNRS / La Rochelle Université,"3-Sciences de la terre et de l'univers, espace / 5-Biologie, médecine et santé / 4-Chimie / 6-Sciences humaines et humanités / 10-Sciences agronomiques et écologiques",,La Rochelle Université,46.14175415039063,-1.1513279676437378
FairCarboN,ALAMOD,Labo,Laboratoire d'inventaire forestier,LIF,,IGN,IGN,,,"73 avenue de Paris
94165 SAINT-MANDÉ CEDEX
France",48.845624,2.4245825
FairCarboN,SLAM-B,Labo,"Laboratoire d’Informatique, de Robotique et de Microélectronique de Montpellier",LIRMM,199111950H,UMR 5506,Université de Montpellier / CNRS,7-Sciences de la société / 8-Sciences pour l'ingénieur / 9-Sciences et technologies de l'information et de la communication / 10-Sciences agronomiques et écologiques,"PE6 : Computer science and informatics : informatics and information systems, computer science, scientific computing, intelligent systems
PE7 : Systems and communication engineering : Electrical, electronic, communication, optical and systems engineering","LIRMM UMR 5506
CC477
161 rue Ada
34095 Montpellier Cedex",43.3822,3.5
FairCarboN,CANETE,Labo,Laboratoire d'étude des Interactions Sol - Agrosystème - Hydrosystème,LISAH,197217858M,UMR 144,Institut Agro / IRD / INRAE / AgroParisTech,10-Sciences agronomiques et écologiques,,2 place Viala 34060 Montpellier,43.61700439453125,3.8545618057250977
FairCarboN,RIFT,Labo,Laboratoire d'étude des Interactions Sol - Agrosystème - Hydrosystème,LISAH,197217858M,UMR 144,Institut Agro / IRD / INRAE / AgroParisTech,10-Sciences agronomiques et écologiques,,2 place Viala 34060 Montpellier,43.61700439453125,3.8545618057250977
FairCarboN,PEACE,Labo,Laboratoire d'étude des Interactions Sol - Agrosystème - Hydrosystème,LISAH,197217858M,UMR 144,Institut Agro / IRD / INRAE / AgroParisTech,10-Sciences agronomiques et écologiques,,2 place Viala 34060 Montpellier,43.61700439453125,3.8545618057250977
FairCarboN,CarboNium,Labo,Laboratoire d'étude des Interactions Sol - Agrosystème - Hydrosystème,LISAH,197217858M,UMR 144,Institut Agro / IRD / INRAE / AgroParisTech,10-Sciences agronomiques et écologiques,,2 place Viala 34060 Montpellier,43.61700439453125,3.8545618057250977
FairCarboN,ALAMOD,Labo,Laboratoire d'étude des Interactions Sol - Agrosystème - Hydrosystème,LISAH,197217858M,UMR 144,Institut Agro / IRD / INRAE / AgroParisTech,10-Sciences agronomiques et écologiques,,2 place Viala 34060 Montpellier,43.61700439453125,3.8545618057250977
FairCarboN,SLAM-B,Labo,Laboratoire d'Ingénierie des Systèmes Complexes,LISC,199718620G,UR 1465,INRAE,8-Sciences pour l'ingénieur / 10-Sciences agronomiques et écologiques,,"9 avenue Blaise Pascal, 63170 Aubière, France",45.7623092,3.1110627
FairCarboN,CABESTAN,Labo,Laboratoire de météorologie dynamique,LMD,,UMR 8539,CNRS / ENS-PSL / Institut polytechnique de Paris / Sorbonne Université,"3-Sciences de la terre et de l'univers, espace",,route de Saclay-91128-PALAISEAU CEDEX,48.7195536,2.2210765
FairCarboN,CABESTAN,Labo,Laboratoire d'océanologie et de géosciences,LOG,200812834V,UMR 8187,CNRS / Université de Lille / IRD / Université Littoral Côte d'Opale," 3-Sciences de la terre et de l'univers, espace / 10-Sciences agronomiques et écologiques"," - LS8 : Environmental Biology, Ecology and Evolution : Ecology, biodiversity, environmental change, evolutionary biology, behavioural ecology, microbial ecology, marine biology, ecophysiology, theoretical developments and modelling
 - PE10 : Earth System Science : Physical geography, geology, geophysics, atmospheric sciences, oceanography, climatology, cryology, ecology, global environmental change, biogeochemical cycles, natural resources management
 - SH3 : The Social World and Its Interactions : Sociology, social psychology, education sciences, communication studies",28 avenue Foch-62930-WIMEREUX,50.7630241,1.6059993
FairCarboN,TROPECOS,Labo,Laboratoire d'océanologie et de géosciences,LOG,200812834V,UMR 8187,CNRS / Université de Lille / IRD / Université Littoral Côte d'Opale," 3-Sciences de la terre et de l'univers, espace / 10-Sciences agronomiques et écologiques"," - LS8 : Environmental Biology, Ecology and Evolution : Ecology, biodiversity, environmental change, evolutionary biology, behavioural ecology, microbial ecology, marine biology, ecophysiology, theoretical developments and modelling
 - PE10 : Earth System Science : Physical geography, geology, geophysics, atmospheric sciences, oceanography, climatology, cryology, ecology, global environmental change, biogeochemical cycles, natural resources management
 - SH3 : The Social World and Its Interactions : Sociology, social psychology, education sciences, communication studies",28 avenue Foch-62930-WIMEREUX,50.7630241,1.6059993
FairCarboN,ALAMOD,Labo,Laboratoire de Physique et Chimie de l’Environnement et de l’Espace,LPC2E,201220223J,UMR 7328,CNRS /CNES / Université d'Orléans," 2-Physique / 3-Sciences de la terre et de l'univers, espace"," - PE9 : Universe Sciences : Astro-physics/-chemistry/-biology; solar system; planetary systems; stellar, galactic and extragalactic astronomy; cosmology; space sciences; astronomical instrumentation and data",Orléans,47.8366383,1.9434985
FairCarboN,TROPECOS,Labo,Laboratoire de Planétologie et Géosciences,LPG,200012185Z,UMR 6112,CNRS / Université de Nantes / CNES / Université d'Angers / Université du Mans,"3-Sciences de la terre et de l'univers, espace",,2 Rue de la Houssinière-44322-NANTES CEDEX 3,47.2385635,-1.5553325
FairCarboN,CABESTAN,Labo,Laboratoire de Planétologie et Géosciences,LPG,200012185Z,UMR 6112,CNRS / Université de Nantes / CNES / Université d'Angers / Université du Mans,"3-Sciences de la terre et de l'univers, espace",,2 Rue de la Houssinière-44322-NANTES CEDEX 3,47.2385635,-1.5553325
FairCarboN,CarboNium,Labo,Laboratoire de Planétologie et Géosciences,LPG,200012185Z,UMR 6112,CNRS / Université de Nantes / CNES / Université d'Angers / Université du Mans,"3-Sciences de la terre et de l'univers, espace",,2 Rue de la Houssinière-44322-NANTES CEDEX 3,47.2385635,-1.5553325
FairCarboN,ALAMOD,Labo,Laboratoire des Sciences du Climat et de l'Environnement,LSCE,200611689J,UMR 8212,CEA / Université Paris-Saclay / CNRS,"3-Sciences de la terre et de l'univers, espace",,"CEA Saclay, Bat 714, pièce 1034 Site de l'Orme des Merisiers Chemin de Saint Aubin - RD 128-91191-GIF SUR YVETTE CEDEX",48.712045,2.1472144
FairCarboN,DEEP-C,Labo,Laboratoire des Sciences du Climat et de l'Environnement,LSCE,200611689J,UMR 8212,CEA / Université Paris-Saclay / CNRS,"3-Sciences de la terre et de l'univers, espace",,"CEA Saclay, Bat 714, pièce 1034 Site de l'Orme des Merisiers Chemin de Saint Aubin - RD 128-91191-GIF SUR YVETTE CEDEX",48.712045,2.1472144
FairCarboN,GREENSCALE,Labo,Laboratoire des Sciences du Climat et de l'Environnement,LSCE,200611689J,UMR 8212,CEA / Université Paris-Saclay / CNRS,"3-Sciences de la terre et de l'univers, espace",,"CEA Saclay, Bat 714, pièce 1034 Site de l'Orme des Merisiers Chemin de Saint Aubin - RD 128-91191-GIF SUR YVETTE CEDEX",48.712045,2.1472144
FairCarboN,RhizoSeqC,Labo,Laboratoire des Sciences du Climat et de l'Environnement,LSCE,200611689J,UMR 8212,CEA / Université Paris-Saclay / CNRS,"3-Sciences de la terre et de l'univers, espace",,"CEA Saclay, Bat 714, pièce 1034 Site de l'Orme des Merisiers Chemin de Saint Aubin - RD 128-91191-GIF SUR YVETTE CEDEX",48.712045,2.1472144
FairCarboN,CABESTAN,Labo,Laboratoire Universitaire des Sciences Appliquées de Cherbourg,LUSAC,200815490G,UR 4253,Univeristé de Caen,8-Sciences pour l'ingénieur / 4-Chimie / 9-Sciences et technologies de l'information et de la communication                        ,"PE7-Systems and communication engineering : Electrical, electronic, communication, optical and systems engineering,
PE8-Products and Processes Engineering : Product and process design, chemical, civil, environmental, mechanical, vehicle engineering, energy processes and relevant computational methods,
PE10-Earth System Science : Physical geography, geology, geophysics, atmospheric sciences, oceanography, climatology, cryology, ecology, global environmental change, biogeochemical cycles, natural resources management",LUSAC - ESIX Normandie Prod.Rue Louis Aragon78-50130-CHERBOURG OCTEVILLE,49.634357,-1.6441993
FairCarboN,CarboNium,Labo,Morphodynamique Continentale et Côitère,M2C,200012210B,UMR 6143,CNRS / Université de Caen / Université de Rouen,"10-Sciences agronomiques et écologiques / 3-Sciences de la terre et de l'univers, espace / 8-Sciences pour l'ingénieur","LS9-Biotechnology and Biosystems Engineering : Biotechnology using all organisms, biotechnology for environment and food applications, applied plant and animal sciences, bioengineering and synthetic biology, biomass and biofuels, biohazards,
PE10-Earth System Science : Physical geography, geology, geophysics, atmospheric sciences, oceanography, climatology, cryology, ecology, global environmental change, biogeochemical cycles, natural resources management","24, Rue des tilleuls
Université de Caen (Campus 1)
14000 Caen cedex",49.1922983,-0.3668482
FairCarboN,DEEP-C,Labo,MAXPLANCK,MAXPLANCK,,Institut Allemand,Institut Allemand,,,Jena,50.9101014,11.5667444
FairCarboN,CANETE,Labo,"Milieux environnementaux, transferts et interactions dans les hydrosystèmes et les sols",METIS,199712664H,UMR 7619,CNRS / Sorbonne Université / ENS-PSL /EPHE Paris,"3-Sciences de la terre et de l'univers, espace","PE10-Earth System Science : Physical geography, geology, geophysics, atmospheric sciences, oceanography, climatology, cryology, ecology, global environmental change, biogeochemical cycles, natural resources management",4 place Jussieu 75252 PARIS CEDEX 05,48.84586715698242,2.354955673217773
FairCarboN,PEACE,Labo,"Milieux environnementaux, transferts et interactions dans les hydrosystèmes et les sols",METIS,199712664H,UMR 7619,CNRS / Sorbonne Université / ENS-PSL /EPHE Paris,"3-Sciences de la terre et de l'univers, espace","PE10-Earth System Science : Physical geography, geology, geophysics, atmospheric sciences, oceanography, climatology, cryology, ecology, global environmental change, biogeochemical cycles, natural resources management",4 place Jussieu 75252 PARIS CEDEX 05,48.84586715698242,2.354955673217773
FairCarboN,CarboNium,Labo,"Milieux environnementaux, transferts et interactions dans les hydrosystèmes et les sols",METIS,199712664H,UMR 7619,CNRS / Sorbonne Université / ENS-PSL /EPHE Paris,"3-Sciences de la terre et de l'univers, espace","PE10-Earth System Science : Physical geography, geology, geophysics, atmospheric sciences, oceanography, climatology, cryology, ecology, global environmental change, biogeochemical cycles, natural resources management",4 place Jussieu 75252 PARIS CEDEX 05,48.84586715698242,2.354955673217773
FairCarboN,ALAMOD,Labo,"Milieux environnementaux, transferts et interactions dans les hydrosystèmes et les sols",METIS,199712664H,UMR 7619,CNRS / Sorbonne Université / ENS-PSL /EPHE Paris,"3-Sciences de la terre et de l'univers, espace","PE10-Earth System Science : Physical geography, geology, geophysics, atmospheric sciences, oceanography, climatology, cryology, ecology, global environmental change, biogeochemical cycles, natural resources management",4 place Jussieu 75252 PARIS CEDEX 05,48.84586715698242,2.354955673217773
FairCarboN,SLAM-B,Labo,"Optimisation des procédés en agro-alimentaire, agriculture et environnement",OPAALE,201621929W,UR 1466,INRAE,10-Sciences agronomiques et écologiques,"LS9-Biotechnology and Biosystems Engineering : Biotechnology using all organisms, biotechnology for environment and food applications, applied plant and animal sciences, bioengineering and synthetic biology, biomass and biofuels, biohazards","17 avenue de Cucillé - CS 64427, F-35044 Rennes ",48.1273335,-1.7009788
FairCarboN,PREFALIM,Labo,Paris-Jourdan Sciences Economiques,PjSE,199812873F,UMR 8545,INRAE / CNRS / EHESS / ENS-PSL / Université Paris 1 / Ecole des Mines Paris,7-Sciences de la société,,"48 boulevard Jourdan
75014 PARIS ",48.8222725,2.3308584
FairCarboN,GREENSCALE,Labo,Paris-Jourdan Sciences Economiques,PjSE,199812873F,UMR 8545,INRAE / CNRS / EHESS / ENS-PSL / Université Paris 1 / Ecole des Mines Paris,7-Sciences de la société,,"48 boulevard Jourdan
75014 PARIS ",48.8222725,2.3308584
FairCarboN,CLIM-FAS,Labo,Paris Saclay Applied Economics,PSAE,202224181T ,UMR 0210,INRAE / AgroParisTech / Université Paris-Saclay,10-Sciences agronomiques et écologiques / 7-Sciences de la société,"SH1 : Individuals, Markets and Organisations : Economics, finance, management ;  SH2 : Institutions, Governance and Legal Systems : Political science, international relations, law ; SH3 : The Social World and Its Diversity : Sociology, social psychology, social anthropology, education sciences, communication studies",  Campus Agro Paris-Saclay 22 place de l'Agronomie 91123 Palaiseau Cedex,48.71667,2.25
FairCarboN,PREFALIM,Labo,Paris Saclay Applied Economics,PSAE,202224181T ,UMR 0210,INRAE / AgroParisTech / Université Paris-Saclay,10-Sciences agronomiques et écologiques / 7-Sciences de la société,"SH1 : Individuals, Markets and Organisations : Economics, finance, management ;  SH2 : Institutions, Governance and Legal Systems : Political science, international relations, law ; SH3 : The Social World and Its Diversity : Sociology, social psychology, social anthropology, education sciences, communication studies",  Campus Agro Paris-Saclay 22 place de l'Agronomie 91123 Palaiseau Cedex,48.71667,2.25
FairCarboN,PREFALIM,Labo,Paris School of Economics,PSE,,Insitut d'économie,ENS / EHESS / Ecole des Ponts / Université Paris 1,7-Sciences de la société,,"48 boulevard Jourdan
75014 PARIS ",48.8222,2.33
FairCarboN,Drought for C,Labo,Risques Ecosystèmes Vulnérabilité Environnement Résilience,RECOVER,201521789Y,UMR 1467,INRAE / Université Aix-Marseille,"5-Biologie, médecine et santé","LS9-Biotechnology and Biosystems Engineering : Biotechnology using all organisms, biotechnology for environment and food applications, applied plant and animal sciences, bioengineering and synthetic biology, biomass and biofuels, biohazards",3275 Route de Cézanne 13182 Aix-en-Provence,43.540925,5.445712
FairCarboN,ALAMOD,Labo,Recyclage&Risques,Recyclage&Risques,,UR 78,CIRAD,4-Chimie / 10-Sciences agronomiques et écologiques,"PE4 Physical and Analytical Chemical sciences: analytical chemistry, chemical theory, physical chemistry/chemical physics ",Avenue Agropolis-34398-Montpellier Cedex 5,43.64971458752341,3.869096786507703
FairCarboN,SLAM-B,Labo,Recyclage&Risques,Recyclage&Risques,,UR 78,CIRAD,4-Chimie / 10-Sciences agronomiques et écologiques,"PE4 Physical and Analytical Chemical sciences: analytical chemistry, chemical theory, physical chemistry/chemical physics ",Avenue Agropolis-34398-Montpellier Cedex 5,43.64971458752341,3.869096786507703
FairCarboN,CarboNium,Labo,RiverLy,RiverLy,,UR 1469,INRAE,10-Sciences agronomiques et écologiques,,"5 rue de la Doua - CS 20244
69625 Villeurbanne Cedex",45.76667,4.88333
FairCarboN,DEEP-C,Labo,Sol  Agro et hydrosystème Spatialisation,SAS,199917982E,UMR 1069,INRAE / Institut Agro,10-Sciences agronomiques et écologiques,,65  rue de Saint-Brieuc-35042-Rennes,48.1132164,-1.7077569
FairCarboN,SLAM-B,Labo,Sol  Agro et hydrosystème Spatialisation,SAS,199917982E,UMR 1069,INRAE / Institut Agro,10-Sciences agronomiques et écologiques,,65  rue de Saint-Brieuc-35042-Rennes,48.1132164,-1.7077569
FairCarboN,ALAMOD,Labo,Systèmes d'élevage méditerranéens et tropicaux,SELMET,199419708C,UMR 0868,CIRAD / INRAE / Institut Agro,6-Sciences humaines et humanités / 10-Sciences agronomiques et écologiques," - LS9 : Biotechnology and Biosystems Engineering : Biotechnology using all organisms, biotechnology for environment and food applications, applied plant and animal sciences, bioengineering and synthetic biology, biomass and biofuels, biohazards","Campus International de Baillarguet, Avenue du Campus Agropolis, 34980 Montferrier-sur-Lez, France",43.6835992,3.8764969
FairCarboN,RIFT,Labo,Systèmes d'élevage méditerranéens et tropicaux,SELMET,199419708C,UMR 0868,CIRAD / INRAE / Institut Agro,6-Sciences humaines et humanités / 10-Sciences agronomiques et écologiques," - LS9 : Biotechnology and Biosystems Engineering : Biotechnology using all organisms, biotechnology for environment and food applications, applied plant and animal sciences, bioengineering and synthetic biology, biomass and biofuels, biohazards","Campus International de Baillarguet, Avenue du Campus Agropolis, 34980 Montferrier-sur-Lez, France",43.6835992,3.8764969
FairCarboN,SLAM-B,Labo,Systèmes d'élevage méditerranéens et tropicaux,SELMET,199419708C,UMR 0868,CIRAD / INRAE / Institut Agro,6-Sciences humaines et humanités / 10-Sciences agronomiques et écologiques," - LS9 : Biotechnology and Biosystems Engineering : Biotechnology using all organisms, biotechnology for environment and food applications, applied plant and animal sciences, bioengineering and synthetic biology, biomass and biofuels, biohazards","Campus International de Baillarguet, Avenue du Campus Agropolis, 34980 Montferrier-sur-Lez, France",43.6835992,3.8764969
FairCarboN,ALAMOD,Labo,Ecologie des forêts,SILVA,201822750E,UMR 1434,INRAE / AgroParisTech / Université de Lorraine,"3-Sciences de la terre et de l'univers, espace / 10-Sciences agronomiques et écologiques / 5-Biologie, médecine et santé","LS1-Molecules of Life: Biological Mechanisms, Structures and Functions : Molecular biology, biochemistry, structural biology, molecular biophysics, synthetic and chemical biology, drug design, innovative methods and modelling",Centre INRAE Grand Est - rue d'Amance-54280-CHAMPENOUX,48.744439,6.348987
FairCarboN,Drought for C,Labo,Ecologie des forêts,SILVA,201822750E,UMR 1434,INRAE / AgroParisTech / Université de Lorraine,"3-Sciences de la terre et de l'univers, espace / 10-Sciences agronomiques et écologiques / 5-Biologie, médecine et santé","LS1-Molecules of Life: Biological Mechanisms, Structures and Functions : Molecular biology, biochemistry, structural biology, molecular biophysics, synthetic and chemical biology, drug design, innovative methods and modelling",Centre INRAE Grand Est - rue d'Amance-54280-CHAMPENOUX,48.744439,6.348987
FairCarboN,CANETE,Labo,Ecologie des forêts,SILVA,201822750E,UMR 1434,INRAE / AgroParisTech / Université de Lorraine,"3-Sciences de la terre et de l'univers, espace / 10-Sciences agronomiques et écologiques / 5-Biologie, médecine et santé","LS1-Molecules of Life: Biological Mechanisms, Structures and Functions : Molecular biology, biochemistry, structural biology, molecular biophysics, synthetic and chemical biology, drug design, innovative methods and modelling",Centre INRAE Grand Est - rue d'Amance-54280-CHAMPENOUX,48.744439,6.348987
FairCarboN,SLAM-B,Labo,"Laboratoire d'Etudes et de Recherches en Economie sur les Structures et Marchés Agricoles, Ressources et Territoires",SMART-LERECO,200817993C,UMR 1302,INRAE / Institut Agro, 7-Sciences de la société / 10-Sciences agronomiques et écologiques,,"Rue de la Géraudière
44316 Nantes",47.2633173,-1.5653862
FairCarboN,PREFALIM,Labo,"Laboratoire d'Etudes et de Recherches en Economie sur les Structures et Marchés Agricoles, Ressources et Territoires",SMART-LERECO,200817993C,UMR 1302,INRAE / Institut Agro, 7-Sciences de la société / 10-Sciences agronomiques et écologiques,,"Rue de la Géraudière
44316 Nantes",47.2633173,-1.5653862
FairCarboN,SLAM-B,Labo,Science et Technologie du Lait et de l'Œuf,STLO,,UMR 1253,INRAE / Institut Agro,10-Sciences agronomiques et écologiques,,65 rue de Saint-Brieuc 35042 Rennes,48.11525344848633,-1.707897663116455
FairCarboN,SLAM-B,Labo,Toulouse Biotechnologie Institut,TBI,196917933G,UMR 5504,INRAE / CNRS / INSA Toulouse,"8-Sciences pour l'ingénieur / 5-Biologie, médecine et santé","LS1-Molecules of Life: Biological Mechanisms, Structures and Functions : Molecular biology, biochemistry, structural biology, molecular biophysics, synthetic and chemical biology, drug design, innovative methods and modelling,
LS3-Cellular, Developmental and Regenerative Biology : Structure and function of the cell, cell-cell communication, embryogenesis, tissue differentiation, organogenesis, growth, development, evolution of development, organoids, stem cells, regeneration, therapeutic approaches,
LS9-Biotechnology and Biosystems Engineering : Biotechnology using all organisms, biotechnology for environment and food applications, applied plant and animal sciences, bioengineering and synthetic biology, biomass and biofuels, biohazards,
PE8-Products and Processes Engineering : Product and process design, chemical, civil, environmental, mechanical, vehicle engineering, energy processes and relevant computational methods,
LS2-Integrative Biology: from Genes and Genomes to Systems : Genetics, epigenetics, genomics and other ‘omics studies, bioinformatics, systems biology, genetic diseases, gene editing, innovative methods and modelling, ‘omics for personalised medicine",135 avenue de Rangueil 31077 Toulouse,43.5697891,1.4675596
FairCarboN,PREFALIM,Labo,TSE-R Toulouse School of Economics – Recherche ,TSE - R,201621876N,UMR 5314,CNRS / INRAE / ESSQT,7-Sciences de la société,"SH1 : Individuals, Markets and Organisations : Economics, finance, management ","1 Esplanade de l'Université, 31000 Toulouse, France",43.604638,1.4350147
FairCarboN,SLAM-B,Labo,Unité de Modélisation Mathématique et Informatique des Systèmes Complexes,UMMISCO,201421254W,UMI 209,IRD / Sorbonne Université,9-Sciences et technologies de l'information et de la communication / 1-Mathématiques et leurs interactions,"PE6-Computer science and informatics : informatics and information systems, computer science, scientific computing, intelligent systems","Bondy innovation, 32 Avenue Henri Varagnat, 93140 Bondy, France",48.9169889,2.4848846
FairCarboN,DEEP-C,Labo,UNESCO,UNESCO,,International,International,,,Montreal,45.5031824,-73.5698065
FairCarboN,ALAMOD,Labo,Écosystème Prairial,UREP,201722611H,UMR 0874,INRAE / VETAGRO,10-Sciences agronomiques et écologiques,,5 chemin de Beaulieu-63000-CLERMONT-FERRAND,45.7696647644043,3.1467630863189697
FairCarboN,Drought for C,Labo,Ecologie des Forêts Méditerranéennes,URFM,196817912N,UR 0629,INRAE,10-Sciences agronomiques et écologiques,,228  route de l'Aérodrome CS40509-84914-Avignon,43.917101,4.883472
FairCarboN,ALAMOD,Labo,Ecologie des Forêts Méditerranéennes,URFM,196817912N,UR 0629,INRAE,10-Sciences agronomiques et écologiques,,228  route de l'Aérodrome CS40509-84914-Avignon,43.917101,4.883472
,,,,,,,,,,,,
,,,,,,,,,,,,
,,,,,,,,,,,,
,,,,,,,,,,,,
,,,,,,,,,,,,
,,,,,,,,,,,,
,,,,,,,,,,,,
,,,,,,,,,,,,
,,,,,,,,,,,,
,,,,,,,,,,,,
,,,,,,,,,,,,
,,,,,,,,,,,,
,,,,,,,,,,,,
,,,,,,,,,,,,
,,,,,,,,,,,,
,,,,,,,,,,,,
,,,,,,,,,,,,
,,,,,,,,,,,,
,,,,,,,,,,,,
,,,,,,,,,,,,
,,,,,,,,,,,,
,,,,,,,,,,,,
,,,,,,,,,,,,
,,,,,,,,,,,,
,,,,,,,,,,,,
,,,,,,,,,,,,
,,,,,,,,,,,,
,,,,,,,,,,,,
,,,,,,,,,,,,
,,,,,,,,,,,,
,,,,,,,,,,,,
,,,,,,,,,,,,
,,,,,,,,,,,,
,,,,,,,,,,,,
,,,,,,,,,,,,
,,,,,,,,,,,,
,,,,,,,,,,,,
,,,,,,,,,,,,
,,,,,,,,,,,,
,,,,,,,,,,,,
,,,,,,,,,,,,
,,,,,,,,,,,,
,,,,,,,,,,,,
,,,,,,,,,,,,
,,,,,,,,,,,,
,,,,,,,,,,,,
,,,,,,,,,,,,
,,,,,,,,,,,,
,,,,,,,,,,,,
,,,,,,,,,,,,
,,,,,,,,,,,,
,,,,,,,,,,,,
,,,,,,,,,,,,
,,,,,,,,,,,,
,,,,,,,,,,,,
,,,,,,,,,,,,
,,,,,,,,,,,,
,,,,,,,,,,,,
,,,,,,,,,,,,
,,,,,,,,,,,,
,,,,,,,,,,,,
,,,,,,,,,,,,
,,,,,,,,,,,,
,,,,,,,,,,,,
,,,,,,,,,,,,
,,,,,,,,,,,,
,,,,,,,,,,,,
,,,,,,,,,,,,
,,,,,,,,,,,,
,,,,,,,,,,,,
,,,,,,,,,,,,
,,,,,,,,,,,,
,,,,,,,,,,,,
,,,,,,,,,,,,
,,,,,,,,,,,,
,,,,,,,,,,,,
,,,,,,,,,,,,
,,,,,,,,,,,,
,,,,,,,,,,,,
,,,,,,,,,,,,
,,,,,,,,,,,,
,,,,,,,,,,,,
,,,,,,,,,,,,
,,,,,,,,,,,,
,,,,,,,,,,,,
,,,,,,,,,,,,
,,,,,,,,,,,,
,,,,,,,,,,,,
,,,,,,,,,,,,
,,,,,,,,,,,,
,,,,,,,,,,,,
,,,,,,,,,,,,
,,,,,,,,,,,,
,,,,,,,,,,,,
,,,,,,,,,,,,
,,,,,,,,,,,,
,,,,,,,,,,,,
,,,,,,,,,,,,
,,,,,,,,,,,,
,,,,,,,,,,,,
,,,,,,,,,,,,
,,,,,,,,,,,,
,,,,,,,,,,,,
,,,,,,,,,,,,
,,,,,,,,,,,,
,,,,,,,,,,,,
,,,,,,,,,,,,
,,,,,,,,,,,,
,,,,,,,,,,,,
,,,,,,,,,,,,
,,,,,,,,,,,,
,,,,,,,,,,,,
,,,,,,,,,,,,
,,,,,,,,,,,,
,,,,,,,,,,,,
,,,,,,,,,,,,
,,,,,,,,,,,,
,,,,,,,,,,,,
,,,,,,,,,,,,
,,,,,,,,,,,,
,,,,,,,,,,,,
,,,,,,,,,,,,
,,,,,,,,,,,,
,,,,,,,,,,,,
,,,,,,,,,,,,
,,,,,,,,,,,,
,,,,,,,,,,,,
,,,,,,,,,,,,
,,,,,,,,,,,,
,,,,,,,,,,,,
,,,,,,,,,,,,
,,,,,,,,,,,,
,,,,,,,,,,,,
,,,,,,,,,,,,
,,,,,,,,,,,,
,,,,,,,,,,,,
,,,,,,,,,,,,
,,,,,,,,,,,,
,,,,,,,,,,,,
,,,,,,,,,,,,
,,,,,,,,,,,,
,,,,,,,,,,,,
,,,,,,,,,,,,
,,,,,,,,,,,,
,,,,,,,,,,,,
,,,,,,,,,,,,
,,,,,,,,,,,,
,,,,,,,,,,,,
,,,,,,,,,,,,
,,,,,,,,,,,,
,,,,,,,,,,,,
,,,,,,,,,,,,
,,,,,,,,,,,,
,,,,,,,,,,,,
,,,,,,,,,,,,
,,,,,,,,,,,,
,,,,,,,,,,,,
,,,,,,,,,,,,
,,,,,,,,,,,,
,,,,,,,,,,,,
,,,,,,,,,,,,
,,,,,,,,,,,,
,,,,,,,,,,,,
,,,,,,,,,,,,
,,,,,,,,,,,,
,,,,,,,,,,,,
,,,,,,,,,,,,
,,,,,,,,,,,,
,,,,,,,,,,,,
,,,,,,,,,,,,
,,,,,,,,,,,,
,,,,,,,,,,,,
,,,,,,,,,,,,
,,,,,,,,,,,,
,,,,,,,,,,,,
,,,,,,,,,,,,
,,,,,,,,,,,,
,,,,,,,,,,,,
,,,,,,,,,,,,
,,,,,,,,,,,,
,,,,,,,,,,,,
,,,,,,,,,,,,
,,,,,,,,,,,,
,,,,,,,,,,,,
,,,,,,,,,,,,
,,,,,,,,,,,,
,,,,,,,,,,,,
,,,,,,,,,,,,
FairCarboN,,,,,,,,,,,,
